Price,Close,Close,Close,Volume,Volume,Volume
Ticker,SPY,^IRX,^VIX,SPY,^IRX,^VIX
Date,,,,,,
2010-01-04,84.36901092529297,0.054999999701976776,20.040000915527344,118944600,0.0,0
2010-01-05,84.5923080444336,0.05999999865889549,19.350000381469727,111579900,0.0,0
2010-01-06,84.65187072753906,0.04500000178813934,19.15999984741211,116074400,0.0,0
2010-01-07,85.00920867919922,0.04500000178813934,19.059999465942383,131091100,0.0,0
2010-01-08,85.29208374023438,0.03999999910593033,18.1299991607666,126402800,0.0,0
2010-01-11,85.4112319946289,0.02500000037252903,17.549999237060547,106375700,0.0,0
2010-01-12,84.6146469116211,0.03999999910593033,18.25,163333500,0.0,0
2010-01-13,85.32930755615234,0.05000000074505806,17.850000381469727,161822000,0.0,0
2010-01-14,85.56011962890625,0.04500000178813934,17.6299991607666,115718800,0.0,0
2010-01-15,84.59976196289062,0.054999999701976776,17.90999984741211,212283100,0.0,0
2010-01-19,85.6568603515625,0.05000000074505806,17.579999923706055,139172700,0.0,0
2010-01-20,84.78584289550781,0.05000000074505806,18.68000030517578,216490200,0.0,0
2010-01-21,83.15550994873047,0.03999999910593033,22.270000457763672,344859600,0.0,0
2010-01-22,81.30184173583984,0.04500000178813934,27.309999465942383,345942400,0.0,0
2010-01-25,81.71871948242188,0.04500000178813934,25.40999984741211,186937500,0.0,0
2010-01-26,81.37628936767578,0.06499999761581421,24.549999237060547,211168800,0.0,0
2010-01-27,81.76338195800781,0.07000000029802322,23.139999389648438,271863600,0.0,0
2010-01-28,80.82536315917969,0.07000000029802322,23.729999542236328,316104000,0.0,0
2010-01-29,79.9468994140625,0.07000000029802322,24.6200008392334,310677600,0.0,0
2010-02-01,81.19014739990234,0.08500000089406967,22.59000015258789,187865000,0.0,0
2010-02-02,82.1728515625,0.09000000357627869,21.479999542236328,216327900,0.0,0
2010-02-03,81.76338195800781,0.09000000357627869,21.600000381469727,172730700,0.0,0
2010-02-04,79.23968505859375,0.08500000089406967,26.079999923706055,356715700,0.0,0
2010-02-05,79.40349578857422,0.08500000089406967,26.110000610351562,493585800,0.0,0
2010-02-08,78.83025360107422,0.09000000357627869,26.510000228881836,224166900,0.0,0
2010-02-09,79.82035064697266,0.10000000149011612,26.0,337820500,0.0,0
2010-02-10,79.66399383544922,0.10000000149011612,25.399999618530273,240511500,0.0,0
2010-02-11,80.49783325195312,0.0949999988079071,23.959999084472656,223591600,0.0,0
2010-02-12,80.43081665039062,0.09000000357627869,22.729999542236328,304622100,0.0,0
2010-02-16,81.6963882446289,0.08500000089406967,22.25,159317500,0.0,0
2010-02-17,82.08350372314453,0.09000000357627869,21.719999313354492,168845100,0.0,0
2010-02-18,82.56741333007812,0.08500000089406967,20.6299991607666,193708600,0.0,0
2010-02-19,82.73860931396484,0.0949999988079071,20.020000457763672,222684900,0.0,0
2010-02-22,82.75350189208984,0.08500000089406967,19.940000534057617,132346900,0.0,0
2010-02-23,81.74849700927734,0.11500000208616257,21.3700008392334,207497000,0.0,0
2010-02-24,82.5003890991211,0.10999999940395355,20.270000457763672,176350700,0.0,0
2010-02-25,82.38874053955078,0.11500000208616257,20.100000381469727,259634700,0.0,0
2010-02-26,82.44086456298828,0.11500000208616257,19.5,173589300,0.0,0
2010-03-01,83.29695129394531,0.11999999731779099,19.260000228881836,147709700,0.0,0
2010-03-02,83.52774047851562,0.125,19.059999465942383,160992400,0.0,0
2010-03-03,83.60218811035156,0.13500000536441803,18.829999923706055,150785000,0.0,0
2010-03-04,83.85531616210938,0.13500000536441803,18.719999313354492,135770400,0.0,0
2010-03-05,85.05386352539062,0.14499999582767487,17.420000076293945,176118800,0.0,0
2010-03-08,85.0687484741211,0.14499999582767487,17.790000915527344,114631200,0.0,0
2010-03-09,85.210205078125,0.15000000596046448,17.920000076293945,154556700,0.0,0
2010-03-10,85.58988952636719,0.14499999582767487,18.56999969482422,186088800,0.0,0
2010-03-11,85.94721221923828,0.14499999582767487,18.059999465942383,160791100,0.0,0
2010-03-12,85.9546890258789,0.14000000059604645,17.579999923706055,162074800,0.0,0
2010-03-15,85.97700500488281,0.14499999582767487,18.0,146816800,0.0,0
2010-03-16,86.66189575195312,0.1550000011920929,17.690000534057617,168673000,0.0,0
2010-03-17,87.17557525634766,0.15000000596046448,16.90999984741211,177468100,0.0,0
2010-03-18,87.13091278076172,0.14499999582767487,16.6200008392334,196509100,0.0,0
2010-03-19,86.68986511230469,0.14499999582767487,16.969999313354492,226641100,0.0,0
2010-03-22,87.15332794189453,0.14000000059604645,16.8700008392334,184477800,0.0,0
2010-03-23,87.76627349853516,0.12999999523162842,16.350000381469727,182941600,0.0,0
2010-03-24,87.34025573730469,0.13500000536441803,17.549999237060547,196072600,0.0,0
2010-03-25,87.19817352294922,0.12999999523162842,18.399999618530273,223396300,0.0,0
2010-03-26,87.1458740234375,0.12999999523162842,17.770000457763672,205808500,0.0,0
2010-03-29,87.69904327392578,0.125,17.59000015258789,134513500,0.0,0
2010-03-30,87.7587890625,0.15000000596046448,17.1299991607666,145772500,0.0,0
2010-03-31,87.45975494384766,0.15000000596046448,17.59000015258789,161078700,0.0,0
2010-04-01,88.05783081054688,0.15000000596046448,17.469999313354492,161215200,0.0,0
2010-04-05,88.77543640136719,0.1599999964237213,17.020000457763672,105847600,0.0,0
2010-04-06,88.9847183227539,0.16500000655651093,16.229999542236328,110384200,0.0,0
2010-04-07,88.47645568847656,0.1599999964237213,16.6200008392334,184576300,0.0,0
2010-04-08,88.78292083740234,0.1550000011920929,16.479999542236328,158704000,0.0,0
2010-04-09,89.36597442626953,0.15000000596046448,16.139999389648438,133006500,0.0,0
2010-04-12,89.50798797607422,0.13500000536441803,15.579999923706055,110279000,0.0,0
2010-04-13,89.57527923583984,0.15000000596046448,16.200000762939453,125043600,0.0,0
2010-04-14,90.59192657470703,0.1550000011920929,15.59000015258789,161609000,0.0,0
2010-04-15,90.66665649414062,0.15000000596046448,15.890000343322754,144615300,0.0,0
2010-04-16,89.22396850585938,0.15000000596046448,18.360000610351562,366786700,0.0,0
2010-04-19,89.56034851074219,0.15000000596046448,17.34000015258789,217947800,0.0,0
2010-04-20,90.36017608642578,0.14499999582767487,15.729999542236328,157708000,0.0,0
2010-04-21,90.19572448730469,0.14499999582767487,16.31999969482422,192910100,0.0,0
2010-04-22,90.46485137939453,0.15000000596046448,16.469999313354492,115360300,0.0,0
2010-04-23,91.05535888671875,0.1550000011920929,16.6200008392334,177335500,0.0,0
2010-04-26,90.71150207519531,0.15000000596046448,17.469999313354492,143457300,0.0,0
2010-04-27,88.5661392211914,0.14499999582767487,22.809999465942383,355853300,0.0,0
2010-04-28,89.23890686035156,0.1550000011920929,21.079999923706055,300674100,0.0,0
2010-04-29,90.34523010253906,0.1599999964237213,18.440000534057617,193775000,0.0,0
2010-04-30,88.81278991699219,0.1550000011920929,22.049999237060547,270000900,0.0,0
2010-05-03,89.96403503417969,0.1599999964237213,20.190000534057617,182747900,0.0,0
2010-05-04,87.8485107421875,0.1550000011920929,23.84000015258789,360353400,0.0,0
2010-05-05,87.32522583007812,0.14499999582767487,24.90999984741211,328973200,0.0,0
2010-05-06,84.42488098144531,0.10000000149011612,32.79999923706055,647356600,0.0,0
2010-05-07,83.16905975341797,0.11999999731779099,40.95000076293945,637558800,0.0,0
2010-05-10,86.83189392089844,0.14499999582767487,28.84000015258789,396159600,0.0,0
2010-05-11,86.58521270751953,0.15000000596046448,28.31999969482422,317849800,0.0,0
2010-05-12,87.79619598388672,0.15000000596046448,25.520000457763672,235607100,0.0,0
2010-05-13,86.7048110961914,0.1550000011920929,26.68000030517578,234452500,0.0,0
2010-05-14,85.135009765625,0.14499999582767487,31.239999771118164,345601400,0.0,0
2010-05-17,85.17986297607422,0.15000000596046448,30.84000015258789,325739800,0.0,0
2010-05-18,84.02120208740234,0.16500000655651093,33.54999923706055,360556800,0.0,0
2010-05-19,83.54281616210938,0.16500000655651093,35.31999969482422,394742700,0.0,0
2010-05-20,80.38826751708984,0.1550000011920929,45.790000915527344,530418300,0.0,0
2010-05-21,81.56189727783203,0.15000000596046448,40.099998474121094,500909400,0.0,0
2010-05-24,80.51535034179688,0.15000000596046448,38.31999969482422,269823000,0.0,0
2010-05-25,80.59756469726562,0.1599999964237213,34.61000061035156,396505200,0.0,0
2010-05-26,80.1116943359375,0.1599999964237213,35.02000045776367,349719300,0.0,0
2010-05-27,82.79528045654297,0.1599999964237213,29.68000030517578,300870500,0.0,0
2010-05-28,81.7562255859375,0.15000000596046448,32.06999969482422,297933500,0.0,0
2010-06-01,80.38079833984375,0.14499999582767487,35.540000915527344,277909400,0.0,0
2010-06-02,82.473876953125,0.14499999582767487,30.170000076293945,240243700,0.0,0
2010-06-03,82.75788879394531,0.12999999523162842,29.459999084472656,226618300,0.0,0
2010-06-04,79.85005187988281,0.11999999731779099,35.47999954223633,398475600,0.0,0
2010-06-07,78.8558349609375,0.10499999672174454,36.56999969482422,264609100,0.0,0
2010-06-08,79.7005615234375,0.10999999940395355,33.70000076293945,357774300,0.0,0
2010-06-09,79.27445220947266,0.0949999988079071,33.72999954223633,268023300,0.0,0
2010-06-10,81.59176635742188,0.08500000089406967,30.56999969482422,317890600,0.0,0
2010-06-11,81.98796081542969,0.07000000029802322,28.790000915527344,214128200,0.0,0
2010-06-14,81.86089324951172,0.054999999701976776,28.579999923706055,207196100,0.0,0
2010-06-15,83.72220611572266,0.07999999821186066,25.8700008392334,238268700,0.0,0
2010-06-16,83.69232177734375,0.09000000357627869,25.920000076293945,216374000,0.0,0
2010-06-17,83.82686614990234,0.09000000357627869,25.049999237060547,263185800,0.0,0
2010-06-18,83.917724609375,0.0949999988079071,23.950000762939453,174006600,0.0,0
2010-06-21,83.67741394042969,0.10499999672174454,24.8799991607666,213140700,0.0,0
2010-06-22,82.29542541503906,0.125,27.049999237060547,239355400,0.0,0
2010-06-23,82.0400390625,0.11999999731779099,26.90999984741211,254639900,0.0,0
2010-06-24,80.68061828613281,0.125,29.739999771118164,268523600,0.0,0
2010-06-25,81.01862335205078,0.125,28.530000686645508,238726500,0.0,0
2010-06-28,80.76322937011719,0.13500000536441803,29.0,169218600,0.0,0
2010-06-29,78.26963806152344,0.1599999964237213,34.130001068115234,373649500,0.0,0
2010-06-30,77.52610778808594,0.17000000178813934,34.540000915527344,284101700,0.0,0
2010-07-01,77.18058013916016,0.16500000655651093,32.86000061035156,382924800,0.0,0
2010-07-02,76.75997924804688,0.1599999964237213,30.1200008392334,233385200,0.0,0
2010-07-06,77.26318359375,0.1599999964237213,29.649999618530273,256935300,0.0,0
2010-07-07,79.69670867919922,0.1550000011920929,26.84000015258789,253769400,0.0,0
2010-07-08,80.4853286743164,0.14499999582767487,25.709999084472656,210842100,0.0,0
2010-07-09,81.086181640625,0.14499999582767487,24.979999542236328,144999900,0.0,0
2010-07-12,81.13874053955078,0.14000000059604645,24.43000030517578,131283600,0.0,0
2010-07-13,82.36299896240234,0.14499999582767487,24.559999465942383,213025900,0.0,0
2010-07-14,82.35550689697266,0.14499999582767487,24.889999389648438,184426800,0.0,0
2010-07-15,82.37803649902344,0.14499999582767487,25.139999389648438,232337900,0.0,0
2010-07-16,80.10979461669922,0.14499999582767487,26.25,282693400,0.0,0
2010-07-19,80.58296966552734,0.14499999582767487,25.969999313354492,186709000,0.0,0
2010-07-20,81.47674560546875,0.15000000596046448,23.93000030517578,258162400,0.0,0
2010-07-21,80.41775512695312,0.15000000596046448,25.639999389648438,264527000,0.0,0
2010-07-22,82.21278381347656,0.14499999582767487,24.6299991607666,274781300,0.0,0
2010-07-23,82.92632293701172,0.14499999582767487,23.469999313354492,222020800,0.0,0
2010-07-26,83.79005432128906,0.14499999582767487,22.729999542236328,184445700,0.0,0
2010-07-27,83.78256225585938,0.15000000596046448,23.190000534057617,204855600,0.0,0
2010-07-28,83.24179077148438,0.14499999582767487,24.25,163056200,0.0,0
2010-07-29,82.83619689941406,0.14499999582767487,24.1299991607666,220149100,0.0,0
2010-07-30,82.82118225097656,0.14000000059604645,23.5,220070600,0.0,0
2010-08-02,84.69136810302734,0.14000000059604645,22.010000228881836,188263200,0.0,0
2010-08-03,84.2857666015625,0.15000000596046448,22.6299991607666,146657300,0.0,0
2010-08-04,84.84907531738281,0.14499999582767487,22.209999084472656,158171700,0.0,0
2010-08-05,84.75896453857422,0.14000000059604645,22.100000381469727,140473800,0.0,0
2010-08-06,84.41346740722656,0.14000000059604645,21.739999771118164,239728300,0.0,0
2010-08-09,84.86412048339844,0.14000000059604645,22.139999389648438,120800400,0.0,0
2010-08-10,84.40592956542969,0.14499999582767487,22.3700008392334,242916300,0.0,0
2010-08-11,82.09263610839844,0.14499999582767487,25.389999389648438,273406900,0.0,0
2010-08-12,81.5893783569336,0.15000000596046448,25.729999542236328,239542600,0.0,0
2010-08-13,81.34907531738281,0.14499999582767487,26.239999771118164,158698500,0.0,0
2010-08-16,81.3115005493164,0.15000000596046448,26.100000381469727,147895300,0.0,0
2010-08-17,82.31047821044922,0.1550000011920929,24.329999923706055,172270300,0.0,0
2010-08-18,82.4606704711914,0.15000000596046448,24.59000015258789,182922100,0.0,0
2010-08-19,81.02609252929688,0.14499999582767487,26.440000534057617,265847600,0.0,0
2010-08-20,80.76322937011719,0.14499999582767487,25.489999771118164,209714200,0.0,0
2010-08-23,80.45529174804688,0.15000000596046448,25.65999984741211,163490300,0.0,0
2010-08-24,79.26107788085938,0.1550000011920929,27.459999084472656,280677800,0.0,0
2010-08-25,79.56903076171875,0.15000000596046448,26.700000762939453,272234800,0.0,0
2010-08-26,79.03575134277344,0.14499999582767487,27.3700008392334,224439500,0.0,0
2010-08-27,80.260009765625,0.14000000059604645,24.450000762939453,272649000,0.0,0
2010-08-30,79.0958251953125,0.12999999523162842,27.209999084472656,167238600,0.0,0
2010-08-31,79.0958251953125,0.13500000536441803,26.049999237060547,273933100,0.0,0
2010-09-01,81.46173095703125,0.12999999523162842,23.889999389648438,256828100,0.0,0
2010-09-02,82.2203369140625,0.125,23.190000534057617,156112200,0.0,0
2010-09-03,83.2868423461914,0.125,21.309999465942383,212197300,0.0,0
2010-09-07,82.3479995727539,0.11999999731779099,23.799999237060547,141973700,0.0,0
2010-09-08,82.92632293701172,0.12999999523162842,23.25,149924400,0.0,0
2010-09-09,83.30936431884766,0.13500000536441803,22.809999465942383,147017900,0.0,0
2010-09-10,83.7300033569336,0.13500000536441803,21.989999771118164,127819000,0.0,0
2010-09-13,84.66130065917969,0.13500000536441803,21.209999084472656,178503500,0.0,0
2010-09-14,84.60872650146484,0.14499999582767487,21.559999465942383,209823600,0.0,0
2010-09-15,84.93172454833984,0.15000000596046448,22.100000381469727,168608400,0.0,0
2010-09-16,84.9091796875,0.15000000596046448,21.719999313354492,199962900,0.0,0
2010-09-17,84.94084167480469,0.14499999582767487,22.010000228881836,195836900,0.0,0
2010-09-20,86.23966217041016,0.15000000596046448,21.5,214555200,0.0,0
2010-09-21,86.06598663330078,0.1550000011920929,22.350000381469727,268389100,0.0,0
2010-09-22,85.64311981201172,0.1550000011920929,22.510000228881836,191322400,0.0,0
2010-09-23,84.94844055175781,0.15000000596046448,23.8700008392334,202354300,0.0,0
2010-09-24,86.70022583007812,0.14000000059604645,21.709999084472656,209671800,0.0,0
2010-09-27,86.2849349975586,0.12999999523162842,22.540000915527344,128761800,0.0,0
2010-09-28,86.58698272705078,0.15000000596046448,22.600000381469727,209207500,0.0,0
2010-09-29,86.43596649169922,0.1550000011920929,23.25,179665800,0.0,0
2010-09-30,86.17922973632812,0.1550000011920929,23.700000762939453,287106700,0.0,0
2010-10-01,86.54171752929688,0.15000000596046448,22.5,174638700,0.0,0
2010-10-04,85.89228820800781,0.14499999582767487,23.530000686645508,166153200,0.0,0
2010-10-05,87.62150573730469,0.11500000208616257,21.760000228881836,229634100,0.0,0
2010-10-06,87.6139144897461,0.11500000208616257,21.489999771118164,148626600,0.0,0
2010-10-07,87.50820922851562,0.11500000208616257,21.559999465942383,164860000,0.0,0
2010-10-08,87.9990005493164,0.11500000208616257,20.709999084472656,177760100,0.0,0
2010-10-11,88.08206176757812,,18.959999084472656,103098300,,0
2010-10-12,88.35391235351562,0.11500000208616257,18.93000030517578,182210000,0.0,0
2010-10-13,89.04106140136719,0.12999999523162842,19.06999969482422,194347200,0.0,0
2010-10-14,88.69369506835938,0.13500000536441803,19.8799991607666,217764300,0.0,0
2010-10-15,88.87492370605469,0.13500000536441803,19.030000686645508,243705000,0.0,0
2010-10-18,89.31289672851562,0.13500000536441803,19.09000015258789,141204800,0.0,0
2010-10-19,88.1424789428711,0.13500000536441803,20.6299991607666,280604700,0.0,0
2010-10-20,89.00331115722656,0.13500000536441803,19.790000915527344,200051800,0.0,0
2010-10-21,89.19961547851562,0.11999999731779099,19.270000457763672,221585500,0.0,0
2010-10-22,89.36570739746094,0.11999999731779099,18.780000686645508,108212400,0.0,0
2010-10-25,89.63004302978516,0.11500000208616257,19.850000381469727,151145700,0.0,0
2010-10-26,89.64513397216797,0.12999999523162842,20.219999313354492,158982900,0.0,0
2010-10-27,89.38839721679688,0.12999999523162842,20.709999084472656,190024000,0.0,0
2010-10-28,89.40348052978516,0.125,20.8799991607666,168576000,0.0,0
2010-10-29,89.47144317626953,0.10999999940395355,21.200000762939453,144305500,0.0,0
2010-11-01,89.50164031982422,0.10499999672174454,21.829999923706055,174074800,0.0,0
2010-11-02,90.21147155761719,0.125,21.56999969482422,158345900,0.0,0
2010-11-03,90.57389831542969,0.11999999731779099,19.559999465942383,226702800,0.0,0
2010-11-04,92.31815338134766,0.11500000208616257,18.520000457763672,215039400,0.0,0
2010-11-05,92.66551208496094,0.11999999731779099,18.260000228881836,180654100,0.0,0
2010-11-08,92.49182891845703,0.10999999940395355,18.290000915527344,156107100,0.0,0
2010-11-09,91.8273696899414,0.125,19.079999923706055,186621600,0.0,0
2010-11-10,92.1973648071289,0.125,18.469999313354492,221387400,0.0,0
2010-11-11,91.8499984741211,0.125,18.639999389648438,158017600,0.0,0
2010-11-12,90.7626953125,0.125,20.610000610351562,239068800,0.0,0
2010-11-15,90.63433837890625,0.12999999523162842,20.200000762939453,163940800,0.0,0
2010-11-16,89.22227478027344,0.13500000536441803,22.579999923706055,299566200,0.0,0
2010-11-17,89.26759338378906,0.13500000536441803,21.760000228881836,172308900,0.0,0
2010-11-18,90.58145141601562,0.13500000536441803,18.75,197723700,0.0,0
2010-11-19,90.83063507080078,0.12999999523162842,18.040000915527344,156852900,0.0,0
2010-11-22,90.7551498413086,0.125,18.3700008392334,181361000,0.0,0
2010-11-23,89.44124603271484,0.14000000059604645,20.6299991607666,222309000,0.0,0
2010-11-24,90.7626953125,0.15000000596046448,19.559999465942383,140046100,0.0,0
2010-11-26,89.70555877685547,0.1550000011920929,22.219999313354492,76007800,0.0,0
2010-11-29,89.97735595703125,0.1550000011920929,21.530000686645508,223642300,0.0,0
2010-11-30,89.47144317626953,0.1599999964237213,23.540000915527344,233930700,0.0,0
2010-12-01,91.37428283691406,0.1550000011920929,21.360000610351562,221037200,0.0,0
2010-12-02,92.54471588134766,0.14499999582767487,19.389999389648438,191213600,0.0,0
2010-12-03,92.79389190673828,0.12999999523162842,18.010000228881836,151288900,0.0,0
2010-12-06,92.6957015991211,0.125,18.020000457763672,103050500,0.0,0
2010-12-07,92.74857330322266,0.14000000059604645,17.989999771118164,206581000,0.0,0
2010-12-08,93.08837127685547,0.13500000536441803,17.739999771118164,138019200,0.0,0
2010-12-09,93.45082092285156,0.13500000536441803,17.25,123705100,0.0,0
2010-12-10,93.99447631835938,0.11500000208616257,17.610000610351562,117571700,0.0,0
2010-12-13,94.05489349365234,0.11999999731779099,17.549999237060547,133812700,0.0,0
2010-12-14,94.137939453125,0.13500000536441803,17.610000610351562,147249600,0.0,0
2010-12-15,93.70756530761719,0.13500000536441803,17.940000534057617,160823100,0.0,0
2010-12-16,94.25123596191406,0.125,17.389999389648438,185035200,0.0,0
2010-12-17,94.35220336914062,0.10499999672174454,16.110000610351562,141075300,0.0,0
2010-12-20,94.57990264892578,0.10000000149011612,16.40999984741211,119085500,0.0,0
2010-12-21,95.17957305908203,0.12999999523162842,16.489999771118164,94965500,0.0,0
2010-12-22,95.4756088256836,0.12999999523162842,15.449999809265137,78878100,0.0,0
2010-12-23,95.3389663696289,0.12999999523162842,16.469999313354492,70053700,0.0,0
2010-12-27,95.37692260742188,0.11999999731779099,17.670000076293945,58126000,0.0,0
2010-12-28,95.51358032226562,0.14000000059604645,17.520000457763672,55309100,0.0,0
2010-12-29,95.58187866210938,0.125,17.280000686645508,58033100,0.0,0
2010-12-30,95.43003845214844,0.10999999940395355,17.520000457763672,76616900,0.0,0
2010-12-31,95.45282745361328,0.11500000208616257,17.75,91218900,0.0,0
2011-01-03,96.43964385986328,0.11999999731779099,17.610000610351562,138725200,0.0,0
2011-01-04,96.38648223876953,0.13500000536441803,17.3799991607666,137409700,0.0,0
2011-01-05,96.88748931884766,0.13500000536441803,17.020000457763672,133975300,0.0,0
2011-01-06,96.69770050048828,0.14000000059604645,17.399999618530273,122519000,0.0,0
2011-01-07,96.5079574584961,0.13500000536441803,17.139999389648438,156034600,0.0,0
2011-01-10,96.38648223876953,0.13500000536441803,17.540000915527344,122401700,0.0,0
2011-01-11,96.72807312011719,0.14499999582767487,16.889999389648438,110287000,0.0,0
2011-01-12,97.60099792480469,0.14499999582767487,16.239999771118164,107929200,0.0,0
2011-01-13,97.44159698486328,0.14000000059604645,16.389999389648438,129048400,0.0,0
2011-01-14,98.14751434326172,0.14499999582767487,15.460000038146973,117677900,0.0,0
2011-01-18,98.31452178955078,0.14499999582767487,15.869999885559082,114401300,0.0,0
2011-01-19,97.35051727294922,0.1550000011920929,17.309999465942383,151958400,0.0,0
2011-01-20,97.22147369384766,0.1550000011920929,17.989999771118164,175745700,0.0,0
2011-01-21,97.44159698486328,0.15000000596046448,18.469999313354492,151462900,0.0,0
2011-01-24,97.9957275390625,0.15000000596046448,17.649999618530273,113715500,0.0,0
2011-01-25,98.04884338378906,0.15000000596046448,17.59000015258789,167552200,0.0,0
2011-01-26,98.42841339111328,0.1550000011920929,16.639999389648438,141281500,0.0,0
2011-01-27,98.67130279541016,0.14000000059604645,16.149999618530273,123302700,0.0,0
2011-01-28,96.94819641113281,0.13500000536441803,20.040000915527344,295637300,0.0,0
2011-01-31,97.67688751220703,0.14499999582767487,19.530000686645508,149249200,0.0,0
2011-02-01,99.24059295654297,0.15000000596046448,17.6299991607666,167194300,0.0,0
2011-02-02,99.05079650878906,0.15000000596046448,17.299999237060547,118323600,0.0,0
2011-02-03,99.27095794677734,0.14499999582767487,16.690000534057617,145886700,0.0,0
2011-02-04,99.55180358886719,0.14499999582767487,15.930000305175781,134634800,0.0,0
2011-02-07,100.17427825927734,0.14000000059604645,16.280000686645508,112439100,0.0,0
2011-02-08,100.62970733642578,0.14499999582767487,15.8100004196167,99072800,0.0,0
2011-02-09,100.4019775390625,0.12999999523162842,15.869999885559082,146436700,0.0,0
2011-02-10,100.43994903564453,0.10999999940395355,16.09000015258789,162708500,0.0,0
2011-02-11,101.03958892822266,0.10999999940395355,15.6899995803833,137710300,0.0,0
2011-02-14,101.28247833251953,0.10999999940395355,15.949999809265137,101690700,0.0,0
2011-02-15,100.96366882324219,0.125,16.3700008392334,119575400,0.0,0
2011-02-16,101.60128784179688,0.10999999940395355,16.719999313354492,130183500,0.0,0
2011-02-17,101.9049301147461,0.09000000357627869,16.59000015258789,109810500,0.0,0
2011-02-18,102.11746978759766,0.09000000357627869,16.43000030517578,130002400,0.0,0
2011-02-22,100.0679702758789,0.10000000149011612,20.799999237060547,233116400,0.0,0
2011-02-23,99.453125,0.11500000208616257,22.1299991607666,227584000,0.0,0
2011-02-24,99.3847885131836,0.11999999731779099,21.31999969482422,260431400,0.0,0
2011-02-25,100.44747161865234,0.125,19.219999313354492,141686900,0.0,0
2011-02-28,101.06991577148438,0.13500000536441803,18.350000381469727,141585500,0.0,0
2011-03-01,99.3847885131836,0.12999999523162842,21.010000228881836,258565500,0.0,0
2011-03-02,99.59735870361328,0.11999999731779099,20.700000762939453,200277400,0.0,0
2011-03-03,101.31285858154297,0.125,18.600000381469727,176480100,0.0,0
2011-03-04,100.55377960205078,0.10999999940395355,19.059999465942383,277202300,0.0,0
2011-03-07,99.76436614990234,0.10000000149011612,20.65999984741211,216790400,0.0,0
2011-03-08,100.63727569580078,0.10499999672174454,19.81999969482422,174615000,0.0,0
2011-03-09,100.49307250976562,0.0949999988079071,20.219999313354492,153806000,0.0,0
2011-03-10,98.63333129882812,0.06499999761581421,21.8799991607666,301291800,0.0,0
2011-03-11,99.3165054321289,0.07000000029802322,20.079999923706055,225621800,0.0,0
2011-03-14,98.71682739257812,0.07500000298023224,21.1299991607666,234974100,0.0,0
2011-03-15,97.58580017089844,0.0949999988079071,24.31999969482422,359585400,0.0,0
2011-03-16,95.77923583984375,0.08500000089406967,29.399999618530273,468670300,0.0,0
2011-03-17,97.04688262939453,0.07000000029802322,26.3700008392334,254303700,0.0,0
2011-03-18,97.39984130859375,0.06499999761581421,24.440000534057617,230435400,0.0,0
2011-03-21,98.90936279296875,0.07000000029802322,20.610000610351562,153992600,0.0,0
2011-03-22,98.56625366210938,0.09000000357627869,20.209999084472656,129538600,0.0,0
2011-03-23,98.84838104248047,0.08500000089406967,19.170000076293945,148603100,0.0,0
2011-03-24,99.79370880126953,0.07999999821186066,18.0,159129800,0.0,0
2011-03-25,100.09864044189453,0.07999999821186066,17.90999984741211,155642800,0.0,0
2011-03-28,99.85466766357422,0.07999999821186066,19.440000534057617,109762400,0.0,0
2011-03-29,100.52555084228516,0.0949999988079071,18.15999984741211,129798800,0.0,0
2011-03-30,101.21932983398438,0.0949999988079071,17.709999084472656,135835000,0.0,0
2011-03-31,101.08206939697266,0.09000000357627869,17.739999771118164,132537100,0.0,0
2011-04-01,101.50895690917969,0.054999999701976776,17.399999618530273,153850100,0.0,0
2011-04-04,101.5928726196289,0.03500000014901161,17.5,100768900,0.0,0
2011-04-05,101.5776138305664,0.06499999761581421,17.25,120791500,0.0,0
2011-04-06,101.8978042602539,0.05000000074505806,16.899999618530273,120411600,0.0,0
2011-04-07,101.63861083984375,0.03500000014901161,17.110000610351562,170731500,0.0,0
2011-04-08,101.28792572021484,0.03500000014901161,17.8700008392334,147945400,0.0,0
2011-04-11,100.98298645019531,0.03500000014901161,16.59000015258789,121385400,0.0,0
2011-04-12,100.22822570800781,0.04500000178813934,17.09000015258789,161187400,0.0,0
2011-04-13,100.22061920166016,0.05000000074505806,16.920000076293945,162059000,0.0,0
2011-04-14,100.29683685302734,0.06499999761581421,16.270000457763672,161220400,0.0,0
2011-04-15,100.66278839111328,0.05999999865889549,15.319999694824219,170006700,0.0,0
2011-04-18,99.53445434570312,0.054999999701976776,16.959999084472656,210759300,0.0,0
2011-04-19,100.10624694824219,0.054999999701976776,15.829999923706055,124258800,0.0,0
2011-04-20,101.47087860107422,0.054999999701976776,15.069999694824219,156133800,0.0,0
2011-04-21,101.9892807006836,0.04500000178813934,14.6899995803833,135935400,0.0,0
2011-04-25,101.8825454711914,0.04500000178813934,15.770000457763672,65757100,0.0,0
2011-04-26,102.75924682617188,0.054999999701976776,15.619999885559082,146600000,0.0,0
2011-04-27,103.43016052246094,0.05000000074505806,15.350000381469727,143031000,0.0,0
2011-04-28,103.76563262939453,0.03500000014901161,14.619999885559082,124791100,0.0,0
2011-04-29,104.00957489013672,0.03999999910593033,14.75,115094100,0.0,0
2011-05-02,103.84947204589844,0.029999999329447746,15.989999771118164,126278700,0.0,0
2011-05-03,103.47591400146484,0.02500000037252903,16.700000762939453,138375000,0.0,0
2011-05-04,102.78981018066406,0.019999999552965164,17.079999923706055,182678500,0.0,0
2011-05-05,101.85968017578125,0.009999999776482582,18.200000762939453,226900000,0.0,0
2011-05-06,102.30950164794922,0.004999999888241291,18.399999618530273,222787200,0.0,0
2011-05-09,102.7059097290039,0.004999999888241291,17.15999984741211,114104500,0.0,0
2011-05-10,103.5826187133789,0.02500000037252903,15.90999984741211,114806900,0.0,0
2011-05-11,102.49243927001953,0.019999999552965164,16.950000762939453,193564200,0.0,0
2011-05-12,102.98039245605469,0.019999999552965164,16.030000686645508,171550700,0.0,0
2011-05-13,102.18748474121094,0.019999999552965164,17.06999969482422,157444900,0.0,0
2011-05-16,101.53952026367188,0.019999999552965164,18.239999771118164,141675400,0.0,0
2011-05-17,101.52426147460938,0.03500000014901161,17.549999237060547,192686200,0.0,0
2011-05-18,102.43144989013672,0.03999999910593033,16.229999542236328,135217900,0.0,0
2011-05-19,102.67546081542969,0.03999999910593033,15.520000457763672,119489500,0.0,0
2011-05-20,101.85968017578125,0.03999999910593033,17.43000030517578,182594900,0.0,0
2011-05-23,100.67804718017578,0.04500000178813934,18.270000457763672,168700000,0.0,0
2011-05-24,100.59415435791016,0.05000000074505806,17.81999969482422,147199600,0.0,0
2011-05-25,100.92961120605469,0.04500000178813934,17.06999969482422,151050100,0.0,0
2011-05-26,101.39464569091797,0.04500000178813934,16.09000015258789,164850000,0.0,0
2011-05-27,101.78343200683594,0.03500000014901161,15.979999542236328,120921900,0.0,0
2011-05-31,102.84317016601562,0.03999999910593033,15.449999809265137,164731200,0.0,0
2011-06-01,100.5331802368164,0.03999999910593033,18.299999237060547,233094300,0.0,0
2011-06-02,100.42645263671875,0.03500000014901161,18.09000015258789,200466800,0.0,0
2011-06-03,99.4277572631836,0.029999999329447746,17.950000762939453,234690200,0.0,0
2011-06-06,98.37566375732422,0.029999999329447746,18.489999771118164,179951200,0.0,0
2011-06-07,98.3146743774414,0.03999999910593033,18.06999969482422,161660500,0.0,0
2011-06-08,97.90302276611328,0.03500000014901161,18.790000915527344,198696400,0.0,0
2011-06-09,98.650146484375,0.03999999910593033,17.770000457763672,160964400,0.0,0
2011-06-10,97.27787017822266,0.03500000014901161,18.860000610351562,238629400,0.0,0
2011-06-13,97.35411071777344,0.03999999910593033,19.610000610351562,207599800,0.0,0
2011-06-14,98.58914947509766,0.05000000074505806,18.260000228881836,160570400,0.0,0
2011-06-15,96.83570098876953,0.04500000178813934,21.31999969482422,300958000,0.0,0
2011-06-16,97.04918670654297,0.03500000014901161,22.729999542236328,308032800,0.0,0
2011-06-17,97.33876037597656,0.02500000037252903,21.850000381469727,233284900,0.0,0
2011-06-20,97.8367919921875,0.014999999664723873,19.989999771118164,159479000,0.0,0
2011-06-21,99.1775131225586,0.019999999552965164,18.860000610351562,193157300,0.0,0
2011-06-22,98.57994079589844,0.009999999776482582,18.520000457763672,176703000,0.0,0
2011-06-23,98.29643249511719,0.004999999888241291,19.290000915527344,334286500,0.0,0
2011-06-24,97.15489196777344,0.009999999776482582,21.100000381469727,226129300,0.0,0
2011-06-27,98.02063751220703,0.014999999664723873,20.559999465942383,168904700,0.0,0
2011-06-28,99.30007934570312,0.02500000037252903,19.170000076293945,165556300,0.0,0
2011-06-29,100.15050506591797,0.019999999552965164,17.270000457763672,244295500,0.0,0
2011-06-30,101.10820007324219,0.014999999664723873,16.520000457763672,223322700,0.0,0
2011-07-01,102.6021957397461,0.009999999776482582,15.869999885559082,202385700,0.0,0
2011-07-05,102.51791381835938,0.009999999776482582,16.059999465942383,165936000,0.0,0
2011-07-06,102.64051055908203,0.004999999888241291,16.34000015258789,143331600,0.0,0
2011-07-07,103.7054443359375,0.019999999552965164,15.949999809265137,170464200,0.0,0
2011-07-08,102.96990203857422,0.019999999552965164,15.949999809265137,194100500,0.0,0
2011-07-11,101.10820007324219,0.014999999664723873,18.389999389648438,195918600,0.0,0
2011-07-12,100.67150115966797,0.029999999329447746,19.8700008392334,214675700,0.0,0
2011-07-13,101.00859069824219,0.004999999888241291,19.90999984741211,204062600,0.0,0
2011-07-14,100.3114013671875,0.004999999888241291,20.799999237060547,226111800,0.0,0
2011-07-15,100.8936767578125,0.004999999888241291,19.530000686645508,220012800,0.0,0
2011-07-18,100.06624603271484,0.004999999888241291,20.950000762939453,196872100,0.0,0
2011-07-19,101.69046783447266,0.02500000037252903,19.209999084472656,166554900,0.0,0
2011-07-20,101.62918090820312,0.019999999552965164,19.09000015258789,137145400,0.0,0
2011-07-21,103.03889465332031,0.03500000014901161,17.559999465942383,245246300,0.0,0
2011-07-22,103.10783386230469,0.029999999329447746,17.520000457763672,126019400,0.0,0
2011-07-25,102.53323364257812,0.03500000014901161,19.350000381469727,136653800,0.0,0
2011-07-26,102.15018463134766,0.06499999761581421,20.229999542236328,131278200,0.0,0
2011-07-27,100.05859375,0.07000000029802322,22.979999542236328,249020100,0.0,0
2011-07-28,99.76747131347656,0.06499999761581421,23.739999771118164,207939900,0.0,0
2011-07-29,99.08558654785156,0.09000000357627869,25.25,307038400,0.0,0
2011-08-01,98.6642074584961,0.07500000298023224,23.65999984741211,325790900,0.0,0
2011-08-02,96.1435775756836,0.05000000074505806,24.790000915527344,346653800,0.0,0
2011-08-03,96.66455841064453,0.009999999776482582,23.3799991607666,370830800,0.0,0
2011-08-04,92.13665008544922,0.009999999776482582,31.65999984741211,520721800,0.0,0
2011-08-05,91.99874877929688,0.009999999776482582,32.0,655619200,0.0,0
2011-08-08,86.00751495361328,0.014999999664723873,48.0,702263900,0.0,0
2011-08-09,90.00676727294922,0.029999999329447746,35.060001373291016,717828700,0.0,0
2011-08-10,86.03047180175781,0.014999999664723873,42.9900016784668,662607400,0.0,0
2011-08-11,89.89183807373047,0.009999999776482582,39.0,487979700,0.0,0
2011-08-12,90.4970703125,0.004999999888241291,36.36000061035156,313731600,0.0,0
2011-08-15,92.41244506835938,0.004999999888241291,31.8700008392334,258810600,0.0,0
2011-08-16,91.6233139038086,0.019999999552965164,32.849998474121094,294095200,0.0,0
2011-08-17,91.68460083007812,0.004999999888241291,31.579999923706055,238201100,0.0,0
2011-08-18,87.73130798339844,0.009999999776482582,42.66999816894531,512956300,0.0,0
2011-08-19,86.29861450195312,0.009999999776482582,43.04999923706055,428281300,0.0,0
2011-08-22,86.36756896972656,0.004999999888241291,42.439998626708984,275090600,0.0,0
2011-08-23,89.20996856689453,0.004999999888241291,36.27000045776367,331136600,0.0,0
2011-08-24,90.4664535522461,0.009999999776482582,35.900001525878906,246869700,0.0,0
2011-08-25,89.08737182617188,0.009999999776482582,39.7599983215332,312365400,0.0,0
2011-08-26,90.38215637207031,0.009999999776482582,35.59000015258789,314495900,0.0,0
2011-08-29,92.97940826416016,0.004999999888241291,32.279998779296875,190977200,0.0,0
2011-08-30,93.22457122802734,0.014999999664723873,32.88999938964844,241315700,0.0,0
2011-08-31,93.63829040527344,0.014999999664723873,31.6200008392334,301828400,0.0,0
2011-09-01,92.65760040283203,0.009999999776482582,31.81999969482422,254585900,0.0,0
2011-09-02,90.29025268554688,0.014999999664723873,33.91999816894531,255517200,0.0,0
2011-09-06,89.63134765625,0.014999999664723873,37.0,285130500,0.0,0
2011-09-07,92.15960693359375,0.014999999664723873,33.380001068115234,209803200,0.0,0
2011-09-08,91.20193481445312,0.009999999776482582,34.31999969482422,250568200,0.0,0
2011-09-09,88.81156921386719,0.004999999888241291,38.52000045776367,380195100,0.0,0
2011-09-12,89.38617706298828,0.004999999888241291,38.59000015258789,305793500,0.0,0
2011-09-13,90.20594024658203,0.004999999888241291,36.90999984741211,272514700,0.0,0
2011-09-14,91.45475769042969,0.004999999888241291,34.599998474121094,319389500,0.0,0
2011-09-15,93.03300476074219,0.004999999888241291,31.969999313354492,326777200,0.0,0
2011-09-16,93.58364868164062,0.004999999888241291,30.979999542236328,284528300,0.0,0
2011-09-19,92.65182495117188,0.004999999888241291,32.72999954223633,241517000,0.0,0
2011-09-20,92.54402160644531,0.004999999888241291,32.86000061035156,218932200,0.0,0
2011-09-21,89.81784057617188,0.004999999888241291,37.31999969482422,316251300,0.0,0
2011-09-22,86.91453552246094,0.004999999888241291,41.349998474121094,513911300,0.0,0
2011-09-23,87.43820190429688,0.004999999888241291,41.25,307242500,0.0,0
2011-09-26,89.51750183105469,0.004999999888241291,39.02000045776367,260673700,0.0,0
2011-09-27,90.51862335205078,0.009999999776482582,37.709999084472656,311753900,0.0,0
2011-09-28,88.67037963867188,0.009999999776482582,41.08000183105469,286696800,0.0,0
2011-09-29,89.37117767333984,0.009999999776482582,38.84000015258789,298108900,0.0,0
2011-09-30,87.13786315917969,0.009999999776482582,42.959999084472656,288392300,0.0,0
2011-10-03,84.6580810546875,0.019999999552965164,45.45000076293945,365136800,0.0,0
2011-10-04,86.51406860351562,0.004999999888241291,40.81999969482422,459177500,0.0,0
2011-10-05,88.11589813232422,0.004999999888241291,37.810001373291016,284108000,0.0,0
2011-10-06,89.71005249023438,0.004999999888241291,36.27000045776367,257800800,0.0,0
2011-10-07,89.10934448242188,0.004999999888241291,36.20000076293945,312657900,0.0,0
2011-10-10,92.08963775634766,0.004999999888241291,33.02000045776367,230666300,0.0,0
2011-10-11,92.1820297241211,0.004999999888241291,32.86000061035156,209088000,0.0,0
2011-10-12,92.99067687988281,0.014999999664723873,31.260000228881836,281544900,0.0,0
2011-10-13,92.80585479736328,0.014999999664723873,30.700000762939453,212538800,0.0,0
2011-10-14,94.39228057861328,0.014999999664723873,28.239999771118164,211397600,0.0,0
2011-10-17,92.59024810791016,0.019999999552965164,33.38999938964844,202311600,0.0,0
2011-10-18,94.39994812011719,0.02500000037252903,31.559999465942383,318857900,0.0,0
2011-10-19,93.2833023071289,0.019999999552965164,34.439998626708984,226601300,0.0,0
2011-10-20,93.69149017333984,0.014999999664723873,34.779998779296875,262075600,0.0,0
2011-10-21,95.4704360961914,0.014999999664723873,31.31999969482422,278999400,0.0,0
2011-10-24,96.64099884033203,0.004999999888241291,29.260000228881836,203215600,0.0,0
2011-10-25,94.76191711425781,0.014999999664723873,32.220001220703125,268596800,0.0,0
2011-10-26,95.72456359863281,0.014999999664723873,29.860000610351562,289053800,0.0,0
2011-10-27,99.05913543701172,0.009999999776482582,25.459999084472656,393220200,0.0,0
2011-10-28,99.03602600097656,0.009999999776482582,24.530000686645508,225906500,0.0,0
2011-10-31,96.64869689941406,0.004999999888241291,29.959999084472656,228146700,0.0,0
2011-11-01,93.95330810546875,0.004999999888241291,34.77000045776367,416565800,0.0,0
2011-11-02,95.4858169555664,0.004999999888241291,32.7400016784668,244717600,0.0,0
2011-11-03,97.22624969482422,0.004999999888241291,30.5,291174800,0.0,0
2011-11-04,96.63330841064453,0.004999999888241291,30.15999984741211,249401600,0.0,0
2011-11-07,97.23396301269531,0.004999999888241291,29.850000381469727,196617200,0.0,0
2011-11-08,98.48157501220703,0.004999999888241291,27.479999542236328,224426300,0.0,0
2011-11-09,94.84664154052734,0.004999999888241291,36.15999984741211,337982000,0.0,0
2011-11-10,95.73993682861328,0.004999999888241291,32.810001373291016,231866500,0.0,0
2011-11-11,97.54202270507812,0.004999999888241291,30.040000915527344,189924400,0.0,0
2011-11-14,96.61788177490234,0.004999999888241291,31.1299991607666,159258300,0.0,0
2011-11-15,97.09536743164062,0.009999999776482582,31.219999313354492,184709400,0.0,0
2011-11-16,95.55510711669922,0.004999999888241291,33.5099983215332,235782500,0.0,0
2011-11-17,94.03804016113281,0.004999999888241291,34.5099983215332,331219600,0.0,0
2011-11-18,93.93792724609375,0.004999999888241291,32.0,215580400,0.0,0
2011-11-21,92.15125274658203,0.004999999888241291,32.90999984741211,229611600,0.0,0
2011-11-22,91.78931427001953,0.014999999664723873,31.969999313354492,216494900,0.0,0
2011-11-23,89.76393127441406,0.014999999664723873,33.97999954223633,224329100,0.0,0
2011-11-25,89.59449005126953,0.004999999888241291,34.470001220703125,99557000,0.0,0
2011-11-28,92.18974304199219,0.009999999776482582,32.130001068115234,210686000,0.0,0
2011-11-29,92.45160675048828,0.014999999664723873,30.639999389648438,199241500,0.0,0
2011-11-30,96.25593566894531,0.014999999664723873,27.799999237060547,324439500,0.0,0
2011-12-01,96.24053955078125,0.014999999664723873,27.40999984741211,176954800,0.0,0
2011-12-02,96.15580749511719,0.014999999664723873,27.520000457763672,221109700,0.0,0
2011-12-05,97.2031478881836,0.014999999664723873,27.84000015258789,225263900,0.0,0
2011-12-06,97.23396301269531,0.004999999888241291,28.1299991607666,178842100,0.0,0
2011-12-07,97.595947265625,0.004999999888241291,28.670000076293945,237802500,0.0,0
2011-12-08,95.45501708984375,0.004999999888241291,30.59000015258789,240862800,0.0,0
2011-12-09,97.0722427368164,0.004999999888241291,26.3799991607666,209111400,0.0,0
2011-12-12,95.6552505493164,0.004999999888241291,25.670000076293945,215826100,0.0,0
2011-12-13,94.76191711425781,0.004999999888241291,25.40999984741211,245159800,0.0,0
2011-12-14,93.7530746459961,0.004999999888241291,26.040000915527344,238618800,0.0,0
2011-12-15,94.0919189453125,0.004999999888241291,25.110000610351562,199109200,0.0,0
2011-12-16,94.23143005371094,0.004999999888241291,24.290000915527344,220481400,0.0,0
2011-12-19,93.22396087646484,0.004999999888241291,24.920000076293945,183903000,0.0,0
2011-12-20,96.04490661621094,0.004999999888241291,23.219999313354492,225418100,0.0,0
2011-12-21,96.23089599609375,0.004999999888241291,21.43000030517578,194230900,0.0,0
2011-12-22,97.08340454101562,0.004999999888241291,21.15999984741211,119465400,0.0,0
2011-12-23,97.95140838623047,0.004999999888241291,20.729999542236328,92187200,0.0,0
2011-12-27,98.02891540527344,0.004999999888241291,21.90999984741211,86075700,0.0,0
2011-12-28,96.74239349365234,0.004999999888241291,23.520000457763672,119107100,0.0,0
2011-12-29,97.74208068847656,0.004999999888241291,22.649999618530273,123507200,0.0,0
2011-12-30,97.26167297363281,0.004999999888241291,23.399999618530273,95599000,0.0,0
2012-01-03,98.81163024902344,0.004999999888241291,22.969999313354492,193697900,0.0,0
2012-01-04,98.9666519165039,0.009999999776482582,22.219999313354492,127186500,0.0,0
2012-01-05,99.23014831542969,0.009999999776482582,21.479999542236328,173895000,0.0,0
2012-01-06,98.97438049316406,0.014999999664723873,20.6299991607666,148050000,0.0,0
2012-01-09,99.21463012695312,0.004999999888241291,21.06999969482422,99530200,0.0,0
2012-01-10,100.07488250732422,0.009999999776482582,20.690000534057617,115282000,0.0,0
2012-01-11,100.12911224365234,0.014999999664723873,21.049999237060547,111540700,0.0,0
2012-01-12,100.369384765625,0.019999999552965164,20.469999313354492,118983700,0.0,0
2012-01-13,99.8501205444336,0.019999999552965164,20.90999984741211,179836200,0.0,0
2012-01-17,100.23759460449219,0.019999999552965164,22.200000762939453,132209200,0.0,0
2012-01-18,101.34585571289062,0.02500000037252903,20.889999389648438,163395200,0.0,0
2012-01-19,101.88059997558594,0.03999999910593033,19.8700008392334,126328900,0.0,0
2012-01-20,102.26033782958984,0.03999999910593033,18.280000686645508,138230200,0.0,0
2012-01-23,101.99687194824219,0.03500000014901161,18.670000076293945,129295800,0.0,0
2012-01-24,101.88059997558594,0.03500000014901161,18.90999984741211,103083300,0.0,0
2012-01-25,102.73308563232422,0.03500000014901161,18.309999465942383,198613200,0.0,0
2012-01-26,102.20609283447266,0.04500000178813934,18.56999969482422,184880500,0.0,0
2012-01-27,102.15963745117188,0.05000000074505806,18.530000686645508,135259100,0.0,0
2012-01-30,101.81087493896484,0.04500000178813934,19.399999618530273,147311800,0.0,0
2012-01-31,101.77213287353516,0.054999999701976776,19.440000534057617,157212000,0.0,0
2012-02-01,102.663330078125,0.054999999701976776,18.549999237060547,166234500,0.0,0
2012-02-02,102.82611846923828,0.07500000298023224,17.979999542236328,113090400,0.0,0
2012-02-03,104.26758575439453,0.07000000029802322,17.100000381469727,160598500,0.0,0
2012-02-06,104.19784545898438,0.06499999761581421,17.760000228881836,107694500,0.0,0
2012-02-07,104.46133422851562,0.07999999821186066,17.649999618530273,135528100,0.0,0
2012-02-08,104.77131652832031,0.07500000298023224,18.15999984741211,139361400,0.0,0
2012-02-09,104.90306854248047,0.08500000089406967,18.6299991607666,148602900,0.0,0
2012-02-10,104.12812805175781,0.07999999821186066,20.790000915527344,167907500,0.0,0
2012-02-13,104.90306854248047,0.0949999988079071,19.040000915527344,115841900,0.0,0
2012-02-14,104.77131652832031,0.10999999940395355,19.540000915527344,165329500,0.0,0
2012-02-15,104.28309631347656,0.10499999672174454,21.139999389648438,195195100,0.0,0
2012-02-16,105.4378662109375,0.0949999988079071,19.219999313354492,186567800,0.0,0
2012-02-17,105.71683502197266,0.07500000298023224,17.780000686645508,129869400,0.0,0
2012-02-21,105.76329803466797,0.07000000029802322,18.190000534057617,134042300,0.0,0
2012-02-22,105.42231750488281,0.07999999821186066,18.190000534057617,124455300,0.0,0
2012-02-23,105.88732147216797,0.08500000089406967,16.799999237060547,137704300,0.0,0
2012-02-24,106.11983489990234,0.09000000357627869,17.309999465942383,105539100,0.0,0
2012-02-27,106.29808044433594,0.10000000149011612,18.190000534057617,145728900,0.0,0
2012-02-28,106.60807800292969,0.0949999988079071,17.959999084472656,129355900,0.0,0
2012-02-29,106.18956756591797,0.07500000298023224,18.43000030517578,185934700,0.0,0
2012-03-01,106.73979949951172,0.07000000029802322,17.260000228881836,145023500,0.0,0
2012-03-02,106.41429901123047,0.05999999865889549,17.290000915527344,120638300,0.0,0
2012-03-05,105.98030853271484,0.05999999865889549,18.049999237060547,140765000,0.0,0
2012-03-06,104.43035125732422,0.07000000029802322,20.8700008392334,202129900,0.0,0
2012-03-07,105.15882873535156,0.07500000298023224,19.06999969482422,143692200,0.0,0
2012-03-08,106.20507049560547,0.07500000298023224,17.950000762939453,116968900,0.0,0
2012-03-09,106.6158218383789,0.07999999821186066,17.110000610351562,122836800,0.0,0
2012-03-12,106.62358856201172,0.07500000298023224,15.640000343322754,104003500,0.0,0
2012-03-13,108.54557037353516,0.07999999821186066,14.800000190734863,184090500,0.0,0
2012-03-14,108.42932891845703,0.07999999821186066,15.3100004196167,145163600,0.0,0
2012-03-15,109.05705261230469,0.07500000298023224,15.420000076293945,165118500,0.0,0
2012-03-16,109.20804595947266,0.07999999821186066,14.470000267028809,152893500,0.0,0
2012-03-19,109.63616943359375,0.07500000298023224,15.039999961853027,125291100,0.0,0
2012-03-20,109.3170166015625,0.0949999988079071,15.579999923706055,121729700,0.0,0
2012-03-21,109.13799285888672,0.08500000089406967,15.130000114440918,122388400,0.0,0
2012-03-22,108.35182189941406,0.07000000029802322,15.569999694824219,135216700,0.0,0
2012-03-23,108.70211029052734,0.07000000029802322,14.819999694824219,120521000,0.0,0
2012-03-26,110.2277603149414,0.07000000029802322,14.260000228881836,120164000,0.0,0
2012-03-27,109.8852767944336,0.07999999821186066,15.59000015258789,119868500,0.0,0
2012-03-28,109.34038543701172,0.07500000298023224,15.470000267028809,148562100,0.0,0
2012-03-29,109.15352630615234,0.054999999701976776,15.479999542236328,164963700,0.0,0
2012-03-30,109.60503387451172,0.06499999761581421,15.5,135486800,0.0,0
2012-04-02,110.40676879882812,0.05999999865889549,15.640000343322754,151741100,0.0,0
2012-04-03,109.9552993774414,0.07500000298023224,15.65999984741211,155806700,0.0,0
2012-04-04,108.86557006835938,0.07000000029802322,16.440000534057617,146896000,0.0,0
2012-04-05,108.81111907958984,0.07000000029802322,16.700000762939453,137439400,0.0,0
2012-04-09,107.58899688720703,0.07500000298023224,18.809999465942383,127555900,0.0,0
2012-04-10,105.78314971923828,0.08500000089406967,20.389999389648438,235360300,0.0,0
2012-04-11,106.63937377929688,0.08500000089406967,20.020000457763672,154133000,0.0,0
2012-04-12,108.03266906738281,0.08500000089406967,17.200000762939453,154321500,0.0,0
2012-04-13,106.74835205078125,0.07999999821186066,19.549999237060547,169246700,0.0,0
2012-04-16,106.67830657958984,0.07500000298023224,19.549999237060547,147825300,0.0,0
2012-04-17,108.2584228515625,0.07500000298023224,18.459999084472656,147877600,0.0,0
2012-04-18,107.89258575439453,0.06499999761581421,18.639999389648438,123884200,0.0,0
2012-04-19,107.19984436035156,0.06499999761581421,18.360000610351562,198666700,0.0,0
2012-04-20,107.37883758544922,0.06499999761581421,17.440000534057617,143199600,0.0,0
2012-04-23,106.47589874267578,0.07000000029802322,18.969999313354492,171844900,0.0,0
2012-04-24,106.88068389892578,0.07999999821186066,18.100000381469727,137484200,0.0,0
2012-04-25,108.34403228759766,0.08500000089406967,16.81999969482422,150252200,0.0,0
2012-04-26,109.09911346435547,0.08500000089406967,16.239999771118164,136291600,0.0,0
2012-04-27,109.27811431884766,0.08500000089406967,16.31999969482422,130725000,0.0,0
2012-04-30,108.87334442138672,0.09000000357627869,17.149999618530273,115092200,0.0,0
2012-05-01,109.55056762695312,0.08500000089406967,16.600000381469727,138832200,0.0,0
2012-05-02,109.22364807128906,0.07999999821186066,16.8799991607666,121081000,0.0,0
2012-05-03,108.39076232910156,0.07500000298023224,17.559999465942383,143759700,0.0,0
2012-05-04,106.63937377929688,0.07000000029802322,19.15999984741211,193927300,0.0,0
2012-05-07,106.71723937988281,0.07500000298023224,18.940000534057617,127765900,0.0,0
2012-05-08,106.28912353515625,0.09000000357627869,19.049999237060547,213377700,0.0,0
2012-05-09,105.65860748291016,0.09000000357627869,20.079999923706055,220752500,0.0,0
2012-05-10,105.87657165527344,0.09000000357627869,18.829999923706055,150600000,0.0,0
2012-05-11,105.55741119384766,0.09000000357627869,19.889999389648438,153032400,0.0,0
2012-05-14,104.38984680175781,0.08500000089406967,21.8700008392334,163910000,0.0,0
2012-05-15,103.79045867919922,0.09000000357627869,21.969999313354492,207629300,0.0,0
2012-05-16,103.39347839355469,0.0949999988079071,22.270000457763672,207265500,0.0,0
2012-05-17,101.86006164550781,0.09000000357627869,24.489999771118164,247992900,0.0,0
2012-05-18,100.98829650878906,0.07500000298023224,25.100000381469727,319615900,0.0,0
2012-05-21,102.72409057617188,0.05999999865889549,22.010000228881836,177861100,0.0,0
2012-05-22,102.90312957763672,0.08500000089406967,22.479999542236328,197531200,0.0,0
2012-05-23,102.95758819580078,0.07999999821186066,22.329999923706055,204958400,0.0,0
2012-05-24,103.15998077392578,0.09000000357627869,21.540000915527344,167357600,0.0,0
2012-05-25,102.82524871826172,0.07999999821186066,21.760000228881836,135465600,0.0,0
2012-05-29,104.0706558227539,0.07500000298023224,21.030000686645508,152883500,0.0,0
2012-05-30,102.56057739257812,0.06499999761581421,24.139999389648438,162370400,0.0,0
2012-05-31,102.33487701416016,0.05999999865889549,24.059999465942383,196186000,0.0,0
2012-06-01,99.7583999633789,0.06499999761581421,26.65999984741211,253240900,0.0,0
2012-06-04,99.71172332763672,0.06499999761581421,26.1200008392334,202545800,0.0,0
2012-06-05,100.46675872802734,0.07999999821186066,24.68000030517578,164149400,0.0,0
2012-06-06,102.72409057617188,0.07999999821186066,22.15999984741211,184202800,0.0,0
2012-06-07,102.7863540649414,0.07999999821186066,21.719999313354492,184772700,0.0,0
2012-06-08,103.6036605834961,0.07999999821186066,21.229999542236328,143915400,0.0,0
2012-06-11,102.28816223144531,0.07500000298023224,23.559999465942383,169756100,0.0,0
2012-06-12,103.46354675292969,0.09000000357627869,22.09000015258789,181931800,0.0,0
2012-06-13,102.80191802978516,0.09000000357627869,24.270000457763672,172223900,0.0,0
2012-06-14,103.89169311523438,0.0949999988079071,21.68000030517578,230615500,0.0,0
2012-06-15,104.95419311523438,0.08500000089406967,21.110000610351562,169444500,0.0,0
2012-06-18,105.15763092041016,0.07500000298023224,18.31999969482422,131360900,0.0,0
2012-06-19,106.17475128173828,0.09000000357627869,18.3799991607666,137382600,0.0,0
2012-06-20,106.00263214111328,0.07999999821186066,17.239999771118164,206451800,0.0,0
2012-06-21,103.62406158447266,0.07500000298023224,20.079999923706055,205272200,0.0,0
2012-06-22,104.42214965820312,0.07500000298023224,18.110000610351562,130029200,0.0,0
2012-06-25,102.74776458740234,0.07500000298023224,20.3799991607666,146375700,0.0,0
2012-06-26,103.26416015625,0.0949999988079071,19.719999313354492,141634000,0.0,0
2012-06-27,104.19527435302734,0.07999999821186066,19.450000762939453,108088000,0.0,0
2012-06-28,103.89791870117188,0.07500000298023224,19.709999084472656,169242100,0.0,0
2012-06-29,106.48775482177734,0.07999999821186066,17.079999923706055,212250900,0.0,0
2012-07-02,106.8084945678711,0.07000000029802322,16.799999237060547,129524500,0.0,0
2012-07-03,107.51271057128906,0.07500000298023224,16.65999984741211,80450000,0.0,0
2012-07-05,107.02759552001953,0.07500000298023224,17.5,126177500,0.0,0
2012-07-06,106.01048278808594,0.07000000029802322,17.100000381469727,151192100,0.0,0
2012-07-09,105.87747192382812,0.07000000029802322,17.979999542236328,103780500,0.0,0
2012-07-10,104.95419311523438,0.09000000357627869,18.719999313354492,167884800,0.0,0
2012-07-11,104.96981811523438,0.09000000357627869,17.950000762939453,141733400,0.0,0
2012-07-12,104.46124267578125,0.0949999988079071,18.329999923706055,143583200,0.0,0
2012-07-13,106.2138900756836,0.09000000357627869,16.739999771118164,129642600,0.0,0
2012-07-16,105.96349334716797,0.08500000089406967,17.110000610351562,97525200,0.0,0
2012-07-17,106.69114685058594,0.0949999988079071,16.479999542236328,138860300,0.0,0
2012-07-18,107.48138427734375,0.08500000089406967,16.15999984741211,113349700,0.0,0
2012-07-19,107.76312255859375,0.07999999821186066,15.449999809265137,129847300,0.0,0
2012-07-20,106.77720642089844,0.08500000089406967,16.270000457763672,142904500,0.0,0
2012-07-23,105.6974868774414,0.09000000357627869,18.6200008392334,145210900,0.0,0
2012-07-24,104.78987884521484,0.0949999988079071,20.469999313354492,173301200,0.0,0
2012-07-25,104.81334686279297,0.0949999988079071,19.34000015258789,129122300,0.0,0
2012-07-26,106.54251098632812,0.10000000149011612,17.530000686645508,156526500,0.0,0
2012-07-27,108.50640106201172,0.10000000149011612,16.700000762939453,236768900,0.0,0
2012-07-30,108.50640106201172,0.09000000357627869,18.030000686645508,106782000,0.0,0
2012-07-31,107.7474365234375,0.10000000149011612,18.93000030517578,120575900,0.0,0
2012-08-01,107.65355682373047,0.09000000357627869,18.959999084472656,138293800,0.0,0
2012-08-02,106.91020202636719,0.08500000089406967,17.56999969482422,199556600,0.0,0
2012-08-03,109.03057861328125,0.07500000298023224,15.640000343322754,157825000,0.0,0
2012-08-06,109.24186706542969,0.07500000298023224,15.949999809265137,86326200,0.0,0
2012-08-07,109.78955078125,0.10000000149011612,15.989999771118164,109545100,0.0,0
2012-08-08,109.92259216308594,0.10499999672174454,15.319999694824219,89754700,0.0,0
2012-08-09,110.0164566040039,0.10999999940395355,15.279999732971191,90291700,0.0,0
2012-08-10,110.1964111328125,0.0949999988079071,14.739999771118164,99792700,0.0,0
2012-08-13,110.14164733886719,0.0949999988079071,13.699999809265137,79426900,0.0,0
2012-08-14,110.15729522705078,0.10499999672174454,14.850000381469727,102379400,0.0,0
2012-08-15,110.28247833251953,0.07999999821186066,14.630000114440918,71085900,0.0,0
2012-08-16,111.09622192382812,0.07500000298023224,14.289999961853027,112014200,0.0,0
2012-08-17,111.2448501586914,0.07999999821186066,13.449999809265137,90813700,0.0,0
2012-08-20,111.252685546875,0.08500000089406967,14.020000457763672,78255700,0.0,0
2012-08-21,110.91622924804688,0.10499999672174454,15.020000457763672,105581100,0.0,0
2012-08-22,110.96319580078125,0.10000000149011612,15.109999656677246,133243500,0.0,0
2012-08-23,110.05559539794922,0.0949999988079071,15.960000038146973,111466400,0.0,0
2012-08-24,110.72064971923828,0.09000000357627869,15.180000305175781,99481200,0.0,0
2012-08-27,110.7441177368164,0.0949999988079071,16.350000381469727,68785900,0.0,0
2012-08-28,110.63457489013672,0.10000000149011612,16.489999771118164,75689600,0.0,0
2012-08-29,110.72064971923828,0.0949999988079071,17.059999465942383,65421300,0.0,0
2012-08-30,109.92259216308594,0.09000000357627869,17.829999923706055,96589900,0.0,0
2012-08-31,110.44684600830078,0.08500000089406967,17.469999313354492,151970400,0.0,0
2012-09-04,110.34512329101562,0.09000000357627869,17.979999542236328,120226200,0.0,0
2012-09-05,110.25118255615234,0.10000000149011612,17.739999771118164,100660300,0.0,0
2012-09-06,112.48895263671875,0.10000000149011612,15.600000381469727,158272500,0.0,0
2012-09-07,112.92706298828125,0.10000000149011612,14.380000114440918,107272100,0.0,0
2012-09-10,112.28547668457031,0.0949999988079071,16.280000686645508,86458500,0.0,0
2012-09-11,112.59847259521484,0.10000000149011612,16.40999984741211,88760000,0.0,0
2012-09-12,112.97402954101562,0.0949999988079071,15.800000190734863,87640900,0.0,0
2012-09-13,114.69539642333984,0.0949999988079071,14.050000190734863,225470200,0.0,0
2012-09-14,115.20396423339844,0.0949999988079071,14.510000228881836,169777000,0.0,0
2012-09-17,114.812744140625,0.09000000357627869,14.59000015258789,119427800,0.0,0
2012-09-18,114.71883392333984,0.10000000149011612,14.180000305175781,98326600,0.0,0
2012-09-19,114.78142547607422,0.10499999672174454,13.880000114440918,128318300,0.0,0
2012-09-20,114.78924560546875,0.10499999672174454,14.069999694824219,154009800,0.0,0
2012-09-21,114.74124908447266,0.10000000149011612,13.979999542236328,108737500,0.0,0
2012-09-24,114.56818389892578,0.0949999988079071,14.149999618530273,95682000,0.0,0
2012-09-25,113.34899139404297,0.10499999672174454,15.430000305175781,133165200,0.0,0
2012-09-26,112.71183013916016,0.10000000149011612,16.809999465942383,146502200,0.0,0
2012-09-27,113.77375030517578,0.08500000089406967,14.84000015258789,111830300,0.0,0
2012-09-28,113.24673461914062,0.09000000357627869,15.729999542236328,150696100,0.0,0
2012-10-01,113.54563903808594,0.07999999821186066,16.31999969482422,135911200,0.0,0
2012-10-02,113.66364288330078,0.09000000357627869,15.710000038146973,113422200,0.0,0
2012-10-03,114.127685546875,0.08500000089406967,15.430000305175781,121283100,0.0,0
2012-10-04,114.94580078125,0.0949999988079071,14.550000190734863,124311600,0.0,0
2012-10-05,114.95366668701172,0.10000000149011612,14.329999923706055,124842100,0.0,0
2012-10-08,114.56031036376953,0.0949999988079071,15.109999656677246,78415400,0.0,0
2012-10-09,113.42764282226562,0.0949999988079071,16.3700008392334,148872900,0.0,0
2012-10-10,112.70396423339844,0.0949999988079071,16.290000915527344,124247500,0.0,0
2012-10-11,112.76688385009766,0.0949999988079071,15.59000015258789,123601500,0.0,0
2012-10-12,112.39720916748047,0.10000000149011612,16.139999389648438,124181900,0.0,0
2012-10-15,113.333251953125,0.0949999988079071,15.270000457763672,107689100,0.0,0
2012-10-16,114.48173522949219,0.10000000149011612,15.220000267028809,108815500,0.0,0
2012-10-17,115.0008316040039,0.10499999672174454,15.069999694824219,128834100,0.0,0
2012-10-18,114.70195770263672,0.0949999988079071,15.029999732971191,148108500,0.0,0
2012-10-19,112.79051208496094,0.09000000357627869,17.059999465942383,185645200,0.0,0
2012-10-22,112.8062744140625,0.09000000357627869,16.6200008392334,125578600,0.0,0
2012-10-23,111.24090576171875,0.10000000149011612,18.829999923706055,192056300,0.0,0
2012-10-24,110.92626190185547,0.10499999672174454,18.329999923706055,120179400,0.0,0
2012-10-25,111.24874877929688,0.10999999940395355,18.1200008392334,134457400,0.0,0
2012-10-26,111.18585968017578,0.10499999672174454,17.809999465942383,146023500,0.0,0
2012-10-31,111.18585968017578,0.10499999672174454,18.600000381469727,103438500,0.0,0
2012-11-01,112.35002899169922,0.09000000357627869,16.690000534057617,100995600,0.0,0
2012-11-02,111.35101318359375,0.09000000357627869,17.59000015258789,137702200,0.0,0
2012-11-05,111.57910919189453,0.09000000357627869,18.420000076293945,98378500,0.0,0
2012-11-06,112.45225524902344,0.10000000149011612,17.579999923706055,107068100,0.0,0
2012-11-07,109.9036636352539,0.09000000357627869,19.079999923706055,264304500,0.0,0
2012-11-08,108.5821762084961,0.08500000089406967,18.489999771118164,181517300,0.0,0
2012-11-09,108.67658233642578,0.09000000357627869,18.610000610351562,201055300,0.0,0
2012-11-12,108.76313781738281,0.08699999749660492,16.68000030517578,97677500,0.0,0
2012-11-13,108.38553619384766,0.08500000089406967,16.649999618530273,123018300,0.0,0
2012-11-14,106.92242431640625,0.0949999988079071,17.920000076293945,191505000,0.0,0
2012-11-15,106.74153900146484,0.07500000298023224,17.989999771118164,178128400,0.0,0
2012-11-16,107.26856231689453,0.07500000298023224,16.40999984741211,239483900,0.0,0
2012-11-19,109.4395980834961,0.07500000298023224,15.239999771118164,151495800,0.0,0
2012-11-20,109.48680114746094,0.08500000089406967,15.079999923706055,119807400,0.0,0
2012-11-21,109.69132232666016,0.09000000357627869,15.3100004196167,81710800,0.0,0
2012-11-23,111.18585968017578,0.09000000357627869,15.140000343322754,65409200,0.0,0
2012-11-26,110.9498291015625,0.09000000357627869,15.5,100124400,0.0,0
2012-11-27,110.38350677490234,0.0949999988079071,15.920000076293945,128646200,0.0,0
2012-11-28,111.27236938476562,0.09200000017881393,15.510000228881836,177086500,0.0,0
2012-11-29,111.7915267944336,0.07999999821186066,15.0600004196167,151085900,0.0,0
2012-11-30,111.81509399414062,0.07500000298023224,15.869999885559082,136568300,0.0,0
2012-12-03,111.2645034790039,0.07699999958276749,16.639999389648438,124656300,0.0,0
2012-12-04,111.10719299316406,0.09000000357627869,17.1200008392334,127512200,0.0,0
2012-12-05,111.30380249023438,0.09000000357627869,16.459999084472656,147300500,0.0,0
2012-12-06,111.68140411376953,0.09000000357627869,16.579999923706055,103220600,0.0,0
2012-12-07,112.01962280273438,0.07999999821186066,15.899999618530273,108726400,0.0,0
2012-12-10,112.06683349609375,0.07500000298023224,16.049999237060547,98840700,0.0,0
2012-12-11,112.829833984375,0.07500000298023224,15.569999694824219,152570400,0.0,0
2012-12-12,112.8848876953125,0.05999999865889549,15.949999809265137,145880100,0.0,0
2012-12-13,112.19270324707031,0.052000001072883606,16.559999465942383,135715000,0.0,0
2012-12-14,111.77578735351562,0.02500000037252903,17.0,137701700,0.0,0
2012-12-17,113.0894546508789,0.02199999988079071,16.34000015258789,143238200,0.0,0
2012-12-18,114.34798431396484,0.054999999701976776,15.569999694824219,177762800,0.0,0
2012-12-19,113.4984130859375,0.04500000178813934,17.360000610351562,150895400,0.0,0
2012-12-20,114.15135192871094,0.05000000074505806,17.670000076293945,168487000,0.0,0
2012-12-21,113.11517333984375,0.05000000074505806,17.84000015258789,245883800,0.0,0
2012-12-24,112.7665786743164,0.05000000074505806,17.84000015258789,53874600,0.0,0
2012-12-26,112.29127502441406,0.054999999701976776,19.479999542236328,106947700,0.0,0
2012-12-27,112.14075469970703,0.07000000029802322,19.469999313354492,167920600,0.0,0
2012-12-28,110.92875671386719,0.009999999776482582,22.719999313354492,148806700,0.0,0
2012-12-31,112.8141098022461,0.03500000014901161,18.020000457763672,243935200,0.0,0
2013-01-02,115.7055435180664,0.054999999701976776,14.680000305175781,192059000,0.0,0
2013-01-03,115.44416809082031,0.06499999761581421,14.5600004196167,144761800,0.0,0
2013-01-04,115.95111846923828,0.06499999761581421,13.829999923706055,116817700,0.0,0
2013-01-07,115.6343002319336,0.057999998331069946,13.789999961853027,110002500,0.0,0
2013-01-08,115.30157470703125,0.05999999865889549,13.619999885559082,121265100,0.0,0
2013-01-09,115.59468841552734,0.054999999701976776,13.8100004196167,90745600,0.0,0
2013-01-10,116.5135498046875,0.054999999701976776,13.489999771118164,130735400,0.0,0
2013-01-11,116.50568389892578,0.06300000101327896,13.359999656677246,113917300,0.0,0
2013-01-14,116.42642211914062,0.05999999865889549,13.520000457763672,89567200,0.0,0
2013-01-15,116.50568389892578,0.07999999821186066,13.550000190734863,93172600,0.0,0
2013-01-16,116.48987579345703,0.07199999690055847,13.420000076293945,104849500,0.0,0
2013-01-17,117.24237060546875,0.07000000029802322,13.569999694824219,133833500,0.0,0
2013-01-18,117.50382232666016,0.07000000029802322,12.460000038146973,169906000,0.0,0
2013-01-22,118.13758087158203,0.05999999865889549,12.430000305175781,111797300,0.0,0
2013-01-23,118.32763671875,0.07000000029802322,12.460000038146973,104596100,0.0,0
2013-01-24,118.3593978881836,0.07500000298023224,12.6899995803833,146426400,0.0,0
2013-01-25,119.02479553222656,0.07000000029802322,12.890000343322754,147211600,0.0,0
2013-01-28,118.88224029541016,0.05999999865889549,13.569999694824219,113357700,0.0,0
2013-01-29,119.34962463378906,0.06300000101327896,13.3100004196167,105694400,0.0,0
2013-01-30,118.88224029541016,0.05999999865889549,14.319999694824219,137447700,0.0,0
2013-01-31,118.58908081054688,0.06499999761581421,14.279999732971191,108975800,0.0,0
2013-02-01,119.80902862548828,0.05999999865889549,12.899999618530273,131173000,0.0,0
2013-02-04,118.46234130859375,0.054999999701976776,14.670000076293945,159073600,0.0,0
2013-02-05,119.65857696533203,0.07000000029802322,13.720000267028809,113912400,0.0,0
2013-02-06,119.7457275390625,0.06499999761581421,13.40999984741211,138762800,0.0,0
2013-02-07,119.58724975585938,0.06499999761581421,13.5,162490000,0.0,0
2013-02-08,120.25270080566406,0.06499999761581421,13.020000457763672,103133700,0.0,0
2013-02-11,120.22889709472656,0.06499999761581421,12.9399995803833,73775000,0.0,0
2013-02-12,120.42693328857422,0.08299999684095383,12.640000343322754,65392700,0.0,0
2013-02-13,120.52994537353516,0.08500000089406967,12.979999542236328,82322600,0.0,0
2013-02-14,120.6408920288086,0.0949999988079071,12.65999984741211,80834300,0.0,0
2013-02-15,120.49825286865234,0.0949999988079071,12.460000038146973,215226500,0.0,0
2013-02-19,121.40135955810547,0.10000000149011612,12.3100004196167,95105400,0.0,0
2013-02-20,119.88827514648438,0.11500000208616257,14.680000305175781,160574800,0.0,0
2013-02-21,119.15947723388672,0.11999999731779099,15.220000267028809,183257000,0.0,0
2013-02-22,120.32393646240234,0.11999999731779099,14.170000076293945,106356600,0.0,0
2013-02-25,118.03456115722656,0.11500000208616257,18.989999771118164,245824800,0.0,0
2013-02-26,118.84258270263672,0.10999999940395355,16.8700008392334,186596200,0.0,0
2013-02-27,120.33977508544922,0.10000000149011612,14.729999542236328,150781900,0.0,0
2013-02-28,120.1021728515625,0.10000000149011612,15.510000228881836,126866000,0.0,0
2013-03-01,120.49825286865234,0.10000000149011612,15.359999656677246,170634800,0.0,0
2013-03-04,121.13992309570312,0.08500000089406967,14.010000228881836,99010200,0.0,0
2013-03-05,122.2252426147461,0.08500000089406967,13.479999542236328,121431900,0.0,0
2013-03-06,122.39153289794922,0.09200000017881393,13.529999732971191,94469900,0.0,0
2013-03-07,122.6133804321289,0.09000000357627869,13.0600004196167,86101400,0.0,0
2013-03-08,123.13618469238281,0.08699999749660492,12.59000015258789,123477800,0.0,0
2013-03-11,123.60355377197266,0.08699999749660492,11.5600004196167,83746800,0.0,0
2013-03-12,123.32633972167969,0.09200000017881393,12.270000457763672,105755800,0.0,0
2013-03-13,123.50061798095703,0.08500000089406967,11.829999923706055,92550900,0.0,0
2013-03-14,124.15812683105469,0.09000000357627869,11.300000190734863,126329900,0.0,0
2013-03-15,123.99420166015625,0.08299999684095383,11.300000190734863,138601100,0.0,0
2013-03-18,123.30990600585938,0.07199999690055847,13.359999656677246,126704300,0.0,0
2013-03-19,123.0234375,0.07000000029802322,14.390000343322754,167567300,0.0,0
2013-03-20,123.88275146484375,0.06300000101327896,12.670000076293945,113759300,0.0,0
2013-03-21,122.8245620727539,0.05999999865889549,13.989999771118164,128605000,0.0,0
2013-03-22,123.81118774414062,0.06499999761581421,13.569999694824219,111163600,0.0,0
2013-03-25,123.29401397705078,0.057999998331069946,13.739999771118164,151322300,0.0,0
2013-03-26,124.28060150146484,0.07199999690055847,12.770000457763672,86856600,0.0,0
2013-03-27,124.28060150146484,0.07999999821186066,13.149999618530273,99950600,0.0,0
2013-03-28,124.6625747680664,0.06499999761581421,12.699999809265137,102932800,0.0,0
2013-04-01,124.16926574707031,0.06499999761581421,13.579999923706055,99194100,0.0,0
2013-04-02,124.78194427490234,0.06800000369548798,12.779999732971191,101504300,0.0,0
2013-04-03,123.51671600341797,0.054999999701976776,14.210000038146973,154167400,0.0,0
2013-04-04,124.01805877685547,0.06499999761581421,13.890000343322754,131885000,0.0,0
2013-04-05,123.46109008789062,0.05999999865889549,13.920000076293945,159666000,0.0,0
2013-04-08,124.2965316772461,0.054999999701976776,13.1899995803833,86571200,0.0,0
2013-04-09,124.72618865966797,0.06300000101327896,12.84000015258789,101922200,0.0,0
2013-04-10,126.2540512084961,0.06499999761581421,12.359999656677246,135711100,0.0,0
2013-04-11,126.66773223876953,0.06300000101327896,12.239999771118164,110142500,0.0,0
2013-04-12,126.35741424560547,0.054999999701976776,12.0600004196167,116359900,0.0,0
2013-04-15,123.42928314208984,0.054999999701976776,17.270000457763672,217259000,0.0,0
2013-04-16,125.25141143798828,0.052000001072883606,13.960000038146973,147507800,0.0,0
2013-04-17,123.42123413085938,0.05000000074505806,16.510000228881836,226834800,0.0,0
2013-04-18,122.64949035644531,0.05000000074505806,17.559999465942383,167583200,0.0,0
2013-04-19,123.71566772460938,0.04500000178813934,14.970000267028809,149687600,0.0,0
2013-04-22,124.2647476196289,0.04500000178813934,14.390000343322754,106553500,0.0,0
2013-04-23,125.54576873779297,0.04500000178813934,13.479999542236328,166141300,0.0,0
2013-04-24,125.62542724609375,0.04800000041723251,13.609999656677246,96781200,0.0,0
2013-04-25,126.13465881347656,0.05000000074505806,13.619999885559082,131060600,0.0,0
2013-04-26,125.91183471679688,0.04500000178813934,13.609999656677246,95918800,0.0,0
2013-04-29,126.7552719116211,0.04500000178813934,13.710000038146973,88572800,0.0,0
2013-04-30,127.05760955810547,0.04500000178813934,13.520000457763672,116010700,0.0,0
2013-05-01,125.94367980957031,0.05000000074505806,14.489999771118164,138874200,0.0,0
2013-05-02,127.11334228515625,0.05000000074505806,13.59000015258789,96407600,0.0,0
2013-05-03,128.40232849121094,0.04500000178813934,12.850000381469727,144202300,0.0,0
2013-05-06,128.72857666015625,0.029999999329447746,12.65999984741211,66882100,0.0,0
2013-05-07,129.38111877441406,0.03500000014901161,12.829999923706055,90359200,0.0,0
2013-05-08,129.96990966796875,0.03500000014901161,12.65999984741211,97419200,0.0,0
2013-05-09,129.60386657714844,0.03500000014901161,13.130000114440918,106738600,0.0,0
2013-05-10,130.02566528320312,0.03500000014901161,12.59000015258789,103203000,0.0,0
2013-05-13,130.1290740966797,0.03500000014901161,12.550000190734863,81843200,0.0,0
2013-05-14,131.4737548828125,0.03999999910593033,12.770000457763672,119000900,0.0,0
2013-05-15,132.1820068359375,0.03700000047683716,12.8100004196167,120718500,0.0,0
2013-05-16,131.56137084960938,0.02500000037252903,13.069999694824219,109913600,0.0,0
2013-05-17,132.8343963623047,0.029999999329447746,12.449999809265137,129801000,0.0,0
2013-05-20,132.82652282714844,0.03500000014901161,13.020000457763672,85071200,0.0,0
2013-05-21,133.01742553710938,0.03999999910593033,13.369999885559082,95804200,0.0,0
2013-05-22,132.03079223632812,0.03500000014901161,13.819999694824219,244031800,0.0,0
2013-05-23,131.6488800048828,0.03999999910593033,14.069999694824219,211064400,0.0,0
2013-05-24,131.5374298095703,0.03700000047683716,13.989999771118164,151573900,0.0,0
2013-05-28,132.32522583007812,0.03500000014901161,14.479999542236328,143679800,0.0,0
2013-05-29,131.46580505371094,0.03999999910593033,14.829999923706055,160363400,0.0,0
2013-05-30,131.95123291015625,0.02500000037252903,14.529999732971191,107793800,0.0,0
2013-05-31,130.05738830566406,0.029999999329447746,16.299999237060547,176850100,0.0,0
2013-06-03,130.77359008789062,0.029999999329447746,16.280000686645508,168390700,0.0,0
2013-06-04,130.14498901367188,0.03999999910593033,16.270000457763672,157631500,0.0,0
2013-06-05,128.3228302001953,0.04500000178813934,17.5,211737800,0.0,0
2013-06-06,129.48458862304688,0.04500000178813934,16.6299991607666,200225500,0.0,0
2013-06-07,131.13162231445312,0.03999999910593033,15.140000343322754,188337800,0.0,0
2013-06-10,131.13162231445312,0.03999999910593033,15.4399995803833,105667100,0.0,0
2013-06-11,129.7789764404297,0.04500000178813934,17.06999969482422,159505400,0.0,0
2013-06-12,128.7047882080078,0.03999999910593033,18.59000015258789,177361500,0.0,0
2013-06-13,130.6622314453125,0.0430000014603138,16.40999984741211,163587800,0.0,0
2013-06-14,129.8425750732422,0.03999999910593033,17.149999618530273,141197500,0.0,0
2013-06-17,130.84519958496094,0.03999999910593033,16.799999237060547,136295600,0.0,0
2013-06-18,131.87962341308594,0.04500000178813934,16.610000610351562,114695600,0.0,0
2013-06-19,130.05738830566406,0.03999999910593033,16.639999389648438,206149500,0.0,0
2013-06-20,126.83487701416016,0.03999999910593033,20.489999771118164,321255900,0.0,0
2013-06-21,127.24201202392578,0.03999999910593033,18.899999618530273,271956800,0.0,0
2013-06-24,125.63420104980469,0.03999999910593033,20.110000610351562,222329000,0.0,0
2013-06-25,126.84203338623047,0.057999998331069946,18.469999313354492,162262200,0.0,0
2013-06-26,128.09796142578125,0.054999999701976776,17.209999084472656,134848000,0.0,0
2013-06-27,128.84986877441406,0.04500000178813934,16.860000610351562,129483700,0.0,0
2013-06-28,128.32186889648438,0.029999999329447746,16.860000610351562,160402900,0.0,0
2013-07-01,129.0738067626953,0.009999999776482582,16.3700008392334,131954800,0.0,0
2013-07-02,128.95382690429688,0.03500000014901161,16.440000534057617,154863700,0.0,0
2013-07-03,129.00985717773438,0.03500000014901161,16.200000762939453,75216400,0.0,0
2013-07-05,130.4017333984375,0.03500000014901161,14.890000343322754,122416900,0.0,0
2013-07-08,131.1455841064453,0.03500000014901161,14.779999732971191,108092500,0.0,0
2013-07-09,132.08949279785156,0.03500000014901161,14.350000381469727,119298000,0.0,0
2013-07-10,132.13748168945312,0.029999999329447746,14.210000038146973,121410100,0.0,0
2013-07-11,133.9373321533203,0.029999999329447746,14.010000228881836,135592200,0.0,0
2013-07-12,133.9932403564453,0.029999999329447746,13.84000015258789,104212700,0.0,0
2013-07-15,134.5052032470703,0.019999999552965164,13.789999961853027,69450600,0.0,0
2013-07-16,134.0012664794922,0.03500000014901161,14.420000076293945,88702100,0.0,0
2013-07-17,134.34521484375,0.02500000037252903,13.779999732971191,92873900,0.0,0
2013-07-18,135.0811309814453,0.02199999988079071,13.770000457763672,103620100,0.0,0
2013-07-19,135.3211212158203,0.019999999552965164,12.539999961853027,103831700,0.0,0
2013-07-22,135.58511352539062,0.004999999888241291,12.289999961853027,79428600,0.0,0
2013-07-23,135.297119140625,0.019999999552965164,12.65999984741211,80829700,0.0,0
2013-07-24,134.80116271972656,0.019999999552965164,13.180000305175781,112914000,0.0,0
2013-07-25,135.129150390625,0.014999999664723873,12.970000267028809,111088600,0.0,0
2013-07-26,135.27316284179688,0.014999999664723873,12.720000267028809,107814600,0.0,0
2013-07-29,134.85714721679688,0.019999999552965164,13.390000343322754,79695000,0.0,0
2013-07-30,134.85714721679688,0.029999999329447746,13.390000343322754,85209600,0.0,0
2013-07-31,134.95321655273438,0.029999999329447746,13.449999809265137,142388700,0.0,0
2013-08-01,136.51300048828125,0.03500000014901161,12.9399995803833,110438400,0.0,0
2013-08-02,136.74496459960938,0.029999999329447746,11.979999542236328,91116700,0.0,0
2013-08-05,136.54493713378906,0.03500000014901161,11.84000015258789,54072700,0.0,0
2013-08-06,135.76910400390625,0.03999999910593033,12.720000267028809,87495000,0.0,0
2013-08-07,135.32916259765625,0.03999999910593033,12.979999542236328,84854700,0.0,0
2013-08-08,135.8250732421875,0.04500000178813934,12.729999542236328,102181300,0.0,0
2013-08-09,135.4331512451172,0.04800000041723251,13.40999984741211,91757700,0.0,0
2013-08-12,135.27316284179688,0.04800000041723251,12.8100004196167,68593300,0.0,0
2013-08-13,135.67312622070312,0.052000001072883606,12.3100004196167,80806000,0.0,0
2013-08-14,134.97714233398438,0.05000000074505806,13.039999961853027,79829200,0.0,0
2013-08-15,133.08934020996094,0.04500000178813934,14.729999542236328,152931800,0.0,0
2013-08-16,132.64939880371094,0.03999999910593033,14.369999885559082,130868200,0.0,0
2013-08-19,131.80149841308594,0.03999999910593033,15.100000381469727,96437600,0.0,0
2013-08-20,132.4493865966797,0.04500000178813934,14.90999984741211,89294400,0.0,0
2013-08-21,131.63352966308594,0.032999999821186066,15.9399995803833,159530500,0.0,0
2013-08-22,132.83338928222656,0.019999999552965164,14.760000228881836,101471400,0.0,0
2013-08-23,133.28135681152344,0.02199999988079071,13.979999542236328,90888900,0.0,0
2013-08-26,132.78538513183594,0.013000000268220901,14.989999771118164,89702100,0.0,0
2013-08-27,130.64962768554688,0.032999999821186066,16.770000457763672,158619400,0.0,0
2013-08-28,131.113525390625,0.029999999329447746,16.489999771118164,108113000,0.0,0
2013-08-29,131.32154846191406,0.019999999552965164,16.809999465942383,119200500,0.0,0
2013-08-30,130.90562438964844,0.019999999552965164,17.010000228881836,134928900,0.0,0
2013-09-03,131.4975128173828,0.014999999664723873,16.610000610351562,142375100,0.0,0
2013-09-04,132.58543395996094,0.014999999664723873,15.880000114440918,97389400,0.0,0
2013-09-05,132.7533721923828,0.014999999664723873,15.770000457763672,63090500,0.0,0
2013-09-06,132.81735229492188,0.014999999664723873,15.850000381469727,159756500,0.0,0
2013-09-09,134.0892791748047,0.009999999776482582,15.630000114440918,87559300,0.0,0
2013-09-10,135.0811309814453,0.014999999664723873,14.529999732971191,105847200,0.0,0
2013-09-11,135.505126953125,0.014999999664723873,13.819999694824219,94545900,0.0,0
2013-09-12,135.14511108398438,0.009999999776482582,14.289999961853027,83209000,0.0,0
2013-09-13,135.4490966796875,0.009999999776482582,14.15999984741211,72727800,0.0,0
2013-09-16,136.23301696777344,0.003000000026077032,14.380000114440918,106299200,0.0,0
2013-09-17,136.84095764160156,0.004999999888241291,14.529999732971191,82523300,0.0,0
2013-09-18,138.42481994628906,0.004999999888241291,13.59000015258789,203460600,0.0,0
2013-09-19,138.1927947998047,0.004999999888241291,13.15999984741211,146616900,0.0,0
2013-09-20,137.2266387939453,0.004999999888241291,13.119999885559082,132867100,0.0,0
2013-09-23,136.59165954589844,0.004999999888241291,14.3100004196167,104616500,0.0,0
2013-09-24,136.27012634277344,0.014999999664723873,14.079999923706055,106333100,0.0,0
2013-09-25,135.876220703125,0.014999999664723873,14.010000228881836,117306500,0.0,0
2013-09-26,136.39871215820312,0.003000000026077032,14.0600004196167,77146900,0.0,0
2013-09-27,135.77171325683594,0.004999999888241291,15.460000038146973,99141800,0.0,0
2013-09-30,135.0482635498047,0.004999999888241291,16.600000381469727,143937000,0.0,0
2013-10-01,136.11737060546875,0.013000000268220901,15.539999961853027,127160000,0.0,0
2013-10-02,135.98875427246094,0.009999999776482582,16.600000381469727,113350000,0.0,0
2013-10-03,134.7348175048828,0.019999999552965164,17.670000076293945,176698000,0.0,0
2013-10-04,135.75567626953125,0.017999999225139618,16.739999771118164,96878000,0.0,0
2013-10-07,134.58204650878906,0.017999999225139618,19.40999984741211,96295000,0.0,0
2013-10-08,133.0146484375,0.04500000178813934,20.34000015258789,178015000,0.0,0
2013-10-09,133.11109924316406,0.03700000047683716,19.600000381469727,168973000,0.0,0
2013-10-10,135.98068237304688,0.03999999910593033,16.479999542236328,195955000,0.0,0
2013-10-11,136.8568878173828,0.06300000101327896,15.720000267028809,105040000,0.0,0
2013-10-14,137.4035186767578,0.057999998331069946,16.06999969482422,112106000,0.0,0
2013-10-15,136.40672302246094,0.09200000017881393,18.65999984741211,155485000,0.0,0
2013-10-16,138.31178283691406,0.09200000017881393,14.710000038146973,161676000,0.0,0
2013-10-17,139.23611450195312,0.03700000047683716,13.479999542236328,129389000,0.0,0
2013-10-18,140.1765899658203,0.02500000037252903,13.039999961853027,138316000,0.0,0
2013-10-21,140.18466186523438,0.02500000037252903,13.15999984741211,104104000,0.0,0
2013-10-22,140.99652099609375,0.032999999821186066,13.329999923706055,126663000,0.0,0
2013-10-23,140.3212890625,0.029999999329447746,13.420000076293945,105484000,0.0,0
2013-10-24,140.78753662109375,0.029999999329447746,13.199999809265137,70350000,0.0,0
2013-10-25,141.4305877685547,0.029999999329447746,13.09000015258789,93625000,0.0,0
2013-10-28,141.65562438964844,0.019999999552965164,13.3100004196167,84979000,0.0,0
2013-10-29,142.41123962402344,0.03999999910593033,13.40999984741211,87401000,0.0,0
2013-10-30,141.70382690429688,0.03500000014901161,13.649999618530273,140002000,0.0,0
2013-10-31,141.30194091796875,0.032999999821186066,13.75,133795000,0.0,0
2013-11-01,141.6395721435547,0.032999999821186066,13.279999732971191,142805000,0.0,0
2013-11-04,142.1378936767578,0.032999999821186066,12.930000305175781,85677000,0.0,0
2013-11-05,141.687744140625,0.04500000178813934,13.270000457763672,85825000,0.0,0
2013-11-06,142.41123962402344,0.04500000178813934,12.670000076293945,87348000,0.0,0
2013-11-07,140.61068725585938,0.04800000041723251,13.90999984741211,157000000,0.0,0
2013-11-08,142.50762939453125,0.052000001072883606,12.899999618530273,136713000,0.0,0
2013-11-11,142.53176879882812,0.052000001072883606,12.529999732971191,62614000,0.0,0
2013-11-12,142.24244689941406,0.057999998331069946,12.819999694824219,83990000,0.0,0
2013-11-13,143.38381958007812,0.07000000029802322,12.520000457763672,103844000,0.0,0
2013-11-14,144.09921264648438,0.06800000369548798,12.369999885559082,103435000,0.0,0
2013-11-15,144.72613525390625,0.07000000029802322,12.1899995803833,102818000,0.0,0
2013-11-18,144.21975708007812,0.06499999761581421,13.100000381469727,104796000,0.0,0
2013-11-19,143.9062957763672,0.07999999821186066,13.390000343322754,93891000,0.0,0
2013-11-20,143.4561767578125,0.07699999958276749,13.399999618530273,124909000,0.0,0
2013-11-21,144.6136932373047,0.07000000029802322,12.65999984741211,92841000,0.0,0
2013-11-22,145.3370819091797,0.06499999761581421,12.260000228881836,81296000,0.0,0
2013-11-25,145.1923828125,0.05999999865889549,12.789999961853027,79486000,0.0,0
2013-11-26,145.23255920410156,0.06800000369548798,12.8100004196167,86994000,0.0,0
2013-11-27,145.5863037109375,0.06300000101327896,12.979999542236328,58800000,0.0,0
2013-11-29,145.48977661132812,0.054999999701976776,13.699999809265137,55870900,0.0,0
2013-12-02,145.112060546875,0.05000000074505806,14.229999542236328,99726000,0.0,0
2013-12-03,144.4850311279297,0.03500000014901161,14.550000190734863,116563000,0.0,0
2013-12-04,144.46896362304688,0.052000001072883606,14.699999809265137,123033000,0.0,0
2013-12-05,143.83395385742188,0.04800000041723251,15.079999923706055,106934000,0.0,0
2013-12-06,145.44155883789062,0.052000001072883606,13.789999961853027,127728000,0.0,0
2013-12-09,145.8113555908203,0.052000001072883606,13.489999771118164,70124000,0.0,0
2013-12-10,145.288818359375,0.07000000029802322,13.90999984741211,80976000,0.0,0
2013-12-11,143.6571044921875,0.06800000369548798,15.420000076293945,130591000,0.0,0
2013-12-12,143.182861328125,0.06300000101327896,15.539999961853027,115565000,0.0,0
2013-12-13,143.16680908203125,0.05999999865889549,15.760000228881836,107808000,0.0,0
2013-12-16,144.0590057373047,0.057999998331069946,16.030000686645508,96195000,0.0,0
2013-12-17,143.60086059570312,0.06300000101327896,16.209999084472656,89886000,0.0,0
2013-12-18,146.052490234375,0.05999999865889549,13.800000190734863,234906000,0.0,0
2013-12-19,145.88365173339844,0.057999998331069946,14.149999618530273,136531200,0.0,0
2013-12-20,146.73228454589844,0.054999999701976776,13.789999961853027,197087000,0.0,0
2013-12-23,147.51622009277344,0.057999998331069946,13.039999961853027,85598000,0.0,0
2013-12-24,147.83941650390625,0.06800000369548798,12.479999542236328,45368800,0.0,0
2013-12-26,148.5909881591797,0.05999999865889549,12.329999923706055,63365000,0.0,0
2013-12-27,148.5830078125,0.057999998331069946,12.460000038146973,61814000,0.0,0
2013-12-30,148.558837890625,0.054999999701976776,13.5600004196167,56857000,0.0,0
2013-12-31,149.26185607910156,0.06300000101327896,13.720000267028809,86119900,0.0,0
2014-01-02,147.83140563964844,0.057999998331069946,14.229999542236328,119636900,0.0,0
2014-01-03,147.80714416503906,0.057999998331069946,13.760000228881836,81390600,0.0,0
2014-01-06,147.37884521484375,0.04500000178813934,13.550000190734863,108028200,0.0,0
2014-01-07,148.2839813232422,0.0430000014603138,12.920000076293945,86144200,0.0,0
2014-01-08,148.3162841796875,0.03999999910593033,12.869999885559082,96582300,0.0,0
2014-01-09,148.41322326660156,0.032999999821186066,12.890000343322754,90683400,0.0,0
2014-01-10,148.81739807128906,0.032999999821186066,12.140000343322754,102026400,0.0,0
2014-01-13,146.83734130859375,0.029999999329447746,13.279999732971191,149892000,0.0,0
2014-01-14,148.43751525878906,0.032999999821186066,12.279999732971191,105016100,0.0,0
2014-01-15,149.2376251220703,0.03500000014901161,12.279999732971191,98525800,0.0,0
2014-01-16,149.0436248779297,0.029999999329447746,12.529999732971191,72290600,0.0,0
2014-01-17,148.41322326660156,0.029999999329447746,12.4399995803833,107848700,0.0,0
2014-01-21,148.84963989257812,0.02800000086426735,12.869999885559082,88621200,0.0,0
2014-01-22,148.94667053222656,0.029999999329447746,12.84000015258789,61270900,0.0,0
2014-01-23,147.726318359375,0.029999999329447746,13.770000457763672,132496900,0.0,0
2014-01-24,144.5744171142578,0.032999999821186066,18.139999389648438,208677100,0.0,0
2014-01-27,143.8632354736328,0.04800000041723251,17.420000076293945,180843100,0.0,0
2014-01-28,144.71987915039062,0.04500000178813934,15.800000190734863,110463200,0.0,0
2014-01-29,143.32986450195312,0.03999999910593033,17.350000381469727,216597300,0.0,0
2014-01-30,144.84921264648438,0.014999999664723873,17.290000915527344,118938100,0.0,0
2014-01-31,144.00064086914062,0.009999999776482582,18.40999984741211,194677900,0.0,0
2014-02-03,140.75985717773438,0.019999999552965164,21.440000534057617,254837100,0.0,0
2014-02-04,141.74581909179688,0.054999999701976776,19.110000610351562,165012400,0.0,0
2014-02-05,141.56800842285156,0.054999999701976776,19.950000762939453,164230500,0.0,0
2014-02-06,143.43492126464844,0.05999999865889549,17.229999542236328,132877600,0.0,0
2014-02-07,145.21286010742188,0.07199999690055847,15.289999961853027,170787200,0.0,0
2014-02-10,145.47964477539062,0.054999999701976776,15.260000228881836,92218800,0.0,0
2014-02-11,147.07168579101562,0.04500000178813934,14.510000228881836,117814100,0.0,0
2014-02-12,147.1444549560547,0.0430000014603138,14.300000190734863,94717700,0.0,0
2014-02-13,147.90408325195312,0.02500000037252903,14.140000343322754,100542200,0.0,0
2014-02-14,148.72035217285156,0.009999999776482582,13.569999694824219,96498400,0.0,0
2014-02-18,148.89817810058594,0.014999999664723873,13.869999885559082,80460900,0.0,0
2014-02-19,147.91224670410156,0.04500000178813934,15.5,126524300,0.0,0
2014-02-20,148.7850341796875,0.03999999910593033,14.789999961853027,104998100,0.0,0
2014-02-21,148.61529541015625,0.03500000014901161,14.680000305175781,118116400,0.0,0
2014-02-24,149.43966674804688,0.032999999821186066,14.229999542236328,114063900,0.0,0
2014-02-25,149.38307189941406,0.03999999910593033,13.670000076293945,117085000,0.0,0
2014-02-26,149.39112854003906,0.03999999910593033,14.350000381469727,98677200,0.0,0
2014-02-27,150.17507934570312,0.03500000014901161,14.039999961853027,93880800,0.0,0
2014-02-28,150.55494689941406,0.0430000014603138,14.0,150842000,0.0,0
2014-03-03,149.49623107910156,0.0430000014603138,16.0,167748500,0.0,0
2014-03-04,151.59747314453125,0.04800000041723251,14.100000381469727,167545900,0.0,0
2014-03-05,151.73486328125,0.05000000074505806,13.890000343322754,88376900,0.0,0
2014-03-06,152.08241271972656,0.04500000178813934,14.210000038146973,82516500,0.0,0
2014-03-07,152.1470489501953,0.04500000178813934,14.109999656677246,114513500,0.0,0
2014-03-10,152.06617736816406,0.03999999910593033,14.199999809265137,74939200,0.0,0
2014-03-11,151.3146209716797,0.04500000178813934,14.800000190734863,99009100,0.0,0
2014-03-12,151.3551025390625,0.03999999910593033,14.470000267028809,104824400,0.0,0
2014-03-13,149.6578826904297,0.03999999910593033,16.219999313354492,155014300,0.0,0
2014-03-14,149.2376251220703,0.03999999910593033,17.81999969482422,153919600,0.0,0
2014-03-17,150.5873260498047,0.0430000014603138,15.640000343322754,98359500,0.0,0
2014-03-18,151.66212463378906,0.05000000074505806,14.520000457763672,101804600,0.0,0
2014-03-19,150.85394287109375,0.05000000074505806,15.119999885559082,176267300,0.0,0
2014-03-20,151.73486328125,0.052000001072883606,14.520000457763672,117241000,0.0,0
2014-03-21,151.1463623046875,0.04500000178813934,15.0,163128000,0.0,0
2014-03-24,150.52125549316406,0.0430000014603138,15.09000015258789,121411000,0.0,0
2014-03-25,151.2356414794922,0.04500000178813934,14.020000457763672,103852000,0.0,0
2014-03-26,150.14793395996094,0.03700000047683716,14.930000305175781,119843000,0.0,0
2014-03-27,149.8313751220703,0.032999999821186066,14.619999885559082,142383000,0.0,0
2014-03-28,150.5700225830078,0.032999999821186066,14.40999984741211,101642000,0.0,0
2014-03-31,151.80381774902344,0.02800000086426735,13.880000114440918,99745000,0.0,0
2014-04-01,152.81044006347656,0.029999999329447746,13.100000381469727,89193000,0.0,0
2014-04-02,153.32180786132812,0.017999999225139618,13.09000015258789,78774000,0.0,0
2014-04-03,153.118896484375,0.014999999664723873,13.369999885559082,77435000,0.0,0
2014-04-04,151.3086700439453,0.019999999552965164,13.960000038146973,169381000,0.0,0
2014-04-07,149.63648986816406,0.019999999552965164,15.569999694824219,140803000,0.0,0
2014-04-08,150.2534942626953,0.02500000037252903,14.890000343322754,112660000,0.0,0
2014-04-09,151.8688201904297,0.02800000086426735,13.819999694824219,100254000,0.0,0
2014-04-10,148.6786346435547,0.02800000086426735,15.890000343322754,172959000,0.0,0
2014-04-11,147.33929443359375,0.029999999329447746,17.030000686645508,167251000,0.0,0
2014-04-14,148.5000457763672,0.029999999329447746,16.110000610351562,132382000,0.0,0
2014-04-15,149.52285766601562,0.029999999329447746,15.609999656677246,157093000,0.0,0
2014-04-16,151.08953857421875,0.02500000037252903,14.180000305175781,105197000,0.0,0
2014-04-17,151.30056762695312,0.02500000037252903,13.359999656677246,105255000,0.0,0
2014-04-21,151.82821655273438,0.02500000037252903,13.25,68329000,0.0,0
2014-04-22,152.51817321777344,0.02500000037252903,13.1899995803833,85790000,0.0,0
2014-04-23,152.16102600097656,0.014999999664723873,13.270000457763672,73869000,0.0,0
2014-04-24,152.46957397460938,0.007000000216066837,13.319999694824219,88170000,0.0,0
2014-04-25,151.2194061279297,0.007000000216066837,14.0600004196167,100380000,0.0,0
2014-04-28,151.69833374023438,0.003000000026077032,13.970000267028809,135121000,0.0,0
2014-04-29,152.40455627441406,0.014999999664723873,13.710000038146973,84098000,0.0,0
2014-04-30,152.859130859375,0.019999999552965164,13.40999984741211,101508000,0.0,0
2014-05-01,152.8753662109375,0.017999999225139618,13.25,93019000,0.0,0
2014-05-02,152.65615844726562,0.014999999664723873,12.90999984741211,98122000,0.0,0
2014-05-05,152.94842529296875,0.014999999664723873,13.289999961853027,75883000,0.0,0
2014-05-06,151.61717224121094,0.019999999552965164,13.800000190734863,85454000,0.0,0
2014-05-07,152.51011657714844,0.019999999552965164,13.399999618530273,106500000,0.0,0
2014-05-08,152.34767150878906,0.02199999988079071,13.430000305175781,93618000,0.0,0
2014-05-09,152.57508850097656,0.02199999988079071,12.920000076293945,83679000,0.0,0
2014-05-12,154.06056213378906,0.019999999552965164,12.229999542236328,86940000,0.0,0
2014-05-13,154.19851684570312,0.019999999552965164,12.130000114440918,66454000,0.0,0
2014-05-14,153.46786499023438,0.019999999552965164,12.170000076293945,72367000,0.0,0
2014-05-15,152.12039184570312,0.017999999225139618,13.170000076293945,154956000,0.0,0
2014-05-16,152.64810180664062,0.014999999664723873,12.4399995803833,97458000,0.0,0
2014-05-19,153.20819091796875,0.017999999225139618,12.420000076293945,63839000,0.0,0
2014-05-20,152.24215698242188,0.02500000037252903,12.960000038146973,111644000,0.0,0
2014-05-21,153.52474975585938,0.02500000037252903,11.90999984741211,89093000,0.0,0
2014-05-22,153.89813232421875,0.02800000086426735,12.029999732971191,61549000,0.0,0
2014-05-23,154.51507568359375,0.02800000086426735,11.359999656677246,61092800,0.0,0
2014-05-27,155.46481323242188,0.02800000086426735,11.510000228881836,72010000,0.0,0
2014-05-28,155.3511962890625,0.02800000086426735,11.680000305175781,66723000,0.0,0
2014-05-29,156.15478515625,0.029999999329447746,11.569999694824219,64377000,0.0,0
2014-05-30,156.40643310546875,0.029999999329447746,11.399999618530273,76316000,0.0,0
2014-06-02,156.58505249023438,0.02500000037252903,11.579999923706055,64656000,0.0,0
2014-06-03,156.5037841796875,0.029999999329447746,11.869999885559082,65047000,0.0,0
2014-06-04,156.82040405273438,0.029999999329447746,12.079999923706055,55529000,0.0,0
2014-06-05,157.84323120117188,0.029999999329447746,11.680000305175781,92103000,0.0,0
2014-06-06,158.59812927246094,0.02800000086426735,10.729999542236328,78696000,0.0,0
2014-06-09,158.76046752929688,0.029999999329447746,11.149999618530273,65119000,0.0,0
2014-06-10,158.7766876220703,0.03500000014901161,10.989999771118164,57129000,0.0,0
2014-06-11,158.2247314453125,0.032999999821186066,11.600000381469727,68772000,0.0,0
2014-06-12,157.10450744628906,0.032999999821186066,12.5600004196167,106350000,0.0,0
2014-06-13,157.58349609375,0.029999999329447746,12.180000305175781,82017000,0.0,0
2014-06-16,157.71334838867188,0.02500000037252903,12.649999618530273,87424000,0.0,0
2014-06-17,158.15167236328125,0.032999999821186066,12.0600004196167,84834000,0.0,0
2014-06-18,159.31243896484375,0.017999999225139618,10.609999656677246,105267000,0.0,0
2014-06-19,159.49107360839844,0.009999999776482582,10.619999885559082,85929000,0.0,0
2014-06-20,159.81478881835938,0.009999999776482582,10.850000381469727,100587000,0.0,0
2014-06-23,159.7659454345703,0.004999999888241291,10.979999542236328,70611000,0.0,0
2014-06-24,158.803466796875,0.02199999988079071,12.130000114440918,96237000,0.0,0
2014-06-25,159.521240234375,0.019999999552965164,11.59000015258789,82782000,0.0,0
2014-06-26,159.40704345703125,0.02500000037252903,11.630000114440918,84312000,0.0,0
2014-06-27,159.7169952392578,0.017999999225139618,11.260000228881836,71445100,0.0,0
2014-06-30,159.6353759765625,0.019999999552965164,11.569999694824219,70201200,0.0,0
2014-07-01,160.70388793945312,0.02500000037252903,11.149999618530273,90470000,0.0,0
2014-07-02,160.86700439453125,0.007000000216066837,10.819999694824219,52475000,0.0,0
2014-07-03,161.65818786621094,0.003000000026077032,10.319999694824219,52938800,0.0,0
2014-07-07,161.095458984375,0.007000000216066837,11.329999923706055,61696000,0.0,0
2014-07-08,160.0595245361328,0.02500000037252903,11.979999542236328,108143000,0.0,0
2014-07-09,160.77734375,0.014999999664723873,11.649999618530273,72992000,0.0,0
2014-07-10,160.14109802246094,0.014999999664723873,12.59000015258789,99040000,0.0,0
2014-07-11,160.36134338378906,0.014999999664723873,12.079999923706055,64243000,0.0,0
2014-07-14,161.1688232421875,0.014999999664723873,11.819999694824219,58658000,0.0,0
2014-07-15,160.86700439453125,0.019999999552965164,11.960000038146973,111307000,0.0,0
2014-07-16,161.46243286132812,0.017999999225139618,11.0,79986400,0.0,0
2014-07-17,159.62728881835938,0.007000000216066837,14.539999961853027,145398000,0.0,0
2014-07-18,161.2585906982422,0.009999999776482582,12.0600004196167,124330000,0.0,0
2014-07-21,160.95675659179688,0.013000000268220901,12.8100004196167,67592000,0.0,0
2014-07-22,161.65818786621094,0.019999999552965164,12.239999771118164,67678000,0.0,0
2014-07-23,162.0170440673828,0.019999999552965164,11.520000457763672,65612000,0.0,0
2014-07-24,162.02516174316406,0.019999999552965164,11.84000015258789,56888000,0.0,0
2014-07-25,161.2666778564453,0.019999999552965164,12.6899995803833,76837000,0.0,0
2014-07-28,161.3319549560547,0.02500000037252903,12.5600004196167,69259000,0.0,0
2014-07-29,160.63865661621094,0.02800000086426735,13.279999732971191,80466000,0.0,0
2014-07-30,160.66311645507812,0.02800000086426735,13.329999923706055,104222000,0.0,0
2014-07-31,157.4902801513672,0.017999999225139618,16.950000762939453,183479000,0.0,0
2014-08-01,157.00906372070312,0.017999999225139618,17.030000686645508,189261000,0.0,0
2014-08-04,158.14279174804688,0.014999999664723873,15.119999885559082,91340000,0.0,0
2014-08-05,156.60946655273438,0.02500000037252903,16.8700008392334,152690000,0.0,0
2014-08-06,156.6583709716797,0.019999999552965164,16.3700008392334,94818000,0.0,0
2014-08-07,155.8101043701172,0.019999999552965164,16.65999984741211,135733000,0.0,0
2014-08-08,157.61264038085938,0.019999999552965164,15.770000457763672,117014000,0.0,0
2014-08-11,158.0693817138672,0.02500000037252903,14.229999542236328,74544000,0.0,0
2014-08-12,157.84915161132812,0.02500000037252903,14.130000114440918,73632000,0.0,0
2014-08-13,158.91769409179688,0.029999999329447746,12.899999618530273,69047000,0.0,0
2014-08-14,159.66806030273438,0.02800000086426735,12.420000076293945,57371000,0.0,0
2014-08-15,159.6353759765625,0.02199999988079071,13.149999618530273,139951000,0.0,0
2014-08-18,160.9730224609375,0.02199999988079071,12.319999694824219,75424000,0.0,0
2014-08-19,161.81317138671875,0.02500000037252903,12.210000038146973,59135000,0.0,0
2014-08-20,162.24545288085938,0.02500000037252903,11.779999732971191,72763000,0.0,0
2014-08-21,162.71847534179688,0.014999999664723873,11.760000228881836,67791000,0.0,0
2014-08-22,162.4656524658203,0.014999999664723873,11.470000267028809,76107000,0.0,0
2014-08-25,163.28952026367188,0.014999999664723873,11.699999809265137,63855000,0.0,0
2014-08-26,163.39547729492188,0.02500000037252903,11.630000114440918,47298000,0.0,0
2014-08-27,163.3302459716797,0.02500000037252903,11.779999732971191,47874000,0.0,0
2014-08-28,163.24044799804688,0.02199999988079071,12.050000190734863,58330000,0.0,0
2014-08-29,163.7053985595703,0.017999999225139618,12.09000015258789,65907000,0.0,0
2014-09-02,163.62387084960938,0.019999999552965164,12.25,72426000,0.0,0
2014-09-03,163.53411865234375,0.019999999552965164,12.359999656677246,57462000,0.0,0
2014-09-04,163.297607421875,0.019999999552965164,12.640000343322754,85236000,0.0,0
2014-09-05,164.03167724609375,0.019999999552965164,12.09000015258789,102177000,0.0,0
2014-09-08,163.6075439453125,0.019999999552965164,12.65999984741211,64146000,0.0,0
2014-09-09,162.57174682617188,0.014999999664723873,13.5,88591000,0.0,0
2014-09-10,163.1833953857422,0.014999999664723873,12.880000114440918,67251000,0.0,0
2014-09-11,163.3710174560547,0.009999999776482582,12.800000190734863,66774400,0.0,0
2014-09-12,162.4167022705078,0.009999999776482582,13.3100004196167,117409300,0.0,0
2014-09-15,162.29437255859375,0.009999999776482582,14.119999885559082,76401000,0.0,0
2014-09-16,163.51783752441406,0.014999999664723873,12.729999542236328,116201000,0.0,0
2014-09-17,163.73802185058594,0.013000000268220901,12.649999618530273,151266000,0.0,0
2014-09-18,164.61077880859375,0.009999999776482582,12.029999732971191,94990000,0.0,0
2014-09-19,164.46249389648438,0.007000000216066837,12.109999656677246,121649000,0.0,0
2014-09-22,163.19232177734375,0.003000000026077032,13.6899995803833,125553000,0.0,0
2014-09-23,162.25816345214844,0.007000000216066837,14.930000305175781,111393000,0.0,0
2014-09-24,163.52830505371094,0.007000000216066837,13.270000457763672,107276000,0.0,0
2014-09-25,160.88966369628906,0.004999999888241291,15.640000343322754,150300000,0.0,0
2014-09-26,162.1680145263672,0.004999999888241291,14.850000381469727,103547000,0.0,0
2014-09-29,161.87303161621094,0.004999999888241291,15.979999542236328,95112000,0.0,0
2014-09-30,161.44692993164062,0.013000000268220901,16.309999465942383,131302000,0.0,0
2014-10-01,159.2589874267578,0.013000000268220901,16.709999084472656,177798000,0.0,0
2014-10-02,159.28355407714844,0.009999999776482582,16.15999984741211,157285000,0.0,0
2014-10-03,161.03717041015625,0.009999999776482582,14.550000190734863,121569000,0.0,0
2014-10-06,160.84873962402344,0.009999999776482582,15.460000038146973,104778000,0.0,0
2014-10-07,158.3657989501953,0.009999999776482582,17.200000762939453,147913000,0.0,0
2014-10-08,161.13552856445312,0.004999999888241291,15.109999656677246,186461000,0.0,0
2014-10-09,157.93966674804688,0.004999999888241291,18.760000228881836,210705000,0.0,0
2014-10-10,156.13693237304688,0.004999999888241291,21.239999771118164,221909000,0.0,0
2014-10-13,153.57205200195312,0.004999999888241291,24.639999389648438,230939000,0.0,0
2014-10-14,153.8096923828125,0.004999999888241291,22.790000915527344,215847000,0.0,0
2014-10-15,152.76893615722656,0.009999999776482582,25.270000457763672,380715000,0.0,0
2014-10-16,152.6378936767578,0.019999999552965164,25.200000762939453,270391000,0.0,0
2014-10-17,154.44068908691406,0.02199999988079071,21.989999771118164,214625000,0.0,0
2014-10-20,155.94024658203125,0.019999999552965164,18.56999969482422,130011000,0.0,0
2014-10-21,159.02951049804688,0.017999999225139618,16.079999923706055,154949000,0.0,0
2014-10-22,157.89871215820312,0.014999999664723873,17.8700008392334,151822000,0.0,0
2014-10-23,159.73423767089844,0.014999999664723873,16.530000686645508,154944000,0.0,0
2014-10-24,160.96343994140625,0.004999999888241291,16.110000610351562,117927000,0.0,0
2014-10-27,160.74220275878906,0.004999999888241291,16.040000915527344,82954000,0.0,0
2014-10-28,162.5859375,0.014999999664723873,14.390000343322754,106736000,0.0,0
2014-10-29,162.34014892578125,0.014999999664723873,15.149999618530273,142557000,0.0,0
2014-10-30,163.38076782226562,0.003000000026077032,14.520000457763672,113330000,0.0,0
2014-10-31,165.2491455078125,0.003000000026077032,14.029999732971191,146903000,0.0,0
2014-11-03,165.33926391601562,0.003000000026077032,14.729999542236328,93600000,0.0,0
2014-11-04,164.76560974121094,0.02199999988079071,14.890000343322754,93343000,0.0,0
2014-11-05,165.8063507080078,0.019999999552965164,14.170000076293945,91709000,0.0,0
2014-11-06,166.4700927734375,0.017999999225139618,13.670000076293945,107089000,0.0,0
2014-11-07,166.62574768066406,0.017999999225139618,13.119999885559082,89540000,0.0,0
2014-11-10,167.15028381347656,0.014999999664723873,12.670000076293945,66319000,0.0,0
2014-11-11,167.31410217285156,0.014999999664723873,12.920000076293945,54499400,0.0,0
2014-11-12,167.1338653564453,0.013000000268220901,13.020000457763672,90120300,0.0,0
2014-11-13,167.32232666015625,0.004999999888241291,13.789999961853027,85357900,0.0,0
2014-11-14,167.36326599121094,0.003000000026077032,13.3100004196167,80417500,0.0,0
2014-11-17,167.46983337402344,0.009999999776482582,13.989999771118164,80441000,0.0,0
2014-11-18,168.4368133544922,0.014999999664723873,13.859999656677246,76068100,0.0,0
2014-11-19,168.16632080078125,0.014999999664723873,13.960000038146973,82373000,0.0,0
2014-11-20,168.4613494873047,0.014999999664723873,13.579999923706055,72840300,0.0,0
2014-11-21,169.3627471923828,0.003000000026077032,12.899999618530273,142327300,0.0,0
2014-11-24,169.83802795410156,0.004999999888241291,12.619999885559082,65880800,0.0,0
2014-11-25,169.7151336669922,0.017999999225139618,12.25,79108300,0.0,0
2014-11-26,170.14944458007812,0.009999999776482582,12.069999694824219,62167800,0.0,0
2014-11-28,169.7888641357422,0.004999999888241291,13.329999923706055,57890100,0.0,0
2014-12-01,168.60885620117188,0.007000000216066837,14.15999984741211,103968400,0.0,0
2014-12-02,169.69869995117188,0.014999999664723873,12.850000381469727,74507200,0.0,0
2014-12-03,170.354248046875,0.004999999888241291,12.5,68952000,0.0,0
2014-12-04,170.1658172607422,0.013000000268220901,12.380000114440918,91316600,0.0,0
2014-12-05,170.4443817138672,0.009999999776482582,11.890000343322754,91025500,0.0,0
2014-12-08,169.30535888671875,0.004999999888241291,14.210000038146973,108588200,0.0,0
2014-12-09,169.19064331054688,0.02800000086426735,15.350000381469727,125180100,0.0,0
2014-12-10,166.47830200195312,0.02500000037252903,18.530000686645508,159856400,0.0,0
2014-12-11,167.32232666015625,0.02199999988079071,20.079999923706055,159012800,0.0,0
2014-12-12,164.6181640625,0.014999999664723873,21.079999923706055,202330200,0.0,0
2014-12-15,163.48731994628906,0.009999999776482582,20.420000076293945,189965800,0.0,0
2014-12-16,162.1762237548828,0.029999999329447746,23.56999969482422,259543800,0.0,0
2014-12-17,165.3556671142578,0.019999999552965164,19.440000534057617,253910100,0.0,0
2014-12-18,169.44467163085938,0.032999999821186066,16.809999465942383,257633900,0.0,0
2014-12-19,170.16566467285156,0.02500000037252903,16.489999771118164,245084600,0.0,0
2014-12-22,170.94839477539062,0.014999999664723873,15.25,148318900,0.0,0
2014-12-23,171.1791229248047,0.019999999552965164,14.800000190734863,122167900,0.0,0
2014-12-24,171.19552612304688,0.019999999552965164,14.369999885559082,42963400,0.0,0
2014-12-26,171.74761962890625,0.009999999776482582,14.5,57326700,0.0,0
2014-12-29,171.97836303710938,0.003000000026077032,15.0600004196167,79643900,0.0,0
2014-12-30,171.0555419921875,0.019999999552965164,15.920000076293945,73540800,0.0,0
2014-12-31,169.358154296875,0.03700000047683716,19.200000762939453,130333800,0.0,0
2015-01-02,169.2675018310547,0.014999999664723873,17.790000915527344,121465900,0.0,0
2015-01-05,166.21063232421875,0.003000000026077032,19.920000076293945,169632600,0.0,0
2015-01-06,164.6450958251953,0.019999999552965164,21.1200008392334,209151400,0.0,0
2015-01-07,166.69674682617188,0.019999999552965164,19.309999465942383,125346700,0.0,0
2015-01-08,169.65478515625,0.017999999225139618,17.010000228881836,147217800,0.0,0
2015-01-09,168.2952117919922,0.014999999664723873,17.549999237060547,158567300,0.0,0
2015-01-12,166.97682189941406,0.013000000268220901,19.600000381469727,144396100,0.0,0
2015-01-13,166.5072021484375,0.023000000044703484,20.559999465942383,214553300,0.0,0
2015-01-14,165.50198364257812,0.02500000037252903,21.479999542236328,192991100,0.0,0
2015-01-15,163.98593139648438,0.023000000044703484,22.389999389648438,176613900,0.0,0
2015-01-16,166.136474609375,0.017999999225139618,20.950000762939453,211879600,0.0,0
2015-01-20,166.49073791503906,0.00800000037997961,19.889999389648438,130991100,0.0,0
2015-01-21,167.33120727539062,0.019999999552965164,18.850000381469727,122942700,0.0,0
2015-01-22,169.81961059570312,0.014999999664723873,16.399999618530273,174356000,0.0,0
2015-01-23,168.88848876953125,0.013000000268220901,16.65999984741211,117516800,0.0,0
2015-01-26,169.28402709960938,0.004999999888241291,15.520000457763672,92009700,0.0,0
2015-01-27,167.0510711669922,0.017999999225139618,17.219999313354492,134044600,0.0,0
2015-01-28,164.90870666503906,0.014999999664723873,20.440000534057617,168514300,0.0,0
2015-01-29,166.43309020996094,0.009999999776482582,18.760000228881836,173585400,0.0,0
2015-01-30,164.3402557373047,0.004999999888241291,20.969999313354492,197729700,0.0,0
2015-02-02,166.3754119873047,0.004999999888241291,19.43000030517578,163107000,0.0,0
2015-02-03,168.78138732910156,0.014999999664723873,17.329999923706055,124212900,0.0,0
2015-02-04,168.13865661621094,0.004999999888241291,18.329999923706055,134306700,0.0,0
2015-02-05,169.83599853515625,0.00800000037997961,16.850000381469727,97953200,0.0,0
2015-02-06,169.3664093017578,0.014999999664723873,17.290000915527344,125672000,0.0,0
2015-02-09,168.60836791992188,0.003000000026077032,18.549999237060547,87219000,0.0,0
2015-02-10,170.4046173095703,0.004999999888241291,17.229999542236328,96164200,0.0,0
2015-02-11,170.50343322753906,0.004999999888241291,16.959999084472656,91087800,0.0,0
2015-02-12,172.1431427001953,0.00800000037997961,15.34000015258789,97545900,0.0,0
2015-02-13,172.8517608642578,0.004999999888241291,14.6899995803833,93670400,0.0,0
2015-02-17,173.1237335205078,0.00800000037997961,15.800000190734863,76968200,0.0,0
2015-02-18,173.14013671875,0.013000000268220901,15.449999809265137,80652900,0.0,0
2015-02-19,173.01658630371094,0.013000000268220901,15.289999961853027,91462500,0.0,0
2015-02-20,174.05471801757812,0.009999999776482582,14.300000190734863,140896400,0.0,0
2015-02-23,174.03005981445312,0.014999999664723873,14.5600004196167,74411100,0.0,0
2015-02-24,174.5244140625,0.017999999225139618,13.6899995803833,72472300,0.0,0
2015-02-25,174.37611389160156,0.014999999664723873,13.84000015258789,73061700,0.0,0
2015-02-26,174.1701202392578,0.013000000268220901,13.90999984741211,72697900,0.0,0
2015-02-27,173.57687377929688,0.00800000037997961,13.34000015258789,108076000,0.0,0
2015-03-02,174.67279052734375,0.004999999888241291,13.039999961853027,87491400,0.0,0
2015-03-03,173.95591735839844,0.013000000268220901,13.859999656677246,110325800,0.0,0
2015-03-04,173.22251892089844,0.009999999776482582,14.229999542236328,114497200,0.0,0
2015-03-05,173.41209411621094,0.003000000026077032,14.039999961853027,76873000,0.0,0
2015-03-06,170.97311401367188,0.004999999888241291,15.199999809265137,188128000,0.0,0
2015-03-09,171.68174743652344,0.004999999888241291,15.0600004196167,89818900,0.0,0
2015-03-10,168.8967742919922,0.009999999776482582,16.690000534057617,157121300,0.0,0
2015-03-11,168.5012664794922,0.013000000268220901,16.8700008392334,110145700,0.0,0
2015-03-12,170.64356994628906,0.017999999225139618,15.420000076293945,93993500,0.0,0
2015-03-13,169.5970916748047,0.023000000044703484,16.0,162410900,0.0,0
2015-03-16,171.86300659179688,0.029999999329447746,15.609999656677246,136099200,0.0,0
2015-03-17,171.35215759277344,0.04800000041723251,15.65999984741211,94510400,0.0,0
2015-03-18,173.41209411621094,0.03799999877810478,13.970000267028809,228808500,0.0,0
2015-03-19,172.6210174560547,0.009999999776482582,14.069999694824219,117917300,0.0,0
2015-03-20,174.14476013183594,0.003000000026077032,13.020000457763672,177715100,0.0,0
2015-03-23,173.80540466308594,0.003000000026077032,13.40999984741211,71784500,0.0,0
2015-03-24,172.82879638671875,0.014999999664723873,13.619999885559082,77805300,0.0,0
2015-03-25,170.2962188720703,0.017999999225139618,15.4399995803833,159521700,0.0,0
2015-03-26,169.89064025878906,0.02800000086426735,15.800000190734863,153067200,0.0,0
2015-03-27,170.27964782714844,0.029999999329447746,15.069999694824219,118939000,0.0,0
2015-03-30,172.35707092285156,0.023000000044703484,14.510000228881836,96180400,0.0,0
2015-03-31,170.85072326660156,0.02500000037252903,15.289999961853027,126768700,0.0,0
2015-04-01,170.24658203125,0.032999999821186066,15.109999656677246,137303600,0.0,0
2015-04-02,170.85902404785156,0.009999999776482582,14.670000076293945,86900900,0.0,0
2015-04-06,172.0094451904297,0.003000000026077032,14.739999771118164,114368200,0.0,0
2015-04-07,171.55421447753906,0.014999999664723873,14.779999732971191,81236300,0.0,0
2015-04-08,172.1335906982422,0.017999999225139618,13.979999542236328,89351900,0.0,0
2015-04-09,172.89503479003906,0.019999999552965164,13.09000015258789,85548900,0.0,0
2015-04-10,173.83851623535156,0.014999999664723873,12.579999923706055,72722900,0.0,0
2015-04-13,173.0522918701172,0.004999999888241291,13.9399995803833,74436600,0.0,0
2015-04-14,173.3833770751953,0.009999999776482582,13.670000076293945,75099900,0.0,0
2015-04-15,174.16134643554688,0.014999999664723873,12.84000015258789,99529300,0.0,0
2015-04-16,174.11163330078125,0.009999999776482582,12.600000381469727,68934900,0.0,0
2015-04-17,172.10877990722656,0.013000000268220901,13.890000343322754,191113200,0.0,0
2015-04-20,173.68125915527344,0.013000000268220901,13.300000190734863,92189500,0.0,0
2015-04-21,173.47438049316406,0.019999999552965164,13.25,72559800,0.0,0
2015-04-22,174.32684326171875,0.019999999552965164,12.710000038146973,78264600,0.0,0
2015-04-23,174.76548767089844,0.019999999552965164,12.479999542236328,102585900,0.0,0
2015-04-24,175.17105102539062,0.014999999664723873,12.289999961853027,61327400,0.0,0
2015-04-27,174.44273376464844,0.013000000268220901,13.119999885559082,79358100,0.0,0
2015-04-28,174.99729919433594,0.013000000268220901,12.40999984741211,86863500,0.0,0
2015-04-29,174.2771759033203,0.003000000026077032,13.390000343322754,125684900,0.0,0
2015-04-30,172.5308380126953,0.004999999888241291,14.550000190734863,161304900,0.0,0
2015-05-01,174.40130615234375,0.003000000026077032,12.699999809265137,103399700,0.0,0
2015-05-04,174.89791870117188,0.003000000026077032,12.850000381469727,70927200,0.0,0
2015-05-05,172.89503479003906,0.00800000037997961,14.3100004196167,113326200,0.0,0
2015-05-06,172.18325805664062,0.009999999776482582,15.149999618530273,135060200,0.0,0
2015-05-07,172.87020874023438,0.004999999888241291,15.130000114440918,88244900,0.0,0
2015-05-08,175.1461944580078,0.003000000026077032,12.859999656677246,155877300,0.0,0
2015-05-11,174.31028747558594,0.004999999888241291,13.850000381469727,75708100,0.0,0
2015-05-12,173.78887939453125,0.013000000268220901,13.859999656677246,119727600,0.0,0
2015-05-13,173.82203674316406,0.009999999776482582,13.760000228881836,94667900,0.0,0
2015-05-14,175.63450622558594,0.009999999776482582,12.739999771118164,95934000,0.0,0
2015-05-15,175.8248748779297,0.009999999776482582,12.380000114440918,76510100,0.0,0
2015-05-18,176.37112426757812,0.00800000037997961,12.729999542236328,74549700,0.0,0
2015-05-19,176.313232421875,0.009999999776482582,12.850000381469727,72114600,0.0,0
2015-05-20,176.18907165527344,0.013000000268220901,12.880000114440918,76857500,0.0,0
2015-05-21,176.70216369628906,0.013000000268220901,12.109999656677246,64764600,0.0,0
2015-05-22,176.2800750732422,0.009999999776482582,12.130000114440918,57433500,0.0,0
2015-05-26,174.38482666015625,0.009999999776482582,14.0600004196167,124308600,0.0,0
2015-05-27,176.0401153564453,0.013000000268220901,13.270000457763672,93214000,0.0,0
2015-05-28,175.84146118164062,0.003000000026077032,13.3100004196167,74974600,0.0,0
2015-05-29,174.74893188476562,0.003000000026077032,13.84000015258789,124919600,0.0,0
2015-06-01,175.10479736328125,0.00800000037997961,13.970000267028809,93338800,0.0,0
2015-06-02,174.93104553222656,0.009999999776482582,14.239999771118164,91531000,0.0,0
2015-06-03,175.39454650878906,0.009999999776482582,13.65999984741211,87820900,0.0,0
2015-06-04,173.91297912597656,0.004999999888241291,14.710000038146973,151882800,0.0,0
2015-06-05,173.6151123046875,0.009999999776482582,14.210000038146973,121704700,0.0,0
2015-06-08,172.5474090576172,0.009999999776482582,15.289999961853027,89063300,0.0,0
2015-06-09,172.52259826660156,0.013000000268220901,14.470000267028809,105034700,0.0,0
2015-06-10,174.59170532226562,0.013000000268220901,13.220000267028809,134551300,0.0,0
2015-06-11,175.15444946289062,0.00800000037997961,12.850000381469727,73876400,0.0,0
2015-06-12,173.81375122070312,0.004999999888241291,13.779999732971191,135382400,0.0,0
2015-06-15,173.0688018798828,0.003000000026077032,15.390000343322754,124384200,0.0,0
2015-06-16,174.0124053955078,0.00800000037997961,14.8100004196167,85308200,0.0,0
2015-06-17,174.29376220703125,0.003000000026077032,14.5,126708600,0.0,0
2015-06-18,176.10630798339844,0.003000000026077032,13.1899995803833,165867900,0.0,0
2015-06-19,175.32449340820312,0.003000000026077032,13.960000038146973,130478700,0.0,0
2015-06-22,176.22271728515625,0.003000000026077032,12.739999771118164,70696000,0.0,0
2015-06-23,176.3474578857422,0.00800000037997961,12.109999656677246,68476800,0.0,0
2015-06-24,175.0667266845703,0.004999999888241291,13.260000228881836,92307300,0.0,0
2015-06-25,174.5343780517578,0.004999999888241291,14.010000228881836,97107400,0.0,0
2015-06-26,174.50119018554688,0.004999999888241291,14.020000457763672,104174800,0.0,0
2015-06-29,170.84178161621094,0.004999999888241291,18.850000381469727,202621300,0.0,0
2015-06-30,171.19947814941406,0.009999999776482582,18.229999542236328,182925100,0.0,0
2015-07-01,172.5716552734375,0.003000000026077032,16.09000015258789,135979900,0.0,0
2015-07-02,172.4136505126953,0.003000000026077032,16.790000915527344,104373700,0.0,0
2015-07-06,171.92298889160156,0.004999999888241291,17.010000228881836,117975400,0.0,0
2015-07-07,173.00413513183594,0.009999999776482582,16.09000015258789,173820200,0.0,0
2015-07-08,170.1016387939453,0.009999999776482582,19.65999984741211,164020100,0.0,0
2015-07-09,170.40936279296875,0.00800000037997961,19.969999313354492,144113100,0.0,0
2015-07-10,172.55499267578125,0.00800000037997961,16.829999923706055,129456900,0.0,0
2015-07-13,174.45957946777344,0.00800000037997961,13.899999618530273,106069400,0.0,0
2015-07-14,175.2164306640625,0.009999999776482582,13.369999885559082,81709600,0.0,0
2015-07-15,175.158203125,0.013000000268220901,13.229999542236328,97914100,0.0,0
2015-07-16,176.56369018554688,0.009999999776482582,12.109999656677246,106683300,0.0,0
2015-07-17,176.71337890625,0.013000000268220901,11.949999809265137,89030000,0.0,0
2015-07-20,176.8048553466797,0.023000000044703484,12.25,70446800,0.0,0
2015-07-21,176.1062774658203,0.029999999329447746,12.220000267028809,77965000,0.0,0
2015-07-22,175.79026794433594,0.029999999329447746,12.119999885559082,88667900,0.0,0
2015-07-23,174.80052185058594,0.029999999329447746,12.640000343322754,90509100,0.0,0
2015-07-24,172.9875030517578,0.029999999329447746,13.739999771118164,117755000,0.0,0
2015-07-27,171.981201171875,0.02800000086426735,15.600000381469727,132361100,0.0,0
2015-07-28,174.0936737060547,0.0430000014603138,13.4399995803833,123544800,0.0,0
2015-07-29,175.29122924804688,0.04500000178813934,12.5,105791300,0.0,0
2015-07-30,175.33285522460938,0.05999999865889549,12.130000114440918,91304400,0.0,0
2015-07-31,175.0667266845703,0.057999998331069946,12.119999885559082,103266900,0.0,0
2015-08-03,174.47621154785156,0.06300000101327896,12.5600004196167,113965700,0.0,0
2015-08-04,174.13523864746094,0.07500000298023224,13.0,81820800,0.0,0
2015-08-05,174.70909118652344,0.07500000298023224,12.510000228881836,85786800,0.0,0
2015-08-06,173.2786102294922,0.02800000086426735,13.770000457763672,116030800,0.0,0
2015-08-07,172.94598388671875,0.054999999701976776,13.390000343322754,117858000,0.0,0
2015-08-10,175.12490844726562,0.06499999761581421,12.229999542236328,80270700,0.0,0
2015-08-11,173.5447540283203,0.09799999743700027,13.710000038146973,126081400,0.0,0
2015-08-12,173.7526092529297,0.09000000357627869,13.609999656677246,172123700,0.0,0
2015-08-13,173.53646850585938,0.08299999684095383,13.489999771118164,89383300,0.0,0
2015-08-14,174.16848754882812,0.07999999821186066,12.829999923706055,72786500,0.0,0
2015-08-17,175.1415557861328,0.05999999865889549,13.020000457763672,79072600,0.0,0
2015-08-18,174.63424682617188,0.08500000089406967,13.789999961853027,71692700,0.0,0
2015-08-19,173.253662109375,0.03999999910593033,15.25,172946000,0.0,0
2015-08-20,169.63589477539062,0.014999999664723873,19.139999389648438,194327900,0.0,0
2015-08-21,164.52940368652344,0.019999999552965164,28.030000686645508,346588500,0.0,0
2015-08-24,157.6016387939453,0.014999999664723873,40.7400016784668,507244300,0.0,0
2015-08-25,155.74700927734375,0.05299999937415123,36.02000045776367,369833100,0.0,0
2015-08-26,161.72669982910156,0.054999999701976776,30.31999969482422,339257000,0.0,0
2015-08-27,165.72702026367188,0.05000000074505806,26.100000381469727,274143900,0.0,0
2015-08-28,165.7353515625,0.05000000074505806,26.049999237060547,160414400,0.0,0
2015-08-31,164.3963623046875,0.003000000026077032,28.43000030517578,163298800,0.0,0
2015-09-01,159.489501953125,0.03799999877810478,31.399999618530273,256000400,0.0,0
2015-09-02,162.51678466796875,0.02500000037252903,26.09000015258789,160269300,0.0,0
2015-09-03,162.6332244873047,0.014999999664723873,25.610000610351562,152087800,0.0,0
2015-09-04,160.1714630126953,0.02500000037252903,27.799999237060547,207081000,0.0,0
2015-09-08,164.19676208496094,0.02500000037252903,24.899999618530273,116025700,0.0,0
2015-09-09,162.00115966796875,0.03500000014901161,26.229999542236328,149347700,0.0,0
2015-09-10,162.8827362060547,0.014999999664723873,24.3700008392334,158611100,0.0,0
2015-09-11,163.6228790283203,0.023000000044703484,23.200000762939453,119691200,0.0,0
2015-09-14,163.0157928466797,0.02500000037252903,24.25,79452000,0.0,0
2015-09-15,165.05335998535156,0.057999998331069946,22.540000915527344,113806200,0.0,0
2015-09-16,166.48387145996094,0.05299999937415123,21.350000381469727,99581600,0.0,0
2015-09-17,166.10958862304688,0.003000000026077032,21.139999389648438,276046600,0.0,0
2015-09-18,163.39512634277344,0.009999999776482582,22.280000686645508,223657500,0.0,0
2015-09-21,164.2394256591797,0.013000000268220901,20.139999389648438,105726200,0.0,0
2015-09-22,162.10769653320312,0.003000000026077032,22.440000534057617,153890900,0.0,0
2015-09-23,161.84852600097656,0.003000000026077032,22.1299991607666,92790600,0.0,0
2015-09-24,161.26339721679688,0.004999999888241291,23.469999313354492,159378800,0.0,0
2015-09-25,161.22152709960938,0.019999999552965164,23.6200008392334,155054800,0.0,0
2015-09-28,157.17538452148438,0.013000000268220901,27.6299991607666,178515900,0.0,0
2015-09-29,157.26727294921875,0.003000000026077032,26.829999923706055,159045600,0.0,0
2015-09-30,160.20162963867188,0.004999999888241291,24.5,163452000,0.0,0
2015-10-01,160.61961364746094,0.017999999225139618,22.549999237060547,131079000,0.0,0
2015-10-02,163.01895141601562,0.00800000037997961,20.940000534057617,211003300,0.0,0
2015-10-05,165.91983032226562,0.00800000037997961,19.540000915527344,126320800,0.0,0
2015-10-06,165.35137939453125,0.004999999888241291,19.399999618530273,110274500,0.0,0
2015-10-07,166.70570373535156,0.004999999888241291,18.399999618530273,124307300,0.0,0
2015-10-08,168.21047973632812,0.003000000026077032,17.420000076293945,153055200,0.0,0
2015-10-09,168.310791015625,0.003000000026077032,17.079999923706055,107069200,0.0,0
2015-10-12,168.4696044921875,0.009999999776482582,16.170000076293945,56395600,0.0,0
2015-10-13,167.4078826904297,0.004999999888241291,17.670000076293945,88038700,0.0,0
2015-10-14,166.60531616210938,0.009999999776482582,18.030000686645508,99106200,0.0,0
2015-10-15,169.1634521484375,0.004999999888241291,16.049999237060547,134142200,0.0,0
2015-10-16,169.93258666992188,0.004999999888241291,15.050000190734863,114580100,0.0,0
2015-10-19,170.01622009277344,0.004999999888241291,14.979999542236328,76523900,0.0,0
2015-10-20,169.798828125,0.009999999776482582,15.75,78448500,0.0,0
2015-10-21,168.7454833984375,0.004999999888241291,16.700000762939453,102038000,0.0,0
2015-10-22,171.59625244140625,0.004999999888241291,14.449999809265137,174911700,0.0,0
2015-10-23,173.4772186279297,0.003000000026077032,14.460000038146973,144442300,0.0,0
2015-10-26,173.05087280273438,0.00800000037997961,15.289999961853027,69033000,0.0,0
2015-10-27,172.7164764404297,0.009999999776482582,15.430000305175781,77905800,0.0,0
2015-10-28,174.68101501464844,0.03500000014901161,14.329999923706055,135906700,0.0,0
2015-10-29,174.58071899414062,0.05299999937415123,14.609999656677246,90525500,0.0,0
2015-10-30,173.828369140625,0.06800000369548798,15.069999694824219,131076900,0.0,0
2015-11-02,175.88491821289062,0.05299999937415123,14.149999618530273,86270800,0.0,0
2015-11-03,176.39483642578125,0.057999998331069946,14.539999961853027,95246100,0.0,0
2015-11-04,175.8597869873047,0.054999999701976776,15.510000228881836,96224500,0.0,0
2015-11-05,175.68421936035156,0.03999999910593033,15.050000190734863,78408700,0.0,0
2015-11-06,175.59225463867188,0.0729999989271164,14.329999923706055,110471500,0.0,0
2015-11-09,173.95375061035156,0.07500000298023224,16.520000457763672,131008700,0.0,0
2015-11-10,174.3550262451172,0.125,15.289999961853027,75874600,0.0,0
2015-11-11,173.66952514648438,0.12300000339746475,16.059999465942383,67846000,0.0,0
2015-11-12,171.24510192871094,0.12300000339746475,18.3700008392334,121315200,0.0,0
2015-11-13,169.32232666015625,0.11299999803304672,20.079999923706055,153577100,0.0,0
2015-11-16,171.8971405029297,0.09799999743700027,18.15999984741211,117645200,0.0,0
2015-11-17,171.771728515625,0.13500000536441803,18.84000015258789,121123700,0.0,0
2015-11-18,174.49713134765625,0.12300000339746475,16.850000381469727,121342500,0.0,0
2015-11-19,174.3466339111328,0.08799999952316284,16.989999771118164,88220500,0.0,0
2015-11-20,174.98202514648438,0.09300000220537186,15.470000267028809,94011500,0.0,0
2015-11-23,174.78140258789062,0.10499999672174454,15.619999885559082,64931200,0.0,0
2015-11-24,175.01544189453125,0.15299999713897705,15.930000305175781,98874400,0.0,0
2015-11-25,174.99038696289062,0.17499999701976776,15.1899995803833,51980100,0.0,0
2015-11-27,175.1909942626953,0.1599999964237213,15.119999885559082,37317800,0.0,0
2015-11-30,174.4636688232422,0.17000000178813934,16.1299991607666,112822700,0.0,0
2015-12-01,176.1273193359375,0.2029999941587448,14.670000076293945,97858400,0.0,0
2015-12-02,174.32994079589844,0.20000000298023224,15.90999984741211,108441300,0.0,0
2015-12-03,171.88880920410156,0.1979999989271164,18.110000610351562,166224200,0.0,0
2015-12-04,175.24114990234375,0.20499999821186066,14.8100004196167,192913900,0.0,0
2015-12-07,174.17942810058594,0.23499999940395355,15.84000015258789,102027100,0.0,0
2015-12-08,173.00906372070312,0.2680000066757202,17.600000381469727,103372400,0.0,0
2015-12-09,171.6630859375,0.24500000476837158,19.610000610351562,162401500,0.0,0
2015-12-10,172.10618591308594,0.23000000417232513,19.34000015258789,116128900,0.0,0
2015-12-11,168.7705535888672,0.21299999952316284,24.389999389648438,211173300,0.0,0
2015-12-14,169.62327575683594,0.1979999989271164,22.729999542236328,182385200,0.0,0
2015-12-15,171.40396118164062,0.25,20.950000762939453,154069600,0.0,0
2015-12-16,173.91192626953125,0.23499999940395355,17.860000610351562,197017000,0.0,0
2015-12-17,171.26182556152344,0.21299999952316284,18.940000534057617,173092500,0.0,0
2015-12-18,168.21080017089844,0.17499999701976776,20.700000762939453,251393500,0.0,0
2015-12-21,169.59835815429688,0.15299999713897705,18.700000762939453,99094300,0.0,0
2015-12-22,171.1374053955078,0.19300000369548798,16.600000381469727,111026200,0.0,0
2015-12-23,173.25656127929688,0.1899999976158142,15.569999694824219,110987200,0.0,0
2015-12-24,172.97068786621094,0.18299999833106995,15.739999771118164,48539600,0.0,0
2015-12-28,172.57542419433594,0.1899999976158142,16.90999984741211,65899900,0.0,0
2015-12-29,174.4171600341797,0.2150000035762787,16.079999923706055,92640700,0.0,0
2015-12-30,173.18089294433594,0.19499999284744263,17.290000915527344,63317700,0.0,0
2015-12-31,171.44859313964844,0.14800000190734863,18.209999084472656,114877900,0.0,0
2016-01-04,169.0518035888672,0.1550000011920929,20.700000762939453,222353500,0.0,0
2016-01-05,169.33767700195312,0.20499999821186066,19.34000015258789,110845800,0.0,0
2016-01-06,167.2016143798828,0.20499999821186066,20.59000015258789,152112600,0.0,0
2016-01-07,163.19020080566406,0.1899999976158142,24.989999771118164,213436100,0.0,0
2016-01-08,161.39894104003906,0.1899999976158142,27.010000228881836,209817200,0.0,0
2016-01-11,161.5587158203125,0.17499999701976776,24.299999237060547,187941300,0.0,0
2016-01-12,162.86219787597656,0.20999999344348907,22.469999313354492,172330500,0.0,0
2016-01-13,158.80035400390625,0.2150000035762787,25.219999313354492,221168900,0.0,0
2016-01-14,161.40736389160156,0.23999999463558197,23.950000762939453,240795600,0.0,0
2016-01-15,157.9425811767578,0.22300000488758087,27.020000457763672,324846400,0.0,0
2016-01-19,158.1527557373047,0.23000000417232513,26.049999237060547,195244400,0.0,0
2016-01-20,156.12600708007812,0.2529999911785126,27.59000015258789,286547800,0.0,0
2016-01-21,157.00067138671875,0.27300000190734863,26.690000534057617,195772900,0.0,0
2016-01-22,160.2216033935547,0.2879999876022339,22.34000015258789,168319600,0.0,0
2016-01-25,157.79962158203125,0.2750000059604645,24.149999618530273,130371700,0.0,0
2016-01-26,159.95245361328125,0.30000001192092896,22.5,141036800,0.0,0
2016-01-27,158.21165466308594,0.30000001192092896,23.110000610351562,185681700,0.0,0
2016-01-28,159.03585815429688,0.3179999887943268,22.420000076293945,143798800,0.0,0
2016-01-29,162.91270446777344,0.30000001192092896,20.200000762939453,210529300,0.0,0
2016-02-01,162.8538360595703,0.29499998688697815,19.979999542236328,136061600,0.0,0
2016-02-02,159.91888427734375,0.33000001311302185,21.979999542236328,182564900,0.0,0
2016-02-03,160.87754821777344,0.3330000042915344,21.649999618530273,205054900,0.0,0
2016-02-04,161.12985229492188,0.28299999237060547,21.84000015258789,139531800,0.0,0
2016-02-05,158.06028747558594,0.27799999713897705,23.3799991607666,180788300,0.0,0
2016-02-08,155.93260192871094,0.25999999046325684,26.0,191526700,0.0,0
2016-02-09,155.94102478027344,0.30000001192092896,26.540000915527344,184513100,0.0,0
2016-02-10,155.80653381347656,0.2980000078678131,26.290000915527344,148214100,0.0,0
2016-02-11,153.77976989746094,0.27300000190734863,28.139999389648438,219058900,0.0,0
2016-02-12,156.9502410888672,0.27000001072883606,25.399999618530273,127632400,0.0,0
2016-02-16,159.59925842285156,0.27300000190734863,24.110000610351562,120250700,0.0,0
2016-02-17,162.2062530517578,0.2930000126361847,22.309999465942383,136009500,0.0,0
2016-02-18,161.5419158935547,0.2879999876022339,21.639999389648438,102343000,0.0,0
2016-02-19,161.4662322998047,0.28299999237060547,20.530000686645508,114793000,0.0,0
2016-02-22,163.80409240722656,0.2930000126361847,19.3799991607666,103640300,0.0,0
2016-02-23,161.7353057861328,0.3179999887943268,20.979999542236328,111455300,0.0,0
2016-02-24,162.4753875732422,0.3149999976158142,20.719999313354492,150812200,0.0,0
2016-02-25,164.4432373046875,0.3100000023841858,19.110000610351562,110728300,0.0,0
2016-02-26,164.0647430419922,0.30300000309944153,19.809999465942383,129833700,0.0,0
2016-02-29,162.778076171875,0.30799999833106995,20.549999237060547,125918100,0.0,0
2016-03-01,166.60455322265625,0.3199999928474426,17.700000762939453,141799700,0.0,0
2016-03-02,167.35301208496094,0.30300000309944153,17.09000015258789,102415000,0.0,0
2016-03-03,168.0089569091797,0.2630000114440918,16.700000762939453,95172200,0.0,0
2016-03-04,168.5555877685547,0.26499998569488525,16.860000610351562,129293600,0.0,0
2016-03-07,168.6901397705078,0.26499998569488525,17.350000381469727,100219000,0.0,0
2016-03-08,166.84840393066406,0.3050000071525574,18.670000076293945,123974900,0.0,0
2016-03-09,167.67257690429688,0.2879999876022339,18.34000015258789,94801200,0.0,0
2016-03-10,167.80711364746094,0.30300000309944153,18.049999237060547,156838700,0.0,0
2016-03-11,170.5150146484375,0.30799999833106995,16.5,137964500,0.0,0
2016-03-14,170.29638671875,0.30799999833106995,16.920000076293945,73612000,0.0,0
2016-03-15,170.0188751220703,0.32499998807907104,16.84000015258789,93169100,0.0,0
2016-03-16,171.00279235839844,0.30000001192092896,14.989999771118164,129303200,0.0,0
2016-03-17,172.08767700195312,0.2750000059604645,14.4399995803833,134278500,0.0,0
2016-03-18,172.763916015625,0.2800000011920929,14.020000457763672,138372400,0.0,0
2016-03-21,173.00904846191406,0.2879999876022339,13.789999961853027,72926700,0.0,0
2016-03-22,172.91603088378906,0.29499998688697815,14.170000076293945,97471900,0.0,0
2016-03-23,171.77488708496094,0.2930000126361847,14.9399995803833,81052500,0.0,0
2016-03-24,171.6987762451172,0.2750000059604645,14.739999771118164,84360900,0.0,0
2016-03-28,171.80026245117188,0.2549999952316284,15.239999771118164,62408200,0.0,0
2016-03-29,173.3894805908203,0.22499999403953552,13.819999694824219,92922900,0.0,0
2016-03-30,174.15017700195312,0.1850000023841858,13.5600004196167,86365300,0.0,0
2016-03-31,173.7275848388672,0.19300000369548798,13.949999809265137,94584100,0.0,0
2016-04-01,174.91099548339844,0.21799999475479126,13.100000381469727,114423500,0.0,0
2016-04-04,174.34466552734375,0.18299999833106995,14.119999885559082,63497000,0.0,0
2016-04-05,172.60328674316406,0.21799999475479126,15.420000076293945,99662200,0.0,0
2016-04-06,174.4883575439453,0.2199999988079071,14.09000015258789,91839800,0.0,0
2016-04-07,172.40048217773438,0.2199999988079071,16.15999984741211,113859000,0.0,0
2016-04-08,172.8653564453125,0.21799999475479126,15.359999656677246,95040600,0.0,0
2016-04-11,172.45957946777344,0.20999999344348907,16.260000228881836,83757500,0.0,0
2016-04-12,174.06570434570312,0.23000000417232513,14.850000381469727,115350600,0.0,0
2016-04-13,175.82394409179688,0.22300000488758087,13.84000015258789,96336400,0.0,0
2016-04-14,175.8323516845703,0.2150000035762787,13.720000267028809,65212900,0.0,0
2016-04-15,175.637939453125,0.20999999344348907,13.619999885559082,75761600,0.0,0
2016-04-18,176.87213134765625,0.1979999989271164,13.350000381469727,82531000,0.0,0
2016-04-19,177.4300079345703,0.2150000035762787,13.239999771118164,88316100,0.0,0
2016-04-20,177.59910583496094,0.21799999475479126,13.279999732971191,81100300,0.0,0
2016-04-21,176.6438751220703,0.22499999403953552,13.949999809265137,85695000,0.0,0
2016-04-22,176.6438751220703,0.22499999403953552,13.220000267028809,99251700,0.0,0
2016-04-25,176.33956909179688,0.23800000548362732,14.079999923706055,66166500,0.0,0
2016-04-26,176.6015625,0.24500000476837158,13.960000038146973,75864200,0.0,0
2016-04-27,176.96510314941406,0.24500000476837158,13.770000457763672,77329400,0.0,0
2016-04-28,175.3589630126953,0.20999999344348907,15.220000267028809,97216200,0.0,0
2016-04-29,174.41220092773438,0.19300000369548798,15.699999809265137,142424100,0.0,0
2016-05-02,175.798583984375,0.1850000023841858,14.680000305175781,62188000,0.0,0
2016-05-03,174.2685546875,0.2029999941587448,15.600000381469727,106422100,0.0,0
2016-05-04,173.2964324951172,0.1979999989271164,16.049999237060547,92243800,0.0,0
2016-05-05,173.26260375976562,0.18299999833106995,15.90999984741211,67619200,0.0,0
2016-05-06,173.89663696289062,0.18000000715255737,14.720000267028809,89315000,0.0,0
2016-05-09,174.040283203125,0.2029999941587448,14.569999694824219,74374900,0.0,0
2016-05-10,176.20433044433594,0.24300000071525574,13.630000114440918,77472200,0.0,0
2016-05-11,174.55601501464844,0.24799999594688416,14.6899995803833,81727000,0.0,0
2016-05-12,174.60667419433594,0.257999986410141,14.40999984741211,89586300,0.0,0
2016-05-13,173.08511352539062,0.257999986410141,15.039999961853027,96474600,0.0,0
2016-05-16,174.7926788330078,0.257999986410141,14.680000305175781,77486800,0.0,0
2016-05-17,173.16123962402344,0.2680000066757202,15.569999694824219,114924900,0.0,0
2016-05-18,173.21194458007812,0.27000001072883606,15.949999809265137,120062100,0.0,0
2016-05-19,172.61178588867188,0.28999999165534973,16.329999923706055,115430500,0.0,0
2016-05-20,173.70217895507812,0.2980000078678131,15.199999809265137,104990400,0.0,0
2016-05-23,173.4655303955078,0.31299999356269836,15.819999694824219,58682600,0.0,0
2016-05-24,175.7140350341797,0.34299999475479126,14.420000076293945,93537800,0.0,0
2016-05-25,176.90589904785156,0.3149999976158142,13.899999618530273,76621400,0.0,0
2016-05-26,176.95657348632812,0.2750000059604645,13.430000305175781,55280700,0.0,0
2016-05-27,177.71737670898438,0.2980000078678131,13.119999885559082,64211200,0.0,0
2016-05-31,177.3793182373047,0.28299999237060547,14.1899995803833,109879400,0.0,0
2016-06-01,177.74278259277344,0.29499998688697815,14.199999809265137,69936200,0.0,0
2016-06-02,178.28379821777344,0.27000001072883606,13.630000114440918,63044700,0.0,0
2016-06-03,177.751220703125,0.27000001072883606,13.470000267028809,101757100,0.0,0
2016-06-06,178.6556854248047,0.25,13.649999618530273,64887000,0.0,0
2016-06-07,178.93467712402344,0.26499998569488525,14.050000190734863,60974800,0.0,0
2016-06-08,179.5178985595703,0.23499999940395355,14.079999923706055,66170900,0.0,0
2016-06-09,179.27273559570312,0.23999999463558197,14.640000343322754,73786900,0.0,0
2016-06-10,177.57371520996094,0.23999999463558197,17.030000686645508,113829200,0.0,0
2016-06-13,176.20433044433594,0.24500000476837158,20.969999313354492,117751200,0.0,0
2016-06-14,175.85775756835938,0.2630000114440918,20.5,125059300,0.0,0
2016-06-15,175.61257934570312,0.2549999952316284,20.139999389648438,109124500,0.0,0
2016-06-16,176.13668823242188,0.24500000476837158,19.3700008392334,149533100,0.0,0
2016-06-17,175.48072814941406,0.24799999594688416,19.40999984741211,117055700,0.0,0
2016-06-20,176.6107940673828,0.24799999594688416,18.3700008392334,82789600,0.0,0
2016-06-21,177.1121826171875,0.26499998569488525,18.479999542236328,72461700,0.0,0
2016-06-22,176.82325744628906,0.2680000066757202,21.170000076293945,95560500,0.0,0
2016-06-23,179.1259002685547,0.2750000059604645,17.25,102731400,0.0,0
2016-06-24,172.6936798095703,0.23800000548362732,25.760000228881836,333444400,0.0,0
2016-06-27,169.6007843017578,0.23499999940395355,23.850000381469727,230775800,0.0,0
2016-06-28,172.65969848632812,0.25999999046325684,18.75,159382400,0.0,0
2016-06-29,175.59963989257812,0.2549999952316284,16.639999389648438,137328600,0.0,0
2016-06-30,177.995849609375,0.24799999594688416,15.630000114440918,165021900,0.0,0
2016-07-01,178.36972045898438,0.24300000071525574,14.770000457763672,106055300,0.0,0
2016-07-05,177.08663940429688,0.23800000548362732,15.579999923706055,109803700,0.0,0
2016-07-06,178.14877319335938,0.2630000114440918,14.960000038146973,96021500,0.0,0
2016-07-07,178.0382843017578,0.27000001072883606,14.760000228881836,85593800,0.0,0
2016-07-08,180.6894073486328,0.27300000190734863,13.199999809265137,133971000,0.0,0
2016-07-11,181.3267059326172,0.2750000059604645,13.539999961853027,73633900,0.0,0
2016-07-12,182.64373779296875,0.29499998688697815,13.550000190734863,101275600,0.0,0
2016-07-13,182.6182098388672,0.2980000078678131,13.039999961853027,87324100,0.0,0
2016-07-14,183.6378173828125,0.30300000309944153,12.819999694824219,91230900,0.0,0
2016-07-15,183.39151000976562,0.2980000078678131,12.670000076293945,107155400,0.0,0
2016-07-18,183.8843231201172,0.2879999876022339,12.4399995803833,58725900,0.0,0
2016-07-19,183.6973876953125,0.3100000023841858,11.970000267028809,54345700,0.0,0
2016-07-20,184.46206665039062,0.3149999976158142,11.770000457763672,58159500,0.0,0
2016-07-21,183.7653045654297,0.30300000309944153,12.739999771118164,67777300,0.0,0
2016-07-22,184.58958435058594,0.30300000309944153,12.020000457763672,62787500,0.0,0
2016-07-25,184.0882110595703,0.2980000078678131,12.869999885559082,55873100,0.0,0
2016-07-26,184.17315673828125,0.30799999833106995,13.050000190734863,70080500,0.0,0
2016-07-27,183.97769165039062,0.28299999237060547,12.829999923706055,84083900,0.0,0
2016-07-28,184.19015502929688,0.2199999988079071,12.720000267028809,65035700,0.0,0
2016-07-29,184.4876251220703,0.23999999463558197,11.869999885559082,79519400,0.0,0
2016-08-01,184.3346405029297,0.23800000548362732,12.4399995803833,73311400,0.0,0
2016-08-02,183.1535186767578,0.2800000011920929,13.369999885559082,92295500,0.0,0
2016-08-03,183.68878173828125,0.2680000066757202,12.859999656677246,53993600,0.0,0
2016-08-04,183.8843231201172,0.24799999594688416,12.420000076293945,46585500,0.0,0
2016-08-05,185.3882598876953,0.25,11.390000343322754,71892200,0.0,0
2016-08-08,185.27777099609375,0.25,11.5,39906500,0.0,0
2016-08-09,185.3882598876953,0.2930000126361847,11.65999984741211,51251700,0.0,0
2016-08-10,184.9293670654297,0.27300000190734863,12.050000190734863,57941100,0.0,0
2016-08-11,185.78759765625,0.2750000059604645,11.680000305175781,72504300,0.0,0
2016-08-12,185.62619018554688,0.2630000114440918,11.550000190734863,61313500,0.0,0
2016-08-15,186.1614990234375,0.2750000059604645,11.8100004196167,49813500,0.0,0
2016-08-16,185.20135498046875,0.2879999876022339,12.640000343322754,53213600,0.0,0
2016-08-17,185.54966735839844,0.2879999876022339,12.1899995803833,75134300,0.0,0
2016-08-18,185.96607971191406,0.2849999964237213,11.430000305175781,52989300,0.0,0
2016-08-19,185.6941375732422,0.2930000126361847,11.34000015258789,75443000,0.0,0
2016-08-22,185.68565368652344,0.2800000011920929,12.270000457763672,61368800,0.0,0
2016-08-23,186.05953979492188,0.3050000071525574,12.380000114440918,53399200,0.0,0
2016-08-24,185.10787963867188,0.3050000071525574,13.449999809265137,71728900,0.0,0
2016-08-25,184.9804229736328,0.3050000071525574,13.630000114440918,69224800,0.0,0
2016-08-26,184.6320343017578,0.3050000071525574,13.649999618530273,122506300,0.0,0
2016-08-29,185.5411376953125,0.3050000071525574,12.9399995803833,70502200,0.0,0
2016-08-30,185.2353057861328,0.32499998807907104,13.119999885559082,58114500,0.0,0
2016-08-31,184.70852661132812,0.3199999928474426,13.420000076293945,85269500,0.0,0
2016-09-01,184.7169952392578,0.3149999976158142,13.479999542236328,97844200,0.0,0
2016-09-02,185.54966735839844,0.30300000309944153,11.979999542236328,79293900,0.0,0
2016-09-06,186.1105194091797,0.30300000309944153,12.020000457763672,56702100,0.0,0
2016-09-07,186.0935516357422,0.33000001311302185,11.9399995803833,76554900,0.0,0
2016-09-08,185.66860961914062,0.3330000042915344,12.510000228881836,74102900,0.0,0
2016-09-09,181.22471618652344,0.3330000042915344,17.5,221589100,0.0,0
2016-09-12,183.82481384277344,0.3499999940395355,15.15999984741211,168110900,0.0,0
2016-09-13,181.18223571777344,0.3449999988079071,17.850000381469727,182828800,0.0,0
2016-09-14,181.1142120361328,0.3149999976158142,18.139999389648438,134185500,0.0,0
2016-09-15,182.92410278320312,0.27799999713897705,16.299999237060547,134427900,0.0,0
2016-09-16,182.21702575683594,0.27300000190734863,15.369999885559082,155236400,0.0,0
2016-09-19,182.25112915039062,0.23800000548362732,15.529999732971191,80250500,0.0,0
2016-09-20,182.2597198486328,0.2879999876022339,15.920000076293945,69665300,0.0,0
2016-09-21,184.30931091308594,0.22300000488758087,13.300000190734863,110284400,0.0,0
2016-09-22,185.4707489013672,0.1599999964237213,12.020000457763672,76678700,0.0,0
2016-09-23,184.45448303222656,0.16500000655651093,12.289999961853027,73630900,0.0,0
2016-09-26,182.95999145507812,0.17299999296665192,14.5,89827300,0.0,0
2016-09-27,184.09579467773438,0.2549999952316284,13.100000381469727,78494800,0.0,0
2016-09-28,185.0095672607422,0.2630000114440918,12.390000343322754,87411000,0.0,0
2016-09-29,183.3357391357422,0.23499999940395355,14.020000457763672,128070600,0.0,0
2016-09-30,184.71920776367188,0.25999999046325684,13.289999961853027,117202900,0.0,0
2016-10-03,184.275146484375,0.2879999876022339,13.569999694824219,83512100,0.0,0
2016-10-04,183.3357391357422,0.3149999976158142,13.630000114440918,119948100,0.0,0
2016-10-05,184.1470947265625,0.31299999356269836,12.989999771118164,72816000,0.0,0
2016-10-06,184.275146484375,0.3100000023841858,12.84000015258789,62927400,0.0,0
2016-10-07,183.64317321777344,0.3100000023841858,13.479999542236328,89788300,0.0,0
2016-10-10,184.59962463378906,0.30799999833106995,13.380000114440918,51855000,0.0,0
2016-10-11,182.26821899414062,0.3199999928474426,15.359999656677246,130367400,0.0,0
2016-10-12,182.50735473632812,0.3400000035762787,15.90999984741211,73866100,0.0,0
2016-10-13,181.90960693359375,0.2750000059604645,16.690000534057617,101357000,0.0,0
2016-10-14,182.00347900390625,0.28999999165534973,16.1200008392334,93346200,0.0,0
2016-10-17,181.3716278076172,0.29499998688697815,16.209999084472656,58275700,0.0,0
2016-10-18,182.50735473632812,0.3330000042915344,15.279999732971191,76869700,0.0,0
2016-10-19,182.994140625,0.3230000138282776,14.40999984741211,66519200,0.0,0
2016-10-20,182.6525421142578,0.3199999928474426,13.75,73639800,0.0,0
2016-10-21,182.7379150390625,0.3149999976158142,13.34000015258789,89089100,0.0,0
2016-10-24,183.51507568359375,0.31299999356269836,13.020000457763672,60146600,0.0,0
2016-10-25,182.90017700195312,0.32499998807907104,13.460000038146973,66542300,0.0,0
2016-10-26,182.53302001953125,0.31299999356269836,14.239999771118164,75705500,0.0,0
2016-10-27,182.04620361328125,0.2750000059604645,15.359999656677246,77220200,0.0,0
2016-10-28,181.5081787109375,0.27300000190734863,16.190000534057617,140623200,0.0,0
2016-10-31,181.5166778564453,0.29499998688697815,17.059999465942383,61272500,0.0,0
2016-11-01,180.2015838623047,0.3449999988079071,18.559999465942383,122781800,0.0,0
2016-11-02,179.11697387695312,0.3449999988079071,19.31999969482422,103330800,0.0,0
2016-11-03,178.29710388183594,0.3580000102519989,22.079999923706055,88939300,0.0,0
2016-11-04,178.1007537841797,0.3580000102519989,22.510000228881836,109122100,0.0,0
2016-11-07,182.02911376953125,0.38999998569488525,18.709999084472656,109794900,0.0,0
2016-11-08,182.8489532470703,0.41999998688697815,18.739999771118164,106772100,0.0,0
2016-11-09,184.78750610351562,0.4180000126361847,14.380000114440918,258429000,0.0,0
2016-11-10,185.24868774414062,0.4580000042915344,14.739999771118164,172113300,0.0,0
2016-11-11,184.8217010498047,,14.170000076293945,100552700,,0
2016-11-14,184.96688842773438,0.503000020980835,14.479999542236328,94580000,0.0,0
2016-11-15,186.41012573242188,0.4880000054836273,13.369999885559082,91652600,0.0,0
2016-11-16,186.05992126464844,0.453000009059906,13.720000267028809,65617700,0.0,0
2016-11-17,187.0164794921875,0.41999998688697815,13.350000381469727,69797200,0.0,0
2016-11-18,186.5980224609375,0.4180000126361847,12.850000381469727,86265800,0.0,0
2016-11-21,188.00706481933594,0.41999998688697815,12.420000076293945,72402600,0.0,0
2016-11-22,188.37429809570312,0.4749999940395355,12.40999984741211,67429000,0.0,0
2016-11-23,188.4767608642578,0.48500001430511475,12.430000305175781,56620200,0.0,0
2016-11-25,189.17709350585938,0.47999998927116394,12.34000015258789,37872300,0.0,0
2016-11-28,188.28890991210938,0.44999998807907104,13.149999618530273,76572500,0.0,0
2016-11-29,188.65614318847656,0.46799999475479126,12.899999618530273,69886700,0.0,0
2016-11-30,188.2034912109375,0.46799999475479126,13.329999923706055,113291800,0.0,0
2016-12-01,187.51177978515625,0.4580000042915344,14.069999694824219,79040500,0.0,0
2016-12-02,187.60568237304688,0.45500001311302185,14.119999885559082,74840300,0.0,0
2016-12-05,188.7330322265625,0.453000009059906,12.140000343322754,67837800,0.0,0
2016-12-06,189.33079528808594,0.48500001430511475,11.789999961853027,59877400,0.0,0
2016-12-07,191.807373046875,0.4880000054836273,12.220000267028809,110738100,0.0,0
2016-12-08,192.2770538330078,0.49000000953674316,12.640000343322754,99714400,0.0,0
2016-12-09,193.43850708007812,0.5199999809265137,11.75,88005800,0.0,0
2016-12-12,193.21646118164062,0.5,12.640000343322754,102016100,0.0,0
2016-12-13,194.50596618652344,0.5230000019073486,12.720000267028809,110477500,0.0,0
2016-12-14,192.90048217773438,0.5230000019073486,13.1899995803833,142501800,0.0,0
2016-12-15,193.69467163085938,0.4880000054836273,12.789999961853027,124972600,0.0,0
2016-12-16,193.31581115722656,0.48500001430511475,12.199999809265137,156420200,0.0,0
2016-12-19,193.73683166503906,0.4779999852180481,11.710000038146973,90341100,0.0,0
2016-12-20,194.48416137695312,0.5130000114440918,11.449999809265137,89838800,0.0,0
2016-12-21,193.94297790527344,0.503000020980835,11.270000457763672,67909000,0.0,0
2016-12-22,193.60794067382812,0.49300000071525574,11.430000305175781,56219100,0.0,0
2016-12-23,193.89141845703125,0.5,11.4399995803833,36697800,0.0,0
2016-12-27,194.37245178222656,0.4950000047683716,11.989999771118164,42672500,0.0,0
2016-12-28,192.76609802246094,0.4950000047683716,12.949999809265137,64095000,0.0,0
2016-12-29,192.72312927246094,0.4399999976158142,13.369999885559082,48696100,0.0,0
2016-12-30,192.0187530517578,0.47999998927116394,14.039999961853027,108998300,0.0,0
2017-01-03,193.4876708984375,0.4749999940395355,12.850000381469727,91366500,0.0,0
2017-01-04,194.6387481689453,0.5180000066757202,11.850000381469727,78744400,0.0,0
2017-01-05,194.48416137695312,0.5080000162124634,11.670000076293945,78379000,0.0,0
2017-01-06,195.17996215820312,0.503000020980835,11.319999694824219,71559900,0.0,0
2017-01-09,194.5356903076172,0.48500001430511475,11.5600004196167,46939700,0.0,0
2017-01-10,194.5356903076172,0.503000020980835,11.489999771118164,63771900,0.0,0
2017-01-11,195.08543395996094,0.49799999594688416,11.260000228881836,74650000,0.0,0
2017-01-12,194.5958251953125,0.503000020980835,11.539999961853027,72113200,0.0,0
2017-01-13,195.04248046875,0.5130000114440918,11.229999542236328,62717900,0.0,0
2017-01-17,194.3553009033203,0.5130000114440918,11.869999885559082,61240800,0.0,0
2017-01-18,194.7847900390625,0.5149999856948853,12.479999542236328,54793300,0.0,0
2017-01-19,194.06320190429688,0.503000020980835,12.779999732971191,66608800,0.0,0
2017-01-20,194.7761993408203,0.47999998927116394,11.539999961853027,129168600,0.0,0
2017-01-23,194.2694091796875,0.4729999899864197,11.770000457763672,75061600,0.0,0
2017-01-24,195.5149688720703,0.49300000071525574,11.069999694824219,95555300,0.0,0
2017-01-25,197.207275390625,0.4830000102519989,10.8100004196167,84437700,0.0,0
2017-01-26,197.00106811523438,0.4880000054836273,10.630000114440918,59970700,0.0,0
2017-01-27,196.69183349609375,0.49799999594688416,10.579999923706055,59711100,0.0,0
2017-01-30,195.47206115722656,0.4950000047683716,11.880000114440918,79737300,0.0,0
2017-01-31,195.454833984375,0.5,11.989999771118164,75880800,0.0,0
2017-02-01,195.5321502685547,0.5,11.8100004196167,79117700,0.0,0
2017-02-02,195.6610107421875,0.4880000054836273,11.930000305175781,69657600,0.0,0
2017-02-03,197.0096893310547,0.4880000054836273,10.970000267028809,80563200,0.0,0
2017-02-06,196.6575164794922,0.503000020980835,11.369999885559082,57790100,0.0,0
2017-02-07,196.66607666015625,0.5249999761581421,11.289999961853027,57931200,0.0,0
2017-02-08,196.92381286621094,0.5249999761581421,11.449999809265137,51566200,0.0,0
2017-02-09,198.09207153320312,0.527999997138977,10.880000114440918,65955200,0.0,0
2017-02-10,198.8738250732422,0.5230000019073486,10.850000381469727,66015900,0.0,0
2017-02-13,199.95619201660156,0.5230000019073486,11.069999694824219,55182100,0.0,0
2017-02-14,200.7550048828125,0.5350000262260437,10.739999771118164,71109000,0.0,0
2017-02-15,201.80307006835938,0.5199999809265137,11.970000267028809,86785800,0.0,0
2017-02-16,201.63128662109375,0.5080000162124634,11.760000228881836,84722400,0.0,0
2017-02-17,201.9491424560547,0.5080000162124634,11.489999771118164,77204100,0.0,0
2017-02-21,203.1517333984375,0.5049999952316284,11.569999694824219,88946100,0.0,0
2017-02-22,202.9713592529297,0.5099999904632568,11.739999771118164,62115200,0.0,0
2017-02-23,203.1088104248047,0.49799999594688416,11.710000038146973,74615900,0.0,0
2017-02-24,203.36656188964844,0.49799999594688416,11.470000267028809,82381600,0.0,0
2017-02-27,203.6843719482422,0.49000000953674316,12.09000015258789,56515400,0.0,0
2017-02-28,203.13453674316406,0.5230000019073486,12.920000076293945,96961900,0.0,0
2017-03-01,205.97796630859375,0.6150000095367432,12.539999961853027,149158200,0.0,0
2017-03-02,204.68087768554688,0.6449999809265137,11.8100004196167,70246000,0.0,0
2017-03-03,204.80967712402344,0.6830000281333923,10.960000038146973,81974300,0.0,0
2017-03-06,204.19973754882812,0.7049999833106995,11.239999771118164,55391500,0.0,0
2017-03-07,203.58982849121094,0.7350000143051147,11.449999809265137,65103700,0.0,0
2017-03-08,203.21189880371094,0.7080000042915344,11.859999656677246,78168800,0.0,0
2017-03-09,203.4696044921875,0.7129999995231628,12.300000190734863,90683900,0.0,0
2017-03-10,204.1826171875,0.7250000238418579,11.65999984741211,81991700,0.0,0
2017-03-13,204.2857208251953,0.7279999852180481,11.350000381469727,57256800,0.0,0
2017-03-14,203.50399780273438,0.753000020980835,12.300000190734863,59880800,0.0,0
2017-03-15,205.26498413085938,0.7149999737739563,11.630000114440918,96081800,0.0,0
2017-03-16,204.8612518310547,0.7080000042915344,11.210000038146973,78344000,0.0,0
2017-03-17,204.50146484375,0.7080000042915344,11.279999732971191,89002100,0.0,0
2017-03-20,204.27711486816406,0.7099999785423279,11.34000015258789,52537000,0.0,0
2017-03-21,201.65432739257812,0.753000020980835,12.470000267028809,131809300,0.0,0
2017-03-22,202.12879943847656,0.7480000257492065,12.8100004196167,97569200,0.0,0
2017-03-23,201.91317749023438,0.7480000257492065,13.119999885559082,100410300,0.0,0
2017-03-24,201.76651000976562,0.7480000257492065,12.960000038146973,112504900,0.0,0
2017-03-27,201.55943298339844,0.7580000162124634,12.5,87454500,0.0,0
2017-03-28,203.0260772705078,0.7730000019073486,11.529999732971191,93483900,0.0,0
2017-03-29,203.21591186523438,0.7549999952316284,11.420000076293945,61950400,0.0,0
2017-03-30,203.86302185058594,0.7580000162124634,11.539999961853027,56737900,0.0,0
2017-03-31,203.38848876953125,0.7379999756813049,12.369999885559082,73733100,0.0,0
2017-04-03,203.03477478027344,0.7400000095367432,12.380000114440918,85546500,0.0,0
2017-04-04,203.16412353515625,0.7799999713897705,11.789999961853027,56466200,0.0,0
2017-04-05,202.56024169921875,0.7799999713897705,12.890000343322754,108800600,0.0,0
2017-04-06,203.129638671875,0.7879999876022339,12.390000343322754,69135800,0.0,0
2017-04-07,202.9225616455078,0.7979999780654907,12.869999885559082,74412300,0.0,0
2017-04-10,203.0433807373047,0.7879999876022339,14.050000190734863,67615300,0.0,0
2017-04-11,202.8018035888672,0.800000011920929,15.069999694824219,88045300,0.0,0
2017-04-12,201.91317749023438,0.7929999828338623,15.770000457763672,81864400,0.0,0
2017-04-13,200.6017303466797,0.7900000214576721,15.960000038146973,92880400,0.0,0
2017-04-17,202.37904357910156,0.7900000214576721,14.65999984741211,68405400,0.0,0
2017-04-18,201.77508544921875,0.8050000071525574,14.420000076293945,83225800,0.0,0
2017-04-19,201.40411376953125,0.7850000262260437,14.930000305175781,68699900,0.0,0
2017-04-20,203.0433807373047,0.7699999809265137,14.149999618530273,92572200,0.0,0
2017-04-21,202.3963165283203,0.7630000114440918,14.630000114440918,110389800,0.0,0
2017-04-24,204.62225341796875,0.7699999809265137,10.84000015258789,119209900,0.0,0
2017-04-25,205.81285095214844,0.8080000281333923,10.760000228881836,76698300,0.0,0
2017-04-26,205.6834259033203,0.8029999732971191,10.850000381469727,84702500,0.0,0
2017-04-27,205.85598754882812,0.7850000262260437,10.359999656677246,57410300,0.0,0
2017-04-28,205.40737915039062,0.7799999713897705,10.819999694824219,63532800,0.0,0
2017-05-01,205.92501831054688,0.7850000262260437,10.109999656677246,66882500,0.0,0
2017-05-02,206.0026092529297,0.8429999947547913,10.59000015258789,57375700,0.0,0
2017-05-03,205.75247192382812,0.8479999899864197,10.680000305175781,73137700,0.0,0
2017-05-04,205.99404907226562,0.8550000190734863,10.460000038146973,61462700,0.0,0
2017-05-05,206.80503845214844,0.8679999709129333,10.569999694824219,62001300,0.0,0
2017-05-08,206.77053833007812,0.8700000047683716,9.770000457763672,48385700,0.0,0
2017-05-09,206.58071899414062,0.8899999856948853,9.960000038146973,51363200,0.0,0
2017-05-10,206.9517364501953,0.875,10.210000038146973,54293800,0.0,0
2017-05-11,206.52894592285156,0.8600000143051147,10.600000381469727,62358300,0.0,0
2017-05-12,206.18380737304688,0.8550000190734863,10.399999618530273,53912700,0.0,0
2017-05-15,207.3226776123047,0.8629999756813049,10.420000076293945,61918900,0.0,0
2017-05-16,207.13287353515625,0.8899999856948853,10.649999618530273,51241800,0.0,0
2017-05-17,203.45751953125,0.875,15.59000015258789,172174100,0.0,0
2017-05-18,204.27711486816406,0.8930000066757202,14.65999984741211,107047700,0.0,0
2017-05-19,205.60577392578125,0.8880000114440918,12.039999961853027,115011400,0.0,0
2017-05-22,206.6497344970703,0.878000020980835,10.930000305175781,61010600,0.0,0
2017-05-23,207.10699462890625,0.9129999876022339,10.720000267028809,48341700,0.0,0
2017-05-24,207.5901641845703,0.9049999713897705,10.020000457763672,46927700,0.0,0
2017-05-25,208.58233642578125,0.9079999923706055,9.989999771118164,64071700,0.0,0
2017-05-26,208.5391845703125,0.9100000262260437,9.8100004196167,46629900,0.0,0
2017-05-30,208.3580322265625,0.9100000262260437,10.380000114440918,35201900,0.0,0
2017-05-31,208.3061981201172,0.949999988079071,10.40999984741211,91796000,0.0,0
2017-06-01,209.96275329589844,0.9480000138282776,9.890000343322754,68962000,0.0,0
2017-06-02,210.6615447998047,0.953000009059906,9.75,88666100,0.0,0
2017-06-05,210.50634765625,0.9480000138282776,10.069999694824219,44698800,0.0,0
2017-06-06,209.83334350585938,0.9580000042915344,10.449999809265137,50375400,0.0,0
2017-06-07,210.22157287597656,0.9729999899864197,10.390000343322754,54144300,0.0,0
2017-06-08,210.32521057128906,0.9729999899864197,10.15999984741211,65950700,0.0,0
2017-06-09,210.0059051513672,0.9800000190734863,10.699999809265137,132256400,0.0,0
2017-06-12,209.96275329589844,0.9729999899864197,11.460000038146973,86108100,0.0,0
2017-06-13,210.98947143554688,0.9829999804496765,10.420000076293945,60067000,0.0,0
2017-06-14,210.7219696044922,0.9829999804496765,10.640000343322754,78602300,0.0,0
2017-06-15,210.3165283203125,0.9929999709129333,10.899999618530273,66464900,0.0,0
2017-06-16,210.36239624023438,0.9850000143051147,10.380000114440918,84553100,0.0,0
2017-06-19,212.1137237548828,0.9850000143051147,10.369999885559082,65123800,0.0,0
2017-06-20,210.68319702148438,0.9929999709129333,10.859999656677246,56906400,0.0,0
2017-06-21,210.6311798095703,0.9679999947547913,10.75,55977600,0.0,0
2017-06-22,210.53585815429688,0.9330000281333923,10.479999542236328,44148100,0.0,0
2017-06-23,210.7872772216797,0.9330000281333923,10.020000457763672,66986800,0.0,0
2017-06-26,210.9259490966797,0.9330000281333923,9.899999618530273,56700500,0.0,0
2017-06-27,209.22674560546875,0.9900000095367432,11.0600004196167,82247700,0.0,0
2017-06-28,211.09938049316406,0.9850000143051147,10.029999732971191,70042600,0.0,0
2017-06-29,209.2440185546875,1.003000020980835,11.4399995803833,106949700,0.0,0
2017-06-30,209.63418579101562,0.9929999709129333,11.180000305175781,86820700,0.0,0
2017-07-03,209.98965454101562,1.0,11.220000267028809,39153800,0.0,0
2017-07-05,210.4751739501953,1.0199999809265137,11.069999694824219,54427600,0.0,0
2017-07-06,208.5504608154297,1.0080000162124634,12.539999961853027,65400800,0.0,0
2017-07-07,209.90292358398438,1.0080000162124634,11.1899995803833,57972300,0.0,0
2017-07-10,210.12835693359375,1.0130000114440918,11.109999656677246,36663300,0.0,0
2017-07-11,209.97232055664062,1.0329999923706055,10.890000343322754,50354600,0.0,0
2017-07-12,211.55015563964844,1.0230000019073486,10.300000190734863,59610400,0.0,0
2017-07-13,211.9056396484375,1.0130000114440918,9.899999618530273,39471600,0.0,0
2017-07-14,212.89402770996094,1.0080000162124634,9.510000228881836,60262700,0.0,0
2017-07-17,212.8679656982422,1.0199999809265137,9.819999694824219,33531900,0.0,0
2017-07-18,212.980712890625,1.0399999618530273,9.890000343322754,42742500,0.0,0
2017-07-19,214.13377380371094,1.0850000381469727,9.789999961853027,51034300,0.0,0
2017-07-20,214.22914123535156,1.1130000352859497,9.579999923706055,47135200,0.0,0
2017-07-21,214.0383758544922,1.1380000114440918,9.359999656677246,82340800,0.0,0
2017-07-24,213.98643493652344,1.149999976158142,9.430000305175781,46622300,0.0,0
2017-07-25,214.506591796875,1.1430000066757202,9.430000305175781,54915600,0.0,0
2017-07-26,214.51524353027344,1.0950000286102295,9.600000381469727,47575400,0.0,0
2017-07-27,214.31582641601562,1.0779999494552612,10.109999656677246,70766600,0.0,0
2017-07-28,214.06439208984375,1.0529999732971191,10.289999961853027,50088400,0.0,0
2017-07-31,213.94305419921875,1.0529999732971191,10.260000228881836,65838700,0.0,0
2017-08-01,214.419921875,1.0579999685287476,10.09000015258789,55050400,0.0,0
2017-08-02,214.5239715576172,1.0499999523162842,10.279999732971191,47211200,0.0,0
2017-08-03,214.10777282714844,1.0579999685287476,10.4399995803833,40856000,0.0,0
2017-08-04,214.4978485107422,1.0529999732971191,10.029999732971191,60191800,0.0,0
2017-08-07,214.89671325683594,1.0329999923706055,9.930000305175781,31995000,0.0,0
2017-08-08,214.36782836914062,1.0299999713897705,10.960000038146973,61719400,0.0,0
2017-08-09,214.35919189453125,1.024999976158142,11.109999656677246,62632600,0.0,0
2017-08-10,211.33349609375,1.0180000066757202,16.040000915527344,120479500,0.0,0
2017-08-11,211.6455535888672,1.0130000114440918,15.510000228881836,74869900,0.0,0
2017-08-14,213.74362182617188,1.003000020980835,12.329999923706055,73291900,0.0,0
2017-08-15,213.7175750732422,1.0080000162124634,12.039999961853027,55242700,0.0,0
2017-08-16,214.0904541015625,0.9850000143051147,11.739999771118164,56715500,0.0,0
2017-08-17,210.75254821777344,0.9779999852180481,15.550000190734863,128490400,0.0,0
2017-08-18,210.423095703125,0.9879999756813049,14.260000228881836,136748000,0.0,0
2017-08-21,210.58779907226562,0.9649999737739563,13.1899995803833,65469700,0.0,0
2017-08-22,212.7899627685547,0.9950000047683716,11.350000381469727,63140100,0.0,0
2017-08-23,212.0270538330078,0.9800000190734863,12.25,50203800,0.0,0
2017-08-24,211.5329132080078,0.9980000257492065,12.229999542236328,50741700,0.0,0
2017-08-25,212.0270538330078,0.9950000047683716,11.279999732971191,64445900,0.0,0
2017-08-28,212.03567504882812,1.0049999952316284,11.319999694824219,40565600,0.0,0
2017-08-29,212.2785186767578,1.0099999904632568,11.699999809265137,51135700,0.0,0
2017-08-30,213.2841339111328,0.9980000257492065,11.220000267028809,62030800,0.0,0
2017-08-31,214.56727600097656,0.9779999852180481,10.59000015258789,103803900,0.0,0
2017-09-01,214.87071228027344,0.9850000143051147,10.130000114440918,62007000,0.0,0
2017-09-05,213.32749938964844,0.9829999804496765,12.229999542236328,91398800,0.0,0
2017-09-06,214.0557403564453,1.0379999876022339,11.630000114440918,57916900,0.0,0
2017-09-07,214.0297393798828,1.0230000019073486,11.550000190734863,58034700,0.0,0
2017-09-08,213.77835083007812,1.0199999809265137,12.119999885559082,63832800,0.0,0
2017-09-11,216.05850219726562,1.0199999809265137,10.729999542236328,71364800,0.0,0
2017-09-12,216.78671264648438,1.0180000066757202,10.579999923706055,56896000,0.0,0
2017-09-13,216.8907470703125,1.0180000066757202,10.5,59228000,0.0,0
2017-09-14,216.8213653564453,1.027999997138977,10.4399995803833,95446300,0.0,0
2017-09-15,217.1132354736328,1.0099999904632568,10.170000076293945,95432400,0.0,0
2017-09-18,217.57508850097656,1.0,10.149999618530273,46235200,0.0,0
2017-09-19,217.79287719726562,1.0180000066757202,10.180000305175781,47108100,0.0,0
2017-09-20,217.87127685546875,1.0199999809265137,9.779999732971191,59574100,0.0,0
2017-09-21,217.28756713867188,1.0080000162124634,9.670000076293945,48211400,0.0,0
2017-09-22,217.3311004638672,1.003000020980835,9.59000015258789,51214000,0.0,0
2017-09-25,216.88670349121094,0.9980000257492065,10.210000038146973,57064400,0.0,0
2017-09-26,217.01744079589844,1.0429999828338623,10.170000076293945,54082000,0.0,0
2017-09-27,217.86256408691406,1.0379999876022339,9.869999885559082,81001400,0.0,0
2017-09-28,218.1239776611328,1.0299999713897705,9.550000190734863,44778800,0.0,0
2017-09-29,218.89065551757812,1.027999997138977,9.510000228881836,85578000,0.0,0
2017-10-02,219.84036254882812,1.0130000114440918,9.449999809265137,59023000,0.0,0
2017-10-03,220.3108367919922,1.034999966621399,9.510000228881836,66810200,0.0,0
2017-10-04,220.5722198486328,1.0429999828338623,9.630000114440918,55953600,0.0,0
2017-10-05,221.879150390625,1.0429999828338623,9.1899995803833,63522800,0.0,0
2017-10-06,221.62649536132812,1.0429999828338623,9.649999618530273,80646000,0.0,0
2017-10-09,221.26052856445312,1.0449999570846558,10.329999923706055,35803100,0.0,0
2017-10-10,221.8443145751953,1.0549999475479126,10.079999923706055,43057400,0.0,0
2017-10-11,222.19284057617188,1.0679999589920044,9.850000381469727,47674300,0.0,0
2017-10-12,221.86170959472656,1.0529999732971191,9.90999984741211,47065100,0.0,0
2017-10-13,222.13182067871094,1.0499999523162842,9.609999656677246,54800400,0.0,0
2017-10-16,222.4280242919922,1.0549999475479126,9.90999984741211,38221700,0.0,0
2017-10-17,222.5848846435547,1.0729999542236328,10.3100004196167,31561000,0.0,0
2017-10-18,222.802734375,1.0679999589920044,10.069999694824219,40888300,0.0,0
2017-10-19,222.8637237548828,1.065000057220459,10.050000190734863,61903800,0.0,0
2017-10-20,224.01376342773438,1.0750000476837158,9.970000267028809,89176400,0.0,0
2017-10-23,223.14248657226562,1.0700000524520874,11.069999694824219,63915300,0.0,0
2017-10-24,223.53456115722656,1.0980000495910645,11.15999984741211,66935900,0.0,0
2017-10-25,222.4280242919922,1.0829999446868896,11.229999542236328,103715300,0.0,0
2017-10-26,222.715576171875,1.0800000429153442,11.300000190734863,69798000,0.0,0
2017-10-27,224.5365447998047,1.0729999542236328,9.800000190734863,85562500,0.0,0
2017-10-30,223.7001190185547,1.0750000476837158,10.5,54285700,0.0,0
2017-10-31,224.048583984375,1.1230000257492065,10.180000305175781,60304800,0.0,0
2017-11-01,224.3448486328125,1.1380000114440918,10.199999809265137,54202700,0.0,0
2017-11-02,224.4320068359375,1.1380000114440918,9.930000305175781,56449500,0.0,0
2017-11-03,225.18130493164062,1.1480000019073486,9.140000343322754,59589700,0.0,0
2017-11-06,225.52976989746094,1.1579999923706055,9.399999618530273,49652600,0.0,0
2017-11-07,225.37298583984375,1.187999963760376,9.890000343322754,57502200,0.0,0
2017-11-08,225.7563018798828,1.1950000524520874,9.779999732971191,50469600,0.0,0
2017-11-09,224.93740844726562,1.2029999494552612,10.5,95085500,0.0,0
2017-11-10,224.86761474609375,1.2000000476837158,11.289999961853027,59984700,0.0,0
2017-11-13,225.0767364501953,1.184999942779541,11.5,50228600,0.0,0
2017-11-14,224.553955078125,1.2400000095367432,11.59000015258789,61315200,0.0,0
2017-11-15,223.4300079345703,1.2300000190734863,13.130000114440918,80811500,0.0,0
2017-11-16,225.32940673828125,1.2300000190734863,11.760000228881836,67777000,0.0,0
2017-11-17,224.6671905517578,1.2400000095367432,11.430000305175781,75756800,0.0,0
2017-11-20,225.05059814453125,1.2400000095367432,10.649999618530273,48075500,0.0,0
2017-11-21,226.5230255126953,1.277999997138977,9.729999542236328,69176800,0.0,0
2017-11-22,226.3226776123047,1.2649999856948853,9.880000114440918,45033400,0.0,0
2017-11-24,226.8454132080078,1.2400000095367432,9.670000076293945,27856500,0.0,0
2017-11-27,226.73216247558594,1.2230000495910645,9.869999885559082,52274900,0.0,0
2017-11-28,229.03231811523438,1.2649999856948853,10.029999732971191,98971700,0.0,0
2017-11-29,228.8928985595703,1.2580000162124634,10.699999809265137,77512100,0.0,0
2017-11-30,230.89688110351562,1.2380000352859497,11.279999732971191,127894400,0.0,0
2017-12-01,230.4176025390625,1.2350000143051147,11.430000305175781,164390900,0.0,0
2017-12-04,230.1388702392578,1.2450000047683716,11.680000305175781,94040600,0.0,0
2017-12-05,229.31112670898438,1.2829999923706055,11.329999923706055,77994500,0.0,0
2017-12-06,229.35470581054688,1.2630000114440918,11.020000457763672,75898600,0.0,0
2017-12-07,230.07786560058594,1.2599999904632568,10.15999984741211,77218600,0.0,0
2017-12-08,231.3324737548828,1.253000020980835,9.579999923706055,76563900,0.0,0
2017-12-11,232.02951049804688,1.2630000114440918,9.34000015258789,83077500,0.0,0
2017-12-12,232.43896484375,1.309999942779541,9.920000076293945,85195800,0.0,0
2017-12-13,232.41285705566406,1.2730000019073486,10.180000305175781,102905400,0.0,0
2017-12-14,231.46316528320312,1.2829999923706055,10.489999771118164,100666700,0.0,0
2017-12-15,233.3906707763672,1.284999966621399,9.420000076293945,144610300,0.0,0
2017-12-18,234.87063598632812,1.315000057220459,9.529999732971191,83653600,0.0,0
2017-12-19,233.9687042236328,1.3530000448226929,10.029999732971191,82382900,0.0,0
2017-12-20,233.8461456298828,1.350000023841858,9.720000267028809,76751500,0.0,0
2017-12-21,234.32769775390625,1.3200000524520874,9.619999885559082,67032300,0.0,0
2017-12-22,234.26641845703125,1.2979999780654907,9.899999618530273,78720900,0.0,0
2017-12-26,233.9862060546875,1.3029999732971191,10.25,45244400,0.0,0
2017-12-27,234.1000518798828,1.4079999923706055,10.470000267028809,57751000,0.0,0
2017-12-28,234.5816650390625,1.3700000047683716,10.180000305175781,45116100,0.0,0
2017-12-29,233.6971435546875,1.3550000190734863,11.039999961853027,96007400,0.0,0
2018-01-02,235.36985778808594,1.378000020980835,9.770000457763672,86655700,0.0,0
2018-01-03,236.85853576660156,1.3700000047683716,9.149999618530273,90070400,0.0,0
2018-01-04,237.85684204101562,1.3700000047683716,9.220000267028809,80636400,0.0,0
2018-01-05,239.4420166015625,1.3700000047683716,9.220000267028809,83524000,0.0,0
2018-01-08,239.8798828125,1.3799999952316284,9.520000457763672,57319200,0.0,0
2018-01-09,240.42274475097656,1.4149999618530273,10.079999923706055,57254000,0.0,0
2018-01-10,240.05494689941406,1.3949999809265137,9.819999694824219,69574300,0.0,0
2018-01-11,241.80642700195312,1.402999997138977,9.880000114440918,62361500,0.0,0
2018-01-12,243.38275146484375,1.409999966621399,10.15999984741211,90816100,0.0,0
2018-01-16,242.55078125,1.3949999809265137,11.65999984741211,106555100,0.0,0
2018-01-17,244.8627166748047,1.4149999618530273,11.90999984741211,113258800,0.0,0
2018-01-18,244.451171875,1.4049999713897705,12.220000267028809,100728000,0.0,0
2018-01-19,245.5633544921875,1.402999997138977,11.270000457763672,140920100,0.0,0
2018-01-22,247.5599822998047,1.3899999856948853,11.029999732971191,91322400,0.0,0
2018-01-23,248.0853271484375,1.4129999876022339,11.100000381469727,97084700,0.0,0
2018-01-24,247.98904418945312,1.409999966621399,11.470000267028809,134816100,0.0,0
2018-01-25,248.09420776367188,1.3930000066757202,11.579999923706055,84587300,0.0,0
2018-01-26,250.96652221679688,1.3880000114440918,11.079999923706055,107743100,0.0,0
2018-01-29,249.30267333984375,1.375,13.84000015258789,90118300,0.0,0
2018-01-30,246.74557495117188,1.4249999523162842,14.789999961853027,131796400,0.0,0
2018-01-31,246.86814880371094,1.4299999475479126,13.539999961853027,108364800,0.0,0
2018-02-01,246.5879669189453,1.4529999494552612,13.470000267028809,90102500,0.0,0
2018-02-02,241.2197723388672,1.4500000476837158,17.309999465942383,173174800,0.0,0
2018-02-05,231.13128662109375,1.4579999446868896,37.31999969482422,294681800,0.0,0
2018-02-06,235.68507385253906,1.4880000352859497,29.979999542236328,355026800,0.0,0
2018-02-07,234.40655517578125,1.5149999856948853,27.729999542236328,167376100,0.0,0
2018-02-08,225.61422729492188,1.5149999856948853,33.459999084472656,246449500,0.0,0
2018-02-09,229.00328063964844,1.524999976158142,29.059999465942383,283565300,0.0,0
2018-02-12,232.36602783203125,1.534999966621399,25.610000610351562,143736000,0.0,0
2018-02-13,232.94407653808594,1.5700000524520874,24.969999313354492,81223600,0.0,0
2018-02-14,236.08787536621094,1.5499999523162842,19.260000228881836,120735700,0.0,0
2018-02-15,239.10043334960938,1.559999942779541,19.1299991607666,111200300,0.0,0
2018-02-16,239.17050170898438,1.5700000524520874,19.459999084472656,160420100,0.0,0
2018-02-20,237.6729736328125,1.5729999542236328,20.600000381469727,86369700,0.0,0
2018-02-21,236.49075317382812,1.6080000400543213,20.020000457763672,98883700,0.0,0
2018-02-22,236.79727172851562,1.6050000190734863,18.719999313354492,110511300,0.0,0
2018-02-23,240.57167053222656,1.6050000190734863,16.489999771118164,92766400,0.0,0
2018-02-26,243.36524963378906,1.6080000400543213,15.800000190734863,86491400,0.0,0
2018-02-27,240.3264923095703,1.6349999904632568,18.59000015258789,99099200,0.0,0
2018-02-28,237.89193725585938,1.6180000305175781,19.850000381469727,121907800,0.0,0
2018-03-01,234.43283081054688,1.590000033378601,22.469999313354492,176855100,0.0,0
2018-03-02,235.64126586914062,1.6050000190734863,19.59000015258789,139083200,0.0,0
2018-03-05,238.3648223876953,1.625,18.729999542236328,97307400,0.0,0
2018-03-06,238.96910095214844,1.6430000066757202,18.360000610351562,79213200,0.0,0
2018-03-07,238.8815155029297,1.649999976158142,17.760000228881836,87063500,0.0,0
2018-03-08,240.03749084472656,1.6349999904632568,16.540000915527344,66901200,0.0,0
2018-03-09,244.2146453857422,1.6349999904632568,14.640000343322754,113625300,0.0,0
2018-03-12,243.90823364257812,1.6430000066757202,15.779999732971191,71924800,0.0,0
2018-03-13,242.33181762695312,1.690000057220459,16.350000381469727,91968900,0.0,0
2018-03-14,241.08834838867188,1.718000054359436,17.229999542236328,105895100,0.0,0
2018-03-15,240.82557678222656,1.7330000400543213,16.59000015258789,83433000,0.0,0
2018-03-16,241.0867462158203,1.7380000352859497,15.800000190734863,100343700,0.0,0
2018-03-19,237.82473754882812,1.7280000448226929,19.020000457763672,109208400,0.0,0
2018-03-20,238.22926330566406,1.7580000162124634,18.200000762939453,59757300,0.0,0
2018-03-21,237.77198791503906,1.7100000381469727,17.860000610351562,78709600,0.0,0
2018-03-22,231.8284149169922,1.6829999685287476,23.34000015258789,148785900,0.0,0
2018-03-23,226.8870849609375,1.687999963760376,24.8700008392334,183534800,0.0,0
2018-03-26,233.09445190429688,1.7050000429153442,21.030000686645508,141956100,0.0,0
2018-03-27,229.1291046142578,1.7330000400543213,22.5,129941400,0.0,0
2018-03-28,228.4521484375,1.6950000524520874,22.8700008392334,146452300,0.0,0
2018-03-29,231.3712158203125,1.6699999570846558,19.969999313354492,111601600,0.0,0
2018-04-02,226.3771209716797,1.6829999685287476,23.6200008392334,186286300,0.0,0
2018-04-03,229.27857971191406,1.7130000591278076,21.100000381469727,119956900,0.0,0
2018-04-04,231.73170471191406,1.6679999828338623,20.059999465942383,123715300,0.0,0
2018-04-05,233.56051635742188,1.6749999523162842,18.940000534057617,82652600,0.0,0
2018-04-06,228.3553466796875,1.6799999475479126,21.489999771118164,179521200,0.0,0
2018-04-09,229.4807891845703,1.6749999523162842,21.770000457763672,105442900,0.0,0
2018-04-10,233.12969970703125,1.6950000524520874,20.469999313354492,103529000,0.0,0
2018-04-11,231.9075164794922,1.6929999589920044,20.239999771118164,91140200,0.0,0
2018-04-12,233.81546020507812,1.7050000429153442,18.489999771118164,68890500,0.0,0
2018-04-13,233.12969970703125,1.718000054359436,17.40999984741211,85079200,0.0,0
2018-04-16,235.04641723632812,1.7130000591278076,16.559999465942383,63405300,0.0,0
2018-04-17,237.56101989746094,1.7549999952316284,15.25,64682000,0.0,0
2018-04-18,237.73687744140625,1.7699999809265137,15.600000381469727,57303900,0.0,0
2018-04-19,236.4180450439453,1.7829999923706055,15.960000038146973,77655900,0.0,0
2018-04-20,234.41334533691406,1.7649999856948853,16.8799991607666,99953100,0.0,0
2018-04-23,234.37814331054688,1.7829999923706055,16.34000015258789,65558000,0.0,0
2018-04-24,231.2217254638672,1.8229999542236328,18.020000457763672,112885500,0.0,0
2018-04-25,231.79324340820312,1.815000057220459,17.84000015258789,103840900,0.0,0
2018-04-26,234.1496124267578,1.784999966621399,16.239999771118164,67731900,0.0,0
2018-04-27,234.36941528320312,1.7699999809265137,15.40999984741211,57053600,0.0,0
2018-04-30,232.56692504882812,1.7630000114440918,15.930000305175781,82182300,0.0,0
2018-05-01,232.98025512695312,1.809999942779541,15.489999771118164,74203400,0.0,0
2018-05-02,231.41513061523438,1.784999966621399,15.970000267028809,86368900,0.0,0
2018-05-03,230.9052276611328,1.7879999876022339,15.899999618530273,136311500,0.0,0
2018-05-04,233.89459228515625,1.7929999828338623,14.770000457763672,91222100,0.0,0
2018-05-07,234.68592834472656,1.7929999828338623,14.75,55304900,0.0,0
2018-05-08,234.68592834472656,1.8350000381469727,14.710000038146973,67499200,0.0,0
2018-05-09,236.95433044433594,1.8450000286102295,13.420000076293945,59666100,0.0,0
2018-05-10,239.17001342773438,1.8450000286102295,13.229999542236328,72063900,0.0,0
2018-05-11,239.8997802734375,1.8600000143051147,12.649999618530273,59871500,0.0,0
2018-05-14,240.01406860351562,1.8550000190734863,12.930000305175781,54790600,0.0,0
2018-05-15,238.36114501953125,1.875,14.630000114440918,87036100,0.0,0
2018-05-16,239.36349487304688,1.8650000095367432,13.420000076293945,53942600,0.0,0
2018-05-17,239.1612091064453,1.8630000352859497,13.430000305175781,56536400,0.0,0
2018-05-18,238.56336975097656,1.8550000190734863,13.420000076293945,64368000,0.0,0
2018-05-21,240.3568878173828,1.8630000352859497,13.079999923706055,58025900,0.0,0
2018-05-22,239.68878173828125,1.8930000066757202,13.220000267028809,52966400,0.0,0
2018-05-23,240.34812927246094,1.8730000257492065,12.579999923706055,64694200,0.0,0
2018-05-24,239.8557891845703,1.8600000143051147,12.529999732971191,76043800,0.0,0
2018-05-25,239.28427124023438,1.8530000448226929,13.220000267028809,56374800,0.0,0
2018-05-29,236.5323028564453,1.840000033378601,17.020000457763672,115908600,0.0,0
2018-05-30,239.68878173828125,1.878000020980835,14.9399995803833,69678400,0.0,0
2018-05-31,238.22039794921875,1.8700000047683716,15.430000305175781,93519900,0.0,0
2018-06-01,240.55923461914062,1.8680000305175781,13.460000038146973,71258400,0.0,0
2018-06-04,241.70230102539062,1.8650000095367432,12.739999771118164,45385200,0.0,0
2018-06-05,241.87803649902344,1.902999997138977,12.399999618530273,51135000,0.0,0
2018-06-06,243.90032958984375,1.899999976158142,11.640000343322754,62732200,0.0,0
2018-06-07,243.87387084960938,1.8849999904632568,12.130000114440918,72969400,0.0,0
2018-06-08,244.5949249267578,1.8799999952316284,12.180000305175781,72139700,0.0,0
2018-06-11,244.92019653320312,1.8680000305175781,12.350000381469727,58892500,0.0,0
2018-06-12,245.23678588867188,1.8880000114440918,12.34000015258789,72329000,0.0,0
2018-06-13,244.45420837402344,1.8949999809265137,12.9399995803833,79070600,0.0,0
2018-06-14,245.06968688964844,1.8830000162124634,12.119999885559082,77097600,0.0,0
2018-06-15,244.75711059570312,1.8880000114440918,11.979999542236328,120041600,0.0,0
2018-06-18,244.25360107421875,1.8830000162124634,12.3100004196167,52917600,0.0,0
2018-06-19,243.3174285888672,1.8980000019073486,13.350000381469727,97531500,0.0,0
2018-06-20,243.73263549804688,1.8880000114440918,12.789999961853027,53785500,0.0,0
2018-06-21,242.2046661376953,1.8899999856948853,14.640000343322754,71061400,0.0,0
2018-06-22,242.64630126953125,1.8700000047683716,13.770000457763672,54898500,0.0,0
2018-06-25,239.34317016601562,1.8530000448226929,17.329999923706055,137854200,0.0,0
2018-06-26,239.87306213378906,1.8930000066757202,15.920000076293945,68547400,0.0,0
2018-06-27,237.88592529296875,1.8799999952316284,17.90999984741211,105110700,0.0,0
2018-06-28,239.2459716796875,1.8799999952316284,16.850000381469727,76650500,0.0,0
2018-06-29,239.59039306640625,1.8799999952316284,16.09000015258789,97592500,0.0,0
2018-07-02,240.1026153564453,1.8949999809265137,15.600000381469727,63554800,0.0,0
2018-07-03,239.2548065185547,1.9329999685287476,16.139999389648438,42187100,0.0,0
2018-07-05,241.2065887451172,1.909999966621399,14.970000267028809,56925900,0.0,0
2018-07-06,243.2467498779297,1.9049999713897705,13.369999885559082,66493700,0.0,0
2018-07-09,245.43711853027344,1.9149999618530273,12.6899995803833,50550400,0.0,0
2018-07-10,246.32032775878906,1.934999942779541,12.640000343322754,51966800,0.0,0
2018-07-11,244.51856994628906,1.9199999570846558,13.630000114440918,77054700,0.0,0
2018-07-12,246.73538208007812,1.9279999732971191,12.579999923706055,60124700,0.0,0
2018-07-13,246.92967224121094,1.9279999732971191,12.180000305175781,48216000,0.0,0
2018-07-16,246.7089080810547,1.937999963760376,12.829999923706055,48201000,0.0,0
2018-07-17,247.70692443847656,1.975000023841858,12.0600004196167,52315500,0.0,0
2018-07-18,248.22796630859375,1.9600000381469727,12.100000381469727,44593500,0.0,0
2018-07-19,247.29185485839844,1.9479999542236328,12.869999885559082,61412100,0.0,0
2018-07-20,247.00912475585938,1.9329999685287476,12.859999656677246,82337700,0.0,0
2018-07-23,247.4684600830078,1.9199999570846558,12.619999885559082,47047600,0.0,0
2018-07-24,248.71368408203125,1.9600000381469727,12.40999984741211,68026900,0.0,0
2018-07-25,250.8333740234375,1.9529999494552612,12.289999961853027,78882900,0.0,0
2018-07-26,250.24168395996094,1.9450000524520874,12.140000343322754,57919500,0.0,0
2018-07-27,248.54591369628906,1.9450000524520874,13.029999732971191,76768700,0.0,0
2018-07-30,247.24754333496094,1.9450000524520874,14.260000228881836,63742500,0.0,0
2018-07-31,248.46646118164062,1.9850000143051147,12.829999923706055,68570500,0.0,0
2018-08-01,248.05126953125,1.9780000448226929,13.149999618530273,53853300,0.0,0
2018-08-02,249.40264892578125,1.965000033378601,12.1899995803833,63426400,0.0,0
2018-08-03,250.4712371826172,1.9600000381469727,11.640000343322754,53935400,0.0,0
2018-08-06,251.3897705078125,1.968000054359436,11.270000457763672,39400900,0.0,0
2018-08-07,252.21990966796875,2.007999897003174,10.930000305175781,43196600,0.0,0
2018-08-08,252.11407470703125,2.007999897003174,10.850000381469727,42114600,0.0,0
2018-08-09,251.76956176757812,2.005000114440918,11.270000457763672,35717000,0.0,0
2018-08-10,250.0826416015625,2.0,13.15999984741211,77076000,0.0,0
2018-08-13,249.14649963378906,1.9950000047683716,14.779999732971191,65732900,0.0,0
2018-08-14,250.73619079589844,2.0329999923706055,13.3100004196167,43842000,0.0,0
2018-08-15,248.8638153076172,2.0199999809265137,14.640000343322754,102925400,0.0,0
2018-08-16,250.87757873535156,2.015000104904175,13.449999809265137,69967900,0.0,0
2018-08-17,251.7606964111328,1.9950000047683716,12.640000343322754,65618500,0.0,0
2018-08-20,252.2994842529297,1.9930000305175781,12.489999771118164,39807500,0.0,0
2018-08-21,252.89114379882812,2.0350000858306885,12.859999656677246,67272000,0.0,0
2018-08-22,252.7410888671875,2.0350000858306885,12.25,44993300,0.0,0
2018-08-23,252.40536499023438,2.0329999923706055,12.40999984741211,49204900,0.0,0
2018-08-24,253.92453002929688,2.0480000972747803,11.989999771118164,57487400,0.0,0
2018-08-27,255.92935180664062,2.059999942779541,12.15999984741211,57072400,0.0,0
2018-08-28,256.0529479980469,2.078000068664551,12.5,46943500,0.0,0
2018-08-29,257.4307556152344,2.0799999237060547,12.25,61485500,0.0,0
2018-08-30,256.3886413574219,2.058000087738037,13.529999732971191,61229500,0.0,0
2018-08-31,256.39739990234375,2.055000066757202,12.859999656677246,66140800,0.0,0
2018-09-04,255.9558563232422,2.068000078201294,13.15999984741211,57594400,0.0,0
2018-09-05,255.2670135498047,2.0899999141693115,13.90999984741211,72452400,0.0,0
2018-09-06,254.49853515625,2.0799999237060547,14.649999618530273,65909900,0.0,0
2018-09-07,254.0041046142578,2.0880000591278076,14.880000114440918,73524800,0.0,0
2018-09-10,254.4456024169922,2.0829999446868896,14.15999984741211,50210900,0.0,0
2018-09-11,255.2846221923828,2.1080000400543213,13.220000267028809,50530500,0.0,0
2018-09-12,255.3463592529297,2.1050000190734863,13.140000343322754,59810800,0.0,0
2018-09-13,256.8566589355469,2.0929999351501465,12.369999885559082,51034200,0.0,0
2018-09-14,256.90093994140625,2.1029999256134033,12.069999694824219,55079900,0.0,0
2018-09-17,255.5406951904297,2.1080000400543213,13.680000305175781,68244000,0.0,0
2018-09-18,256.9273376464844,2.125,12.789999961853027,61930400,0.0,0
2018-09-19,257.2012023925781,2.119999885559082,11.75,49080600,0.0,0
2018-09-20,259.28546142578125,2.118000030517578,11.800000190734863,100360600,0.0,0
2018-09-21,259.048583984375,2.122999906539917,11.680000305175781,105479700,0.0,0
2018-09-24,258.18798828125,2.122999906539917,12.199999809265137,53409600,0.0,0
2018-09-25,257.9483947753906,2.1679999828338623,12.420000076293945,44370000,0.0,0
2018-09-26,257.1766662597656,2.1600000858306885,12.890000343322754,79739700,0.0,0
2018-09-27,257.89520263671875,2.140000104904175,12.40999984741211,59249500,0.0,0
2018-09-28,257.9218444824219,2.1500000953674316,12.119999885559082,70091400,0.0,0
2018-10-01,258.81793212890625,2.1549999713897705,12.0,62078900,0.0,0
2018-10-02,258.6670227050781,2.174999952316284,12.050000190734863,47258200,0.0,0
2018-10-03,258.8090515136719,2.1700000762939453,11.609999656677246,64694600,0.0,0
2018-10-04,256.7862854003906,2.1700000762939453,14.220000267028809,111545900,0.0,0
2018-10-05,255.3490447998047,2.1649999618530273,14.819999694824219,105951700,0.0,0
2018-10-08,255.3490447998047,2.1649999618530273,15.6899995803833,87742200,0.0,0
2018-10-09,254.9764862060547,2.184999942779541,15.949999809265137,74339000,0.0,0
2018-10-10,246.903076171875,2.2200000286102295,22.959999084472656,214731000,0.0,0
2018-10-11,241.46463012695312,2.2149999141693115,24.979999542236328,274840500,0.0,0
2018-10-12,244.81814575195312,2.2179999351501465,21.309999465942383,183186500,0.0,0
2018-10-15,243.44300842285156,2.2300000190734863,21.299999237060547,102263700,0.0,0
2018-10-16,248.76614379882812,2.259999990463257,17.6200008392334,118255800,0.0,0
2018-10-17,248.8104705810547,2.259999990463257,17.399999618530273,110626000,0.0,0
2018-10-18,245.21737670898438,2.255000114440918,20.059999465942383,134557500,0.0,0
2018-10-19,245.0843048095703,2.259999990463257,19.889999389648438,139901600,0.0,0
2018-10-22,243.9841766357422,2.257999897003174,19.639999389648438,82415800,0.0,0
2018-10-23,242.74209594726562,2.2899999618530273,20.709999084472656,146352700,0.0,0
2018-10-24,235.38746643066406,2.2850000858306885,25.229999542236328,177806700,0.0,0
2018-10-25,239.61038208007812,2.2799999713897705,24.219999313354492,138061500,0.0,0
2018-10-26,235.39627075195312,2.2730000019073486,24.15999984741211,201574600,0.0,0
2018-10-29,234.09207153320312,2.259999990463257,24.700000762939453,160749100,0.0,0
2018-10-30,237.5609588623047,2.2829999923706055,23.350000381469727,157116000,0.0,0
2018-10-31,240.0983428955078,2.2780001163482666,21.229999542236328,128296300,0.0,0
2018-11-01,242.65347290039062,2.2699999809265137,19.34000015258789,99495000,0.0,0
2018-11-02,241.21621704101562,2.2730000019073486,19.510000228881836,122634100,0.0,0
2018-11-05,242.5469512939453,2.2679998874664307,19.959999084472656,65622500,0.0,0
2018-11-06,244.0817413330078,2.309999942779541,19.90999984741211,60085900,0.0,0
2018-11-07,249.30734252929688,2.309999942779541,16.360000610351562,102752100,0.0,0
2018-11-08,248.85488891601562,2.302999973297119,16.719999313354492,65584900,0.0,0
2018-11-09,246.42401123046875,2.299999952316284,17.360000610351562,98812600,0.0,0
2018-11-12,241.8194580078125,2.299999952316284,20.450000762939453,99673600,0.0,0
2018-11-13,241.36700439453125,2.2950000762939453,20.020000457763672,98176600,0.0,0
2018-11-14,239.7168426513672,2.325000047683716,21.25,125335900,0.0,0
2018-11-15,242.21873474121094,2.309999942779541,19.979999542236328,135101400,0.0,0
2018-11-16,242.8485870361328,2.299999952316284,18.139999389648438,126668000,0.0,0
2018-11-19,238.74098205566406,2.299999952316284,20.100000381469727,103061700,0.0,0
2018-11-20,234.32275390625,2.3350000381469727,22.479999542236328,136021300,0.0,0
2018-11-21,235.1211700439453,2.3499999046325684,20.799999237060547,75563700,0.0,0
2018-11-23,233.5509033203125,2.3480000495910645,21.520000457763672,42807900,0.0,0
2018-11-26,237.3214569091797,2.3429999351501465,18.899999618530273,79981400,0.0,0
2018-11-27,238.119873046875,2.3529999256134033,19.020000457763672,75502400,0.0,0
2018-11-28,243.6026153564453,2.3350000381469727,18.489999771118164,127629600,0.0,0
2018-11-29,243.07037353515625,2.309999942779541,18.790000915527344,82346400,0.0,0
2018-11-30,244.55194091796875,2.308000087738037,18.06999969482422,98204200,0.0,0
2018-12-03,247.79022216796875,2.2880001068115234,16.440000534057617,103176300,0.0,0
2018-12-04,239.76119995117188,2.365000009536743,20.739999771118164,177986000,0.0,0
2018-12-06,239.39747619628906,2.3529999256134033,21.190000534057617,204185400,0.0,0
2018-12-07,233.8348846435547,2.3399999141693115,23.229999542236328,161018900,0.0,0
2018-12-10,234.2784423828125,2.3299999237060547,22.639999389648438,151445900,0.0,0
2018-12-11,234.33168029785156,2.369999885559082,21.760000228881836,121504400,0.0,0
2018-12-12,235.51153564453125,2.375,21.459999084472656,97976700,0.0,0
2018-12-13,235.43174743652344,2.36299991607666,20.649999618530273,96662700,0.0,0
2018-12-14,231.08457946777344,2.368000030517578,21.6299991607666,116961100,0.0,0
2018-12-17,226.55105590820312,2.3399999141693115,24.520000457763672,165492300,0.0,0
2018-12-18,226.3026580810547,2.328000068664551,25.579999923706055,134515100,0.0,0
2018-12-19,222.91360473632812,2.3380000591278076,25.579999923706055,214992800,0.0,0
2018-12-20,219.28501892089844,2.3350000381469727,28.3799991607666,252053400,0.0,0
2018-12-21,214.79197692871094,2.3299999237060547,30.110000610351562,255345600,0.0,0
2018-12-24,209.1165771484375,2.3329999446868896,36.06999969482422,147311600,0.0,0
2018-12-26,219.68212890625,2.380000114440918,30.40999984741211,218485400,0.0,0
2018-12-27,221.36868286132812,2.3480000495910645,29.959999084472656,186267300,0.0,0
2018-12-28,221.08316040039062,2.328000068664551,28.34000015258789,153100200,0.0,0
2018-12-31,223.01951599121094,2.299999952316284,25.420000076293945,144299400,0.0,0
2019-01-02,223.25155639648438,2.365000009536743,23.219999313354492,126925200,0.0,0
2019-01-03,217.9241943359375,2.3550000190734863,25.450000762939453,144140700,0.0,0
2019-01-04,225.22369384765625,2.3580000400543213,21.3799991607666,142628800,0.0,0
2019-01-07,226.99949645996094,2.3529999256134033,21.399999618530273,103139100,0.0,0
2019-01-08,229.13223266601562,2.4000000953674316,20.469999313354492,102512600,0.0,0
2019-01-09,230.203125,2.390000104904175,19.979999542236328,95006600,0.0,0
2019-01-10,231.0151824951172,2.375,19.5,96823900,0.0,0
2019-01-11,231.10438537597656,2.369999885559082,18.190000534057617,73858100,0.0,0
2019-01-14,229.6944580078125,2.359999895095825,19.06999969482422,70908200,0.0,0
2019-01-15,232.32691955566406,2.382999897003174,18.600000381469727,85208300,0.0,0
2019-01-16,232.88914489746094,2.36299991607666,19.040000915527344,77636700,0.0,0
2019-01-17,234.65597534179688,2.3550000190734863,18.059999465942383,96118400,0.0,0
2019-01-18,237.77926635742188,2.3480000495910645,17.799999237060547,127900300,0.0,0
2019-01-22,234.5667266845703,2.3450000286102295,20.799999237060547,115531200,0.0,0
2019-01-23,235.05755615234375,2.3529999256134033,19.520000457763672,86030300,0.0,0
2019-01-24,235.18246459960938,2.305000066757202,18.889999389648438,59204100,0.0,0
2019-01-25,237.1724853515625,2.328000068664551,17.420000076293945,96883400,0.0,0
2019-01-28,235.36990356445312,2.3329999446868896,18.8700008392334,85613700,0.0,0
2019-01-29,235.05755615234375,2.365000009536743,19.1299991607666,66136300,0.0,0
2019-01-30,238.77870178222656,2.365000009536743,17.65999984741211,92473700,0.0,0
2019-01-31,240.87576293945312,2.3399999141693115,16.56999969482422,104012100,0.0,0
2019-02-01,240.99169921875,2.3399999141693115,16.139999389648438,85782500,0.0,0
2019-02-04,242.68722534179688,2.3350000381469727,15.729999542236328,60744800,0.0,0
2019-02-05,243.70455932617188,2.365000009536743,15.569999694824219,79552800,0.0,0
2019-02-06,243.38330078125,2.365000009536743,15.380000114440918,58347800,0.0,0
2019-02-07,241.06317138671875,2.3550000190734863,16.3700008392334,95482000,0.0,0
2019-02-08,241.35763549804688,2.365000009536743,15.720000267028809,75788900,0.0,0
2019-02-11,241.49151611328125,2.375,15.970000267028809,68021400,0.0,0
2019-02-12,244.59693908691406,2.378000020980835,15.430000305175781,72270200,0.0,0
2019-02-13,245.39108276367188,2.372999906539917,15.649999618530273,65277200,0.0,0
2019-02-14,244.84671020507812,2.372999906539917,16.219999313354492,83234400,0.0,0
2019-02-15,247.51502990722656,2.369999885559082,14.90999984741211,97088700,0.0,0
2019-02-19,247.94337463378906,2.372999906539917,14.880000114440918,59120800,0.0,0
2019-02-20,248.44297790527344,2.382999897003174,14.020000457763672,76610800,0.0,0
2019-02-21,247.55955505371094,2.3949999809265137,14.460000038146973,64214700,0.0,0
2019-02-22,249.09439086914062,2.3929998874664307,13.510000228881836,78114600,0.0,0
2019-02-25,249.4335479736328,2.3929998874664307,14.850000381469727,69030700,0.0,0
2019-02-26,249.25511169433594,2.4000000953674316,15.170000076293945,56844100,0.0,0
2019-02-27,249.14796447753906,2.3929998874664307,14.699999809265137,56921600,0.0,0
2019-02-28,248.6838836669922,2.382999897003174,14.779999732971191,69268300,0.0,0
2019-03-01,250.23663330078125,2.378000020980835,13.569999694824219,78880500,0.0,0
2019-03-04,249.32647705078125,2.375,14.630000114440918,106494600,0.0,0
2019-03-05,248.9873046875,2.4000000953674316,14.739999771118164,59114600,0.0,0
2019-03-06,247.4793243408203,2.4049999713897705,15.739999771118164,75039800,0.0,0
2019-03-07,245.40899658203125,2.3949999809265137,16.59000015258789,94885100,0.0,0
2019-03-08,244.9180908203125,2.3929998874664307,16.049999237060547,85795800,0.0,0
2019-03-11,248.46978759765625,2.380000114440918,14.329999923706055,65098900,0.0,0
2019-03-12,249.40675354003906,2.3949999809265137,13.770000457763672,79667500,0.0,0
2019-03-13,251.0576171875,2.388000011444092,13.40999984741211,80639200,0.0,0
2019-03-14,250.8970184326172,2.388000011444092,13.5,67518400,0.0,0
2019-03-15,252.1366424560547,2.388000011444092,12.880000114440918,81309000,0.0,0
2019-03-18,253.05081176757812,2.384999990463257,13.100000381469727,62199800,0.0,0
2019-03-19,253.1135711669922,2.4049999713897705,13.5600004196167,90268100,0.0,0
2019-03-20,252.3516845703125,2.4079999923706055,13.90999984741211,84609200,0.0,0
2019-03-21,255.2018280029297,2.4079999923706055,13.630000114440918,79550400,0.0,0
2019-03-22,250.290283203125,2.3980000019073486,16.479999542236328,122659300,0.0,0
2019-03-25,250.1020050048828,2.390000104904175,16.329999923706055,85575200,0.0,0
2019-03-26,251.9663543701172,2.4049999713897705,14.680000305175781,68125900,0.0,0
2019-03-27,250.64877319335938,2.378000020980835,15.149999618530273,72224700,0.0,0
2019-03-28,251.5988006591797,2.369999885559082,14.430000305175781,56238500,0.0,0
2019-03-29,253.1852569580078,2.328000068664551,13.710000038146973,82186800,0.0,0
2019-04-01,256.18780517578125,2.322999954223633,13.399999618530273,77617900,0.0,0
2019-04-02,256.31329345703125,2.369999885559082,13.359999656677246,40070400,0.0,0
2019-04-03,256.7166442871094,2.372999906539917,13.739999771118164,68243200,0.0,0
2019-04-04,257.3978271484375,2.369999885559082,13.579999923706055,48997500,0.0,0
2019-04-05,258.64373779296875,2.369999885559082,12.819999694824219,58621700,0.0,0
2019-04-08,258.8409118652344,2.365000009536743,13.180000305175781,53566300,0.0,0
2019-04-09,257.5143127441406,2.365000009536743,14.279999732971191,66142300,0.0,0
2019-04-10,258.3927307128906,2.36299991607666,13.300000190734863,52601500,0.0,0
2019-04-11,258.321044921875,2.365000009536743,13.020000457763672,55093100,0.0,0
2019-04-12,260.0688171386719,2.375,12.010000228881836,69727800,0.0,0
2019-04-15,259.89849853515625,2.359999895095825,12.319999694824219,49596700,0.0,0
2019-04-16,260.0688171386719,2.378000020980835,12.180000305175781,52153200,0.0,0
2019-04-17,259.432373046875,2.380000114440918,12.600000381469727,58268300,0.0,0
2019-04-18,259.943359375,2.365000009536743,12.09000015258789,68708500,0.0,0
2019-04-22,260.1673889160156,2.375,12.420000076293945,40160100,0.0,0
2019-04-23,262.5066833496094,2.390000104904175,12.279999732971191,52246600,0.0,0
2019-04-24,261.9241638183594,2.375,13.140000343322754,50392900,0.0,0
2019-04-25,261.7627258300781,2.365000009536743,13.25,57770900,0.0,0
2019-04-26,262.9817199707031,2.359999895095825,12.729999542236328,50916400,0.0,0
2019-04-29,263.39404296875,2.359999895095825,13.109999656677246,57197700,0.0,0
2019-04-30,263.52850341796875,2.368000030517578,13.119999885559082,81111700,0.0,0
2019-05-01,261.54766845703125,2.36299991607666,14.800000190734863,71671900,0.0,0
2019-05-02,260.9830322265625,2.372999906539917,14.420000076293945,65030200,0.0,0
2019-05-03,263.53741455078125,2.368000030517578,12.869999885559082,56543700,0.0,0
2019-05-06,262.4529724121094,2.36299991607666,15.4399995803833,107198100,0.0,0
2019-05-07,258.07012939453125,2.368000030517578,19.31999969482422,144729900,0.0,0
2019-05-08,257.7115478515625,2.369999885559082,19.399999618530273,91568300,0.0,0
2019-05-09,256.9317626953125,2.369999885559082,19.100000381469727,103471100,0.0,0
2019-05-10,258.2224426269531,2.369999885559082,16.040000915527344,112429300,0.0,0
2019-05-13,251.73326110839844,2.3499999046325684,20.549999237060547,127290500,0.0,0
2019-05-14,254.00982666015625,2.3529999256134033,18.059999465942383,77003200,0.0,0
2019-05-15,255.49766540527344,2.3499999046325684,16.440000534057617,73956400,0.0,0
2019-05-16,257.8638916015625,2.3380000591278076,15.289999961853027,76749600,0.0,0
2019-05-17,256.1968078613281,2.3299999237060547,15.960000038146973,100353000,0.0,0
2019-05-20,254.5028839111328,2.319999933242798,16.309999465942383,62877600,0.0,0
2019-05-21,256.7972717285156,2.3299999237060547,14.949999809265137,46847100,0.0,0
2019-05-22,256.0086364746094,2.319999933242798,14.75,49482500,0.0,0
2019-05-23,252.8804168701172,2.302999973297119,16.920000076293945,98733800,0.0,0
2019-05-24,253.4541778564453,2.2880001068115234,15.850000381469727,55268100,0.0,0
2019-05-28,251.09695434570312,2.2980000972747803,17.5,70029400,0.0,0
2019-05-29,249.4118194580078,2.2980000972747803,17.899999618530273,104972900,0.0,0
2019-05-30,250.09298706054688,2.309999942779541,17.299999237060547,62523800,0.0,0
2019-05-31,246.72299194335938,2.2929999828338623,18.709999084472656,86862800,0.0,0
2019-06-03,246.0955810546875,2.2799999713897705,18.860000610351562,96428000,0.0,0
2019-06-04,251.4374237060547,2.2950000762939453,16.969999313354492,77231900,0.0,0
2019-06-05,253.61544799804688,2.2850000858306885,16.09000015258789,71169700,0.0,0
2019-06-06,255.2645721435547,2.255000114440918,15.930000305175781,69430400,0.0,0
2019-06-07,257.8190612792969,2.2149999141693115,16.299999237060547,74272200,0.0,0
2019-06-10,259.0022277832031,2.2200000286102295,15.9399995803833,60799100,0.0,0
2019-06-11,258.939453125,2.2130000591278076,15.989999771118164,58641300,0.0,0
2019-06-12,258.4822998046875,2.1649999618530273,15.90999984741211,47096300,0.0,0
2019-06-13,259.5489196777344,2.140000104904175,15.819999694824219,48945200,0.0,0
2019-06-14,259.2620544433594,2.125,15.279999732971191,52324700,0.0,0
2019-06-17,259.3606872558594,2.138000011444092,15.350000381469727,39205700,0.0,0
2019-06-18,262.0765075683594,2.1679999828338623,15.149999618530273,85434800,0.0,0
2019-06-19,262.6681213378906,2.125,14.329999923706055,78674400,0.0,0
2019-06-20,265.1777038574219,2.078000068664551,14.75,116570000,0.0,0
2019-06-21,264.7922668457031,2.055000066757202,15.399999618530273,83309500,0.0,0
2019-06-24,264.4680480957031,2.058000087738037,15.260000228881836,47582700,0.0,0
2019-06-25,261.8740539550781,2.0829999446868896,16.280000686645508,82028700,0.0,0
2019-06-26,261.6128845214844,2.0929999351501465,16.209999084472656,51584900,0.0,0
2019-06-27,262.54058837890625,2.0850000381469727,15.819999694824219,40355200,0.0,0
2019-06-28,263.8915100097656,2.0350000858306885,15.079999923706055,59350900,0.0,0
2019-07-01,266.2873229980469,2.065000057220459,14.0600004196167,78705600,0.0,0
2019-07-02,266.9808044433594,2.1480000019073486,12.930000305175781,61504500,0.0,0
2019-07-03,269.1153259277344,2.1500000953674316,12.569999694824219,40898900,0.0,0
2019-07-05,268.8090515136719,2.1630001068115234,13.279999732971191,51677300,0.0,0
2019-07-08,267.3320007324219,2.177999973297119,13.960000038146973,45841800,0.0,0
2019-07-09,267.66534423828125,2.194999933242798,14.09000015258789,41101300,0.0,0
2019-07-10,268.94427490234375,2.130000114440918,13.029999732971191,58448500,0.0,0
2019-07-11,269.5746765136719,2.0980000495910645,12.930000305175781,50826100,0.0,0
2019-07-12,270.7816467285156,2.0899999141693115,12.390000343322754,40326000,0.0,0
2019-07-15,270.8717041015625,2.0850000381469727,12.680000305175781,33900000,0.0,0
2019-07-16,269.9980163574219,2.1029999256134033,12.859999656677246,36650100,0.0,0
2019-07-17,268.1606750488281,2.072999954223633,13.970000267028809,36036300,0.0,0
2019-07-18,269.142333984375,2.013000011444092,13.529999732971191,51392600,0.0,0
2019-07-19,267.64727783203125,2.013000011444092,14.449999809265137,58678600,0.0,0
2019-07-22,268.3047790527344,2.0250000953674316,13.529999732971191,43638100,0.0,0
2019-07-23,270.2231750488281,2.0329999923706055,12.609999656677246,44564500,0.0,0
2019-07-24,271.4930725097656,2.0399999618530273,12.069999694824219,47213200,0.0,0
2019-07-25,270.1961364746094,2.059999942779541,12.739999771118164,55394100,0.0,0
2019-07-26,272.0064392089844,2.062999963760376,12.15999984741211,45084100,0.0,0
2019-07-29,271.5110168457031,2.049999952316284,12.829999923706055,38126500,0.0,0
2019-07-30,270.8446044921875,2.0399999618530273,13.9399995803833,45849000,0.0,0
2019-07-31,267.8814697265625,2.0299999713897705,16.1200008392334,104245200,0.0,0
2019-08-01,265.5487365722656,2.0299999713897705,17.8700008392334,142646600,0.0,0
2019-08-02,263.54931640625,2.0,17.610000610351562,116749700,0.0,0
2019-08-05,255.6236572265625,1.9529999494552612,24.59000015258789,178745400,0.0,0
2019-08-06,259.2080993652344,1.9950000047683716,20.170000076293945,120711700,0.0,0
2019-08-07,259.3612060546875,1.968000054359436,19.489999771118164,140572300,0.0,0
2019-08-08,264.44989013671875,1.9700000286102295,16.90999984741211,87713900,0.0,0
2019-08-09,262.6487121582031,1.9500000476837158,17.969999313354492,93730000,0.0,0
2019-08-12,259.4513854980469,1.9279999732971191,21.09000015258789,65527600,0.0,0
2019-08-13,263.4862365722656,1.9550000429153442,17.520000457763672,94299800,0.0,0
2019-08-14,255.69561767578125,1.9079999923706055,22.100000381469727,135622100,0.0,0
2019-08-15,256.37103271484375,1.843000054359436,21.18000030517578,99556600,0.0,0
2019-08-16,260.1538391113281,1.8229999542236328,18.469999313354492,83018300,0.0,0
2019-08-19,263.2880554199219,1.8530000448226929,16.8799991607666,53571800,0.0,0
2019-08-20,261.270751953125,1.899999976158142,17.5,51596400,0.0,0
2019-08-21,263.39617919921875,1.9279999732971191,15.800000190734863,49524700,0.0,0
2019-08-22,263.3151550292969,1.937999963760376,16.68000030517578,51666400,0.0,0
2019-08-23,256.5512390136719,1.909999966621399,19.8700008392334,149161500,0.0,0
2019-08-26,259.3883361816406,1.9329999685287476,19.31999969482422,72423800,0.0,0
2019-08-27,258.3706359863281,1.9429999589920044,20.309999465942383,66668900,0.0,0
2019-08-28,260.18988037109375,1.940000057220459,19.350000381469727,59696700,0.0,0
2019-08-29,263.51324462890625,1.940000057220459,17.8799991607666,57899400,0.0,0
2019-08-30,263.39617919921875,1.9329999685287476,18.979999542236328,62901200,0.0,0
2019-09-03,261.8560791015625,1.909999966621399,19.65999984741211,69101400,0.0,0
2019-09-04,264.8282165527344,1.9049999713897705,17.329999923706055,46887300,0.0,0
2019-09-05,268.2326354980469,1.9199999570846558,16.270000457763672,83258100,0.0,0
2019-09-06,268.4397888183594,1.909999966621399,15.0,49584300,0.0,0
2019-09-09,268.5749816894531,1.9079999923706055,15.270000457763672,51260300,0.0,0
2019-09-10,268.5118713378906,1.9129999876022339,15.199999809265137,57947100,0.0,0
2019-09-11,270.42132568359375,1.9129999876022339,14.609999656677246,68821100,0.0,0
2019-09-12,271.35797119140625,1.8949999809265137,14.220000267028809,72908700,0.0,0
2019-09-13,271.1778259277344,1.899999976158142,13.739999771118164,62104800,0.0,0
2019-09-16,270.34027099609375,1.9450000524520874,14.670000076293945,58191200,0.0,0
2019-09-17,271.02471923828125,1.937999963760376,14.4399995803833,41475500,0.0,0
2019-09-18,271.1868591308594,1.8799999952316284,13.949999809265137,73375800,0.0,0
2019-09-19,271.168701171875,1.8830000162124634,14.050000190734863,76560500,0.0,0
2019-09-20,269.88763427734375,1.850000023841858,15.319999694824219,89565000,0.0,0
2019-09-23,269.82421875,1.8450000286102295,14.90999984741211,43476800,0.0,0
2019-09-24,267.70709228515625,1.8799999952316284,17.049999237060547,94869400,0.0,0
2019-09-25,269.2904052734375,1.8450000286102295,15.960000038146973,71854000,0.0,0
2019-09-26,268.7294006347656,1.7699999809265137,16.06999969482422,56179700,0.0,0
2019-09-27,267.28179931640625,1.7300000190734863,17.219999313354492,84746600,0.0,0
2019-09-30,268.52142333984375,1.7699999809265137,16.239999771118164,51662400,0.0,0
2019-10-01,265.32733154296875,1.753000020980835,18.559999465942383,88242400,0.0,0
2019-10-02,260.6403503417969,1.7350000143051147,20.559999465942383,122539500,0.0,0
2019-10-03,262.77569580078125,1.6649999618530273,19.1200008392334,85278800,0.0,0
2019-10-04,266.3316345214844,1.6549999713897705,17.040000915527344,65091200,0.0,0
2019-10-07,265.1825256347656,1.6729999780654907,17.860000610351562,59610500,0.0,0
2019-10-08,261.0657043457031,1.6549999713897705,20.280000686645508,95708100,0.0,0
2019-10-09,263.54486083984375,1.628000020980835,18.639999389648438,62359400,0.0,0
2019-10-10,265.32733154296875,1.6330000162124634,17.56999969482422,55296300,0.0,0
2019-10-11,268.0779724121094,1.6230000257492065,15.579999923706055,98720400,0.0,0
2019-10-14,267.7794494628906,1.6180000305175781,14.569999694824219,40394800,0.0,0
2019-10-15,270.4305114746094,1.6180000305175781,13.539999961853027,46754500,0.0,0
2019-10-16,269.99615478515625,1.6150000095367432,13.680000305175781,48928200,0.0,0
2019-10-17,270.79241943359375,1.625,13.789999961853027,45736600,0.0,0
2019-10-18,269.60711669921875,1.625,14.25,64304000,0.0,0
2019-10-21,271.434814453125,1.625,14.0,39048600,0.0,0
2019-10-22,270.5481872558594,1.6150000095367432,14.460000038146973,48594700,0.0,0
2019-10-23,271.33538818359375,1.6150000095367432,14.010000228881836,34352200,0.0,0
2019-10-24,271.7786560058594,1.6230000257492065,13.710000038146973,35453100,0.0,0
2019-10-25,272.8916015625,1.625,12.649999618530273,45205400,0.0,0
2019-10-28,274.4298400878906,1.6050000190734863,13.109999656677246,42147000,0.0,0
2019-10-29,274.3482666015625,1.5950000286102295,13.199999809265137,44284900,0.0,0
2019-10-30,275.1898498535156,1.5950000286102295,12.329999923706055,49643900,0.0,0
2019-10-31,274.45684814453125,1.4980000257492065,13.220000267028809,69053800,0.0,0
2019-11-01,276.99951171875,1.4850000143051147,12.300000190734863,71141500,0.0,0
2019-11-04,278.11236572265625,1.503000020980835,12.829999923706055,60606900,0.0,0
2019-11-05,277.8046875,1.5180000066757202,13.100000381469727,42933200,0.0,0
2019-11-06,277.8680419921875,1.5149999856948853,12.619999885559082,46487100,0.0,0
2019-11-07,278.84527587890625,1.5180000066757202,12.729999542236328,54272300,0.0,0
2019-11-08,279.53289794921875,1.5099999904632568,12.069999694824219,49032100,0.0,0
2019-11-11,278.99908447265625,1.5130000114440918,12.6899995803833,35797300,0.0,0
2019-11-12,279.5871887207031,1.5329999923706055,12.680000305175781,46484600,0.0,0
2019-11-13,279.677734375,1.534999966621399,13.0,53917700,0.0,0
2019-11-14,280.0849914550781,1.527999997138977,13.050000190734863,51219900,0.0,0
2019-11-15,282.1116638183594,1.527999997138977,12.050000190734863,62023600,0.0,0
2019-11-18,282.3197021484375,1.5230000019073486,12.460000038146973,49228000,0.0,0
2019-11-19,282.2383117675781,1.524999976158142,12.859999656677246,67804700,0.0,0
2019-11-20,281.188720703125,1.5199999809265137,12.779999732971191,79406200,0.0,0
2019-11-21,280.736328125,1.5299999713897705,13.130000114440918,54664700,0.0,0
2019-11-22,281.3606262207031,1.5429999828338623,12.34000015258789,44850200,0.0,0
2019-11-25,283.54119873046875,1.5449999570846558,11.869999885559082,48647200,0.0,0
2019-11-26,284.1836242675781,1.565000057220459,11.539999961853027,37569000,0.0,0
2019-11-27,285.45037841796875,1.565000057220459,11.75,44444600,0.0,0
2019-11-29,284.3917541503906,1.5399999618530273,12.619999885559082,36592700,0.0,0
2019-12-02,281.9759826660156,1.5379999876022339,14.90999984741211,75767800,0.0,0
2019-12-03,280.0849914550781,1.5379999876022339,15.960000038146973,73941700,0.0,0
2019-12-04,281.8130187988281,1.4980000257492065,14.800000190734863,49080000,0.0,0
2019-12-05,282.3197021484375,1.4930000305175781,14.520000457763672,40709000,0.0,0
2019-12-06,284.89849853515625,1.4800000190734863,13.619999885559082,48927000,0.0,0
2019-12-09,284.0026550292969,1.4980000257492065,15.859999656677246,34838500,0.0,0
2019-12-10,283.6860656738281,1.5149999856948853,15.680000305175781,52649800,0.0,0
2019-12-11,284.4912109375,1.5199999809265137,14.989999771118164,53429100,0.0,0
2019-12-12,286.94329833984375,1.5299999713897705,13.9399995803833,96389600,0.0,0
2019-12-13,287.11529541015625,1.5230000019073486,12.630000114440918,81503900,0.0,0
2019-12-16,289.0877685546875,1.524999976158142,12.140000343322754,82749700,0.0,0
2019-12-17,289.15106201171875,1.5299999713897705,12.289999961853027,61097700,0.0,0
2019-12-18,289.16912841796875,1.5180000066757202,12.579999923706055,48133000,0.0,0
2019-12-19,290.3544006347656,1.5329999923706055,12.5,85310500,0.0,0
2019-12-20,291.62738037109375,1.527999997138977,12.510000228881836,147142100,0.0,0
2019-12-23,292.07293701171875,1.5199999809265137,12.609999656677246,52990000,0.0,0
2019-12-24,292.08209228515625,1.5379999876022339,12.670000076293945,20270000,0.0,0
2019-12-26,293.6368713378906,1.534999966621399,12.649999618530273,30911200,0.0,0
2019-12-27,293.5641784667969,1.5180000066757202,13.430000305175781,42528800,0.0,0
2019-12-30,291.94573974609375,1.4900000095367432,14.819999694824219,49729100,0.0,0
2019-12-31,292.6548767089844,1.5049999952316284,13.779999732971191,57077300,0.0,0
2020-01-02,295.3917541503906,1.4950000047683716,12.470000267028809,59151200,0.0,0
2020-01-03,293.155029296875,1.4730000495910645,14.020000457763672,77709700,0.0,0
2020-01-06,294.27337646484375,1.4880000352859497,13.850000381469727,55653900,0.0,0
2020-01-07,293.4460144042969,1.5,13.789999961853027,40496400,0.0,0
2020-01-08,295.00994873046875,1.4930000305175781,13.449999809265137,68296000,0.0,0
2020-01-09,297.01025390625,1.5,12.539999961853027,48473300,0.0,0
2020-01-10,296.15557861328125,1.4980000257492065,12.5600004196167,53029300,0.0,0
2020-01-13,298.1922607421875,1.5099999904632568,12.319999694824219,47086800,0.0,0
2020-01-14,297.7376708984375,1.5299999713897705,12.390000343322754,62832800,0.0,0
2020-01-15,298.4104919433594,1.5080000162124634,12.420000076293945,72056600,0.0,0
2020-01-16,300.892822265625,1.5180000066757202,12.319999694824219,54050300,0.0,0
2020-01-17,301.82940673828125,1.5230000019073486,12.100000381469727,95846000,0.0,0
2020-01-21,301.2383117675781,1.503000020980835,12.850000381469727,77742400,0.0,0
2020-01-22,301.27471923828125,1.5130000114440918,12.90999984741211,48914900,0.0,0
2020-01-23,301.6202087402344,1.5149999856948853,12.979999542236328,51963000,0.0,0
2020-01-24,298.93792724609375,1.4900000095367432,14.5600004196167,87578400,0.0,0
2020-01-27,294.1460876464844,1.5049999952316284,18.229999542236328,84062500,0.0,0
2020-01-28,297.2284851074219,1.5299999713897705,16.280000686645508,63834000,0.0,0
2020-01-29,296.9830017089844,1.5199999809265137,16.389999389648438,53888900,0.0,0
2020-01-30,297.9468078613281,1.527999997138977,15.489999771118164,75491800,0.0,0
2020-01-31,292.53662109375,1.5099999904632568,18.84000015258789,113845600,0.0,0
2020-02-03,294.7098388671875,1.5180000066757202,17.969999313354492,69083000,0.0,0
2020-02-04,299.20159912109375,1.5379999876022339,16.049999237060547,62573200,0.0,0
2020-02-05,302.65673828125,1.5199999809265137,15.149999618530273,65951100,0.0,0
2020-02-06,303.6751708984375,1.5299999713897705,14.960000038146973,50359700,0.0,0
2020-02-07,302.0566711425781,1.5180000066757202,15.470000267028809,64139400,0.0,0
2020-02-10,304.31158447265625,1.5199999809265137,15.039999961853027,42070000,0.0,0
2020-02-11,304.83892822265625,1.5379999876022339,15.180000305175781,54864500,0.0,0
2020-02-12,306.8030090332031,1.534999966621399,13.739999771118164,43992700,0.0,0
2020-02-13,306.4757385253906,1.5449999570846558,14.149999618530273,54501900,0.0,0
2020-02-14,306.96673583984375,1.534999966621399,13.680000305175781,64582200,0.0,0
2020-02-18,306.1756896972656,1.534999966621399,14.829999923706055,57226200,0.0,0
2020-02-19,307.6395568847656,1.5429999828338623,14.380000114440918,48814700,0.0,0
2020-02-20,306.3757019042969,1.5379999876022339,15.5600004196167,74163400,0.0,0
2020-02-21,303.220458984375,1.5180000066757202,17.079999923706055,113788200,0.0,0
2020-02-24,293.1640319824219,1.503000020980835,25.030000686645508,161088400,0.0,0
2020-02-25,284.2805480957031,1.4900000095367432,27.850000381469727,218913200,0.0,0
2020-02-26,283.2349853515625,1.4780000448226929,27.559999465942383,194773800,0.0,0
2020-02-27,270.5143737792969,1.3949999809265137,39.15999984741211,284353500,0.0,0
2020-02-28,269.37774658203125,1.2300000190734863,40.11000061035156,384975800,0.0,0
2020-03-02,281.04364013671875,1.1349999904632568,33.41999816894531,238703600,0.0,0
2020-03-03,272.9966735839844,0.9179999828338623,36.81999969482422,300139100,0.0,0
2020-03-04,284.4715881347656,0.675000011920929,31.989999771118164,176613400,0.0,0
2020-03-05,275.0152587890625,0.5950000286102295,39.619998931884766,186366800,0.0,0
2020-03-06,270.46893310546875,0.41499999165534973,41.939998626708984,228667200,0.0,0
2020-03-09,249.3468475341797,0.33000001311302185,54.459999084472656,309417300,0.0,0
2020-03-10,262.2491760253906,0.38999998569488525,47.29999923706055,276444100,0.0,0
2020-03-11,249.46495056152344,0.36800000071525574,53.900001525878906,255316300,0.0,0
2020-03-12,225.59690856933594,0.27300000190734863,75.47000122070312,392220700,0.0,0
2020-03-13,244.8823699951172,0.24300000071525574,57.83000183105469,329566100,0.0,0
2020-03-16,218.0863494873047,0.1850000023841858,82.69000244140625,297240000,0.0,0
2020-03-17,229.86131286621094,0.16500000655651093,75.91000366210938,262070500,0.0,0
2020-03-18,218.22276306152344,0.003000000026077032,76.44999694824219,327597100,0.0,0
2020-03-19,218.6864471435547,-0.02800000086426735,72.0,289322000,0.0,0
2020-03-20,209.26234436035156,-0.032999999821186066,66.04000091552734,347158800,0.0,0
2020-03-23,203.9119415283203,-0.03999999910593033,61.59000015258789,326025200,0.0,0
2020-03-24,222.386962890625,-0.032999999821186066,61.66999816894531,235494500,0.0,0
2020-03-25,225.7161407470703,-0.07000000029802322,63.95000076293945,299430300,0.0,0
2020-03-26,238.89566040039062,-0.10499999672174454,61.0,257632800,0.0,0
2020-03-27,231.780029296875,-0.057999998331069946,65.54000091552734,224341200,0.0,0
2020-03-30,239.30723571777344,0.013000000268220901,57.08000183105469,171369500,0.0,0
2020-03-31,235.74024963378906,0.029999999329447746,53.540000915527344,194881100,0.0,0
2020-04-01,225.13082885742188,0.06300000101327896,57.060001373291016,189554600,0.0,0
2020-04-02,230.32577514648438,0.06499999761581421,50.90999984741211,177660400,0.0,0
2020-04-03,226.99656677246094,0.057999998331069946,46.79999923706055,135561200,0.0,0
2020-04-06,242.2431182861328,0.05999999865889549,45.2400016784668,188061200,0.0,0
2020-04-07,242.4900665283203,0.12800000607967377,46.70000076293945,201427200,0.0,0
2020-04-08,250.6300811767578,0.1850000023841858,43.349998474121094,153774500,0.0,0
2020-04-09,254.44400024414062,0.20999999344348907,41.66999816894531,189999200,0.0,0
2020-04-13,252.1208953857422,0.20000000298023224,41.16999816894531,114839100,0.0,0
2020-04-14,259.55657958984375,0.16500000655651093,37.7599983215332,134143400,0.0,0
2020-04-15,254.04159545898438,0.11500000208616257,40.84000015258789,121775000,0.0,0
2020-04-16,255.26715087890625,0.10999999940395355,40.11000061035156,131798300,0.0,0
2020-04-17,262.1632995605469,0.10300000011920929,38.150001525878906,146684800,0.0,0
2020-04-20,257.5445251464844,0.07000000029802322,43.83000183105469,100109300,0.0,0
2020-04-21,249.72463989257812,0.09799999743700027,45.40999984741211,126385700,0.0,0
2020-04-22,255.26715087890625,0.09300000220537186,41.97999954223633,92951600,0.0,0
2020-04-23,255.2488250732422,0.09300000220537186,41.380001068115234,104709700,0.0,0
2020-04-24,258.80670166015625,0.10000000149011612,35.93000030517578,85063200,0.0,0
2020-04-27,262.5382080078125,0.09300000220537186,33.290000915527344,77896600,0.0,0
2020-04-28,261.3310546875,0.08500000089406967,33.56999969482422,105270000,0.0,0
2020-04-29,268.1722412109375,0.09000000357627869,31.229999542236328,118745600,0.0,0
2020-04-30,265.6754150390625,0.09000000357627869,34.150001525878906,122901700,0.0,0
2020-05-01,258.6420593261719,0.09300000220537186,37.189998626708984,125180000,0.0,0
2020-05-04,259.3554382324219,0.09000000357627869,35.970001220703125,80873200,0.0,0
2020-05-05,261.751708984375,0.10999999940395355,33.61000061035156,79569900,0.0,0
2020-05-06,259.9774475097656,0.1080000028014183,34.119998931884766,73632600,0.0,0
2020-05-07,263.11444091796875,0.0949999988079071,31.440000534057617,75250400,0.0,0
2020-05-08,267.4679260253906,0.0949999988079071,27.979999542236328,76452400,0.0,0
2020-05-11,267.52294921875,0.10499999672174454,27.56999969482422,79514200,0.0,0
2020-05-12,262.1907653808594,0.12300000339746475,33.040000915527344,95870800,0.0,0
2020-05-13,257.55364990234375,0.11500000208616257,35.279998779296875,144721100,0.0,0
2020-05-14,260.6358642578125,0.10499999672174454,32.61000061035156,121977900,0.0,0
2020-05-15,261.8340148925781,0.10300000011920929,31.889999389648438,111146300,0.0,0
2020-05-18,269.809326171875,0.10499999672174454,29.299999237060547,119703800,0.0,0
2020-05-19,267.0380859375,0.11800000071525574,30.530000686645508,95189300,0.0,0
2020-05-20,271.5745849609375,0.11800000071525574,27.989999771118164,85861700,0.0,0
2020-05-21,269.6996765136719,0.10999999940395355,29.530000686645508,78293900,0.0,0
2020-05-22,270.2118225097656,0.10999999940395355,28.15999984741211,63958200,0.0,0
2020-05-26,273.5409851074219,0.11800000071525574,28.010000228881836,88951400,0.0,0
2020-05-27,277.61102294921875,0.13500000536441803,27.6200008392334,104817400,0.0,0
2020-05-28,277.098876953125,0.1379999965429306,28.59000015258789,90405200,0.0,0
2020-05-29,278.3335266113281,0.12800000607967377,27.510000228881836,119090800,0.0,0
2020-06-01,279.45855712890625,0.12800000607967377,28.229999542236328,55758300,0.0,0
2020-06-02,281.7724609375,0.14499999582767487,26.84000015258789,74267200,0.0,0
2020-06-03,285.5223083496094,0.14800000190734863,25.65999984741211,92567600,0.0,0
2020-06-04,284.7723693847656,0.14000000059604645,25.809999465942383,75794400,0.0,0
2020-06-05,292.0709533691406,0.14499999582767487,24.520000457763672,150524700,0.0,0
2020-06-08,295.6013488769531,0.15299999713897705,25.809999465942383,73641200,0.0,0
2020-06-09,293.3971862792969,0.16500000655651093,27.56999969482422,77479200,0.0,0
2020-06-10,291.7601318359375,0.16500000655651093,27.56999969482422,95000800,0.0,0
2020-06-11,274.9403381347656,0.15299999713897705,40.790000915527344,209243600,0.0,0
2020-06-12,278.2329406738281,0.15000000596046448,36.09000015258789,194678900,0.0,0
2020-06-15,280.8304748535156,0.1550000011920929,34.400001525878906,135782700,0.0,0
2020-06-16,286.2358093261719,0.1599999964237213,33.66999816894531,137627500,0.0,0
2020-06-17,285.04681396484375,0.16500000655651093,33.470001220703125,83398900,0.0,0
2020-06-18,285.1565246582031,0.14000000059604645,32.939998626708984,80828700,0.0,0
2020-06-19,283.5269470214844,0.14300000667572021,35.119998931884766,135549600,0.0,0
2020-06-22,285.3458251953125,0.14000000059604645,31.770000457763672,74649400,0.0,0
2020-06-23,286.6593933105469,0.14000000059604645,31.3700008392334,68471200,0.0,0
2020-06-24,279.3471984863281,0.13500000536441803,33.84000015258789,132813500,0.0,0
2020-06-25,282.34185791015625,0.12999999523162842,32.220001220703125,89468000,0.0,0
2020-06-26,275.6358947753906,0.13300000131130219,34.72999954223633,127961000,0.0,0
2020-06-29,279.6870422363281,0.125,31.780000686645508,79773300,0.0,0
2020-06-30,283.2696533203125,0.13500000536441803,30.43000030517578,113394800,0.0,0
2020-07-01,285.2538757324219,0.12999999523162842,28.6200008392334,72396500,0.0,0
2020-07-02,286.8247375488281,0.13300000131130219,27.68000030517578,69344200,0.0,0
2020-07-06,291.2525634765625,0.12800000607967377,27.940000534057617,61713800,0.0,0
2020-07-07,288.2486267089844,0.14000000059604645,29.43000030517578,82910000,0.0,0
2020-07-08,290.45330810546875,0.13500000536441803,28.079999923706055,54638600,0.0,0
2020-07-09,288.7998352050781,0.12300000339746475,29.260000228881836,83354200,0.0,0
2020-07-10,291.7486267089844,0.11999999731779099,27.290000915527344,57550400,0.0,0
2020-07-13,289.222412109375,0.125,32.189998626708984,102997500,0.0,0
2020-07-14,292.97039794921875,0.13300000131130219,29.520000457763672,93657000,0.0,0
2020-07-15,295.6619873046875,0.125,27.760000228881836,87196500,0.0,0
2020-07-16,294.6883239746094,0.10300000011920929,28.0,54622500,0.0,0
2020-07-17,295.5426330566406,0.10499999672174454,25.68000030517578,62774900,0.0,0
2020-07-20,297.9310302734375,0.10499999672174454,24.459999084472656,56308800,0.0,0
2020-07-21,298.56488037109375,0.10999999940395355,24.84000015258789,57292200,0.0,0
2020-07-22,300.2644348144531,0.10000000149011612,24.31999969482422,57792900,0.0,0
2020-07-23,296.6817321777344,0.10300000011920929,26.079999923706055,75738000,0.0,0
2020-07-24,294.77099609375,0.09799999743700027,25.84000015258789,73766600,0.0,0
2020-07-27,296.92059326171875,0.09300000220537186,24.739999771118164,48293000,0.0,0
2020-07-28,295.0373840332031,0.10300000011920929,25.440000534057617,57495000,0.0,0
2020-07-29,298.66595458984375,0.09000000357627869,24.100000381469727,48454200,0.0,0
2020-07-30,297.6003723144531,0.08500000089406967,24.760000228881836,61861700,0.0,0
2020-07-31,299.9520263671875,0.08299999684095383,24.459999084472656,84986800,0.0,0
2020-08-03,302.03729248046875,0.07800000160932541,24.280000686645508,53077900,0.0,0
2020-08-04,303.2039794921875,0.09000000357627869,23.760000228881836,41917900,0.0,0
2020-08-05,305.08721923828125,0.0949999988079071,22.989999771118164,42697700,0.0,0
2020-08-06,307.1265563964844,0.08799999952316284,22.649999618530273,43679400,0.0,0
2020-08-07,307.34710693359375,0.08799999952316284,22.209999084472656,57308300,0.0,0
2020-08-10,308.26568603515625,0.08799999952316284,22.1299991607666,44282100,0.0,0
2020-08-11,305.72100830078125,0.10000000149011612,24.030000686645508,69601100,0.0,0
2020-08-12,309.9835510253906,0.10000000149011612,22.280000686645508,53774400,0.0,0
2020-08-13,309.4230651855469,0.09000000357627869,22.1299991607666,41816100,0.0,0
2020-08-14,309.432373046875,0.08799999952316284,22.049999237060547,47260400,0.0,0
2020-08-17,310.415283203125,0.08500000089406967,21.350000381469727,35481000,0.0,0
2020-08-18,311.08587646484375,0.10000000149011612,21.510000228881836,38733900,0.0,0
2020-08-19,309.79052734375,0.0949999988079071,22.540000915527344,68054200,0.0,0
2020-08-20,310.7552185058594,0.08799999952316284,22.719999313354492,42207800,0.0,0
2020-08-21,311.8575134277344,0.08799999952316284,22.540000915527344,55106600,0.0,0
2020-08-24,315.0177001953125,0.08500000089406967,22.3700008392334,48588700,0.0,0
2020-08-25,316.1199645996094,0.0949999988079071,22.030000686645508,38463400,0.0,0
2020-08-26,319.2892761230469,0.09300000220537186,23.270000457763672,50790200,0.0,0
2020-08-27,319.98736572265625,0.0949999988079071,24.469999313354492,58034100,0.0,0
2020-08-28,322.0543518066406,0.0949999988079071,22.959999084472656,48588900,0.0,0
2020-08-31,320.8877258300781,0.0949999988079071,26.40999984741211,66099200,0.0,0
2020-09-01,323.90997314453125,0.10000000149011612,26.1200008392334,54908700,0.0,0
2020-09-02,328.5948791503906,0.10000000149011612,26.56999969482422,69540000,0.0,0
2020-09-03,317.2866516113281,0.10000000149011612,33.599998474121094,148011100,0.0,0
2020-09-04,314.6960144042969,0.10300000011920929,30.75,139156300,0.0,0
2020-09-08,306.09771728515625,0.1080000028014183,31.459999084472656,114465300,0.0,0
2020-09-09,312.142333984375,0.10499999672174454,28.809999465942383,91462300,0.0,0
2020-09-10,306.7223815917969,0.10300000011920929,29.709999084472656,90569500,0.0,0
2020-09-11,306.87847900390625,0.10300000011920929,26.8700008392334,84680200,0.0,0
2020-09-14,310.9205627441406,0.10000000149011612,25.850000381469727,65605700,0.0,0
2020-09-15,312.4914245605469,0.10000000149011612,25.59000015258789,52920900,0.0,0
2020-09-16,311.25128173828125,0.10000000149011612,26.040000915527344,82096000,0.0,0
2020-09-17,308.5136413574219,0.08500000089406967,26.459999084472656,91523300,0.0,0
2020-09-18,304.9617919921875,0.08299999684095383,25.829999923706055,105877900,0.0,0
2020-09-21,301.5677490234375,0.07999999821186066,27.780000686645508,99450800,0.0,0
2020-09-22,304.63897705078125,0.08799999952316284,26.860000610351562,63612100,0.0,0
2020-09-23,297.5742492675781,0.08799999952316284,28.579999923706055,93112200,0.0,0
2020-09-24,298.3673400878906,0.09300000220537186,28.510000228881836,76681300,0.0,0
2020-09-25,303.1910095214844,0.09000000357627869,26.3799991607666,71069400,0.0,0
2020-09-28,308.22686767578125,0.08799999952316284,26.190000534057617,64584600,0.0,0
2020-09-29,306.5482482910156,0.08500000089406967,26.270000457763672,51304000,0.0,0
2020-09-30,308.8724670410156,0.08500000089406967,26.3700008392334,104081100,0.0,0
2020-10-01,310.85546875,0.08299999684095383,26.700000762939453,88698700,0.0,0
2020-10-02,307.9041442871094,0.08500000089406967,27.6299991607666,89431100,0.0,0
2020-10-05,313.36407470703125,0.08500000089406967,27.959999084472656,45713100,0.0,0
2020-10-06,308.9093017578125,0.08799999952316284,29.479999542236328,90128900,0.0,0
2020-10-07,314.2864685058594,0.08799999952316284,28.059999465942383,56999600,0.0,0
2020-10-08,317.07183837890625,0.08799999952316284,26.360000610351562,45242500,0.0,0
2020-10-09,319.9033508300781,0.09300000220537186,25.0,59528600,0.0,0
2020-10-12,325.0498352050781,0.09000000357627869,25.06999969482422,80388500,0.0,0
2020-10-13,322.928466796875,0.09300000220537186,26.06999969482422,73255500,0.0,0
2020-10-14,320.8993835449219,0.10000000149011612,26.399999618530273,57727900,0.0,0
2020-10-15,320.5029296875,0.0949999988079071,26.969999313354492,60357700,0.0,0
2020-10-16,320.3091125488281,0.09000000357627869,27.40999984741211,89501900,0.0,0
2020-10-19,315.4393310546875,0.09000000357627869,29.18000030517578,68425600,0.0,0
2020-10-20,316.70281982421875,0.0949999988079071,29.350000381469727,60051900,0.0,0
2020-10-21,316.1034240722656,0.09000000357627869,28.649999618530273,63575000,0.0,0
2020-10-22,317.8373107910156,0.08500000089406967,28.110000610351562,55399300,0.0,0
2020-10-23,318.9164123535156,0.08299999684095383,27.549999237060547,49143900,0.0,0
2020-10-26,313.0229187011719,0.07999999821186066,32.459999084472656,91473000,0.0,0
2020-10-27,311.94378662109375,0.09000000357627869,33.349998474121094,65994100,0.0,0
2020-10-28,301.2818603515625,0.09000000357627869,40.279998779296875,127094300,0.0,0
2020-10-29,304.3439636230469,0.08299999684095383,37.59000015258789,90597700,0.0,0
2020-10-30,301.1712341308594,0.08299999684095383,38.02000045776367,120287300,0.0,0
2020-11-02,304.54681396484375,0.08299999684095383,37.130001068115234,86068300,0.0,0
2020-11-03,309.9239501953125,0.09000000357627869,35.54999923706055,93294200,0.0,0
2020-11-04,316.85052490234375,0.08299999684095383,29.56999969482422,126959700,0.0,0
2020-11-05,323.02996826171875,0.08500000089406967,27.579999923706055,82039700,0.0,0
2020-11-06,322.95623779296875,0.08299999684095383,24.860000610351562,74973000,0.0,0
2020-11-09,327.01434326171875,0.08799999952316284,25.75,172304200,0.0,0
2020-11-10,326.5347900390625,0.09000000357627869,24.799999237060547,85552000,0.0,0
2020-11-11,328.96038818359375,0.09000000357627869,23.450000762939453,58649000,0.0,0
2020-11-12,325.7691650390625,0.08500000089406967,25.350000381469727,67546200,0.0,0
2020-11-13,330.2793273925781,0.08299999684095383,23.100000381469727,62892200,0.0,0
2020-11-16,334.402099609375,0.07500000298023224,22.450000762939453,74541100,0.0,0
2020-11-17,332.6035461425781,0.07999999821186066,22.709999084472656,66111000,0.0,0
2020-11-18,328.6007385253906,0.07500000298023224,23.84000015258789,70591300,0.0,0
2020-11-19,329.9841003417969,0.05999999865889549,23.110000610351562,59940900,0.0,0
2020-11-20,327.72454833984375,0.057999998331069946,23.700000762939453,70417300,0.0,0
2020-11-23,329.68902587890625,0.07000000029802322,22.65999984741211,63230600,0.0,0
2020-11-24,335.00152587890625,0.07999999821186066,21.639999389648438,62415900,0.0,0
2020-11-25,334.4850158691406,0.07999999821186066,21.25,45330900,0.0,0
2020-11-27,335.4165954589844,0.0729999989271164,20.84000015258789,28514100,0.0,0
2020-11-30,333.931640625,0.07500000298023224,20.56999969482422,83872700,0.0,0
2020-12-01,337.5840759277344,0.07999999821186066,20.770000457763672,74231400,0.0,0
2020-12-02,338.29425048828125,0.07500000298023224,21.170000076293945,45927000,0.0,0
2020-12-03,338.2019348144531,0.07500000298023224,21.280000686645508,62882000,0.0,0
2020-12-04,341.1164245605469,0.07500000298023224,20.790000915527344,50749900,0.0,0
2020-12-07,340.4155578613281,0.07000000029802322,21.299999237060547,48944300,0.0,0
2020-12-08,341.4115905761719,0.06800000369548798,20.68000030517578,42458900,0.0,0
2020-12-09,338.349609375,0.07000000029802322,22.270000457763672,74098300,0.0,0
2020-12-10,338.2388610839844,0.07000000029802322,22.520000457763672,57735400,0.0,0
2020-12-11,337.8421936035156,0.06499999761581421,23.309999465942383,57698600,0.0,0
2020-12-14,336.32965087890625,0.05999999865889549,24.719999313354492,69216200,0.0,0
2020-12-15,340.87664794921875,0.07000000029802322,22.889999389648438,63865300,0.0,0
2020-12-16,341.4115905761719,0.07500000298023224,22.5,58420500,0.0,0
2020-12-17,343.3207702636719,0.07999999821186066,21.93000030517578,64119500,0.0,0
2020-12-18,341.949951171875,0.07999999821186066,21.56999969482422,136542300,0.0,0
2020-12-21,340.7273254394531,0.07800000160932541,25.15999984741211,96386700,0.0,0
2020-12-22,340.15301513671875,0.07800000160932541,24.229999542236328,47949000,0.0,0
2020-12-23,340.4587097167969,0.07500000298023224,23.309999465942383,46201400,0.0,0
2020-12-24,341.783203125,0.07500000298023224,21.530000686645508,26457900,0.0,0
2020-12-28,344.7193908691406,0.07999999821186066,21.700000762939453,39000400,0.0,0
2020-12-29,344.0618591308594,0.09000000357627869,23.079999923706055,53680500,0.0,0
2020-12-30,344.55267333984375,0.07000000029802322,22.770000457763672,49455300,0.0,0
2020-12-31,346.3032531738281,0.06499999761581421,22.75,78520700,0.0,0
2021-01-04,341.5886535644531,0.06800000369548798,26.969999313354492,110210800,0.0,0
2021-01-05,343.9413146972656,0.07800000160932541,25.34000015258789,66426200,0.0,0
2021-01-06,345.99761962890625,0.07800000160932541,25.06999969482422,107997700,0.0,0
2021-01-07,351.13824462890625,0.07999999821186066,22.3700008392334,68766800,0.0,0
2021-01-08,353.13897705078125,0.07999999821186066,21.559999465942383,71677200,0.0,0
2021-01-11,350.7584533691406,0.07999999821186066,24.079999923706055,51034700,0.0,0
2021-01-12,350.8326416015625,0.07999999821186066,23.329999923706055,52547700,0.0,0
2021-01-13,351.7773742675781,0.07999999821186066,22.209999084472656,45303600,0.0,0
2021-01-14,350.54547119140625,0.07500000298023224,23.25,49989100,0.0,0
2021-01-15,347.9889831542969,0.07500000298023224,24.34000015258789,107160000,0.0,0
2021-01-19,350.721435546875,0.0729999989271164,23.239999771118164,51233300,0.0,0
2021-01-20,355.5749206542969,0.07500000298023224,21.579999923706055,61836100,0.0,0
2021-01-21,355.899169921875,0.0729999989271164,21.31999969482422,47840100,0.0,0
2021-01-22,354.6394348144531,0.07000000029802322,21.90999984741211,52860500,0.0,0
2021-01-25,356.03802490234375,0.07000000029802322,23.190000534057617,70402000,0.0,0
2021-01-26,355.4822998046875,0.06800000369548798,23.020000457763672,42665300,0.0,0
2021-01-27,346.79412841796875,0.05999999865889549,37.209999084472656,123351100,0.0,0
2021-01-28,349.77667236328125,0.054999999701976776,30.209999084472656,94198100,0.0,0
2021-01-29,342.7742919921875,0.04800000041723251,33.09000015258789,126765100,0.0,0
2021-02-01,348.4799499511719,0.04800000041723251,30.239999771118164,75817600,0.0,0
2021-02-02,353.40753173828125,0.05000000074505806,25.559999465942383,64450700,0.0,0
2021-02-03,353.6854553222656,0.03999999910593033,22.90999984741211,52427100,0.0,0
2021-02-04,357.7053527832031,0.029999999329447746,21.770000457763672,47142600,0.0,0
2021-02-05,359.1131591796875,0.023000000044703484,20.8700008392334,48669800,0.0,0
2021-02-08,361.7066650390625,0.019999999552965164,21.239999771118164,38365200,0.0,0
2021-02-09,361.46588134765625,0.032999999821186066,21.6299991607666,35551100,0.0,0
2021-02-10,361.3083801269531,0.03500000014901161,21.989999771118164,59154400,0.0,0
2021-02-11,361.89190673828125,0.03500000014901161,21.25,42913300,0.0,0
2021-02-12,363.6795959472656,0.03500000014901161,19.969999313354492,50593300,0.0,0
2021-02-16,363.3645935058594,0.03500000014901161,21.459999084472656,50972400,0.0,0
2021-02-17,363.447998046875,0.03500000014901161,21.5,52290600,0.0,0
2021-02-18,361.90118408203125,0.023000000044703484,22.489999771118164,59712800,0.0,0
2021-02-19,361.26202392578125,0.023000000044703484,22.049999237060547,83241000,0.0,0
2021-02-22,358.4833068847656,0.02500000037252903,23.450000762939453,67414200,0.0,0
2021-02-23,358.918701171875,0.023000000044703484,23.110000610351562,107284100,0.0,0
2021-02-24,362.873779296875,0.02800000086426735,21.34000015258789,72433900,0.0,0
2021-02-25,354.1300048828125,0.032999999821186066,28.889999389648438,146670500,0.0,0
2021-02-26,352.3052978515625,0.03500000014901161,27.950000762939453,152701600,0.0,0
2021-03-01,360.84521484375,0.02800000086426735,23.350000381469727,105348800,0.0,0
2021-03-02,358.0294494628906,0.03500000014901161,24.100000381469727,79595300,0.0,0
2021-03-03,353.287109375,0.03500000014901161,26.670000076293945,119940200,0.0,0
2021-03-04,348.915283203125,0.02800000086426735,28.56999969482422,183433000,0.0,0
2021-03-05,355.3341369628906,0.02800000086426735,24.65999984741211,152039600,0.0,0
2021-03-08,353.56500244140625,0.03500000014901161,25.469999313354492,123149200,0.0,0
2021-03-09,358.613037109375,0.03500000014901161,24.030000686645508,113633600,0.0,0
2021-03-10,360.84521484375,0.029999999329447746,22.559999465942383,109899400,0.0,0
2021-03-11,364.50390625,0.02800000086426735,21.90999984741211,86245000,0.0,0
2021-03-12,364.99481201171875,0.02500000037252903,20.690000534057617,64653600,0.0,0
2021-03-15,367.17156982421875,0.014999999664723873,20.030000686645508,73427200,0.0,0
2021-03-16,366.7083740234375,0.00800000037997961,19.790000915527344,73722500,0.0,0
2021-03-17,367.9588317871094,0.00800000037997961,19.229999542236328,97959300,0.0,0
2021-03-18,362.6051940917969,0.003000000026077032,21.579999923706055,115349100,0.0,0
2021-03-19,361.93414306640625,0.004999999888241291,20.950000762939453,113624500,0.0,0
2021-03-22,364.82421875,0.004999999888241291,18.8799991607666,73778600,0.0,0
2021-03-23,361.9527587890625,0.009999999776482582,20.299999237060547,90686600,0.0,0
2021-03-24,360.1127624511719,0.014999999664723873,21.200000762939453,97588600,0.0,0
2021-03-25,362.1386413574219,0.014999999664723873,19.809999465942383,116128600,0.0,0
2021-03-26,367.9744873046875,0.014999999664723873,18.860000610351562,114409100,0.0,0
2021-03-29,367.78863525390625,0.00800000037997961,20.739999771118164,108107600,0.0,0
2021-03-30,366.8128967285156,0.013000000268220901,19.610000610351562,76262200,0.0,0
2021-03-31,368.2997741699219,0.013000000268220901,19.399999618530273,112734200,0.0,0
2021-04-01,372.2769775390625,0.00800000037997961,17.329999923706055,99682900,0.0,0
2021-04-05,377.620361328125,0.014999999664723873,17.90999984741211,91684800,0.0,0
2021-04-06,377.39727783203125,0.014999999664723873,18.1200008392334,62021000,0.0,0
2021-04-07,377.83404541015625,0.009999999776482582,17.15999984741211,55836300,0.0,0
2021-04-08,379.6275939941406,0.004999999888241291,16.950000762939453,57863100,0.0,0
2021-04-09,382.387451171875,0.003000000026077032,16.690000534057617,61104600,0.0,0
2021-04-12,382.5269470214844,0.009999999776482582,16.90999984741211,56704900,0.0,0
2021-04-13,383.66058349609375,0.014999999664723873,16.649999618530273,56551000,0.0,0
2021-04-14,382.3503723144531,0.014999999664723873,16.989999771118164,61659900,0.0,0
2021-04-15,386.4577331542969,0.009999999776482582,16.56999969482422,60229800,0.0,0
2021-04-16,387.7494201660156,0.00800000037997961,16.25,82037300,0.0,0
2021-04-19,385.844482421875,0.014999999664723873,17.290000915527344,78498500,0.0,0
2021-04-20,383.0194396972656,0.014999999664723873,18.68000030517578,81851800,0.0,0
2021-04-21,386.6436462402344,0.013000000268220901,17.5,66793000,0.0,0
2021-04-22,383.1123962402344,0.014999999664723873,18.709999084472656,97582800,0.0,0
2021-04-23,387.2662353515625,0.014999999664723873,17.329999923706055,73209200,0.0,0
2021-04-26,388.0746765136719,0.00800000037997961,17.639999389648438,52182400,0.0,0
2021-04-27,387.9910888671875,0.009999999776482582,17.559999465942383,51303100,0.0,0
2021-04-28,387.8796081542969,0.00800000037997961,17.280000686645508,51238900,0.0,0
2021-04-29,390.3514099121094,0.00800000037997961,17.610000610351562,78544300,0.0,0
2021-04-30,387.78662109375,0.003000000026077032,18.610000610351562,85527000,0.0,0
2021-05-03,388.623046875,0.004999999888241291,18.309999465942383,68128300,0.0,0
2021-05-04,386.2254943847656,0.009999999776482582,19.479999542236328,101591200,0.0,0
2021-05-05,386.34625244140625,0.00800000037997961,19.149999618530273,60162200,0.0,0
2021-05-06,389.43145751953125,0.00800000037997961,18.389999389648438,74321400,0.0,0
2021-05-07,392.2657470703125,0.00800000037997961,16.690000534057617,67733800,0.0,0
2021-05-10,388.38140869140625,0.004999999888241291,19.65999984741211,81852400,0.0,0
2021-05-11,384.9151916503906,0.009999999776482582,21.84000015258789,116888000,0.0,0
2021-05-12,376.7375793457031,0.009999999776482582,27.59000015258789,134811000,0.0,0
2021-05-13,381.26318359375,0.00800000037997961,23.1299991607666,106394000,0.0,0
2021-05-14,387.1175231933594,0.004999999888241291,18.809999465942383,82201600,0.0,0
2021-05-17,386.13250732421875,0.004999999888241291,19.719999313354492,65129200,0.0,0
2021-05-18,382.80572509765625,0.009999999776482582,21.34000015258789,59810200,0.0,0
2021-05-19,381.8021240234375,0.004999999888241291,22.18000030517578,106467100,0.0,0
2021-05-20,385.9095153808594,0.003000000026077032,20.670000076293945,78022200,0.0,0
2021-05-21,385.5935363769531,0.003000000026077032,20.149999618530273,76578700,0.0,0
2021-05-24,389.5244445800781,0.003000000026077032,18.399999618530273,51376700,0.0,0
2021-05-25,388.66015625,0.009999999776482582,18.84000015258789,57451400,0.0,0
2021-05-26,389.43145751953125,0.004999999888241291,17.360000610351562,43088600,0.0,0
2021-05-27,389.635986328125,0.004999999888241291,16.739999771118164,56707700,0.0,0
2021-05-28,390.3328552246094,0.00800000037997961,16.760000228881836,58520200,0.0,0
2021-06-01,389.98907470703125,0.009999999776482582,17.899999618530273,54216600,0.0,0
2021-06-02,390.6023254394531,0.014999999664723873,17.479999542236328,49097100,0.0,0
2021-06-03,389.1526184082031,0.014999999664723873,18.040000915527344,58138800,0.0,0
2021-06-04,392.7118225097656,0.014999999664723873,16.420000076293945,55938800,0.0,0
2021-06-07,392.33087158203125,0.017999999225139618,16.420000076293945,51555000,0.0,0
2021-06-08,392.4143981933594,0.019999999552965164,17.06999969482422,47134300,0.0,0
2021-06-09,391.8289794921875,0.019999999552965164,17.889999389648438,48436300,0.0,0
2021-06-10,393.6502990722656,0.019999999552965164,16.100000381469727,51020100,0.0,0
2021-06-11,394.30084228515625,0.017999999225139618,15.649999618530273,45570800,0.0,0
2021-06-14,395.1836853027344,0.014999999664723873,16.389999389648438,42358500,0.0,0
2021-06-15,394.45880126953125,0.019999999552965164,17.020000457763672,51508500,0.0,0
2021-06-16,392.25640869140625,0.02800000086426735,18.149999618530273,80386100,0.0,0
2021-06-17,392.12640380859375,0.02800000086426735,17.75,90949700,0.0,0
2021-06-18,386.8363952636719,0.02800000086426735,20.700000762939453,118676300,0.0,0
2021-06-21,392.37432861328125,0.029999999329447746,17.889999389648438,72822000,0.0,0
2021-06-22,394.47198486328125,0.03799999877810478,16.65999984741211,57700300,0.0,0
2021-06-23,393.9965515136719,0.03999999910593033,16.31999969482422,49445400,0.0,0
2021-06-24,396.3273620605469,0.0430000014603138,15.970000267028809,45110300,0.0,0
2021-06-25,397.7351989746094,0.0430000014603138,15.619999885559082,58129500,0.0,0
2021-06-28,398.5369873046875,0.03999999910593033,15.760000228881836,53159600,0.0,0
2021-06-29,398.7514343261719,0.03999999910593033,16.020000457763672,35970500,0.0,0
2021-06-30,399.0869445800781,0.03999999910593033,15.829999923706055,64827900,0.0,0
2021-07-01,401.296630859375,0.03999999910593033,15.479999542236328,53441000,0.0,0
2021-07-02,404.3639221191406,0.03799999877810478,15.069999694824219,57697700,0.0,0
2021-07-06,403.6273498535156,0.03999999910593033,16.440000534057617,68710400,0.0,0
2021-07-07,405.0538024902344,0.0430000014603138,16.200000762939453,63549500,0.0,0
2021-07-08,401.7535095214844,0.0430000014603138,19.0,97595200,0.0,0
2021-07-09,406.0421447753906,0.0430000014603138,16.18000030517578,76238600,0.0,0
2021-07-12,407.4964904785156,0.0430000014603138,16.170000076293945,52889600,0.0,0
2021-07-13,406.10736083984375,0.04500000178813934,17.1200008392334,52911300,0.0,0
2021-07-14,406.7133483886719,0.04500000178813934,16.329999923706055,64130400,0.0,0
2021-07-15,405.3241882324219,0.03799999877810478,17.010000228881836,55126400,0.0,0
2021-07-16,402.1449890136719,0.03799999877810478,18.450000762939453,75874700,0.0,0
2021-07-19,396.20623779296875,0.03999999910593033,22.5,147987000,0.0,0
2021-07-20,401.8839416503906,0.04500000178813934,19.729999542236328,99608200,0.0,0
2021-07-21,405.1377868652344,0.04500000178813934,17.90999984741211,64724400,0.0,0
2021-07-22,405.9862060546875,0.0430000014603138,17.690000534057617,47878500,0.0,0
2021-07-23,410.1629333496094,0.04500000178813934,17.200000762939453,63766600,0.0,0
2021-07-26,411.1698303222656,0.03999999910593033,17.579999923706055,43719200,0.0,0
2021-07-27,409.2958679199219,0.04500000178813934,19.360000610351562,67397100,0.0,0
2021-07-28,409.1280212402344,0.04500000178813934,18.309999465942383,52472400,0.0,0
2021-07-29,410.82476806640625,0.03999999910593033,17.700000762939453,47435300,0.0,0
2021-07-30,408.8297119140625,0.03999999910593033,18.239999771118164,68951200,0.0,0
2021-08-02,407.971923828125,0.03799999877810478,19.459999084472656,58783300,0.0,0
2021-08-03,411.291015625,0.04500000178813934,18.040000915527344,58053900,0.0,0
2021-08-04,409.2679138183594,0.04500000178813934,17.969999313354492,46732200,0.0,0
2021-08-05,411.8597412109375,0.0430000014603138,17.280000686645508,38969700,0.0,0
2021-08-06,412.5403747558594,0.0430000014603138,16.149999618530273,46930000,0.0,0
2021-08-09,412.2046203613281,0.04500000178813934,16.719999313354492,41222600,0.0,0
2021-08-10,412.7173767089844,0.05000000074505806,16.790000915527344,43339300,0.0,0
2021-08-11,413.7430419921875,0.04500000178813934,16.170000076293945,44034300,0.0,0
2021-08-12,414.98297119140625,0.0430000014603138,15.59000015258789,38909400,0.0,0
2021-08-13,415.7381591796875,0.04500000178813934,15.449999809265137,39470300,0.0,0
2021-08-16,416.7171630859375,0.057999998331069946,16.1200008392334,73740000,0.0,0
2021-08-17,413.9854431152344,0.06300000101327896,17.90999984741211,92673900,0.0,0
2021-08-18,409.4544372558594,0.054999999701976776,21.56999969482422,89351900,0.0,0
2021-08-19,410.0882568359375,0.0430000014603138,21.670000076293945,92812200,0.0,0
2021-08-20,413.35150146484375,0.0430000014603138,18.559999465942383,72008700,0.0,0
2021-08-23,416.98748779296875,0.03999999910593033,17.149999618530273,54973000,0.0,0
2021-08-24,417.6494140625,0.04800000041723251,17.219999313354492,38744700,0.0,0
2021-08-25,418.5258483886719,0.04500000178813934,16.790000915527344,40529700,0.0,0
2021-08-26,416.0552673339844,0.0430000014603138,18.84000015258789,57829600,0.0,0
2021-08-27,419.77508544921875,0.0430000014603138,16.389999389648438,77235100,0.0,0
2021-08-30,421.6211242675781,0.03799999877810478,16.190000534057617,48357400,0.0,0
2021-08-31,420.9964294433594,0.03999999910593033,16.479999542236328,59300200,0.0,0
2021-09-01,421.2201843261719,0.03999999910593033,16.110000610351562,48721400,0.0,0
2021-09-02,422.51611328125,0.03999999910593033,16.40999984741211,42501000,0.0,0
2021-09-03,422.4135437011719,0.03999999910593033,16.40999984741211,47170500,0.0,0
2021-09-07,420.9031677246094,0.03500000014901161,18.139999389648438,51671500,0.0,0
2021-09-08,420.3904724121094,0.03999999910593033,17.959999084472656,56181900,0.0,0
2021-09-09,418.5910339355469,0.03799999877810478,18.799999237060547,57970400,0.0,0
2021-09-10,415.2906188964844,0.03799999877810478,20.950000762939453,89948200,0.0,0
2021-09-13,416.353515625,0.03799999877810478,19.3700008392334,83738600,0.0,0
2021-09-14,414.1065673828125,0.03500000014901161,19.459999084472656,78197100,0.0,0
2021-09-15,417.5654602050781,0.03500000014901161,18.18000030517578,78792200,0.0,0
2021-09-16,416.9035949707031,0.029999999329447746,18.690000534057617,77786700,0.0,0
2021-09-17,412.84246826171875,0.02800000086426735,20.809999465942383,118425000,0.0,0
2021-09-20,405.9585876464844,0.02500000037252903,25.709999084472656,166445500,0.0,0
2021-09-21,405.5752868652344,0.019999999552965164,24.360000610351562,92526100,0.0,0
2021-09-22,409.531494140625,0.02500000037252903,20.8700008392334,102350100,0.0,0
2021-09-23,414.5072937011719,0.02500000037252903,18.6299991607666,76396000,0.0,0
2021-09-24,415.1900939941406,0.02500000037252903,17.75,62094800,0.0,0
2021-09-27,414.0023193359375,0.02500000037252903,18.760000228881836,61371100,0.0,0
2021-09-28,405.65936279296875,0.029999999329447746,23.25,130436300,0.0,0
2021-09-29,406.3421630859375,0.029999999329447746,22.559999465942383,82329200,0.0,0
2021-09-30,401.3756408691406,0.02800000086426735,23.139999389648438,140506000,0.0,0
2021-10-01,406.14569091796875,0.02800000086426735,21.100000381469727,129240100,0.0,0
2021-10-04,400.90802001953125,0.02800000086426735,22.959999084472656,128570000,0.0,0
2021-10-05,405.0794982910156,0.03500000014901161,21.299999237060547,90682500,0.0,0
2021-10-06,406.7630615234375,0.03999999910593033,21.0,113032200,0.0,0
2021-10-07,410.2797546386719,0.03999999910593033,19.540000915527344,72437500,0.0,0
2021-10-08,409.531494140625,0.03999999910593033,18.770000457763672,74557400,0.0,0
2021-10-11,406.566650390625,0.03999999910593033,20.0,65233300,0.0,0
2021-10-12,405.56585693359375,0.03999999910593033,19.850000381469727,71181200,0.0,0
2021-10-13,407.0249328613281,0.04500000178813934,18.639999389648438,72974000,0.0,0
2021-10-14,413.871337890625,0.03999999910593033,16.860000610351562,70236800,0.0,0
2021-10-15,417.0232849121094,0.03799999877810478,16.299999237060547,66260200,0.0,0
2021-10-18,418.25799560546875,0.0430000014603138,16.309999465942383,62213200,0.0,0
2021-10-19,421.48468017578125,0.05000000074505806,15.699999809265137,46996800,0.0,0
2021-10-20,423.1401672363281,0.05000000074505806,15.489999771118164,49571600,0.0,0
2021-10-21,424.2438659667969,0.05000000074505806,15.010000228881836,41305400,0.0,0
2021-10-22,423.8042297363281,0.05000000074505806,15.430000305175781,58845100,0.0,0
2021-10-25,426.0769958496094,0.05000000074505806,15.239999771118164,45214500,0.0,0
2021-10-26,426.46044921875,0.05000000074505806,15.979999542236328,56075100,0.0,0
2021-10-27,424.57122802734375,0.05000000074505806,16.979999542236328,72438000,0.0,0
2021-10-28,428.6678466796875,0.04800000041723251,16.530000686645508,51437900,0.0,0
2021-10-29,429.53765869140625,0.04800000041723251,16.260000228881836,70162400,0.0,0
2021-11-01,430.27655029296875,0.03999999910593033,16.40999984741211,48433600,0.0,0
2021-11-02,432.01617431640625,0.04500000178813934,16.030000686645508,48908400,0.0,0
2021-11-03,434.65374755859375,0.04500000178813934,15.100000381469727,52509800,0.0,0
2021-11-04,436.7021484375,0.03500000014901161,15.4399995803833,52847100,0.0,0
2021-11-05,438.2171630859375,0.03999999910593033,16.479999542236328,66390600,0.0,0
2021-11-08,438.5914306640625,0.03500000014901161,17.219999313354492,50405200,0.0,0
2021-11-09,437.1416320800781,0.03999999910593033,17.780000686645508,51149100,0.0,0
2021-11-10,433.6248779296875,0.04500000178813934,18.729999542236328,69429700,0.0,0
2021-11-11,433.76519775390625,0.03999999910593033,17.65999984741211,34848500,0.0,0
2021-11-12,437.03875732421875,0.0430000014603138,16.290000915527344,53466700,0.0,0
2021-11-15,437.1884460449219,0.03799999877810478,16.489999771118164,46980500,0.0,0
2021-11-16,438.918701171875,0.03999999910593033,16.3700008392334,48857500,0.0,0
2021-11-17,437.85247802734375,0.04500000178813934,17.110000610351562,47858300,0.0,0
2021-11-18,439.33953857421875,0.04500000178813934,17.59000015258789,50625600,0.0,0
2021-11-19,438.5539855957031,0.04500000178813934,17.90999984741211,57315600,0.0,0
2021-11-22,437.31939697265625,0.03999999910593033,19.170000076293945,72762000,0.0,0
2021-11-23,437.8992614746094,0.04500000178813934,19.3799991607666,73206500,0.0,0
2021-11-24,439.068359375,0.05000000074505806,18.579999923706055,61858800,0.0,0
2021-11-26,429.27581787109375,0.0430000014603138,28.6200008392334,112669600,0.0,0
2021-11-29,434.5415344238281,0.03799999877810478,22.959999084472656,86268800,0.0,0
2021-11-30,426.0863952636719,0.04800000041723251,27.190000534057617,148559600,0.0,0
2021-12-01,421.353759765625,0.05000000074505806,31.1200008392334,131939200,0.0,0
2021-12-02,427.807373046875,0.0430000014603138,27.950000762939453,127637800,0.0,0
2021-12-03,424.0848083496094,0.0430000014603138,30.670000076293945,137331600,0.0,0
2021-12-06,429.107421875,0.0430000014603138,27.18000030517578,98977500,0.0,0
2021-12-07,437.9833984375,0.057999998331069946,21.889999389648438,95484700,0.0,0
2021-12-08,439.1432189941406,0.05999999865889549,19.899999618530273,72238800,0.0,0
2021-12-09,436.17828369140625,0.05299999937415123,21.579999923706055,61272600,0.0,0
2021-12-10,440.28424072265625,0.05000000074505806,18.690000534057617,77159800,0.0,0
2021-12-13,436.38409423828125,0.0430000014603138,20.309999465942383,87724700,0.0,0
2021-12-14,433.3816833496094,0.04800000041723251,21.889999389648438,97264100,0.0,0
2021-12-15,440.1533508300781,0.04500000178813934,19.290000915527344,116899300,0.0,0
2021-12-16,436.27178955078125,0.03500000014901161,20.56999969482422,116568600,0.0,0
2021-12-17,431.6286315917969,0.029999999329447746,21.56999969482422,135511600,0.0,0
2021-12-20,427.0389404296875,0.03799999877810478,22.8700008392334,107134800,0.0,0
2021-12-21,434.62274169921875,0.06499999761581421,21.010000228881836,69806300,0.0,0
2021-12-22,438.9684143066406,0.06499999761581421,18.6299991607666,58890200,0.0,0
2021-12-23,441.69964599609375,0.057999998331069946,17.959999084472656,56439700,0.0,0
2021-12-27,447.9506530761719,0.0430000014603138,17.68000030517578,56808600,0.0,0
2021-12-28,447.5846252441406,0.05000000074505806,17.540000915527344,47274600,0.0,0
2021-12-29,448.1572265625,0.04500000178813934,16.950000762939453,54503000,0.0,0
2021-12-30,446.918212890625,0.02500000037252903,17.329999923706055,55329000,0.0,0
2021-12-31,445.7919006347656,0.032999999821186066,17.219999313354492,65237400,0.0,0
2022-01-03,448.3730773925781,0.05299999937415123,16.600000381469727,72668200,0.0,0
2022-01-04,448.2228698730469,0.07999999821186066,16.90999984741211,71178700,0.0,0
2022-01-05,439.61602783203125,0.08500000089406967,19.729999542236328,104538900,0.0,0
2022-01-06,439.2030944824219,0.09000000357627869,19.610000610351562,86858900,0.0,0
2022-01-07,437.46673583984375,0.08799999952316284,18.760000228881836,85111600,0.0,0
2022-01-10,436.9223327636719,0.09000000357627869,19.399999618530273,119362000,0.0,0
2022-01-11,440.90185546875,0.11800000071525574,18.40999984741211,74303100,0.0,0
2022-01-12,442.09393310546875,0.11500000208616257,17.6200008392334,67605400,0.0,0
2022-01-13,436.0024719238281,0.10999999940395355,20.309999465942383,91173100,0.0,0
2022-01-14,436.1808776855469,0.11800000071525574,19.190000534057617,95890900,0.0,0
2022-01-18,428.4562072753906,0.12999999523162842,22.790000915527344,109709100,0.0,0
2022-01-19,424.0072937011719,0.16500000655651093,23.850000381469727,109357600,0.0,0
2022-01-20,419.3143615722656,0.1679999977350235,25.59000015258789,122379700,0.0,0
2022-01-21,411.08294677734375,0.15800000727176666,28.850000381469727,202271200,0.0,0
2022-01-24,412.8287658691406,0.1550000011920929,29.899999618530273,251783900,0.0,0
2022-01-25,407.7884826660156,0.1850000023841858,31.15999984741211,167997300,0.0,0
2022-01-26,406.7654113769531,0.17800000309944153,31.959999084472656,186391100,0.0,0
2022-01-27,404.7568359375,0.1850000023841858,30.489999771118164,149878300,0.0,0
2022-01-28,414.8091125488281,0.17299999296665192,27.65999984741211,164457400,0.0,0
2022-01-31,422.2803039550781,0.17299999296665192,24.829999923706055,152251400,0.0,0
2022-02-01,425.13360595703125,0.2029999941587448,21.959999084472656,123155400,0.0,0
2022-02-02,429.2633972167969,0.1850000023841858,22.09000015258789,117361000,0.0,0
2022-02-03,419.1735534667969,0.19300000369548798,24.350000381469727,118024400,0.0,0
2022-02-04,421.1445617675781,0.22300000488758087,23.219999313354492,118454400,0.0,0
2022-02-07,419.79302978515625,0.2029999941587448,22.860000610351562,84472900,0.0,0
2022-02-08,423.2470397949219,0.2750000059604645,21.440000534057617,81012000,0.0,0
2022-02-09,429.4417724609375,0.27000001072883606,19.959999084472656,92589900,0.0,0
2022-02-10,421.7264709472656,0.3700000047683716,23.90999984741211,140103700,0.0,0
2022-02-11,413.4106750488281,0.33799999952316284,27.360000610351562,153214600,0.0,0
2022-02-14,412.05908203125,0.36000001430511475,28.329999923706055,123006300,0.0,0
2022-02-15,418.7042541503906,0.4000000059604645,25.700000762939453,88482700,0.0,0
2022-02-16,419.1735534667969,0.37299999594688416,24.290000915527344,84863600,0.0,0
2022-02-17,410.2194519042969,0.3449999988079071,28.110000610351562,102259100,0.0,0
2022-02-18,407.5632629394531,0.3179999887943268,27.75,132642900,0.0,0
2022-02-22,403.189453125,0.33000001311302185,28.809999465942383,124391800,0.0,0
2022-02-23,396.0373840332031,0.3400000035762787,31.020000457763672,132578000,0.0,0
2022-02-24,401.9974365234375,0.28299999237060547,30.31999969482422,213942900,0.0,0
2022-02-25,410.8670654296875,0.2980000078678131,27.59000015258789,121804500,0.0,0
2022-02-28,409.81585693359375,0.2879999876022339,30.149999618530273,145615000,0.0,0
2022-03-01,403.5742492675781,0.31299999356269836,33.31999969482422,137785900,0.0,0
2022-03-02,410.9985046386719,0.32499998807907104,30.739999771118164,117726500,0.0,0
2022-03-03,408.9524230957031,0.33500000834465027,30.479999542236328,105501700,0.0,0
2022-03-04,405.62982177734375,0.3050000071525574,31.979999542236328,113978200,0.0,0
2022-03-07,393.6721496582031,0.3050000071525574,36.45000076293945,137896600,0.0,0
2022-03-08,390.68743896484375,0.36000001430511475,35.130001068115234,164772700,0.0,0
2022-03-09,401.16204833984375,0.3700000047683716,32.45000076293945,116990800,0.0,0
2022-03-10,399.3505554199219,0.36000001430511475,30.229999542236328,93972700,0.0,0
2022-03-11,394.2728576660156,0.36500000953674316,30.75,95636300,0.0,0
2022-03-14,391.391357421875,0.3779999911785126,31.770000457763672,95729200,0.0,0
2022-03-15,399.9981689453125,0.4480000138282776,29.829999923706055,106219100,0.0,0
2022-03-16,408.86785888671875,0.43299999833106995,26.670000076293945,144954800,0.0,0
2022-03-17,413.9831237792969,0.36000001430511475,25.670000076293945,102676900,0.0,0
2022-03-18,418.5174255371094,0.382999986410141,23.8700008392334,106345500,0.0,0
2022-03-21,418.3950500488281,0.45500001311302185,23.530000686645508,88349800,0.0,0
2022-03-22,423.2908935546875,0.5199999809265137,22.940000534057617,74650400,0.0,0
2022-03-23,417.8396301269531,0.47999998927116394,23.56999969482422,79426100,0.0,0
2022-03-24,424.1382141113281,0.4830000102519989,21.670000076293945,64736900,0.0,0
2022-03-25,426.20953369140625,0.5199999809265137,20.809999465942383,77101300,0.0,0
2022-03-28,429.2412414550781,0.5080000162124634,19.6299991607666,68529800,0.0,0
2022-03-29,434.5512390136719,0.5550000071525574,18.899999618530273,86581500,0.0,0
2022-03-30,431.8680114746094,0.5249999761581421,19.329999923706055,79666900,0.0,0
2022-03-31,425.2209777832031,0.49300000071525574,20.559999465942383,121699900,0.0,0
2022-04-01,426.4261169433594,0.5,19.6299991607666,89048800,0.0,0
2022-04-04,430.0791015625,0.5379999876022339,18.56999969482422,59601000,0.0,0
2022-04-05,424.64666748046875,0.6679999828338623,21.030000686645508,74214500,0.0,0
2022-04-06,420.4004211425781,0.6629999876022339,22.100000381469727,106898000,0.0,0
2022-04-07,422.5188293457031,0.6600000262260437,21.549999237060547,78097200,0.0,0
2022-04-08,421.3890686035156,0.6679999828338623,21.15999984741211,79272700,0.0,0
2022-04-11,414.18658447265625,0.6800000071525574,24.3700008392334,89770500,0.0,0
2022-04-12,412.65185546875,0.7379999756813049,24.260000228881836,84363600,0.0,0
2022-04-13,417.3782653808594,0.7400000095367432,21.81999969482422,74070400,0.0,0
2022-04-14,412.18109130859375,0.7480000257492065,22.700000762939453,97869500,0.0,0
2022-04-18,412.3506164550781,0.7549999952316284,22.170000076293945,66002500,0.0,0
2022-04-19,419.00714111328125,0.8330000042915344,21.3700008392334,77821000,0.0,0
2022-04-20,418.6963195800781,0.7950000166893005,20.31999969482422,65224400,0.0,0
2022-04-21,412.4353332519531,0.800000011920929,22.68000030517578,85417300,0.0,0
2022-04-22,401.1184997558594,0.7799999713897705,28.209999084472656,132471800,0.0,0
2022-04-25,403.44403076171875,0.7979999780654907,27.020000457763672,119647700,0.0,0
2022-04-26,391.7598876953125,0.8330000042915344,33.52000045776367,103996300,0.0,0
2022-04-27,392.8614807128906,0.8080000281333923,31.600000381469727,122030000,0.0,0
2022-04-28,402.78497314453125,0.7850000262260437,29.989999771118164,105449100,0.0,0
2022-04-29,387.8997497558594,0.8080000281333923,33.400001525878906,145491100,0.0,0
2022-05-02,390.23468017578125,0.7649999856948853,32.34000015258789,158312500,0.0,0
2022-05-03,392.0235290527344,0.8949999809265137,29.25,100028200,0.0,0
2022-05-04,403.96185302734375,0.8330000042915344,25.420000076293945,144247900,0.0,0
2022-05-05,389.6039123535156,0.8029999732971191,31.200000762939453,172929100,0.0,0
2022-05-06,387.2783508300781,0.8149999976158142,30.190000534057617,151770800,0.0,0
2022-05-09,374.8787536621094,0.800000011920929,34.75,155586100,0.0,0
2022-05-10,375.74493408203125,0.878000020980835,32.9900016784668,132497200,0.0,0
2022-05-11,369.77581787109375,0.8830000162124634,32.560001373291016,142361000,0.0,0
2022-05-12,369.3897399902344,0.9049999713897705,31.770000457763672,125090800,0.0,0
2022-05-13,378.2210388183594,0.9430000185966492,28.8700008392334,104174400,0.0,0
2022-05-16,376.68646240234375,0.9800000190734863,27.469999313354492,78622400,0.0,0
2022-05-17,384.4349670410156,1.0379999876022339,26.100000381469727,83029700,0.0,0
2022-05-18,368.93780517578125,1.003000020980835,30.959999084472656,117674500,0.0,0
2022-05-19,366.67828369140625,1.0,29.350000381469727,98510700,0.0,0
2022-05-20,366.83831787109375,0.9779999852180481,29.43000030517578,131432200,0.0,0
2022-05-23,373.7018737792969,0.9929999709129333,28.479999542236328,76414900,0.0,0
2022-05-24,370.8490905761719,1.0429999828338623,29.450000762939453,91448800,0.0,0
2022-05-25,374.12554931640625,1.0449999570846558,28.3700008392334,91472900,0.0,0
2022-05-26,381.6009826660156,1.027999997138977,27.5,82168300,0.0,0
2022-05-27,390.9690856933594,1.024999976158142,25.719999313354492,84768700,0.0,0
2022-05-31,388.7752990722656,1.0299999713897705,26.190000534057617,95937000,0.0,0
2022-06-01,385.6306457519531,1.1030000448226929,25.690000534057617,86585800,0.0,0
2022-06-02,392.97442626953125,1.1130000352859497,24.719999313354492,79609600,0.0,0
2022-06-03,386.525146484375,1.1349999904632568,24.790000915527344,71874300,0.0,0
2022-06-06,387.7020263671875,1.159999966621399,25.06999969482422,57508900,0.0,0
2022-06-07,391.4209289550781,1.225000023841858,24.020000457763672,59272400,0.0,0
2022-06-08,387.1653747558594,1.2330000400543213,23.959999084472656,64350000,0.0,0
2022-06-09,377.9574279785156,1.2380000352859497,26.09000015258789,86289800,0.0,0
2022-06-10,366.99835205078125,1.2879999876022339,27.75,132893900,0.0,0
2022-06-13,353.0640869140625,1.4980000257492065,34.02000045776367,170004900,0.0,0
2022-06-14,352.0001525878906,1.7430000305175781,32.689998626708984,104011800,0.0,0
2022-06-15,357.0184326171875,1.6950000524520874,29.6200008392334,125666800,0.0,0
2022-06-16,345.2025451660156,1.4830000400543213,32.95000076293945,134473300,0.0,0
2022-06-17,345.9466552734375,1.5099999904632568,31.1299991607666,111113900,0.0,0
2022-06-21,354.6554260253906,1.4880000352859497,30.190000534057617,76811900,0.0,0
2022-06-22,354.01239013671875,1.5449999570846558,28.950000762939453,90059400,0.0,0
2022-06-23,357.4826354980469,1.559999942779541,29.049999237060547,79292100,0.0,0
2022-06-24,368.8483581542969,1.5980000495910645,27.229999542236328,98050300,0.0,0
2022-06-27,367.439453125,1.6330000162124634,26.950000762939453,66009600,0.0,0
2022-06-28,359.93170166015625,1.7380000352859497,28.360000610351562,86548900,0.0,0
2022-06-29,359.6385803222656,1.7050000429153442,28.15999984741211,65676000,0.0,0
2022-06-30,356.7167663574219,1.600000023841858,28.709999084472656,112508300,0.0,0
2022-07-01,360.489501953125,1.6030000448226929,26.700000762939453,74839700,0.0,0
2022-07-05,361.1703796386719,1.6299999952316284,27.540000915527344,81438000,0.0,0
2022-07-06,362.39007568359375,1.840000033378601,26.729999542236328,70426200,0.0,0
2022-07-07,367.81781005859375,1.8530000448226929,26.079999923706055,64525900,0.0,0
2022-07-08,367.51519775390625,1.843000054359436,24.639999389648438,72397800,0.0,0
2022-07-11,363.3168029785156,1.9529999494552612,26.170000076293945,58366900,0.0,0
2022-07-12,360.1018981933594,2.11299991607666,27.290000915527344,62219200,0.0,0
2022-07-13,358.2107849121094,2.322999954223633,26.81999969482422,84224600,0.0,0
2022-07-14,357.3408203125,2.2730000019073486,26.399999618530273,89704800,0.0,0
2022-07-15,364.16790771484375,2.240000009536743,24.229999542236328,79060400,0.0,0
2022-07-18,361.1609802246094,2.259999990463257,25.299999237060547,63203600,0.0,0
2022-07-19,370.9192199707031,2.450000047683716,24.5,78506000,0.0,0
2022-07-20,373.28314208984375,2.378000020980835,23.8799991607666,71843800,0.0,0
2022-07-21,377.0843505859375,2.359999895095825,23.110000610351562,64903900,0.0,0
2022-07-22,373.58575439453125,2.3550000190734863,23.030000686645508,72197300,0.0,0
2022-07-25,374.0396423339844,2.3929998874664307,23.360000610351562,53631500,0.0,0
2022-07-26,369.6143493652344,2.4749999046325684,24.690000534057617,52946400,0.0,0
2022-07-27,379.2119140625,2.382999897003174,23.239999771118164,82342100,0.0,0
2022-07-28,383.96807861328125,2.308000087738037,22.329999923706055,73966600,0.0,0
2022-07-29,389.56591796875,2.2980000972747803,21.329999923706055,87003700,0.0,0
2022-08-01,388.41229248046875,2.265000104904175,22.84000015258789,69997500,0.0,0
2022-08-02,385.849853515625,2.4630000591278076,23.93000030517578,63435400,0.0,0
2022-08-03,391.8919982910156,2.427999973297119,21.950000762939453,67820600,0.0,0
2022-08-04,391.6272277832031,2.378000020980835,21.440000534057617,45656600,0.0,0
2022-08-05,390.96539306640625,2.4100000858306885,21.149999618530273,56814900,0.0,0
2022-08-08,390.5115051269531,2.4600000381469727,21.290000915527344,53886100,0.0,0
2022-08-09,388.96075439453125,2.569999933242798,21.770000457763672,44931800,0.0,0
2022-08-10,397.1304931640625,2.5350000858306885,19.739999771118164,68665700,0.0,0
2022-08-11,397.1304931640625,2.490000009536743,20.200000762939453,59489700,0.0,0
2022-08-12,403.853515625,2.5,19.530000686645508,61694500,0.0,0
2022-08-15,405.5177001953125,2.513000011444092,19.950000762939453,54048300,0.0,0
2022-08-16,406.3119812011719,2.5980000495910645,19.690000534057617,59289000,0.0,0
2022-08-17,403.427978515625,2.568000078201294,19.899999618530273,63563400,0.0,0
2022-08-18,404.6004943847656,2.565000057220459,19.559999465942383,49023200,0.0,0
2022-08-19,399.1634826660156,2.5799999237060547,20.600000381469727,68016900,0.0,0
2022-08-22,390.85186767578125,2.6480000019073486,23.799999237060547,77695600,0.0,0
2022-08-23,389.9062805175781,2.703000068664551,24.110000610351562,49105200,0.0,0
2022-08-24,391.15447998046875,2.7130000591278076,22.81999969482422,49177800,0.0,0
2022-08-25,396.6766052246094,2.7300000190734863,21.780000686645508,50942300,0.0,0
2022-08-26,383.2493591308594,2.755000114440918,25.559999465942383,103087000,0.0,0
2022-08-29,380.7153625488281,2.7980000972747803,26.209999084472656,65370800,0.0,0
2022-08-30,376.5359191894531,2.872999906539917,26.209999084472656,85652400,0.0,0
2022-08-31,373.67083740234375,2.859999895095825,25.8700008392334,76029700,0.0,0
2022-09-01,374.84332275390625,2.86299991607666,25.559999465942383,78740100,0.0,0
2022-09-02,370.890869140625,2.819999933242798,25.469999313354492,99632100,0.0,0
2022-09-06,369.4914245605469,2.8450000286102295,26.90999984741211,76637400,0.0,0
2022-09-07,376.1293640136719,2.933000087738037,24.639999389648438,70964200,0.0,0
2022-09-08,378.58782958984375,2.950000047683716,23.610000610351562,80821700,0.0,0
2022-09-09,384.4693298339844,2.9679999351501465,22.790000915527344,76706900,0.0,0
2022-09-12,388.6014404296875,2.994999885559082,23.8700008392334,69256300,0.0,0
2022-09-13,371.70404052734375,3.1530001163482666,27.270000457763672,122947100,0.0,0
2022-09-14,373.1224060058594,3.128000020980835,26.15999984741211,85023700,0.0,0
2022-09-15,368.88629150390625,3.0950000286102295,26.270000457763672,87633800,0.0,0
2022-09-16,366.0720520019531,3.069999933242798,26.299999237060547,103084800,0.0,0
2022-09-19,368.9108581542969,3.0350000858306885,25.760000228881836,73278500,0.0,0
2022-09-20,364.6763610839844,3.243000030517578,27.15999984741211,77274900,0.0,0
2022-09-21,358.3150329589844,3.190000057220459,27.989999771118164,106746600,0.0,0
2022-09-22,355.3052673339844,3.130000114440918,27.350000381469727,89472600,0.0,0
2022-09-23,349.3521728515625,3.1080000400543213,29.920000076293945,122346900,0.0,0
2022-09-26,345.8961181640625,3.1649999618530273,32.2599983215332,92581200,0.0,0
2022-09-27,345.0131530761719,3.25,32.599998474121094,108294100,0.0,0
2022-09-28,351.8017578125,3.2300000190734863,30.18000030517578,110802200,0.0,0
2022-09-29,344.4529724121094,3.2179999351501465,31.84000015258789,112952300,0.0,0
2022-09-30,339.1264953613281,3.180000066757202,31.6200008392334,153711200,0.0,0
2022-10-03,348.0798034667969,3.1500000953674316,30.100000381469727,89756500,0.0,0
2022-10-04,358.86572265625,3.315000057220459,29.06999969482422,103602800,0.0,0
2022-10-05,358.0301818847656,3.2929999828338623,28.549999237060547,88065700,0.0,0
2022-10-06,354.3367919921875,3.2880001068115234,30.520000457763672,82333500,0.0,0
2022-10-07,344.4529724121094,3.2929999828338623,31.360000610351562,107789500,0.0,0
2022-10-10,341.822998046875,3.2850000858306885,32.45000076293945,76042800,0.0,0
2022-10-11,339.658203125,3.3399999141693115,33.630001068115234,92482800,0.0,0
2022-10-12,338.537841796875,3.5329999923706055,33.56999969482422,76991800,0.0,0
2022-10-13,347.47222900390625,3.5829999446868896,31.940000534057617,147254500,0.0,0
2022-10-14,339.5538024902344,3.628000020980835,32.02000045776367,123737000,0.0,0
2022-10-17,348.2792663574219,3.687999963760376,31.3700008392334,93168200,0.0,0
2022-10-18,352.3714294433594,3.8329999446868896,30.5,97162900,0.0,0
2022-10-19,349.8743896484375,3.8929998874664307,30.760000228881836,79746900,0.0,0
2022-10-20,346.9405517578125,3.890000104904175,29.979999542236328,88283100,0.0,0
2022-10-21,355.3717346191406,3.884999990463257,29.690000534057617,131038400,0.0,0
2022-10-24,359.7201843261719,3.9130001068115234,29.850000381469727,85436900,0.0,0
2022-10-25,365.4644470214844,3.9649999141693115,28.459999084472656,78846300,0.0,0
2022-10-26,362.7109375,3.930000066757202,27.280000686645508,104087300,0.0,0
2022-10-27,360.77410888671875,3.930000066757202,27.389999389648438,81971800,0.0,0
2022-10-28,369.3572082519531,3.9700000286102295,25.75,100302000,0.0,0
2022-10-31,366.689208984375,3.9749999046325684,25.8799991607666,96631300,0.0,0
2022-11-01,365.0846252441406,4.050000190734863,25.809999465942383,85407600,0.0,0
2022-11-02,355.92236328125,4.025000095367432,25.860000610351562,126990400,0.0,0
2022-11-03,352.2574768066406,4.025000095367432,25.299999237060547,87100100,0.0,0
2022-11-04,357.3276062011719,4.013000011444092,24.549999237060547,103505200,0.0,0
2022-11-07,360.7455749511719,3.9830000400543213,24.350000381469727,68286900,0.0,0
2022-11-08,362.69195556640625,4.090000152587891,25.540000915527344,84641100,0.0,0
2022-11-09,355.2197570800781,4.0929999351501465,26.09000015258789,78495500,0.0,0
2022-11-10,374.7406311035156,4.054999828338623,23.530000686645508,141455800,0.0,0
2022-11-11,378.3675231933594,4.063000202178955,22.520000457763672,93839900,0.0,0
2022-11-14,375.1488037109375,4.067999839782715,23.729999542236328,71903500,0.0,0
2022-11-15,378.3484802246094,4.130000114440918,24.540000915527344,93194500,0.0,0
2022-11-16,375.462158203125,4.125,24.110000610351562,68508500,0.0,0
2022-11-17,374.3133239746094,4.11299991607666,23.93000030517578,74496300,0.0,0
2022-11-18,376.0128173828125,4.135000228881836,23.1200008392334,92922500,0.0,0
2022-11-21,374.6456604003906,4.0980000495910645,22.360000610351562,51243200,0.0,0
2022-11-22,379.6872253417969,4.197999954223633,21.290000915527344,60429000,0.0,0
2022-11-23,382.07989501953125,4.199999809265137,20.350000381469727,68261600,0.0,0
2022-11-25,381.9944152832031,4.175000190734863,20.5,30545400,0.0,0
2022-11-28,375.89898681640625,4.183000087738037,22.209999084472656,67881600,0.0,0
2022-11-29,375.2533264160156,4.252999782562256,21.889999389648438,52310000,0.0,0
2022-11-30,387.073974609375,4.252999782562256,20.579999923706055,144566700,0.0,0
2022-12-01,386.7891540527344,4.192999839782715,19.84000015258789,76398200,0.0,0
2022-12-02,386.3429260253906,4.208000183105469,19.059999465942383,85342700,0.0,0
2022-12-05,379.3929138183594,4.1579999923706055,20.75,77289800,0.0,0
2022-12-06,373.9239807128906,4.21999979019165,22.170000076293945,77972200,0.0,0
2022-12-07,373.2879333496094,4.183000087738037,22.68000030517578,65927900,0.0,0
2022-12-08,376.2122802734375,4.150000095367432,22.290000915527344,60737900,0.0,0
2022-12-09,373.4018249511719,4.172999858856201,22.829999923706055,81447700,0.0,0
2022-12-12,378.7852478027344,4.168000221252441,25.0,75405800,0.0,0
2022-12-13,381.65264892578125,4.248000144958496,22.549999237060547,123782500,0.0,0
2022-12-14,379.2125244140625,4.21999979019165,21.139999389648438,108111300,0.0,0
2022-12-15,369.93634033203125,4.2129998207092285,22.829999923706055,117705900,0.0,0
2022-12-16,365.56884765625,4.163000106811523,22.6200008392334,119858000,0.0,0
2022-12-19,362.46893310546875,4.163000106811523,22.420000076293945,79878100,0.0,0
2022-12-20,362.9649658203125,4.230000019073486,21.479999542236328,74427200,0.0,0
2022-12-21,368.3921203613281,4.204999923706055,20.06999969482422,78167400,0.0,0
2022-12-22,363.1366271972656,4.208000183105469,21.969999313354492,100120900,0.0,0
2022-12-23,365.2254333496094,4.192999839782715,20.8700008392334,59857300,0.0,0
2022-12-27,363.7852478027344,4.195000171661377,21.649999618530273,51638200,0.0,0
2022-12-28,359.26409912109375,4.3379998207092285,22.139999389648438,70911500,0.0,0
2022-12-29,365.7309875488281,4.295000076293945,21.440000534057617,66970900,0.0,0
2022-12-30,364.7676086425781,4.260000228881836,21.670000076293945,84022200,0.0,0
2023-01-03,363.2319641113281,4.255000114440918,22.899999618530273,74850700,0.0,0
2023-01-04,366.0361633300781,4.400000095367432,22.010000228881836,85934100,0.0,0
2023-01-05,361.8584899902344,4.498000144958496,22.459999084472656,76970500,0.0,0
2023-01-06,370.1566467285156,4.493000030517578,21.1299991607666,104189600,0.0,0
2023-01-09,369.94683837890625,4.482999801635742,21.969999313354492,73978100,0.0,0
2023-01-10,372.5411682128906,4.565000057220459,20.579999923706055,65358100,0.0,0
2023-01-11,377.2530822753906,4.554999828338623,21.09000015258789,68881100,0.0,0
2023-01-12,378.6265869140625,4.474999904632568,18.829999923706055,90157700,0.0,0
2023-01-13,380.095458984375,4.48799991607666,18.350000381469727,63903900,0.0,0
2023-01-17,379.3991394042969,4.493000030517578,19.360000610351562,62677300,0.0,0
2023-01-18,373.40924072265625,4.53000020980835,20.34000015258789,99632300,0.0,0
2023-01-19,370.69085693359375,4.525000095367432,20.520000457763672,86958900,0.0,0
2023-01-20,377.596435546875,4.538000106811523,19.850000381469727,91806400,0.0,0
2023-01-23,382.1270446777344,4.534999847412109,19.809999465942383,84178800,0.0,0
2023-01-24,381.7169189453125,4.572999954223633,19.200000762939453,59524900,0.0,0
2023-01-25,381.8600158691406,4.545000076293945,19.079999923706055,84800300,0.0,0
2023-01-26,386.05682373046875,4.543000221252441,18.729999542236328,72287400,0.0,0
2023-01-27,386.94378662109375,4.547999858856201,18.510000228881836,68346200,0.0,0
2023-01-30,382.08892822265625,4.534999847412109,19.940000534057617,74202000,0.0,0
2023-01-31,387.7068786621094,4.570000171661377,19.399999618530273,86811800,0.0,0
2023-02-01,391.82733154296875,4.519999980926514,17.8700008392334,101459200,0.0,0
2023-02-02,397.53118896484375,4.510000228881836,18.729999542236328,101654500,0.0,0
2023-02-03,393.3057861328125,4.5229997634887695,18.329999923706055,94736800,0.0,0
2023-02-06,390.9021911621094,4.5329999923706055,19.43000030517578,60295300,0.0,0
2023-02-07,396.0146179199219,4.570000171661377,18.65999984741211,90990700,0.0,0
2023-02-08,391.6842956542969,4.585000038146973,19.6299991607666,76227500,0.0,0
2023-02-09,388.2887268066406,4.61299991607666,20.709999084472656,78694900,0.0,0
2023-02-10,389.19488525390625,4.635000228881836,20.530000686645508,70769700,0.0,0
2023-02-13,393.76361083984375,4.644999980926514,20.34000015258789,64913500,0.0,0
2023-02-14,393.5824279785156,4.659999847412109,18.90999984741211,88389300,0.0,0
2023-02-15,394.86053466796875,4.64300012588501,18.229999542236328,61555700,0.0,0
2023-02-16,389.4237060546875,4.664999961853027,20.170000076293945,76431500,0.0,0
2023-02-17,388.45086669921875,4.679999828338623,20.020000457763672,89257800,0.0,0
2023-02-21,380.6582336425781,4.688000202178955,22.8700008392334,82655900,0.0,0
2023-02-22,380.13360595703125,4.695000171661377,22.290000915527344,83742300,0.0,0
2023-02-23,382.1556396484375,4.690000057220459,21.139999389648438,96242400,0.0,0
2023-02-24,378.07330322265625,4.703000068664551,21.670000076293945,108194400,0.0,0
2023-02-27,379.3609924316406,4.664999961853027,20.950000762939453,80444700,0.0,0
2023-02-28,377.9589538574219,4.710000038146973,20.700000762939453,96438600,0.0,0
2023-03-01,376.50909423828125,4.724999904632568,20.579999923706055,99706800,0.0,0
2023-03-02,379.43731689453125,4.7230000495910645,19.59000015258789,85127800,0.0,0
2023-03-03,385.52264404296875,4.7179999351501465,18.489999771118164,90120000,0.0,0
2023-03-06,385.7897033691406,4.728000164031982,18.610000610351562,72795900,0.0,0
2023-03-07,379.8760681152344,4.84499979019165,19.59000015258789,108310600,0.0,0
2023-03-08,380.4960632324219,4.882999897003174,19.110000610351562,74746600,0.0,0
2023-03-09,373.4759216308594,4.8480000495910645,22.610000610351562,111945300,0.0,0
2023-03-10,368.0869445800781,4.802999973297119,24.799999237060547,189253000,0.0,0
2023-03-13,367.5622863769531,4.6579999923706055,26.520000457763672,157790000,0.0,0
2023-03-14,373.63812255859375,4.679999828338623,23.729999542236328,149752400,0.0,0
2023-03-15,371.30126953125,4.558000087738037,26.139999389648438,172996900,0.0,0
2023-03-16,377.8157653808594,4.53000020980835,22.989999771118164,143254200,0.0,0
2023-03-17,373.398193359375,4.293000221252441,25.510000228881836,140553400,0.0,0
2023-03-20,376.9886169433594,4.465000152587891,24.149999618530273,93055800,0.0,0
2023-03-21,381.9386901855469,4.605000019073486,21.3799991607666,91524200,0.0,0
2023-03-22,375.42791748046875,4.563000202178955,22.260000228881836,111746600,0.0,0
2023-03-23,376.4428405761719,4.502999782562256,22.610000610351562,119351300,0.0,0
2023-03-24,378.9131164550781,4.502999782562256,21.739999771118164,107682400,0.0,0
2023-03-27,379.62158203125,4.583000183105469,20.600000381469727,74010400,0.0,0
2023-03-28,378.76947021484375,4.627999782562256,19.969999313354492,62871700,0.0,0
2023-03-29,384.27490234375,4.630000114440918,19.1200008392334,77497900,0.0,0
2023-03-30,386.52490234375,4.664999961853027,19.020000457763672,69840000,0.0,0
2023-03-31,391.9728088378906,4.585000038146973,18.700000762939453,112062600,0.0,0
2023-04-03,393.4664611816406,4.570000171661377,18.549999237060547,67391100,0.0,0
2023-04-04,391.2834167480469,4.728000164031982,19.0,66601500,0.0,0
2023-04-05,390.25897216796875,4.704999923706055,19.079999923706055,65200200,0.0,0
2023-04-06,391.78131103515625,4.710000038146973,18.399999618530273,63743300,0.0,0
2023-04-10,392.1833801269531,4.8379998207092285,18.969999313354492,63681000,0.0,0
2023-04-11,392.2887268066406,4.880000114440918,19.100000381469727,59297900,0.0,0
2023-04-12,390.6898193359375,4.860000133514404,19.09000015258789,86420400,0.0,0
2023-04-13,395.8791809082031,4.855000019073486,17.799999237060547,85814800,0.0,0
2023-04-14,394.91217041015625,4.9029998779296875,17.06999969482422,78161500,0.0,0
2023-04-17,396.3292236328125,4.922999858856201,16.950000762939453,66436400,0.0,0
2023-04-18,396.58770751953125,5.03000020980835,16.829999923706055,63560000,0.0,0
2023-04-19,396.52069091796875,4.994999885559082,16.459999084472656,55227300,0.0,0
2023-04-20,394.3568420410156,4.945000171661377,17.170000076293945,75840400,0.0,0
2023-04-21,394.6631774902344,4.949999809265137,16.770000457763672,73457400,0.0,0
2023-04-24,395.0749206542969,4.873000144958496,16.889999389648438,64332100,0.0,0
2023-04-25,388.8035888671875,4.953000068664551,18.760000228881836,97766700,0.0,0
2023-04-26,387.1567687988281,4.985000133514404,18.84000015258789,80447000,0.0,0
2023-04-27,394.8642883300781,5.0,17.030000686645508,92968400,0.0,0
2023-04-28,398.2344970703125,4.922999858856201,15.779999732971191,89433100,0.0,0
2023-05-01,397.83245849609375,4.864999771118164,16.079999923706055,62122300,0.0,0
2023-05-02,393.361083984375,5.039999961853027,17.780000686645508,103998500,0.0,0
2023-05-03,390.6609802246094,5.09499979019165,18.34000015258789,91531800,0.0,0
2023-05-04,387.89398193359375,5.054999828338623,20.09000015258789,94901900,0.0,0
2023-05-05,395.0749206542969,5.079999923706055,17.190000534057617,87891800,0.0,0
2023-05-08,395.1802673339844,5.083000183105469,16.979999542236328,50046800,0.0,0
2023-05-09,393.4472351074219,5.123000144958496,17.709999084472656,49220100,0.0,0
2023-05-10,395.28558349609375,5.065000057220459,16.940000534057617,96142900,0.0,0
2023-05-11,394.5962219238281,5.014999866485596,16.93000030517578,70157100,0.0,0
2023-05-12,394.07916259765625,5.0279998779296875,17.030000686645508,70481500,0.0,0
2023-05-15,395.43878173828125,5.0,17.1200008392334,54289400,0.0,0
2023-05-16,392.796142578125,5.058000087738037,17.989999771118164,57705500,0.0,0
2023-05-17,397.5643005371094,5.0879998207092285,16.8700008392334,87287000,0.0,0
2023-05-18,401.3941345214844,5.125,16.049999237060547,97177200,0.0,0
2023-05-19,400.8100280761719,5.085000038146973,16.809999465942383,103793300,0.0,0
2023-05-22,400.972900390625,5.09499979019165,17.209999084472656,60745400,0.0,0
2023-05-23,396.4727783203125,5.1529998779296875,18.530000686645508,86383500,0.0,0
2023-05-24,393.6004943847656,5.184999942779541,20.030000686645508,89213700,0.0,0
2023-05-25,397.0090026855469,5.163000106811523,19.139999389648438,90961600,0.0,0
2023-05-26,402.1504821777344,5.114999771118164,17.950000762939453,93830000,0.0,0
2023-05-30,402.3036804199219,5.14300012588501,17.459999084472656,72216000,0.0,0
2023-05-31,400.0728759765625,5.248000144958496,17.940000534057617,110811800,0.0,0
2023-06-01,403.8739318847656,5.203000068664551,15.649999618530273,88865000,0.0,0
2023-06-02,409.7144470214844,5.215000152587891,14.600000381469727,91426200,0.0,0
2023-06-05,408.9293518066406,5.14300012588501,14.729999542236328,65460200,0.0,0
2023-06-06,409.8197937011719,5.1579999923706055,13.960000038146973,64022200,0.0,0
2023-06-07,408.4027404785156,5.1529998779296875,13.9399995803833,85373300,0.0,0
2023-06-08,410.8729553222656,5.099999904632568,13.649999618530273,61952800,0.0,0
2023-06-09,411.6102294921875,5.09499979019165,13.829999923706055,85742800,0.0,0
2023-06-12,415.34429931640625,5.09499979019165,15.010000228881836,76104300,0.0,0
2023-06-13,418.0826110839844,5.099999904632568,14.609999656677246,95899700,0.0,0
2023-06-14,418.58038330078125,5.079999923706055,13.880000114440918,100612100,0.0,0
2023-06-15,423.7698669433594,5.054999828338623,14.5,110303100,0.0,0
2023-06-16,422.326416015625,5.065000057220459,13.539999961853027,114165800,0.0,0
2023-06-20,420.13525390625,5.074999809265137,13.880000114440918,76160400,0.0,0
2023-06-21,417.9826965332031,5.135000228881836,13.199999809265137,76982300,0.0,0
2023-06-22,419.49139404296875,5.135000228881836,12.90999984741211,70637200,0.0,0
2023-06-23,416.3200988769531,5.138000011444092,13.4399995803833,92074500,0.0,0
2023-06-26,414.6191101074219,5.15500020980835,14.25,72823600,0.0,0
2023-06-27,419.16473388671875,5.179999828338623,13.739999771118164,72813700,0.0,0
2023-06-28,419.3761291503906,5.170000076293945,13.430000305175781,75636000,0.0,0
2023-06-29,421.0290222167969,5.175000190734863,13.539999961853027,67882300,0.0,0
2023-06-30,425.99749755859375,5.1529998779296875,13.59000015258789,104964000,0.0,0
2023-07-03,426.4876403808594,5.144999980926514,13.569999694824219,32793400,0.0,0
2023-07-05,425.85333251953125,5.192999839782715,14.180000305175781,58418400,0.0,0
2023-07-06,422.5186767578125,5.2129998207092285,15.4399995803833,80658300,0.0,0
2023-07-07,421.4519348144531,5.2129998207092285,14.829999923706055,86134200,0.0,0
2023-07-10,422.5186767578125,5.224999904632568,15.069999694824219,62443500,0.0,0
2023-07-11,425.20947265625,5.243000030517578,14.84000015258789,64463800,0.0,0
2023-07-12,428.63067626953125,5.230000019073486,13.539999961853027,91924500,0.0,0
2023-07-13,432.0326843261719,5.2230000495910645,13.609999656677246,72425200,0.0,0
2023-07-14,431.7635803222656,5.215000152587891,13.34000015258789,69815800,0.0,0
2023-07-17,433.2627258300781,5.232999801635742,13.479999542236328,52680200,0.0,0
2023-07-18,436.4821472167969,5.248000144958496,13.300000190734863,80668200,0.0,0
2023-07-19,437.4527893066406,5.244999885559082,13.760000228881836,65891700,0.0,0
2023-07-20,434.55047607421875,5.243000030517578,13.989999771118164,70591600,0.0,0
2023-07-21,434.55047607421875,5.248000144958496,13.600000381469727,71275600,0.0,0
2023-07-24,436.4917907714844,5.25,13.90999984741211,54023400,0.0,0
2023-07-25,437.683349609375,5.264999866485596,13.859999656677246,55191200,0.0,0
2023-07-26,437.75067138671875,5.26800012588501,13.1899995803833,71052900,0.0,0
2023-07-27,434.8484191894531,5.26800012588501,14.40999984741211,92194400,0.0,0
2023-07-28,439.1056823730469,5.255000114440918,13.329999923706055,80011800,0.0,0
2023-07-31,439.94183349609375,5.248000144958496,13.630000114440918,62040400,0.0,0
2023-08-01,438.6828918457031,5.260000228881836,13.930000305175781,55291500,0.0,0
2023-08-02,432.5804138183594,5.260000228881836,16.09000015258789,93933400,0.0,0
2023-08-03,431.3406982421875,5.257999897003174,15.920000076293945,64276100,0.0,0
2023-08-04,429.38995361328125,5.252999782562256,17.100000381469727,100128900,0.0,0
2023-08-07,433.1377868652344,5.260000228881836,15.770000457763672,58357500,0.0,0
2023-08-08,431.2542419433594,5.275000095367432,15.989999771118164,71361300,0.0,0
2023-08-09,428.37115478515625,5.28000020980835,15.960000038146973,78789600,0.0,0
2023-08-10,428.52496337890625,5.26800012588501,15.850000381469727,93005500,0.0,0
2023-08-11,428.27508544921875,5.264999866485596,14.84000015258789,68690900,0.0,0
2023-08-14,430.6391296386719,5.269999980926514,14.819999694824219,47867400,0.0,0
2023-08-15,425.6227111816406,5.28000020980835,16.459999084472656,75707500,0.0,0
2023-08-16,422.4994812011719,5.284999847412109,16.780000686645508,80107200,0.0,0
2023-08-17,419.2799987792969,5.2779998779296875,17.889999389648438,95711300,0.0,0
2023-08-18,419.4818115234375,5.2779998779296875,17.299999237060547,98852000,0.0,0
2023-08-21,422.21112060546875,5.28000020980835,17.1299991607666,68719000,0.0,0
2023-08-22,421.0675048828125,5.295000076293945,16.969999313354492,64994200,0.0,0
2023-08-23,425.7572937011719,5.295000076293945,15.979999542236328,68441000,0.0,0
2023-08-24,419.8565979003906,5.302999973297119,17.200000762939453,88517300,0.0,0
2023-08-25,422.81658935546875,5.315000057220459,15.680000305175781,102325100,0.0,0
2023-08-28,425.497802734375,5.322999954223633,15.079999923706055,61595400,0.0,0
2023-08-29,431.6482238769531,5.320000171661377,14.449999809265137,83081900,0.0,0
2023-08-30,433.42608642578125,5.315000057220459,13.880000114440918,69053900,0.0,0
2023-08-31,432.79193115234375,5.297999858856201,13.569999694824219,66084600,0.0,0
2023-09-01,433.5990905761719,5.26800012588501,13.09000015258789,58944100,0.0,0
2023-09-05,431.7251281738281,5.2779998779296875,14.010000228881836,55166200,0.0,0
2023-09-06,428.8228759765625,5.300000190734863,14.449999809265137,70758500,0.0,0
2023-09-07,427.50628662109375,5.2829999923706055,14.399999618530273,70355400,0.0,0
2023-09-08,428.1501770019531,5.293000221252441,13.84000015258789,61659700,0.0,0
2023-09-11,430.9659423828125,5.293000221252441,13.800000190734863,60180100,0.0,0
2023-09-12,428.6018981933594,5.304999828338623,14.229999542236328,67565400,0.0,0
2023-09-13,429.1015625,5.304999828338623,13.479999542236328,60199300,0.0,0
2023-09-14,432.801513671875,5.295000076293945,12.819999694824219,83430800,0.0,0
2023-09-15,427.5869445800781,5.297999858856201,13.789999961853027,111848900,0.0,0
2023-09-18,427.8376770019531,5.300000190734863,14.0,55752200,0.0,0
2023-09-19,426.950439453125,5.309999942779541,14.109999656677246,66514600,0.0,0
2023-09-20,423.0252990722656,5.315000057220459,15.140000343322754,82562600,0.0,0
2023-09-21,416.0334167480469,5.304999828338623,17.540000915527344,104095800,0.0,0
2023-09-22,415.09796142578125,5.304999828338623,17.200000762939453,100829700,0.0,0
2023-09-25,416.843505859375,5.313000202178955,16.899999618530273,70874500,0.0,0
2023-09-26,410.7195129394531,5.324999809265137,18.940000534057617,96168400,0.0,0
2023-09-27,410.8834533691406,5.329999923706055,18.219999313354492,104705800,0.0,0
2023-09-28,413.26556396484375,5.308000087738037,17.34000015258789,92258300,0.0,0
2023-09-29,412.2626037597656,5.300000190734863,17.520000457763672,115111300,0.0,0
2023-10-02,412.0986633300781,5.315000057220459,17.610000610351562,83798600,0.0,0
2023-10-03,406.582275390625,5.340000152587891,19.780000686645508,103760600,0.0,0
2023-10-04,409.5429992675781,5.335000038146973,18.579999923706055,87453000,0.0,0
2023-10-05,409.38861083984375,5.324999809265137,18.489999771118164,70142700,0.0,0
2023-10-06,414.2492370605469,5.3480000495910645,17.450000762939453,113273300,0.0,0
2023-10-09,416.9013977050781,5.3480000495910645,17.700000762939453,80374400,0.0,0
2023-10-10,419.0712585449219,5.322999954223633,17.030000686645508,78607300,0.0,0
2023-10-11,420.7879333496094,5.335000038146973,16.09000015258789,62451700,0.0,0
2023-10-12,418.2225646972656,5.335000038146973,16.690000534057617,81154200,0.0,0
2023-10-13,416.13946533203125,5.328000068664551,19.31999969482422,95143100,0.0,0
2023-10-16,420.5178527832031,5.328000068664551,17.209999084472656,75433200,0.0,0
2023-10-17,420.49853515625,5.340000152587891,17.8799991607666,75324700,0.0,0
2023-10-18,414.89544677734375,5.329999923706055,19.219999313354492,93559800,0.0,0
2023-10-19,411.24993896484375,5.309999942779541,21.399999618530273,121323000,0.0,0
2023-10-20,406.1965637207031,5.300000190734863,21.709999084472656,123919900,0.0,0
2023-10-23,405.49249267578125,5.293000221252441,20.3700008392334,92035100,0.0,0
2023-10-24,408.5496826171875,5.308000087738037,18.969999313354492,78564200,0.0,0
2023-10-25,402.68609619140625,5.315000057220459,20.190000534057617,94223200,0.0,0
2023-10-26,397.86407470703125,5.300000190734863,20.68000030517578,115156800,0.0,0
2023-10-27,396.0606384277344,5.304999828338623,21.270000457763672,107367700,0.0,0
2023-10-30,400.79583740234375,5.313000202178955,19.75,86562700,0.0,0
2023-10-31,403.3129577636719,5.320000171661377,18.139999389648438,79665200,0.0,0
2023-11-01,407.6141662597656,5.300000190734863,16.8700008392334,98068100,0.0,0
2023-11-02,415.42584228515625,5.269999980926514,15.65999984741211,94938900,0.0,0
2023-11-03,419.2159423828125,5.252999782562256,14.90999984741211,100167800,0.0,0
2023-11-06,420.1803283691406,5.260000228881836,14.890000343322754,67831700,0.0,0
2023-11-07,421.376220703125,5.2729997634887695,14.8100004196167,64256100,0.0,0
2023-11-08,421.684814453125,5.26800012588501,14.449999809265137,61746000,0.0,0
2023-11-09,418.39617919921875,5.263000011444092,15.289999961853027,83174400,0.0,0
2023-11-10,424.9251708984375,5.25,14.170000076293945,89462200,0.0,0
2023-11-13,424.5201110839844,5.260000228881836,14.760000228881836,52236100,0.0,0
2023-11-14,432.756103515625,5.252999782562256,14.15999984741211,97176900,0.0,0
2023-11-15,433.6722106933594,5.255000114440918,14.180000305175781,77327600,0.0,0
2023-11-16,434.2027587890625,5.243000030517578,14.319999694824219,66665800,0.0,0
2023-11-17,434.7428283691406,5.232999801635742,13.800000190734863,83133200,0.0,0
2023-11-20,438.0893249511719,5.23799991607666,13.40999984741211,69936200,0.0,0
2023-11-21,437.1344909667969,5.255000114440918,13.350000381469727,49244600,0.0,0
2023-11-22,438.8222351074219,5.264999866485596,12.850000381469727,59394900,0.0,0
2023-11-24,439.0922546386719,5.252999782562256,12.460000038146973,29737400,0.0,0
2023-11-27,438.3014831542969,5.257999897003174,12.6899995803833,50506000,0.0,0
2023-11-28,438.7353515625,5.260000228881836,12.6899995803833,62115000,0.0,0
2023-11-29,438.42681884765625,5.239999771118164,12.979999542236328,63146000,0.0,0
2023-11-30,440.153076171875,5.23799991607666,12.920000076293945,79752700,0.0,0
2023-12-01,442.7569885253906,5.215000152587891,12.630000114440918,89183400,0.0,0
2023-12-04,440.4327087402344,5.2230000495910645,13.079999923706055,72430900,0.0,0
2023-12-05,440.345947265625,5.243000030517578,12.850000381469727,69793500,0.0,0
2023-12-06,438.57147216796875,5.243000030517578,12.970000267028809,69124700,0.0,0
2023-12-07,441.9179382324219,5.232999801635742,13.0600004196167,66995400,0.0,0
2023-12-08,443.8178405761719,5.232999801635742,12.350000381469727,83194400,0.0,0
2023-12-11,445.5440673828125,5.232999801635742,12.630000114440918,65002200,0.0,0
2023-12-12,447.5789794921875,5.248000144958496,12.069999694824219,68327600,0.0,0
2023-12-13,453.7510986328125,5.2230000495910645,12.1899995803833,93278000,0.0,0
2023-12-14,455.2074279785156,5.215000152587891,12.479999542236328,119026000,0.0,0
2023-12-15,454.4579162597656,5.224999904632568,12.279999732971191,141553700,0.0,0
2023-12-18,457.0142822265625,5.224999904632568,12.5600004196167,70375300,0.0,0
2023-12-19,459.7933349609375,5.23799991607666,12.529999732971191,55761800,0.0,0
2023-12-20,453.42181396484375,5.230000019073486,13.670000076293945,102921000,0.0,0
2023-12-21,457.7210998535156,5.210000038146973,13.649999618530273,86667500,0.0,0
2023-12-22,458.6409912109375,5.208000183105469,13.029999732971191,67160400,0.0,0
2023-12-26,460.5776672363281,5.203000068664551,12.989999771118164,55387000,0.0,0
2023-12-27,461.4103698730469,5.235000133514404,12.430000305175781,68000300,0.0,0
2023-12-28,461.5846862792969,5.2179999351501465,12.470000267028809,77158100,0.0,0
2023-12-29,460.2484130859375,5.179999828338623,12.449999809265137,122283100,0.0,0
2024-01-02,457.6726989746094,5.2129998207092285,13.199999809265137,123623700,0.0,0
2024-01-03,453.9350280761719,5.235000133514404,14.039999961853027,103585900,0.0,0
2024-01-04,452.4728698730469,5.228000164031982,14.130000114440918,84232200,0.0,0
2024-01-05,453.0926513671875,5.21999979019165,13.350000381469727,86118900,0.0,0
2024-01-08,459.5609436035156,5.21999979019165,13.079999923706055,74879100,0.0,0
2024-01-09,458.8637390136719,5.230000019073486,12.760000228881836,65931400,0.0,0
2024-01-10,461.45880126953125,5.224999904632568,12.6899995803833,67310600,0.0,0
2024-01-11,461.2554931640625,5.2179999351501465,12.4399995803833,77940700,0.0,0
2024-01-12,461.57501220703125,5.197999954223633,12.699999809265137,58026400,0.0,0
2024-01-16,459.8804931640625,5.203000068664551,13.84000015258789,85014900,0.0,0
2024-01-17,457.3241271972656,5.215000152587891,14.789999961853027,68843900,0.0,0
2024-01-18,461.3910217285156,5.199999809265137,14.130000114440918,91856200,0.0,0
2024-01-19,467.142822265625,5.197999954223633,13.300000190734863,110834500,0.0,0
2024-01-22,468.1304931640625,5.199999809265137,13.1899995803833,75844900,0.0,0
2024-01-23,469.4957580566406,5.210000038146973,12.550000190734863,49945300,0.0,0
2024-01-24,470.00909423828125,5.210000038146973,13.140000343322754,81765000,0.0,0
2024-01-25,472.56536865234375,5.195000171661377,13.449999809265137,72525000,0.0,0
2024-01-26,471.9649658203125,5.199999809265137,13.260000228881836,76641600,0.0,0
2024-01-29,475.70263671875,5.199999809265137,13.600000381469727,61322800,0.0,0
2024-01-30,475.3346252441406,5.203000068664551,13.3100004196167,58618400,0.0,0
2024-01-31,467.5785217285156,5.188000202178955,14.350000381469727,126011100,0.0,0
2024-02-01,473.6982727050781,5.199999809265137,13.880000114440918,91891600,0.0,0
2024-02-02,478.68511962890625,5.210000038146973,13.850000381469727,99228200,0.0,0
2024-02-05,476.942138671875,5.228000164031982,13.670000076293945,75757100,0.0,0
2024-02-06,478.3268127441406,5.2230000495910645,13.0600004196167,55918600,0.0,0
2024-02-07,482.3162841796875,5.2230000495910645,12.829999923706055,70556500,0.0,0
2024-02-08,482.5293273925781,5.2179999351501465,12.789999961853027,52343600,0.0,0
2024-02-09,485.31805419921875,5.21999979019165,12.930000305175781,63979400,0.0,0
2024-02-12,485.1050109863281,5.228000164031982,13.930000305175781,56502300,0.0,0
2024-02-13,478.42364501953125,5.232999801635742,15.850000381469727,113099200,0.0,0
2024-02-14,482.7713623046875,5.2179999351501465,14.380000114440918,68387800,0.0,0
2024-02-15,486.10235595703125,5.2179999351501465,14.010000228881836,61683000,0.0,0
2024-02-16,483.6816101074219,5.2230000495910645,14.239999771118164,75532900,0.0,0
2024-02-20,481.0187683105469,5.2129998207092285,15.420000076293945,71736700,0.0,0
2024-02-21,481.4544372558594,5.235000133514404,15.34000015258789,59293400,0.0,0
2024-02-22,491.41839599609375,5.232999801635742,14.539999961853027,76402500,0.0,0
2024-02-23,491.7573547363281,5.239999771118164,13.75,61321800,0.0,0
2024-02-26,489.9562683105469,5.25,13.739999771118164,50386700,0.0,0
2024-02-27,490.8664245605469,5.244999885559082,13.430000305175781,48854500,0.0,0
2024-02-28,490.2176818847656,5.239999771118164,13.84000015258789,56506600,0.0,0
2024-02-29,491.98004150390625,5.2230000495910645,13.399999618530273,83924800,0.0,0
2024-03-01,496.59881591796875,5.215000152587891,13.109999656677246,76844800,0.0,0
2024-03-04,496.0662841796875,5.2230000495910645,13.489999771118164,49799300,0.0,0
2024-03-05,491.1085510253906,5.224999904632568,14.460000038146973,72855600,0.0,0
2024-03-06,493.59710693359375,5.230000019073486,14.5,68382400,0.0,0
2024-03-07,498.49676513671875,5.228000164031982,14.4399995803833,58652100,0.0,0
2024-03-08,495.504638671875,5.228000164031982,14.739999771118164,86532500,0.0,0
2024-03-11,495.07867431640625,5.239999771118164,15.220000267028809,62557200,0.0,0
2024-03-12,500.40435791015625,5.239999771118164,13.84000015258789,73114400,0.0,0
2024-03-13,499.61993408203125,5.23799991607666,13.75,55104100,0.0,0
2024-03-14,498.63232421875,5.23799991607666,14.399999618530273,110171800,0.0,0
2024-03-15,495.2084045410156,5.23799991607666,14.40999984741211,107646300,0.0,0
2024-03-18,498.1515197753906,5.23799991607666,14.329999923706055,88893300,0.0,0
2024-03-19,500.9197692871094,5.23799991607666,13.819999694824219,60755300,0.0,0
2024-03-20,505.5529479980469,5.228000164031982,13.039999961853027,69594600,0.0,0
2024-03-21,507.2236633300781,5.228000164031982,12.920000076293945,60256100,0.0,0
2024-03-22,506.2621154785156,5.21999979019165,13.0600004196167,79070800,0.0,0
2024-03-25,504.8633728027344,5.2179999351501465,13.1899995803833,48512100,0.0,0
2024-03-26,503.930908203125,5.2179999351501465,13.239999771118164,65463700,0.0,0
2024-03-27,508.1658020019531,5.215000152587891,12.779999732971191,82999800,0.0,0
2024-03-28,508.0687255859375,5.203000068664551,13.010000228881836,96294900,0.0,0
2024-04-01,507.1847839355469,5.2179999351501465,13.649999618530273,62477500,0.0,0
2024-04-02,503.96014404296875,5.2129998207092285,14.609999656677246,74230300,0.0,0
2024-04-03,504.513671875,5.210000038146973,14.329999923706055,59155800,0.0,0
2024-04-04,498.3554992675781,5.203000068664551,16.350000381469727,96858100,0.0,0
2024-04-05,503.561767578125,5.215000152587891,16.030000686645508,74546500,0.0,0
2024-04-08,503.8434143066406,5.2230000495910645,15.1899995803833,48401800,0.0,0
2024-04-09,504.42633056640625,5.21999979019165,14.979999542236328,68049200,0.0,0
2024-04-10,499.3753662109375,5.243000030517578,15.800000190734863,82652800,0.0,0
2024-04-11,503.1441345214844,5.23799991607666,14.90999984741211,70099000,0.0,0
2024-04-12,496.1992492675781,5.230000019073486,17.309999465942383,92561100,0.0,0
2024-04-15,489.98272705078125,5.23799991607666,19.229999542236328,92101400,0.0,0
2024-04-16,489.08905029296875,5.232999801635742,18.399999618530273,73484000,0.0,0
2024-04-17,486.1945495605469,5.239999771118164,18.209999084472656,75910300,0.0,0
2024-04-18,485.194091796875,5.243000030517578,18.0,74548100,0.0,0
2024-04-19,480.95916748046875,5.244999885559082,18.709999084472656,102212600,0.0,0
2024-04-22,485.38836669921875,5.244999885559082,16.940000534057617,67961000,0.0,0
2024-04-23,491.1483459472656,5.244999885559082,15.6899995803833,64633600,0.0,0
2024-04-24,490.91522216796875,5.255000114440918,15.970000267028809,55928100,0.0,0
2024-04-25,489.0502624511719,5.244999885559082,15.369999885559082,69122400,0.0,0
2024-04-26,493.6834411621094,5.23799991607666,15.029999732971191,64306100,0.0,0
2024-04-29,495.43182373046875,5.243000030517578,14.670000076293945,46415400,0.0,0
2024-04-30,487.5835876464844,5.244999885559082,15.649999618530273,77483600,0.0,0
2024-05-01,486.00030517578125,5.25,15.390000343322754,80242800,0.0,0
2024-05-02,490.5461120605469,5.23799991607666,14.680000305175781,62550200,0.0,0
2024-05-03,496.6265869140625,5.235000133514404,13.489999771118164,72756700,0.0,0
2024-05-06,501.7550964355469,5.239999771118164,13.489999771118164,47264700,0.0,0
2024-05-07,502.3087463378906,5.243000030517578,13.229999542236328,52561300,0.0,0
2024-05-08,502.3573303222656,5.244999885559082,13.0,42047200,0.0,0
2024-05-09,505.2519226074219,5.239999771118164,12.6899995803833,43643700,0.0,0
2024-05-10,505.90264892578125,5.243000030517578,12.550000190734863,52233200,0.0,0
2024-05-13,505.9705505371094,5.239999771118164,13.600000381469727,36716400,0.0,0
2024-05-14,508.29205322265625,5.235000133514404,13.420000076293945,57535900,0.0,0
2024-05-15,514.5863037109375,5.239999771118164,12.449999809265137,59504900,0.0,0
2024-05-16,513.527587890625,5.243000030517578,12.420000076293945,50244800,0.0,0
2024-05-17,514.2658081054688,5.239999771118164,11.989999771118164,59187600,0.0,0
2024-05-20,514.8582763671875,5.239999771118164,12.149999618530273,37764200,0.0,0
2024-05-21,516.1209716796875,5.239999771118164,11.859999656677246,33437000,0.0,0
2024-05-22,514.634765625,5.244999885559082,12.289999961853027,48390000,0.0,0
2024-05-23,510.8758544921875,5.244999885559082,12.770000457763672,57211200,0.0,0
2024-05-24,514.2560424804688,5.244999885559082,11.930000305175781,41291100,0.0,0
2024-05-28,514.6153564453125,5.248000144958496,12.920000076293945,36269600,0.0,0
2024-05-29,511.0117492675781,5.25,14.279999732971191,45190300,0.0,0
2024-05-30,507.62188720703125,5.248000144958496,14.470000267028809,46377600,0.0,0
2024-05-31,512.245361328125,5.244999885559082,12.920000076293945,90785800,0.0,0
2024-06-03,512.6630859375,5.243000030517578,13.109999656677246,46835700,0.0,0
2024-06-04,513.2362060546875,5.239999771118164,13.15999984741211,34632700,0.0,0
2024-06-05,519.3360595703125,5.239999771118164,12.630000114440918,47610400,0.0,0
2024-06-06,519.3262939453125,5.232999801635742,12.579999923706055,30808500,0.0,0
2024-06-07,518.6949462890625,5.23799991607666,12.220000267028809,43224500,0.0,0
2024-06-10,520.297607421875,5.232999801635742,12.739999771118164,35686100,0.0,0
2024-06-11,521.5507202148438,5.244999885559082,12.850000381469727,36383400,0.0,0
2024-06-12,525.8341064453125,5.243000030517578,12.039999961853027,63251300,0.0,0
2024-06-13,526.8930053710938,5.239999771118164,11.9399995803833,44760900,0.0,0
2024-06-14,527.2134399414062,5.239999771118164,12.65999984741211,40089900,0.0,0
2024-06-17,531.4096069335938,5.243000030517578,12.75,55839500,0.0,0
2024-06-18,532.759765625,5.235000133514404,12.300000190734863,41376400,0.0,0
2024-06-20,531.3124389648438,5.224999904632568,13.279999732971191,70328200,0.0,0
2024-06-21,530.6002197265625,5.215000152587891,13.199999809265137,64338600,0.0,0
2024-06-24,528.875244140625,5.210000038146973,13.329999923706055,45528700,0.0,0
2024-06-25,530.911865234375,5.2230000495910645,12.84000015258789,37936200,0.0,0
2024-06-26,531.5745849609375,5.230000019073486,12.550000190734863,38550600,0.0,0
2024-06-27,532.41259765625,5.2230000495910645,12.239999771118164,35041500,0.0,0
2024-06-28,530.3175659179688,5.2129998207092285,12.4399995803833,76144500,0.0,0
2024-07-01,531.408935546875,5.2179999351501465,12.220000267028809,40297800,0.0,0
2024-07-02,534.9851684570312,5.228000164031982,12.029999732971191,40434800,0.0,0
2024-07-03,537.3726196289062,5.230000019073486,12.09000015258789,32789900,0.0,0
2024-07-05,540.4713134765625,5.224999904632568,12.479999542236328,41488400,0.0,0
2024-07-08,541.0950317382812,5.2179999351501465,12.369999885559082,36110500,0.0,0
2024-07-09,541.6212158203125,5.224999904632568,12.510000228881836,27289700,0.0,0
2024-07-10,546.9806518554688,5.224999904632568,12.850000381469727,38701200,0.0,0
2024-07-11,542.2642822265625,5.197999954223633,12.920000076293945,53054200,0.0,0
2024-07-12,545.6846313476562,5.197999954223633,12.460000038146973,53084400,0.0,0
2024-07-15,547.1853637695312,5.192999839782715,13.119999885559082,40584300,0.0,0
2024-07-16,550.4302368164062,5.192999839782715,13.1899995803833,36475300,0.0,0
2024-07-17,542.7125244140625,5.195000171661377,14.479999542236328,57119000,0.0,0
2024-07-18,538.5419311523438,5.192999839782715,15.930000305175781,56270400,0.0,0
2024-07-19,534.9656372070312,5.192999839782715,16.520000457763672,65509100,0.0,0
2024-07-22,540.4811401367188,5.190000057220459,14.90999984741211,43346700,0.0,0
2024-07-23,539.63330078125,5.172999858856201,14.720000267028809,34439600,0.0,0
2024-07-24,527.4039306640625,5.170000076293945,18.040000915527344,74515300,0.0,0
2024-07-25,524.6558837890625,5.159999847412109,18.459999084472656,61158300,0.0,0
2024-07-26,530.531982421875,5.15500020980835,16.389999389648438,53763800,0.0,0
2024-07-29,530.8438110351562,5.146999835968018,16.600000381469727,39515800,0.0,0
2024-07-30,528.1541137695312,5.135000228881836,17.690000534057617,46853600,0.0,0
2024-07-31,536.7391967773438,5.135000228881836,16.360000610351562,65663400,0.0,0
2024-08-01,529.1384887695312,5.114999771118164,18.59000015258789,76428700,0.0,0
2024-08-02,519.2867431640625,5.03000020980835,23.389999389648438,82789100,0.0,0
2024-08-05,504.1631164550781,5.059999942779541,38.56999969482422,146267400,0.0,0
2024-08-06,508.81134033203125,5.079999923706055,27.709999084472656,84826300,0.0,0
2024-08-07,505.41046142578125,5.079999923706055,27.850000381469727,70698300,0.0,0
2024-08-08,517.0940551757812,5.083000183105469,23.790000915527344,63276600,0.0,0
2024-08-09,519.3743286132812,5.074999809265137,20.3700008392334,45619600,0.0,0
2024-08-12,519.6472778320312,5.072999954223633,20.709999084472656,42542100,0.0,0
2024-08-13,528.1932373046875,5.052999973297119,18.1200008392334,52333100,0.0,0
2024-08-14,529.8594970703125,5.063000202178955,16.190000534057617,42446900,0.0,0
2024-08-15,538.94140625,5.079999923706055,15.229999542236328,60846800,0.0,0
2024-08-16,540.1497802734375,5.074999809265137,14.800000190734863,44430700,0.0,0
2024-08-19,545.3143920898438,5.063000202178955,14.649999618530273,39121800,0.0,0
2024-08-20,544.4275512695312,5.0329999923706055,15.880000114440918,33732300,0.0,0
2024-08-21,546.2986450195312,5.005000114440918,16.270000457763672,41514600,0.0,0
2024-08-22,542.0109252929688,5.025000095367432,17.549999237060547,56121500,0.0,0
2024-08-23,547.77001953125,5.0,15.859999656677246,50639400,0.0,0
2024-08-26,546.4641723632812,4.998000144958496,16.149999618530273,35788600,0.0,0
2024-08-27,547.2145385742188,4.9679999351501465,15.430000305175781,32693900,0.0,0
2024-08-28,544.0377807617188,4.954999923706055,17.110000610351562,41066000,0.0,0
2024-08-29,544.0864868164062,4.965000152587891,15.649999618530273,38715200,0.0,0
2024-08-30,549.2803955078125,4.9679999351501465,15.0,62700100,0.0,0
2024-09-03,537.9767456054688,4.96999979019165,20.719999313354492,60600100,0.0,0
2024-09-04,536.8756103515625,4.947999954223633,21.31999969482422,47224900,0.0,0
2024-09-05,535.5697631835938,4.932000160217285,19.899999618530273,44264300,0.0,0
2024-09-06,526.55615234375,4.9079999923706055,22.3799991607666,68493800,0.0,0
2024-09-09,532.4514770507812,4.894999980926514,19.450000762939453,40445800,0.0,0
2024-09-10,534.7708129882812,4.835000038146973,19.079999923706055,36394600,0.0,0
2024-09-11,540.2570190429688,4.875,17.690000534057617,75248600,0.0,0
2024-09-12,544.8077392578125,4.840000152587891,17.06999969482422,51819600,0.0,0
2024-09-13,547.653076171875,4.763000011444092,16.559999465942383,39310500,0.0,0
2024-09-16,548.4618530273438,4.744999885559082,17.139999389648438,36656100,0.0,0
2024-09-17,548.6859741210938,4.735000133514404,17.610000610351562,49321000,0.0,0
2024-09-18,547.0586547851562,4.614999771118164,18.229999542236328,59044900,0.0,0
2024-09-19,556.393798828125,4.5929999351501465,16.329999923706055,75315500,0.0,0
2024-09-20,555.4320678710938,4.545000076293945,16.149999618530273,77503100,0.0,0
2024-09-23,556.820068359375,4.502999782562256,15.890000343322754,44116900,0.0,0
2024-09-24,558.4132080078125,4.494999885559082,15.390000343322754,46805700,0.0,0
2024-09-25,557.1817016601562,4.486999988555908,15.40999984741211,38428600,0.0,0
2024-09-26,559.390625,4.4679999351501465,15.369999885559082,48336000,0.0,0
2024-09-27,558.5794067382812,4.48199987411499,16.959999084472656,42100900,0.0,0
2024-09-30,560.8177490234375,4.498000144958496,16.729999542236328,63557400,0.0,0
2024-10-01,555.7937622070312,4.48199987411499,19.260000228881836,72668800,0.0,0
2024-10-02,556.0283203125,4.4730000495910645,18.899999618530273,38097800,0.0,0
2024-10-03,555.01171875,4.465000152587891,20.489999771118164,40846500,0.0,0
2024-10-04,560.0553588867188,4.505000114440918,19.209999084472656,42939100,0.0,0
2024-10-07,554.9921875,4.525000095367432,22.639999389648438,49964700,0.0,0
2024-10-08,560.2410888671875,4.5279998779296875,21.420000076293945,37398700,0.0,0
2024-10-09,564.12158203125,4.534999847412109,20.860000610351562,37912200,0.0,0
2024-10-10,563.1343383789062,4.53000020980835,20.93000030517578,44138100,0.0,0
2024-10-11,566.506591796875,4.514999866485596,20.459999084472656,42268000,0.0,0
2024-10-14,571.1395874023438,4.51800012588501,19.700000762939453,36217200,0.0,0
2024-10-15,566.7020874023438,4.514999866485596,20.639999389648438,54203600,0.0,0
2024-10-16,569.1652221679688,4.502999782562256,19.579999923706055,30725400,0.0,0
2024-10-17,569.2140502929688,4.514999866485596,19.110000610351562,34393700,0.0,0
2024-10-18,571.403564453125,4.513000011444092,18.030000686645508,37416800,0.0,0
2024-10-21,570.4651489257812,4.51800012588501,18.3700008392334,36439000,0.0,0
2024-10-22,570.1621704101562,4.5,18.200000762939453,34183800,0.0,0
2024-10-23,564.9522705078125,4.505000114440918,19.239999771118164,49314600,0.0,0
2024-10-24,566.1741943359375,4.486999988555908,19.079999923706055,34979900,0.0,0
2024-10-25,565.9786987304688,4.510000228881836,20.329999923706055,47268200,0.0,0
2024-10-28,567.7283325195312,4.48199987411499,19.799999237060547,30174700,0.0,0
2024-10-29,568.6471557617188,4.480000019073486,19.34000015258789,42899700,0.0,0
2024-10-30,566.9268188476562,4.4629998207092285,20.350000381469727,41435800,0.0,0
2024-10-31,555.8132934570312,4.432000160217285,23.15999984741211,60182500,0.0,0
2024-11-01,558.1591186523438,4.400000095367432,21.8799991607666,45667500,0.0,0
2024-11-04,556.9569702148438,4.418000221252441,21.979999542236328,38217000,0.0,0
2024-11-05,563.6915283203125,4.422999858856201,20.489999771118164,39478300,0.0,0
2024-11-06,577.7080078125,4.429999828338623,16.270000457763672,68182000,0.0,0
2024-11-07,582.1748657226562,4.420000076293945,15.199999809265137,47233200,0.0,0
2024-11-08,584.6968383789062,4.422999858856201,14.9399995803833,46444900,0.0,0
2024-11-11,585.25390625,4.414999961853027,14.970000267028809,37586800,0.0,0
2024-11-12,583.4359130859375,4.422999858856201,14.710000038146973,43006100,0.0,0
2024-11-13,583.7193603515625,4.389999866485596,14.020000457763672,47388600,0.0,0
2024-11-14,579.9660034179688,4.382999897003174,14.3100004196167,38904100,0.0,0
2024-11-15,572.537353515625,4.39300012588501,16.139999389648438,75988800,0.0,0
2024-11-18,574.8833618164062,4.4029998779296875,15.579999923706055,37001700,0.0,0
2024-11-19,576.9848022460938,4.4079999923706055,16.350000381469727,49412000,0.0,0
2024-11-20,577.1802978515625,4.409999847412109,17.15999984741211,50032600,0.0,0
2024-11-21,580.2786865234375,4.413000106811523,16.8700008392334,46750300,0.0,0
2024-11-22,582.0771484375,4.414999961853027,15.239999771118164,38226400,0.0,0
2024-11-25,584.0516967773438,4.40500020980835,14.600000381469727,42441400,0.0,0
2024-11-26,587.1012573242188,4.394999980926514,14.100000381469727,45621300,0.0,0
2024-11-27,585.3223266601562,4.385000228881836,14.100000381469727,34000200,0.0,0
2024-11-29,588.9583129882812,4.373000144958496,13.510000228881836,30177400,0.0,0
2024-12-02,590.0140380859375,4.380000114440918,13.34000015258789,31746000,0.0,0
2024-12-03,590.2877197265625,4.35699987411499,13.300000190734863,26906600,0.0,0
2024-12-04,593.9530639648438,4.34499979019165,13.449999809265137,42787600,0.0,0
2024-12-05,592.9755859375,4.329999923706055,13.539999961853027,28762200,0.0,0
2024-12-06,594.0997314453125,4.295000076293945,12.770000457763672,31241500,0.0,0
2024-12-09,591.0403442382812,4.293000221252441,14.1899995803833,34742700,0.0,0
2024-12-10,589.2026977539062,4.284999847412109,14.180000305175781,37234500,0.0,0
2024-12-11,593.7576293945312,4.255000114440918,13.579999923706055,28677700,0.0,0
2024-12-12,590.6983032226562,4.2230000495910645,13.920000076293945,31543800,0.0,0
2024-12-13,590.5808715820312,4.2179999351501465,13.8100004196167,35904700,0.0,0
2024-12-16,593.1027221679688,4.228000164031982,14.6899995803833,43695200,0.0,0
2024-12-17,590.6591796875,4.239999771118164,15.869999885559082,55773500,0.0,0
2024-12-18,573.055419921875,4.23199987411499,27.6200008392334,108248700,0.0,0
2024-12-19,572.8795166015625,4.21999979019165,24.09000015258789,85919500,0.0,0
2024-12-20,579.7603759765625,4.215000152587891,18.360000610351562,125716700,0.0,0
2024-12-23,583.2320556640625,4.215000152587891,16.780000686645508,57635800,0.0,0
2024-12-24,589.7147216796875,4.199999809265137,14.270000457763672,33160100,0.0,0
2024-12-26,589.7539672851562,4.215000152587891,14.729999542236328,41219100,0.0,0
2024-12-27,583.5460205078125,4.177999973297119,15.949999809265137,64969300,0.0,0
2024-12-30,576.88671875,4.182000160217285,17.399999618530273,56578800,0.0,0
