Price,Close,Volume,Close,Volume,Close,Volume,Close,Volume,Close,Volume,Close,Volume,Close,Volume,Close,Volume
Ticker,JPM,JPM,BAC,BAC,C,C,WFC,WFC,GS,GS,MS,MS,SPY,SPY,^VIX,^VIX
Date,,,,,,,,,,,,,,,,
2010-01-04,28.15237808227539,35460500,11.977126121520996,180845200,24.852760314941406,40679350,17.734054565429688,39335700,128.75674438476562,9135000,21.508480072021484,20371000,84.36898040771484,118944600,20.040000915527344,0
2010-01-05,28.697694778442383,41208300,12.366437911987305,209521300,25.803007125854492,66861710,18.22089958190918,55416000,131.03314208984375,11659400,22.294780731201172,22523400,84.59230041503906,111579900,19.350000381469727,0
2010-01-06,28.855369567871094,27729000,12.51147747039795,205257900,26.607067108154297,67433890,18.246862411499023,33237000,129.6345977783203,7381100,22.58007049560547,17028500,84.65185546875,116074400,19.15999984741211,0
2010-01-07,29.426959991455078,44864700,12.923690795898438,320868400,26.680160522460938,67245190,18.908967971801758,61649000,132.17137145996094,8727400,22.907115936279297,18693000,85.00921630859375,131091100,19.059999465942383,0
2010-01-08,29.35468101501465,33110100,12.809187889099121,220104700,26.24158477783203,62409770,18.733699798583984,35508700,129.6717529296875,7268100,22.440906524658203,15993400,85.29210662841797,126402800,18.1299991607666,0
2010-01-11,29.25614356994629,31878700,12.923690795898438,168991600,26.533973693847656,47557650,18.69475555419922,24387800,127.62602996826172,7704900,22.294780731201172,10088500,85.41120910644531,106375700,17.549999237060547,0
2010-01-12,28.572856903076172,47109600,12.48857307434082,223486800,25.729915618896484,47011810,18.22739601135254,39795000,124.84380340576172,10360100,21.661563873291016,14813400,84.61466979980469,163333500,18.25,0
2010-01-13,29.07216453552246,39622000,12.687049865722656,192609900,25.583723068237305,41035110,18.55194854736328,36715300,125.77363586425781,11269500,21.75202178955078,18715500,85.3293228149414,161822000,17.850000381469727,0
2010-01-14,29.361251831054688,37938300,12.839720726013184,142634200,25.656822204589844,27417030,18.81808853149414,31540700,125.37200164794922,10521400,21.710268020629883,24690000,85.56009674072266,115718800,17.6299991607666,0
2010-01-15,28.697694778442383,69738500,12.412242889404297,195117100,24.998952865600586,54017740,18.22739601135254,47255900,122.90218353271484,10896300,21.139677047729492,27908700,84.59978485107422,212283100,17.90999984741211,0
2010-01-19,28.434885025024414,41731500,12.458038330078125,181616500,25.876108169555664,80789300,18.35721206665039,40815800,124.12957000732422,7705300,21.682435989379883,16979500,85.65685272216797,139172700,17.579999923706055,0
2010-01-20,28.513729095458984,39934400,12.587812423706055,288741100,25.29132652282715,47944940,18.05861473083496,75712300,124.82144165039062,8893900,21.313640594482422,21198800,84.7858657836914,216490200,18.68000030517578,0
2010-01-21,26.634719848632812,137547700,11.809182167053223,551285500,23.902509689331055,95968050,18.175458908081055,90151500,119.67359161376953,51738300,20.416000366210938,56774400,83.1555404663086,344859600,22.270000457763672,0
2010-01-22,25.72805404663086,106634900,11.374067306518555,369620800,23.75630760192871,65474150,17.695110321044922,69506900,114.65213012695312,30175600,19.344411849975586,46713700,81.30184173583984,345942400,27.309999465942383,0
2010-01-25,25.760906219482422,56572200,11.435136795043945,262351600,23.610122680664062,49752440,17.954750061035156,48319700,115.29190826416016,17877000,19.30265235900879,21100900,81.71870422363281,186937500,25.40999984741211,0
2010-01-26,25.255016326904297,52975300,11.274831771850586,212380600,23.025360107421875,45890280,17.519847869873047,66590800,112.24185943603516,15985900,19.01736068725586,24376400,81.37626647949219,211168800,24.549999237060547,0
2010-01-27,25.839736938476562,66314300,11.595444679260254,258716200,23.39083480834961,55891370,18.305282592773438,63074200,112.70304870605469,19899000,19.48442840576172,31041900,81.76338195800781,271863600,23.139999389648438,0
2010-01-28,25.93828582763672,65047400,11.73284912109375,232729500,23.683216094970703,51294260,18.467557907104492,62109300,114.03470611572266,16160700,19.16375732421875,25480700,80.82537841796875,316104000,23.729999542236328,0
2010-01-29,25.583513259887695,53649000,11.587810516357422,175135300,24.267980575561523,67942930,18.454586029052734,88783700,110.63500213623047,18502800,18.668804168701172,21166100,79.94690704345703,310677600,24.6200008392334,0
2010-02-01,26.036834716796875,37408200,11.771013259887695,159503300,24.414180755615234,23577690,18.779144287109375,45240000,113.9156494140625,12980800,19.212556838989258,19559900,81.19013977050781,187865000,22.59000015258789,0
2010-02-02,26.641277313232422,45968500,11.908421516418457,171404800,24.92585563659668,33280870,18.68826675415039,50306600,116.7499771118164,17246600,19.56111717224121,20992500,82.17286682128906,216327900,21.479999542236328,0
2010-02-03,26.470460891723633,37373300,11.854985237121582,130861600,24.633472442626953,27200590,18.298118591308594,44597600,116.96571350097656,16785200,19.442598342895508,18498800,81.76338195800781,172730700,21.600000381469727,0
2010-02-04,25.195880889892578,57211800,11.259563446044922,252558700,23.244640350341797,45029910,17.595844268798828,68235300,112.09309387207031,18895000,18.564231872558594,29785300,79.23966217041016,356715700,26.079999923706055,0
2010-02-05,25.163036346435547,75224100,11.450404167175293,297683300,23.53702735900879,46750170,17.829931259155273,68479000,114.68189239501953,18759200,19.003419876098633,25551300,79.40350341796875,493585800,26.110000610351562,0
2010-02-08,24.76883316040039,58321000,11.05345630645752,208207300,23.025360107421875,25620320,17.186174392700195,43425800,112.405517578125,10257300,18.54332733154297,14517500,78.83023834228516,224166900,26.510000228881836,0
2010-02-09,25.22216796875,45173500,11.045823097229004,251522100,23.244640350341797,49883800,17.368242263793945,46845300,113.43960571289062,14017300,18.912792205810547,19517300,79.82035064697266,337820500,26.0,0
2010-02-10,25.53752326965332,39331800,11.198497772216797,175741800,23.39083480834961,25499680,17.673873901367188,42104800,114.28761291503906,10555300,19.17770767211914,13858300,79.66402435302734,240511500,25.399999618530273,0
2010-02-11,25.636083602905273,33830600,11.167961120605469,141086300,23.46392822265625,23685280,17.60884666442871,35821600,114.60004425048828,11163400,18.90582847595215,18823500,80.497802734375,223591600,23.959999084472656,0
2010-02-12,25.59008026123047,38051100,11.030555725097656,162819300,23.244640350341797,18926940,17.47879409790039,45333600,114.51078796386719,10293200,18.93370819091797,16628700,80.43082427978516,304622100,22.729999542236328,0
2010-02-16,26.325910568237305,46425300,11.572543144226074,205493300,24.19489097595215,33228540,17.810413360595703,36097500,117.0921859741211,11497100,19.393798828125,15765300,81.6964111328125,159317500,22.25,0
2010-02-17,26.306217193603516,34644100,11.9542236328125,261541900,24.92585563659668,57569040,17.77140998840332,50109700,116.988037109375,10070000,19.094038009643555,16590200,82.08353424072266,168845100,21.719999313354492,0
2010-02-18,26.54930877685547,31809500,12.122164726257324,242140300,25.072053909301758,28868750,17.777910232543945,30287900,115.8498306274414,10991100,19.003419876098633,12147400,82.56741333007812,193708600,20.6299991607666,0
2010-02-19,26.29964256286621,40290200,12.122164726257324,216078200,24.998952865600586,27822290,17.79742431640625,32174300,116.18460845947266,8693000,19.10799217224121,12358500,82.7386474609375,222684900,20.020000457763672,0
2010-02-22,26.838382720947266,43898900,12.374070167541504,173773200,25.29132652282715,23360670,18.21358299255371,41852200,116.578857421875,7375500,19.31712532043457,14503100,82.75354766845703,132346900,19.940000534057617,0
2010-02-23,26.201091766357422,52233100,12.16796588897705,210478400,24.487272262573242,28291710,17.745399475097656,38755100,116.57142639160156,15696000,18.926733016967773,20896400,81.74848175048828,207497000,21.3700008392334,0
2010-02-24,26.838382720947266,44645000,12.465676307678223,191571600,25.218236923217773,29262200,17.985990524291992,35782300,117.78402709960938,8361500,19.400775909423828,17933600,82.50041198730469,176350700,20.270000457763672,0
2010-02-25,26.700408935546875,46718100,12.633611679077148,287325100,24.779664993286133,25996910,17.842939376831055,34185600,116.37806701660156,10519900,19.338027954101562,15301300,82.38871765136719,259634700,20.100000381469727,0
2010-02-26,27.5742130279541,67699100,12.717580795288086,343669400,24.852760314941406,17855770,17.777910232543945,50819700,116.57186126708984,7812700,19.644773483276367,18672100,82.44084167480469,173589300,19.5,0
2010-03-01,27.48224639892578,34606800,12.755746841430664,170931100,24.779664993286133,15568690,17.784414291381836,34311000,116.71353912353516,6522800,19.651735305786133,9220800,83.29695129394531,147709700,19.260000228881836,0
2010-03-02,27.34427261352539,33891600,12.564908027648926,183048600,24.852760314941406,16428080,18.12254524230957,45592200,118.36125183105469,11986400,20.007274627685547,13052300,83.52775573730469,160992400,19.059999465942383,0
2010-03-03,27.285137176513672,27562500,12.503808975219727,154950200,24.852760314941406,16364990,18.33713150024414,35902200,117.59333038330078,10006000,19.74235725402832,17662800,83.60218811035156,150785000,18.829999923706055,0
2010-03-04,27.541366577148438,25450700,12.526721000671387,157746500,25.072053909301758,31935610,18.4866886138916,30891500,121.98477935791016,15439500,20.355831146240234,20645400,83.85529327392578,135770400,18.719999313354492,0
2010-03-05,28.126108169555664,34790800,12.755864143371582,172469000,25.583723068237305,31907970,18.954866409301758,40554100,124.64652252197266,12226700,20.50222396850586,18016100,85.05388641357422,176118800,17.420000076293945,0
2010-03-08,27.981563568115234,28524900,12.786422729492188,127705100,26.02230453491211,45986460,18.78580093383789,31311900,126.62970733642578,9344500,20.620738983154297,11056900,85.06875610351562,114631200,17.790000915527344,0
2010-03-09,27.869857788085938,37107100,12.83224868774414,167779500,27.922819137573242,110631150,18.844322204589844,31292400,125.89164733886719,12958700,20.251258850097656,20072800,85.210205078125,154556700,17.920000076293945,0
2010-03-10,28.204940795898438,40903700,13.069031715393066,222932200,28.946163177490234,121205060,19.227970123291016,42568300,128.1955108642578,13107200,20.892610549926758,29179500,85.58988952636719,186088800,18.56999969482422,0
2010-03-11,28.36919403076172,30119600,13.07667350769043,145079600,30.554277420043945,120029930,19.35152244567871,32127400,129.3660125732422,8910600,20.927461624145508,14993600,85.94720458984375,160791100,18.059999465942383,0
2010-03-12,28.34947395324707,31367300,12.870438575744629,171456700,29.01926040649414,127975970,19.26698875427246,36671500,130.4471435546875,10216900,20.85078239440918,19440400,85.95462036132812,162074800,17.579999923706055,0
2010-03-15,28.29693031311035,29142000,12.870438575744629,120308200,28.434480667114258,63482980,19.436059951782227,26911900,129.38099670410156,13958600,20.662555694580078,17780600,85.97702026367188,146816800,18.0,0
2010-03-16,28.408607482910156,28553800,13.007928848266602,107411800,29.604028701782227,54320540,19.689659118652344,40201400,131.36422729492188,11687700,21.129629135131836,16673100,86.66190338134766,168673000,17.690000534057617,0
2010-03-17,28.76995849609375,32918800,13.191247940063477,134463900,29.604028701782227,68063590,19.865224838256836,33176200,131.69973754882812,10138600,21.10870933532715,18425700,87.175537109375,177468100,16.90999984741211,0
2010-03-18,28.67140769958496,26012000,13.04611873626709,123986800,29.38473892211914,35021590,19.696155548095703,33984900,132.3036346435547,6883500,20.969289779663086,16285100,87.13092803955078,196509100,16.6200008392334,0
2010-03-19,28.546573638916016,37014400,12.847527503967285,178218800,28.507577896118164,55803040,19.754682540893555,53781800,132.63912963867188,10896600,20.655590057373047,24666000,86.6898422241211,226641100,16.969999313354492,0
2010-03-22,28.73711585998535,23257200,12.954461097717285,113667800,29.53092384338379,50007930,19.77419090270996,28594000,131.34185791015625,7320400,20.634674072265625,12571400,87.1533432006836,184477800,16.8700008392334,0
2010-03-23,29.28898811340332,33735700,13.084312438964844,131261400,30.18880271911621,44335410,20.209856033325195,39320200,130.3502655029297,10804800,20.585872650146484,12139800,87.76629638671875,182941600,16.350000381469727,0
2010-03-24,29.525501251220703,35849200,13.420392036437988,270410600,30.33497428894043,46585380,20.066802978515625,36135600,130.03707885742188,8396100,20.47433090209961,12954600,87.34022521972656,196072600,17.549999237060547,0
2010-03-25,29.525501251220703,45019400,13.550243377685547,315304700,31.212148666381836,97149430,20.196847915649414,47424300,130.40232849121094,9534300,20.15365219116211,21705900,87.19815826416016,223396300,18.399999618530273,0
2010-03-26,29.578054428100586,39727000,13.672452926635742,220970700,31.5045223236084,58727000,20.300891876220703,36079700,128.888916015625,11811500,20.11183738708496,18225900,87.14584350585938,205808500,17.770000457763672,0
2010-03-29,29.472946166992188,30628400,13.779396057128906,152539700,30.554277420043945,88626840,20.222864151000977,25280200,129.76878356933594,11785600,20.516164779663086,15036000,87.69900512695312,134513500,17.59000015258789,0
2010-03-30,29.28898811340332,30296300,13.565522193908691,144373000,29.896392822265625,62439130,20.05379295349121,26937900,127.77802276611328,8184600,20.36279296875,14466600,87.75880432128906,145772500,17.1299991607666,0
2010-03-31,29.40066909790039,39043000,13.634267807006836,114280900,29.604028701782227,55035890,20.235872268676758,28384000,127.21884155273438,8243200,20.41857147216797,12761400,87.45980072021484,161078700,17.59000015258789,0
2010-04-01,29.716394424438477,23894600,13.779396057128906,95607200,30.554277420043945,30209100,20.3984317779541,33041400,126.9130630493164,6480600,20.355831146240234,17770400,88.05782318115234,161215200,17.469999313354492,0
2010-04-05,29.821624755859375,21342400,13.848135948181152,107989300,31.13904571533203,34453330,20.489459991455078,30821900,129.10504150390625,6135000,20.41857147216797,11429600,88.77547454833984,105847600,17.020000457763672,0
2010-04-06,30.150493621826172,28192100,14.123112678527832,160316600,31.358335494995117,31812190,20.990156173706055,39500100,128.91122436523438,7743600,20.467369079589844,13642100,88.98475646972656,110384200,16.229999542236328,0
2010-04-07,29.8084659576416,28890100,14.222412109375,233522300,31.8699893951416,62152800,20.80158805847168,34514700,131.4910125732422,13887200,20.927461624145508,21879400,88.47644805908203,184576300,16.6200008392334,0
2010-04-08,30.097877502441406,28869900,14.245328903198242,164305500,32.674072265625,55935620,20.9576473236084,32203600,133.83213806152344,10668800,21.526987075805664,20867700,88.78289794921875,158704000,16.479999542236328,0
2010-04-09,30.242568969726562,22881200,14.199494361877441,135480600,33.25883483886719,66446000,21.003162384033203,27106200,133.54879760742188,8462000,21.596698760986328,18779900,89.36599731445312,133006500,16.139999389648438,0
2010-04-12,30.347810745239258,24645900,14.25296688079834,128319000,33.916709899902344,43484970,21.081195831298828,25108400,132.59442138671875,6040800,21.56184196472168,13093600,89.50801086425781,110279000,15.579999923706055,0
2010-04-13,30.170215606689453,27988900,14.26059627532959,113687800,33.7705192565918,59676180,20.9056339263916,38042000,133.64569091796875,6466400,21.248138427734375,13988600,89.5752944946289,125043600,16.200000762939453,0
2010-04-14,31.39361572265625,72533100,14.818195343017578,246624700,36.036495208740234,103954530,21.640411376953125,54445900,137.8732147216797,12556400,21.708234786987305,28735600,90.5919418334961,161609000,15.59000015258789,0
2010-04-15,31.44622230529785,45412100,14.879300117492676,240100000,35.15935134887695,153653670,21.789966583251953,47891800,137.3885498046875,7838700,21.526987075805664,15022200,90.6666488647461,144615300,15.890000343322754,0
2010-04-16,29.95974349975586,121203900,14.062010765075684,589061800,33.331947326660156,186414120,21.1722354888916,89843800,119.8151626586914,102043700,20.327951431274414,60500600,89.22394561767578,366786700,18.360000610351562,0
2010-04-19,29.854501724243164,72136600,14.04672622680664,358828000,35.67102813720703,186006680,21.471343994140625,54879400,121.76858520507812,54299200,20.606786727905273,29210000,89.56033325195312,217947800,17.34000015258789,0
2010-04-20,30.17680549621582,39310700,14.214775085449219,200544700,36.32889175415039,102738530,21.907014846801758,46816100,119.27835845947266,42196600,21.22722625732422,29167000,90.36019134521484,157708000,15.729999542236328,0
2010-04-21,29.828189849853516,46320600,13.962706565856934,201891300,36.036495208740234,98787570,21.464845657348633,96214600,118.49552917480469,30371000,22.08467674255371,44637300,90.19571685791016,192910100,16.31999969482422,0
2010-04-22,29.426984786987305,63176900,14.161306381225586,219472400,35.5979118347168,80864670,21.835491180419922,49765400,118.58492279052734,24823000,22.238048553466797,22972300,90.46482849121094,115360300,16.469999313354492,0
2010-04-23,29.558530807495117,32483800,14.077286720275879,145428400,35.52483367919922,76164060,21.77046012878418,30999200,117.35472106933594,14916000,22.265932083129883,13899800,91.05542755126953,177335500,16.6200008392334,0
2010-04-26,28.86791229248047,42889300,13.78702449798584,160873000,33.697418212890625,124478540,21.27627182006836,36186000,113.3509521484375,30940700,21.56880760192871,17900900,90.71153259277344,143457300,17.469999313354492,0
2010-04-27,27.89446449279785,66296100,13.344011306762695,259438600,31.723793029785156,133979440,20.626022338867188,52674300,114.10398864746094,34516800,20.86472511291504,27671000,88.56613159179688,355853300,22.809999465942383,0
2010-04-28,28.58507537841797,48578900,13.58079719543457,195287800,32.52787399291992,110487010,21.1007080078125,39027300,117.0639419555664,21226100,21.17894744873047,19166500,89.2388916015625,300674100,21.079999923706055,0
2010-04-29,28.940263748168945,36520300,13.977984428405762,177296300,33.331947326660156,71647090,21.607898712158203,31021400,119.47219848632812,18464300,21.863264083862305,18862200,90.34521484375,193775000,18.440000534057617,0
2010-04-30,28.006275177001953,54121100,13.618988990783691,231536200,31.9431095123291,80341770,21.529874801635742,53446100,108.25859069824219,73187900,21.102142333984375,25201500,88.81281280517578,270000900,22.049999237060547,0
2010-05-03,28.631128311157227,31230900,13.794665336608887,150747100,32.23548889160156,44946260,22.03057098388672,37442300,111.46461486816406,28282700,21.248779296875,14632100,89.9639892578125,182747900,20.190000534057617,0
2010-05-04,27.933929443359375,48982200,13.412755012512207,183242300,31.13904571533203,97352370,21.41932487487793,53828300,111.42733764648438,30313400,20.59239387512207,20459800,87.84852600097656,360353400,23.84000015258789,0
2010-05-05,28.039161682128906,43062100,13.389843940734863,195023300,30.554277420043945,100162270,21.269542694091797,45183200,110.48795318603516,18355200,20.45273780822754,15766700,87.32526397705078,328973200,24.90999984741211,0
2010-05-06,26.84209632873535,78226200,12.435062408447266,465091500,29.53092384338379,170724590,20.30570411682129,78743100,106.11132049560547,22984700,19.300565719604492,36393700,84.42489624023438,647356600,32.79999923706055,0
2010-05-07,26.809202194213867,72976300,12.35867977142334,388118300,29.238544464111328,122458690,20.071256637573242,66958000,106.61085510253906,21268500,19.377382278442383,32446500,83.1690673828125,637558800,40.95000076293945,0
2010-05-10,27.591907501220703,66578300,13.214162826538086,268476800,30.84665870666504,109813230,21.471426010131836,67195800,107.23717498779297,23098200,20.152469635009766,21759900,86.83187103271484,396159600,28.84000015258789,0
2010-05-11,27.328813552856445,50771200,13.107227325439453,188202400,30.48118019104004,75475030,21.43235206604004,47883200,105.85039520263672,15497900,19.817293167114258,16373200,86.58521270751953,317849800,28.31999969482422,0
2010-05-12,27.4208984375,47700000,13.038481712341309,179359300,30.554277420043945,65669620,21.920785903930664,39616100,109.74979400634766,15457000,19.412288665771484,44435100,87.79619598388672,235607100,25.520000457763672,0
2010-05-13,26.84209632873535,35320800,12.885720252990723,135257500,29.896392822265625,50910530,21.54306411743164,33791100,107.84854888916016,11517900,19.286605834960938,18748800,86.70481872558594,234452500,26.68000030517578,0
2010-05-14,26.236982345581055,60719400,12.480889320373535,212906900,29.092344284057617,87280120,20.86577606201172,57390600,106.78987121582031,10977400,18.909523010253906,25318000,85.1350326538086,345601400,31.239999771118164,0
2010-05-17,26.20408821105957,56506200,12.488532066345215,181966800,28.2152042388916,94521750,20.8201847076416,47043700,106.34993743896484,16330100,18.93047332763672,19187500,85.17987060546875,325739800,30.84000015258789,0
2010-05-18,25.664751052856445,61735000,12.182999610900879,216050700,27.26494026184082,88927420,19.92147445678711,56666700,102.41324615478516,18025300,18.66513442993164,19700400,84.0212173461914,360556800,33.54999923706055,0
2010-05-19,25.901535034179688,64600500,12.457975387573242,260711100,27.849702835083008,92045240,19.589344024658203,72538500,104.45610809326172,18079900,18.881595611572266,23831500,83.54279327392578,394742700,35.31999969482422,0
2010-05-20,24.882047653198242,76564100,11.686515808105469,301263900,26.533973693847656,116429090,18.684118270874023,78027500,101.47383117675781,16279200,17.90400505065918,26155600,80.3882827758789,530418300,45.790000915527344,0
2010-05-21,26.342208862304688,89588800,12.213549613952637,266468500,27.411128997802734,133515830,19.60887336730957,88191700,104.84383392333984,25553400,18.93047332763672,32435700,81.56187438964844,500909400,40.099998474121094,0
2010-05-24,25.401655197143555,49141600,11.762901306152344,170656700,27.630430221557617,84300490,18.6971378326416,64867000,101.91370391845703,16556800,17.980810165405273,22723700,80.51533508300781,269823000,38.31999969482422,0
2010-05-25,25.612136840820312,66813700,11.83164119720459,263919800,27.630430221557617,102076440,18.82087516784668,55196200,106.29026794433594,21490900,18.232196807861328,26927700,80.59757232666016,396505200,34.61000061035156,0
2010-05-26,25.506900787353516,50719600,11.816362380981445,225933000,28.2152042388916,124767260,18.260807037353516,62366800,104.60530090332031,17073900,18.52547264099121,29530500,80.11170959472656,349719300,35.02000045776367,0
2010-05-27,26.585569381713867,44843000,12.35867977142334,163490700,29.38473892211914,75460890,19.15300941467285,48871900,108.34252166748047,12910200,19.314533233642578,18211000,82.79527282714844,300870500,29.68000030517578,0
2010-05-28,26.033079147338867,41252400,12.02259635925293,160778500,28.946163177490234,63286600,18.684118270874023,40885500,107.82672119140625,10683700,18.93047332763672,15335300,81.7562255859375,297933500,32.06999969482422,0
2010-06-01,25.34903907775879,37848600,11.793449401855469,126185400,28.14209747314453,56634680,18.38454246520996,39475500,106.03291320800781,9455200,18.246156692504883,13915400,80.38078308105469,277909400,35.540000915527344,0
2010-06-02,26.013349533081055,39618500,12.145035743713379,127114500,28.653770446777344,56166340,19.00322151184082,32478900,108.25279998779297,7668400,18.979358673095703,13005800,82.47386169433594,240243700,30.170000076293945,0
2010-06-03,25.71738052368164,30950400,12.08388614654541,124229100,28.946163177490234,71405630,18.79482650756836,30888500,107.66230010986328,7454900,18.74892234802246,10481400,82.75788879394531,226618300,29.459999084472656,0
2010-06-04,24.743921279907227,52868900,11.73230266571045,148415800,27.703523635864258,106756480,18.091482162475586,50696800,106.32437896728516,14900400,18.14839744567871,17110300,79.85005187988281,398475600,35.47999954223633,0
2010-06-07,24.15196418762207,44528300,11.334855079650879,158959100,26.607067108154297,86203870,17.772375106811523,36969800,103.65599060058594,12238600,17.659595489501953,14704700,78.85585021972656,264609100,36.56999969482422,0
2010-06-08,24.84915542602539,51017900,11.71701717376709,167648900,27.19183921813965,83022780,18.07845115661621,47134900,102.98331451416016,14587000,17.869083404541016,18291700,79.7005386352539,357774300,33.70000076293945,0
2010-06-09,24.415056228637695,42586000,11.472434043884277,150844900,28.28830337524414,114856500,17.603057861328125,37988200,102.25082397460938,8950600,17.547874450683594,16158600,79.27445220947266,268023300,33.72999954223633,0
2010-06-10,25.184606552124023,44302600,11.816376686096191,124056500,28.507577896118164,70989130,18.319416046142578,41612900,99.98606872558594,21931000,17.869083404541016,20947000,81.59178161621094,317890600,30.56999969482422,0
2010-06-11,25.053056716918945,31147600,11.923381805419922,115114300,28.36138916015625,43859390,18.130556106567383,39468100,101.3837661743164,9241800,18.15538215637207,11360000,81.98797607421875,214128200,28.790000915527344,0
2010-06-14,24.553176879882812,48662200,11.77816104888916,120504600,28.36138916015625,38228780,17.844011306762695,45506200,99.73937225341797,10951400,17.687528610229492,15658900,81.86088562011719,207196100,28.579999923706055,0
2010-06-15,25.158300399780273,45355600,12.07624626159668,129815000,29.16543960571289,42247510,18.17613983154297,45128400,102.32554626464844,10649300,18.12047004699707,17954700,83.72219848632812,238268700,25.8700008392334,0
2010-06-16,25.33588218688965,37217100,12.129752159118652,110926700,29.16543960571289,40783400,18.31290054321289,28707100,102.44515228271484,7077700,17.99477767944336,15134900,83.69231414794922,216374000,25.920000076293945,0
2010-06-17,25.28326416015625,34755100,12.091533660888672,127136400,28.946163177490234,58734300,18.189170837402344,30739400,102.6395034790039,8104300,17.6805477142334,18418900,83.82684326171875,263185800,25.049999237060547,0
2010-06-18,25.76997947692871,37270800,12.091533660888672,105721700,29.311626434326172,68839920,18.28034782409668,39496700,103.28228759765625,10154900,17.94590187072754,15779800,83.91775512695312,174006600,23.950000762939453,0
2010-06-21,25.566089630126953,33665100,12.06860065460205,109114600,29.38473892211914,57155530,18.195680618286133,30005400,102.95340728759766,8691000,17.88304901123047,15209500,83.67739868164062,213140700,24.8799991607666,0
2010-06-22,25.210914611816406,42245700,11.908098220825195,108235700,28.799972534179688,48772470,17.883087158203125,33694800,100.74842071533203,9002200,17.582782745361328,16182500,82.29541778564453,239355400,27.049999237060547,0
2010-06-23,25.579246520996094,45046000,11.793450355529785,132920800,28.434480667114258,46265950,17.791913986206055,36030500,100.95772552490234,8232200,17.478044509887695,16133900,82.04004669189453,254639900,26.90999984741211,0
2010-06-24,25.013582229614258,73843400,11.480076789855957,167776300,27.630430221557617,56634790,17.492345809936523,66950600,100.89044952392578,9967900,16.940370559692383,23822700,80.68062591552734,268523600,29.739999771118164,0
2010-06-25,25.940996170043945,70734200,11.78580379486084,175269500,28.799972534179688,70357690,17.616071701049805,78977700,104.38849639892578,14332300,17.464080810546875,22664600,81.0185775756836,238726500,28.530000686645508,0
2010-06-28,25.34903907775879,39962900,11.648226737976074,110641800,29.238544464111328,54126640,17.603057861328125,31717000,102.14615631103516,9908100,17.12192153930664,12874600,80.76322174072266,169218600,29.0,0
2010-06-29,24.37559700012207,56694200,11.136137008666992,201991800,27.26494026184082,79745340,16.886688232421875,55568200,99.97856140136719,10338100,16.374759674072266,22892300,78.26966094970703,373649500,34.130001068115234,0
2010-06-30,24.079607009887695,35332500,10.983271598815918,138978000,27.48421859741211,53205360,16.671775817871094,37501000,98.117431640625,9139800,16.20716094970703,19768000,77.52608489990234,284101700,34.540000915527344,0
2010-07-01,23.763469696044922,56642900,10.715758323669434,256787300,27.630430221557617,86206490,16.398263931274414,58947800,98.020263671875,11645300,16.123382568359375,21812500,77.18061065673828,382924800,32.86000061035156,0
2010-07-02,23.59880828857422,36796000,10.578185081481934,140988600,27.703523635864258,38516880,16.2028865814209,32231100,97.97537231445312,6566400,15.94182014465332,11922300,76.7599868774414,233385200,30.1200008392334,0
2010-07-06,23.928129196166992,35953600,10.74632740020752,120153500,27.703523635864258,51454380,16.37871551513672,37248300,98.85738372802734,7820100,16.03957748413086,12214600,77.26322937011719,256935300,29.649999618530273,0
2010-07-07,25.126834869384766,44602900,11.243141174316406,150021000,28.507577896118164,47295490,17.362098693847656,48830500,101.52580261230469,9300400,16.72389793395996,15838800,79.69670104980469,253769400,26.84000015258789,0
2010-07-08,25.1334285736084,41498200,11.357791900634766,132297400,29.01926040649414,46663460,17.34906578063965,38228800,101.24925231933594,9895700,16.898468017578125,14913200,80.4853515625,210842100,25.709999084472656,0
2010-07-09,25.58788299560547,30422300,11.548863410949707,86584400,29.53092384338379,41928480,17.58351707458496,24905000,103.19256591796875,6919900,17.247615814208984,10201600,81.086181640625,144999900,24.979999542236328,0
2010-07-12,25.81182098388672,24998900,11.625296592712402,92146300,30.0426025390625,39470360,17.622600555419922,18761700,102.58715057373047,4728900,17.14984893798828,7885800,81.13878631591797,131283600,24.43000030517578,0
2010-07-13,26.66145133972168,48564800,11.976885795593262,130720700,31.431438446044922,64688800,18.195680618286133,31658500,104.82950592041016,8983900,17.917966842651367,17831200,82.36305236816406,213025900,24.559999465942383,0
2010-07-14,26.575815200805664,37320600,11.976885795593262,115645600,30.773555755615234,48298880,18.01333236694336,31305800,103.94004821777344,6068500,17.834171295166016,13316900,82.35550689697266,184426800,24.889999389648438,0
2010-07-15,26.648277282714844,81876200,11.76287841796875,177237600,30.408079147338867,68022500,18.111019134521484,48127100,108.54428100585938,21621900,17.869083404541016,14313900,82.37804412841797,232337900,25.139999389648438,0
2010-07-16,25.68667984008789,58507400,10.685182571411133,438430600,28.507577896118164,80624880,17.08857536315918,55456400,109.25432586669922,29604600,17.275543212890625,16981200,80.10981750488281,282693400,26.25,0
2010-07-19,25.71302032470703,35404900,10.402388572692871,314752200,29.092344284057617,60092350,16.94529914855957,34667100,108.88815307617188,10875900,17.303470611572266,8964200,80.58293914794922,186709000,25.969999313354492,0
2010-07-20,26.101606369018555,43538200,10.524676322937012,180152700,29.16543960571289,54745170,16.873659133911133,47672300,111.30237579345703,20571400,17.610721588134766,15097200,81.47675323486328,258162400,23.93000030517578,0
2010-07-21,25.304670333862305,41115600,10.21130657196045,203245200,28.799972534179688,42520470,16.971351623535156,70914600,109.8673095703125,11337000,18.71400260925293,62655900,80.4177017211914,264527000,25.639999389648438,0
2010-07-22,25.917211532592773,35494400,10.440601348876953,185760900,29.896392822265625,42143450,17.837495803833008,53000300,109.53841400146484,13307300,18.707029342651367,24957500,82.2127914428711,274781300,24.6299991607666,0
2010-07-23,26.233346939086914,28241000,10.501748085021973,133979700,29.38473892211914,37675190,17.857036590576172,25737000,110.15876007080078,7306900,18.77685546875,14624200,82.92633056640625,222020800,23.469999313354492,0
2010-07-26,26.562660217285156,27209400,10.815117835998535,159255000,30.33497428894043,43066240,18.17613983154297,22724200,110.77172088623047,6089000,18.853668212890625,12095500,83.7900619506836,184445700,22.729999542236328,0
2010-07-27,26.799762725830078,44872200,10.845691680908203,176895900,30.408079147338867,53521030,18.488737106323242,38411500,110.04667663574219,7151200,18.853668212890625,19293500,83.7825698852539,204855600,23.190000534057617,0
2010-07-28,26.556079864501953,23945400,10.692830085754395,110133600,29.896392822265625,33190010,18.28034782409668,23935100,110.02426147460938,4845600,18.8956356048584,11282200,83.24177551269531,163056200,24.25,0
2010-07-29,26.48361587524414,28994300,10.72340202331543,124734700,30.11570167541504,39395920,18.032873153686523,30045500,114.0455551147461,15657700,18.88163948059082,14785300,82.836181640625,220149100,24.1299991607666,0
2010-07-30,26.529726028442383,26406500,10.731046676635742,130077700,29.969505310058594,26978030,18.05891990661621,27490900,112.73003387451172,8792400,18.88163948059082,16038300,82.82117462158203,220070600,23.5,0
2010-08-02,27.42546272277832,35566700,11.036772727966309,130216100,30.627382278442383,29385140,18.605960845947266,28005100,114.16512298583984,6523100,19.364356994628906,15048700,84.69136047363281,188263200,22.010000228881836,0
2010-08-03,27.05662727355957,29967900,10.960343360900879,96776700,30.18880271911621,21169620,18.31290054321289,29544200,114.50146484375,5648500,19.231441497802734,10296000,84.2857437133789,146657300,22.6299991607666,0
2010-08-04,27.194950103759766,23078100,10.845691680908203,131865800,30.26190185546875,27707590,18.221572875976562,28936700,116.90821838378906,12283700,19.497278213500977,11218200,84.84906768798828,158171700,22.209999084472656,0
2010-08-05,27.181766510009766,19830500,10.715758323669434,110927900,29.969505310058594,19093650,18.18894386291504,21881200,116.54197692871094,5680200,19.476289749145508,6751400,84.75895690917969,140473800,22.100000381469727,0
2010-08-06,26.635112762451172,34906600,10.669898986816406,135088300,29.677114486694336,29607280,18.10413360595703,38637900,115.98888397216797,8082600,19.34337043762207,8836100,84.4134521484375,239728300,21.739999771118164,0
2010-08-09,26.226757049560547,37790900,10.631681442260742,121443000,29.82331085205078,27938130,18.417295455932617,29199300,116.15332794189453,4209800,19.20345687866211,7785900,84.86410522460938,120800400,22.139999389648438,0
2010-08-10,25.79865264892578,34166500,10.417677879333496,131286100,29.238544464111328,37330160,18.117189407348633,29837400,115.03217315673828,5861700,19.11949348449707,9709700,84.40596008300781,242916300,22.3700008392334,0
2010-08-11,24.876558303833008,46201600,10.081375122070312,182937400,28.14209747314453,57403800,17.158157348632812,39624100,111.55648040771484,7734400,18.48988151550293,11998700,82.0926513671875,273406900,25.389999389648438,0
2010-08-12,24.902908325195312,35387300,9.98200798034668,146852800,28.28830337524414,33560510,16.962440490722656,31944800,111.6836166381836,4949300,18.273012161254883,10035200,81.58941650390625,239542600,25.729999542236328,0
2010-08-13,24.698732376098633,24564100,10.111943244934082,107923800,28.36138916015625,27447280,16.858049392700195,25494200,110.68201446533203,4218700,18.119108200073242,8966100,81.34906005859375,158698500,26.239999771118164,0
2010-08-16,24.823871612548828,28334100,10.081375122070312,99799300,28.28830337524414,23911520,16.753665924072266,24593600,110.44280242919922,3760100,17.97919273376465,7950600,81.31150817871094,147895300,26.100000381469727,0
2010-08-17,24.685550689697266,33883800,10.096663475036621,132047600,28.14209747314453,42478180,16.531848907470703,49481000,111.063232421875,4391600,18.328981399536133,8935800,82.31047058105469,172270300,24.329999923706055,0
2010-08-18,24.95559310913086,27041700,10.18073558807373,137585300,28.2152042388916,47840910,16.55794906616211,38076300,111.51913452148438,4460600,18.370954513549805,8818800,82.4606704711914,182922100,24.59000015258789,0
2010-08-19,24.415517807006836,35384700,9.951440811157227,153344800,27.703523635864258,53867410,15.938163757324219,51516800,109.91217041015625,5290900,18.182071685791016,11616300,81.02611541748047,265847600,26.440000534057617,0
2010-08-20,24.461612701416016,30862000,9.8367919921875,164506800,27.411128997802734,51973470,16.049076080322266,40025600,110.8016128540039,5276800,18.13310432434082,10812100,80.76322174072266,209714200,25.489999771118164,0
2010-08-23,24.290372848510742,29282800,9.8367919921875,114682800,27.411128997802734,29397900,15.807682037353516,33766900,109.68040466308594,3729200,17.99318504333496,9360700,80.4552993774414,163490300,25.65999984741211,0
2010-08-24,23.849090576171875,48709200,9.660999298095703,156884400,27.118745803833008,44346680,15.422764778137207,55658300,107.5950698852539,6372300,17.580427169799805,11819500,79.26105499267578,280677800,27.459999084472656,0
2010-08-25,23.862260818481445,36058000,9.676286697387695,159923400,26.899459838867188,50868250,15.396665573120117,55554200,108.14067077636719,5638400,17.5594482421875,9630800,79.56901550292969,272234800,26.700000762939453,0
2010-08-26,23.467092514038086,31873200,9.5310640335083,137778600,26.753257751464844,33489660,15.324909210205078,41212900,105.99549865722656,6818100,17.230632781982422,15006000,79.03573608398438,224439500,27.3700008392334,0
2010-08-27,24.1059627532959,38448800,9.660999298095703,158558400,27.48421859741211,55836000,15.657635688781738,45099500,104.45579528808594,11252000,17.510475158691406,11782600,80.25999450683594,272649000,24.450000762939453,0
2010-08-30,23.61198616027832,27306500,9.416410446166992,126732000,26.82636070251465,31688960,15.168328285217285,37964800,102.40261840820312,6205800,17.09071922302246,8095700,79.0958251953125,167238600,27.209999084472656,0
2010-08-31,23.947879791259766,34784400,9.523419380187988,172987600,27.118745803833008,61541890,15.364053726196289,35713300,102.60493469238281,7064100,17.272619247436523,13682700,79.0958251953125,273933100,26.049999237060547,0
2010-09-01,24.85680389404297,36770500,10.10477066040039,204575600,28.14209747314453,53222240,16.088214874267578,53882000,104.71056365966797,6897700,17.77631187438965,10319100,81.46170043945312,256828100,23.889999389648438,0
2010-09-02,25.1334285736084,31282900,10.158313751220703,154881900,28.36138916015625,47390890,16.375268936157227,38196400,104.74050903320312,4992000,17.96519660949707,6628300,82.2203140258789,156112200,23.190000534057617,0
2010-09-03,25.79865264892578,34135600,10.3266019821167,141624900,28.58066749572754,43608360,16.858049392700195,42741400,110.36792755126953,13588500,18.650789260864258,13011700,83.28684997558594,212197300,21.309999465942383,0
2010-09-07,25.212467193603516,31885500,10.10477066040039,127499100,27.99590301513672,26492790,16.257850646972656,30986700,108.80934143066406,6211300,17.958208084106445,12068100,82.34799194335938,141973700,23.799999237060547,0
2010-09-08,25.765710830688477,30781000,10.227160453796387,102657200,28.069000244140625,24907680,16.45355987548828,22687800,110.55522918701172,8310300,18.168075561523438,11277300,82.92633056640625,149924400,23.25,0
2010-09-09,26.411163330078125,33438800,10.3266019821167,168549000,28.58066749572754,45078780,16.76018524169922,28728700,111.75422668457031,6729800,18.8956356048584,19300700,83.30936431884766,147017900,22.809999465942383,0
2010-09-10,26.187232971191406,21928600,10.364848136901855,85884600,28.58066749572754,25644170,16.799325942993164,19893500,112.69087982177734,4417200,19.021562576293945,8936600,83.72999572753906,127819000,21.989999771118164,0
2010-09-13,27.08297348022461,41643200,10.670820236206055,164136200,29.16543960571289,45870620,17.28863525390625,39588200,115.6731185913086,7653600,19.427322387695312,10924300,84.66131591796875,178503500,21.209999084472656,0
2010-09-14,26.819522857666016,42754100,10.464290618896484,140042500,28.799972534179688,38404540,17.001577377319336,29814000,114.29440307617188,5688200,19.252416610717773,8461300,84.6087417602539,209823600,21.559999465942383,0
2010-09-15,26.990772247314453,25399500,10.48723316192627,134665300,28.653770446777344,24836100,17.184253692626953,32614200,114.31688690185547,5698200,19.056543350219727,10465300,84.93168640136719,168608400,22.100000381469727,0
2010-09-16,26.997350692749023,25207500,10.364848136901855,120788100,29.01926040649414,37834360,17.001577377319336,28999400,114.069580078125,4388600,18.734739303588867,10770600,84.90914916992188,199962900,21.719999313354492,0
2010-09-17,26.384836196899414,45938300,10.250105857849121,132686500,28.873056411743164,55888390,16.96895980834961,34400600,113.13294219970703,4835600,18.517864227294922,11766300,84.9408950805664,195836900,22.010000228881836,0
2010-09-20,27.129077911376953,33337500,10.510184288024902,130367700,29.16543960571289,34473280,17.327777862548828,30529000,113.82234191894531,5640500,18.776714324951172,14972700,86.23963928222656,214555200,21.5,0
2010-09-21,26.733911514282227,33548900,10.441339492797852,168349300,28.799972534179688,37200450,17.210344314575195,32217500,113.44764709472656,6876000,18.231037139892578,16588600,86.06597900390625,268389100,22.350000381469727,0
2010-09-22,26.3057861328125,34546000,10.265400886535645,141117900,28.36138916015625,43837660,16.838470458984375,32251200,110.9524154663086,8986100,17.454496383666992,26778100,85.64313507080078,191322400,22.510000228881836,0
2010-09-23,25.752553939819336,33471100,10.074172973632812,153255800,27.776607513427734,38372030,16.33612632751465,59315100,108.58454132080078,9152400,17.307600021362305,17621800,84.94844818115234,202354300,23.8700008392334,0
2010-09-24,26.180646896362305,28855100,10.403092384338379,142535200,28.507577896118164,39249340,16.6949520111084,46480600,110.36042022705078,5623700,17.594425201416016,15267700,86.70027160644531,209671800,21.709999084472656,0
2010-09-27,25.739362716674805,25684900,10.127716064453125,123657600,28.28830337524414,36629390,16.65579605102539,28381000,109.40132904052734,5205900,17.398544311523438,14496200,86.2849349975586,128761800,22.540000915527344,0
2010-09-28,25.653738021850586,31442600,10.150666236877441,124743600,28.36138916015625,29345050,16.538372039794922,38697900,108.65950775146484,5504800,17.139690399169922,19458800,86.58698272705078,209207500,22.600000381469727,0
2010-09-29,25.298080444335938,40207000,10.028277397155762,156717200,28.653770446777344,50744380,16.33612632751465,37676000,108.21739196777344,6944900,17.12570571899414,18195900,86.43598937988281,179665800,23.25,0
2010-09-30,25.067556381225586,54885200,10.020627975463867,148937800,28.58066749572754,47868000,16.388324737548828,37365700,108.33727264404297,6854400,17.265621185302734,21464700,86.17925262451172,287106700,23.700000762939453,0
2010-10-01,25.561548233032227,38973800,10.173615455627441,168814600,29.896392822265625,77500060,16.67537498474121,32117900,110.67515563964844,7439800,17.503477096557617,16292200,86.54167938232422,174638700,22.5,0
2010-10-04,25.686832427978516,38886100,10.058873176574707,133664600,29.457834243774414,42326390,16.55794906616211,25645400,109.82840728759766,5866700,17.286603927612305,11955800,85.8923110961914,166153200,23.530000686645508,0
2010-10-05,26.14188003540039,42379500,10.372495651245117,191282100,30.18880271911621,63625620,17.125534057617188,42788700,112.07640838623047,8724700,17.818283081054688,19234700,87.62142181396484,229634100,21.760000228881836,0
2010-10-06,26.31334686279297,31559900,10.242459297180176,150771000,29.969505310058594,48412190,17.158157348632812,31852900,113.02800750732422,6330600,17.755325317382812,15158700,87.61392211914062,148626600,21.489999771118164,0
2010-10-07,26.0627498626709,26923900,10.18126392364502,112300500,30.554277420043945,49228170,16.962440490722656,27293900,113.23037719726562,4471500,17.53845977783203,11649500,87.5082015991211,164860000,21.559999465942383,0
2010-10-08,25.92425537109375,28178500,10.081825256347656,173162700,30.627382278442383,35248850,16.929813385009766,29467900,114.391845703125,5225100,17.713354110717773,10721000,87.99905395507812,177760100,20.709999084472656,0
2010-10-11,26.201229095458984,24601000,10.058873176574707,101283500,30.554277420043945,43225180,16.734094619750977,24637400,114.0471420288086,4454400,17.594425201416016,7125900,88.08206176757812,103098300,18.959999084472656,0
2010-10-12,26.643091201782227,38798100,10.341898918151855,136898300,30.99285125732422,48296870,16.949386596679688,37344700,116.30262756347656,6378000,18.14009666442871,15289400,88.35392761230469,182210000,18.93000030517578,0
2010-10-13,26.273775100708008,69607700,10.16596508026123,175054300,31.065946578979492,107396320,16.838470458984375,41846800,115.94295501708984,5626200,18.1470890045166,16049600,89.04104614257812,194347200,19.06999969482422,0
2010-10-14,25.535154342651367,76504900,9.638162612915039,511175200,29.677114486694336,98325960,16.12735939025879,117397100,113.59004211425781,6891100,17.797298431396484,15552800,88.69369506835938,217764300,19.8799991607666,0
2010-10-15,24.499765396118164,142280400,9.163904190063477,600410400,28.873056411743164,106125370,15.383627891540527,144985700,112.91566467285156,6901500,17.503477096557617,21583300,88.87494659423828,243705000,19.030000686645508,0
2010-10-18,25.192232131958008,55058700,9.439279556274414,416485100,30.48118019104004,94439510,16.2252197265625,66672500,115.1711196899414,6972300,17.76931381225586,15728300,89.31288146972656,141204800,19.09000015258789,0
2010-10-19,24.855892181396484,70595100,9.026212692260742,574229600,29.677114486694336,70732750,16.016448974609375,72213100,117.43396759033203,14491200,17.7623233795166,19796200,88.14248657226562,280604700,20.6299991607666,0
2010-10-20,25.12627601623535,43497200,8.987963676452637,655116600,30.0426025390625,49484540,16.70147132873535,101499400,119.59210968017578,10631200,17.755325317382812,41015300,89.00331115722656,200051800,19.790000915527344,0
2010-10-21,24.862483978271484,38250300,8.689641952514648,318784400,29.750225067138672,43687230,16.982006072998047,52489800,119.36734008789062,6350900,17.209651947021484,22775800,89.19964599609375,221585500,19.270000457763672,0
2010-10-22,24.862483978271484,24876900,8.750838279724121,173466800,30.0426025390625,31441180,17.03420066833496,26633200,118.21333312988281,4051700,17.1536865234375,11260100,89.36576843261719,108212400,18.780000686645508,0
2010-10-25,24.447011947631836,37893500,8.53665542602539,327390900,30.773555755615234,76494560,16.77976417541504,36779700,117.93611145019531,5728300,17.05574607849121,11599700,89.62999725341797,151145700,19.850000381469727,0
2010-10-26,24.532737731933594,39188100,8.64374828338623,232839500,30.554277420043945,42127270,16.90371322631836,30595600,118.61044311523438,4068500,16.922826766967773,12126300,89.64513397216797,158982900,20.219999313354492,0
2010-10-27,24.75696563720703,30777500,8.827335357666016,275344800,30.48118019104004,26922470,16.799325942993164,35352000,120.00424194335938,6570900,17.1051025390625,11555800,89.38838958740234,190024000,20.709999084472656,0
2010-10-28,24.737186431884766,30614600,8.819682121276855,180293000,30.48118019104004,26162360,16.92329216003418,23976400,122.31968688964844,9918800,17.427566528320312,13444700,89.40352630615234,168576000,20.8799991607666,0
2010-10-29,24.816333770751953,19803300,8.758485794067383,126825100,30.48118019104004,18835180,17.001577377319336,24018000,120.73863220214844,4536600,17.434587478637695,18086200,89.47148132324219,144305500,21.200000762939453,0
2010-11-01,24.67782974243164,36941900,8.796728134155273,152004500,30.33497428894043,29258270,16.916765213012695,24764600,121.06831359863281,4514400,17.301380157470703,10173600,89.50167846679688,174074800,21.829999923706055,0
2010-11-02,24.37447166442871,39913100,8.720243453979492,176470800,30.48118019104004,22490240,16.94285774230957,25101700,122.0049819946289,3332400,17.252309799194336,10212600,90.21143341064453,158345900,21.56999969482422,0
2010-11-03,24.87567710876465,35299600,8.812031745910645,176344100,30.627382278442383,30544940,17.29583740234375,32381400,121.86256408691406,4462800,17.80611801147461,15553500,90.57389831542969,226702800,19.559999465942383,0
2010-11-04,26.247398376464844,77569400,9.278639793395996,310826500,31.650720596313477,65927800,17.949499130249023,57381100,124.68003845214844,8162600,18.486112594604492,20293000,92.31816864013672,215039400,18.520000457763672,0
2010-11-05,26.999210357666016,75684800,9.45457935333252,405644600,32.82026290893555,105440700,19.09994125366211,79752600,128.18690490722656,11989300,19.12405776977539,26025100,92.66555786132812,180654100,18.260000228881836,0
2010-11-08,26.71563148498535,32967000,9.638162612915039,247865900,32.45478057861328,42687730,18.98228645324707,35734000,126.78553771972656,5516100,19.074981689453125,14602200,92.49185180664062,156107100,18.290000915527344,0
2010-11-09,26.31334686279297,32800100,9.385734558105469,225038100,31.431438446044922,54105940,18.387453079223633,37178800,124.79999542236328,7343900,18.451068878173828,21825800,91.82736206054688,186621600,19.079999923706055,0
2010-11-10,26.788185119628906,35587900,9.615212440490723,191612200,32.30859375,50288500,18.68160057067871,37250900,125.30198669433594,6328100,18.612306594848633,45033100,92.19734191894531,221387400,18.469999313354492,0
2010-11-11,26.392486572265625,25499700,9.462224960327148,130702300,31.8699893951416,38163270,18.426668167114258,23280400,125.66920471191406,3931500,18.44405746459961,9780500,91.85002136230469,158017600,18.639999389648438,0
2010-11-12,26.122098922729492,33504800,9.270992279052734,170642600,31.358335494995117,49740230,18.001794815063477,27040000,124.26039123535156,4735600,17.92530059814453,12560000,90.76268005371094,239068800,20.610000610351562,0
2010-11-15,26.432052612304688,28772500,9.255693435668945,112735900,31.577632904052734,35374110,18.07369041442871,23160300,125.30198669433594,5199000,18.22673988342285,15275800,90.63426971435547,163940800,20.200000762939453,0
2010-11-16,26.122098922729492,46023000,9.133307456970215,219262600,30.84665870666504,50020480,17.773008346557617,45295900,123.71345520019531,5914100,17.967357635498047,17713200,89.22228240966797,299566200,22.579999923706055,0
2010-11-17,25.83850860595703,32027500,8.888525009155273,170058200,30.627382278442383,39175510,17.55730628967285,31956700,123.5560531616211,3726300,17.58881187438965,13718900,89.2676010131836,172308900,21.760000228881836,0
2010-11-18,26.155065536499023,30987600,8.949719429016113,138773700,31.431438446044922,48876450,17.9821834564209,30765200,125.39945220947266,4987500,17.92530059814453,11625300,90.58143615722656,197723700,18.75,0
2010-11-19,25.99020004272461,26542000,8.919124603271484,104569300,31.212148666381836,29041620,17.969104766845703,24750900,124.88986206054688,4584500,17.960351943969727,10114700,90.83064270019531,156852900,18.040000915527344,0
2010-11-22,25.39667320251465,33249500,8.64374828338623,223150100,30.554277420043945,36827360,17.616132736206055,24825700,120.67863464355469,11364000,17.567768096923828,16677000,90.75511169433594,181361000,18.3700008392334,0
2010-11-23,24.816333770751953,35340400,8.483109474182129,199123000,29.969505310058594,38789450,17.518085479736328,30165900,118.22834014892578,7315000,17.287368774414062,12929100,89.44125366210938,222309000,20.6299991607666,0
2010-11-24,25.16585350036621,24248300,8.628448486328125,109514300,30.48118019104004,30429910,17.72071647644043,22038200,120.0866470336914,4258200,17.630863189697266,10505600,90.76268005371094,140046100,19.559999465942383,0
2010-11-26,24.7305908203125,12819100,8.506056785583496,54441000,30.0426025390625,15672580,17.420042037963867,9239700,118.55802154541016,1876900,17.315399169921875,4967600,89.70552062988281,76007800,22.219999313354492,0
2010-11-29,25.00096893310547,30911400,8.651397705078125,144663800,30.33497428894043,33721160,17.779544830322266,31181000,119.35233306884766,4819900,17.469621658325195,9638200,89.9773941040039,223642300,21.530000686645508,0
2010-11-30,24.664642333984375,33716700,8.376018524169922,267119300,30.700475692749023,61260330,17.786087036132812,33064700,117.2571029663086,5416900,17.14715576171875,11776300,89.47148132324219,233930700,23.540000915527344,0
2010-12-01,25.159257888793945,33157200,8.643991470336914,289105800,31.431438446044922,49494990,17.995256423950195,35338900,118.99181365966797,6024000,17.469621658325195,13969000,91.37432861328125,221037200,21.360000610351562,0
2010-12-02,25.92425537109375,41526000,8.942586898803711,284454000,32.30859375,51966270,18.812332153320312,43197400,122.03328704833984,7208600,17.953338623046875,18415300,92.54470825195312,191213600,19.389999389648438,0
2010-12-03,26.122098922729492,30070200,9.080403327941895,164553900,32.52787399291992,36080610,18.988815307617188,36853100,121.89065551757812,4658000,17.97437286376953,10969500,92.79391479492188,151288900,18.010000228881836,0
2010-12-06,26.31334686279297,25364500,8.911964416503906,132238800,32.52787399291992,47203040,18.78618812561035,27255700,122.14592742919922,3686300,17.904260635375977,6503200,92.69571685791016,103050500,18.020000457763672,0
2010-12-07,25.88468360900879,40908200,8.858367919921875,215071600,33.7705192565918,326782940,18.609697341918945,30166400,121.34992218017578,5527700,17.988384246826172,15843000,92.74858093261719,206581000,17.989999771118164,0
2010-12-08,26.55076026916504,38115900,9.187592506408691,235158100,33.916709899902344,91574090,19.197994232177734,31376300,124.7668685913086,5259500,18.556217193603516,15080000,93.08837127685547,138019200,17.739999771118164,0
2010-12-09,26.913482666015625,43001900,9.685254096984863,328639000,34.282188415527344,73204230,19.65555191040039,45744200,124.99966430664062,5746400,18.724468231201172,14198800,93.45081329345703,123705100,17.25,0
2010-12-10,27.322355270385742,28449000,9.800098419189453,224667700,34.86696243286133,76407750,19.786285400390625,40143400,126.51660919189453,4543600,18.892717361450195,11224000,93.9944839477539,117571700,17.610000610351562,0
2010-12-13,27.375104904174805,35730400,9.601030349731445,189201500,35.15935134887695,69850800,19.753604888916016,30423700,127.275146484375,5325200,18.88570213317871,9368200,94.05490112304688,133812700,17.549999237060547,0
2010-12-14,26.90028190612793,34010800,9.49384593963623,161365800,34.282188415527344,60311180,19.49213409423828,26799300,125.66053771972656,4892700,18.668392181396484,10321700,94.1379623413086,147249600,17.610000610351562,0
2010-12-15,26.517780303955078,30264000,9.409625053405762,160612500,33.551212310791016,72978680,19.472524642944336,36800800,124.06845092773438,4358100,18.366945266723633,12583400,93.70756530761719,160823100,17.940000534057617,0
2010-12-16,26.385879516601562,37123200,9.585718154907227,309278400,33.551212310791016,68094680,19.622861862182617,34396900,123.5052261352539,4164400,18.233747482299805,13280300,94.25121307373047,185035200,17.389999389648438,0
2010-12-17,26.161672592163086,52004800,9.623998641967773,154544200,34.35527801513672,69555640,19.583641052246094,37736800,123.1898193359375,5343000,18.39498519897461,20300600,94.3521728515625,141075300,16.110000610351562,0
2010-12-20,26.346324920654297,22978200,9.662282943725586,113899800,34.428367614746094,41915750,19.675159454345703,22290400,124.69927215576172,3719100,18.40900421142578,8966100,94.57992553710938,119085500,16.40999984741211,0
2010-12-21,27.038780212402344,30757800,9.937909126281738,163167100,34.64767837524414,39886050,20.145795822143555,25481400,126.33643341064453,4546900,18.829627990722656,13912500,95.17958068847656,94965500,16.489999771118164,0
2010-12-22,27.80377769470215,47280400,10.24416446685791,240618000,34.574581146240234,51355450,20.466083526611328,29063200,127.3652572631836,3858500,19.208179473876953,14120200,95.4756088256836,78878100,15.449999809265137,0
2010-12-23,27.751020431518555,18927900,9.999163627624512,183718500,34.2090950012207,20536470,20.256912231445312,16954800,125.86326599121094,2494000,19.215187072753906,7201800,95.33895874023438,70053700,16.469999313354492,0
2010-12-27,28.140117645263672,17203200,10.159941673278809,116011000,34.86696243286133,29016760,20.400718688964844,13823700,127.53794860839844,2715000,19.28529167175293,5368200,95.37691497802734,58126000,17.670000076293945,0
2010-12-28,28.100549697875977,20386600,10.21353530883789,119303600,34.94004821777344,18644350,20.394182205200195,14863300,127.05728149414062,2862900,19.39044189453125,6794200,95.51355743408203,55309100,17.520000457763672,0
2010-12-29,27.935678482055664,13637400,10.190568923950195,74986200,34.86696243286133,16459820,20.276527404785156,12280700,125.88582611083984,3329800,19.12405776977539,6921500,95.58185577392578,58033100,17.280000686645508,0
2010-12-30,27.849939346313477,12901900,10.1676025390625,88176300,34.79386901855469,14418630,20.145795822143555,11675700,125.89331817626953,1745400,19.159103393554688,6618500,95.43006134033203,76616900,17.520000457763672,0
2010-12-31,27.975242614746094,12199700,10.21353530883789,63036100,34.574581146240234,16923250,20.256912231445312,12108400,126.2838134765625,1636300,19.074981689453125,6643200,95.45285034179688,91218900,17.75,0
2011-01-03,28.740251541137695,43278500,10.864325523376465,354322300,35.81720733642578,65798900,20.642576217651367,34397100,129.95606994628906,5717100,19.790023803710938,21176700,96.43962860107422,138725200,17.610000610351562,0
2011-01-04,29.15618324279785,40036800,10.902609825134277,218978200,35.81720733642578,58340430,20.68833351135254,30341100,129.97862243652344,3335500,19.958274841308594,12859900,96.38650512695312,137409700,17.3799991607666,0
2011-01-05,29.512714385986328,50032500,11.10167121887207,246151200,36.32889175415039,66673580,21.158966064453125,43245600,130.66957092285156,4140600,20.210641860961914,15101100,96.88745880126953,133975300,17.020000457763672,0
2011-01-06,29.367456436157227,31606200,11.055734634399414,241658500,36.18269348144531,71529750,21.015165328979492,32500000,129.32530212402344,5375200,20.189617156982422,13200900,96.69770812988281,122519000,17.399999618530273,0
2011-01-07,28.81287384033203,69579400,10.910264015197754,392328700,36.10960388183594,68069720,20.590282440185547,81572300,128.18377685546875,4916100,19.76900291442871,17512600,96.50792694091797,156034600,17.139999389648438,0
2011-01-10,28.654417037963867,30098100,11.025110244750977,185382600,35.89030075073242,46153210,20.394182205200195,30263400,127.48541259765625,3650300,19.663846969604492,15184900,96.38650512695312,122401700,17.540000915527344,0
2011-01-11,28.786455154418945,28067100,11.247140884399414,212239400,36.10960388183594,33127350,20.524919509887695,27230700,127.18498229980469,4572300,19.600749969482422,11189900,96.72807312011719,110287000,16.889999389648438,0
2011-01-12,29.51932144165039,44296900,11.476832389831543,204060800,37.13295364379883,60853490,20.923654556274414,29181000,128.9197235107422,5592900,20.12652015686035,13444200,97.60100555419922,107929200,16.239999771118164,0
2011-01-13,29.347673416137695,42133000,11.308395385742188,158944400,36.84054946899414,65082660,20.8452091217041,25139400,128.8445587158203,3183800,19.839107513427734,13359700,97.44160461425781,129048400,16.389999389648438,0
2011-01-14,29.6513729095459,86983800,11.675895690917969,282493800,37.49842834472656,103634370,21.40735626220703,34358900,131.42051696777344,5885100,20.315797805786133,14752000,98.14753723144531,117677900,15.460000038146973,0
2011-01-18,29.54572105407715,46237700,11.484488487243652,198400500,35.08625030517578,180960580,21.23740577697754,35506000,131.18016052246094,4981200,20.15456771850586,12166100,98.31451416015625,114401300,15.869999885559082,0
2011-01-19,28.859073638916016,44989200,11.002137184143066,247013200,34.79386901855469,71421890,20.792922973632812,51635900,125.02971649169922,13372700,19.45353889465332,21726100,97.35052490234375,151958400,17.309999465942383,0
2011-01-20,29.54572105407715,46977700,11.132294654846191,245219600,35.08625030517578,62673870,20.8452091217041,34435600,124.42898559570312,8914900,20.343847274780273,34556600,97.22149658203125,175745700,17.989999771118164,0
2011-01-21,29.902267456054688,44767400,10.910264015197754,291812600,35.74410629272461,65507770,21.250476837158203,35549000,124.81196594238281,5876500,21.037870407104492,35955900,97.44160461425781,151462900,18.469999313354492,0
2011-01-24,29.724002838134766,27826800,10.657607078552246,225424700,35.52483367919922,37250070,21.374677658081055,27472000,124.8869857788086,4624300,20.855592727661133,16702600,97.9957046508789,113715500,17.649999618530273,0
2011-01-25,29.62496566772461,36022400,10.435568809509277,303642100,35.23244857788086,42339570,21.374677658081055,28232300,121.64279174804688,11259800,20.568166732788086,14148100,98.04883575439453,167552200,17.59000015258789,0
2011-01-26,29.69758415222168,25639400,10.374323844909668,145810300,35.15935134887695,44338240,21.211265563964844,25866200,121.1396484375,6738000,20.336835861206055,15477100,98.42838287353516,141281500,16.639999389648438,0
2011-01-27,29.776817321777344,26740900,10.466197967529297,153086100,35.3055419921875,27251160,21.243946075439453,23077200,123.18231201171875,6036000,20.961822509765625,16615800,98.67127990722656,123302700,16.149999618530273,0
2011-01-28,29.407079696655273,38593900,10.412606239318848,226452500,34.501468658447266,64329500,20.812524795532227,30345800,121.48511505126953,4570000,20.39301109313965,16786200,96.94818115234375,295637300,20.040000915527344,0
2011-01-31,29.67117691040039,23574500,10.512134552001953,118000800,35.23244857788086,34795650,21.191648483276367,23646400,122.87440490722656,3792800,20.645816802978516,13164200,97.67687225341797,149249200,19.530000686645508,0
2011-02-01,30.3248233795166,28255500,10.956204414367676,211978400,35.81720733642578,39237120,21.858375549316406,31359000,124.15855407714844,4138400,21.01097869873047,11630100,99.2405776977539,167194300,17.6299991607666,0
2011-02-02,30.007904052734375,24104900,10.902609825134277,140312700,35.45173263549805,31667370,21.419776916503906,24766100,123.94828796386719,2986200,20.828393936157227,9230300,99.05084228515625,118323600,17.299999237060547,0
2011-02-03,30.014516830444336,23322400,11.048074722290039,145885300,35.15935134887695,43984840,21.439414978027344,18950200,123.6404037475586,4710400,20.933738708496094,8568500,99.27094268798828,145886700,16.690000534057617,0
2011-02-04,29.440095901489258,38172900,10.940890312194824,141015200,35.23244857788086,36607580,21.445953369140625,18236900,123.78309631347656,3354500,20.961822509765625,9134800,99.55183410644531,134634800,15.930000305175781,0
2011-02-07,30.040912628173828,36790900,11.231829643249512,149423500,35.81720733642578,39261140,21.812562942504883,21356800,125.51033782958984,5036700,21.362102508544922,11387800,100.17424011230469,112439100,16.280000686645508,0
2011-02-08,30.199377059936523,28649500,11.185894966125488,158426200,35.74410629272461,40287550,22.323177337646484,39820700,126.57670593261719,4718700,21.51659393310547,13042700,100.62969207763672,99072800,15.8100004196167,0
2011-02-09,29.783430099487305,33491000,11.208860397338867,150179100,35.37862777709961,28657830,21.68817710876465,71834200,124.66915893554688,5663900,21.123342514038086,16429400,100.4019546508789,146436700,15.869999885559082,0
2011-02-10,30.06072235107422,22688600,11.094014167785645,132240800,34.94004821777344,41029190,21.603078842163086,31174900,124.16605377197266,4265800,20.877559661865234,12855900,100.43994140625,162708500,16.09000015258789,0
2011-02-11,30.74736976623535,40812800,11.308395385742188,156195600,35.67102813720703,45335780,22.100597381591797,40581700,125.15738677978516,4257100,21.179519653320312,10002000,101.03958892822266,137710300,15.6899995803833,0
2011-02-14,30.727558135986328,28699200,11.40027141571045,112571100,35.89030075073242,35369660,22.172609329223633,17735100,125.8031997680664,3547200,21.053115844726562,7959400,101.28247833251953,101690700,15.949999809265137,0
2011-02-15,30.912429809570312,35972900,11.308395385742188,109532300,35.89030075073242,42499990,22.048234939575195,24395000,126.09610748291016,4025900,21.2918758392334,10197300,100.96367645263672,119575400,16.3700008392334,0
2011-02-16,31.651899337768555,44327800,11.361985206604004,132821900,35.81720733642578,29894750,21.799463272094727,86403000,126.77198791503906,4606300,21.565750122070312,9820800,101.60127258300781,130183500,16.719999313354492,0
2011-02-17,31.572656631469727,22932600,11.339017868041992,103495400,36.10960388183594,30673510,21.570348739624023,26621100,125.53289794921875,4448100,21.551706314086914,6817200,101.90489959716797,109810500,16.59000015258789,0
2011-02-18,31.691511154174805,23844300,11.293078422546387,98369000,35.89030075073242,25229030,21.36740493774414,43900100,126.19367218017578,3728100,21.762374877929688,10898000,102.11742401123047,130002400,16.43000030517578,0
2011-02-22,30.37762451171875,44561900,10.856668472290039,187522800,34.282188415527344,89462910,20.542564392089844,59143100,122.36376190185547,5448200,20.73008155822754,12648900,100.06798553466797,233116400,20.799999237060547,0
2011-02-23,30.34461784362793,36264800,10.849011421203613,196355700,34.35527801513672,81515000,20.621112823486328,38562600,122.47637939453125,4560400,20.821378707885742,10941400,99.45309448242188,227584000,22.1299991607666,0
2011-02-24,30.311609268188477,31926900,10.69588851928711,201697200,34.282188415527344,58605760,20.581846237182617,35604200,122.73926544189453,4619300,20.709016799926758,13454200,99.38481903076172,260431400,21.31999969482422,0
2011-02-25,30.81999397277832,26782100,10.871980667114258,126869100,34.35527801513672,40819490,21.21029281616211,46480100,124.00082397460938,4636200,20.975866317749023,8519400,100.44752502441406,141686900,19.219999313354492,0
2011-02-28,30.82660675048828,25985300,10.940890312194824,137039100,34.2090950012207,44054250,21.11864471435547,30717000,123.25577545166016,4235200,20.842445373535156,12189700,101.06993103027344,141585500,18.350000381469727,0
2011-03-01,30.1069278717041,33682600,10.665262222290039,161263900,33.40503692626953,52789640,20.71931266784668,34960100,121.39698791503906,7015500,20.238515853881836,12571400,99.38481903076172,258565500,21.010000228881836,0
2011-03-02,29.849443435668945,28600000,10.59630298614502,115609400,33.62432098388672,35351470,20.653846740722656,31044700,121.68295288085938,4658400,20.343856811523438,9040100,99.59735870361328,200277400,20.700000762939453,0
2011-03-03,30.423851013183594,23043600,10.933425903320312,139513500,34.2090950012207,45540670,21.216829299926758,31246600,123.79014587402344,4581200,20.58261489868164,9745600,101.3128433227539,176480100,18.600000381469727,0
2011-03-04,30.05411720275879,27716900,10.818495750427246,146184700,33.18574142456055,71717620,20.88951301574707,39680800,121.16368103027344,7810800,19.971668243408203,18883700,100.55374145507812,277202300,19.059999465942383,0
2011-03-07,29.836231231689453,28110800,10.749543190002441,139010300,33.039546966552734,36391780,20.76513671875,23555800,119.77143096923828,7004100,19.887401580810547,12366700,99.76432800292969,216790400,20.65999984741211,0
2011-03-08,30.635135650634766,32941500,11.255221366882324,250033200,33.916709899902344,47184230,21.28229522705078,33966900,121.38944244384766,4845900,20.224477767944336,10976700,100.63727569580078,174615000,19.81999969482422,0
2011-03-09,30.74077033996582,25174700,11.178605079650879,148290400,33.98980712890625,34512780,21.47214698791504,24760800,122.17965698242188,4125200,20.16829490661621,8493500,100.49308013916016,153806000,20.219999313354492,0
2011-03-10,30.06072235107422,33783700,10.925763130187988,155462700,33.18574142456055,46421340,20.987712860107422,29742100,120.6142807006836,4563400,19.71183967590332,11351200,98.63334655761719,301291800,21.8799991607666,0
2011-03-11,30.199377059936523,20337600,11.017704010009766,111555000,33.40503692626953,32170320,21.197202682495117,22893500,120.92279815673828,2883900,19.90144157409668,7061300,99.31651306152344,225621800,20.079999923706055,0
2011-03-14,29.908876419067383,24508900,10.902779579162598,112139700,33.18574142456055,38691140,21.013904571533203,27021900,119.22953796386719,4376100,19.5994815826416,10278600,98.7168197631836,234974100,21.1299991607666,0
2011-03-15,29.453298568725586,35606000,10.69590950012207,167837200,32.45478057861328,58194870,21.125192642211914,42774600,118.34152221679688,5243600,19.416894912719727,14819400,97.58580017089844,359585400,24.31999969482422,0
2011-03-16,28.925111770629883,41962900,10.489039421081543,178630900,32.089317321777344,62107200,20.444364547729492,48008900,116.18167114257812,7223400,19.037687301635742,18534200,95.77923583984375,468670300,29.399999618530273,0
2011-03-17,29.420284271240234,46741800,10.711230278015137,131745300,32.52787399291992,38307430,20.529468536376953,50554400,117.21269989013672,5293900,19.276451110839844,12798300,97.0468978881836,254303700,26.3700008392334,0
2011-03-18,30.199377059936523,77421000,10.75720500946045,199209100,32.89335632324219,45908550,20.837154388427734,63760300,120.38102722167969,10170600,19.262407302856445,17690400,97.39984130859375,230435400,24.440000534057617,0
2011-03-21,30.126758575439453,28985300,10.764863014221191,114391500,32.381683349609375,82106490,20.869876861572266,32893300,120.56916046142578,4663300,19.515220642089844,7910600,98.90936279296875,153992600,20.610000610351562,0
2011-03-22,30.0211124420166,19756600,10.634614944458008,86286500,32.30859375,34194090,20.62766456604004,24174100,121.00565338134766,3538900,19.49414825439453,8098200,98.56626892089844,129538600,20.209999084472656,0
2011-03-23,30.1069278717041,26688900,10.458394050598145,230626600,32.16238784790039,47019570,20.588390350341797,25385700,120.05741119384766,3603300,19.360715866088867,12971200,98.84833526611328,148603100,19.170000076293945,0
2011-03-24,30.192773818969727,21748100,10.328140258789062,170761100,32.381683349609375,40238690,20.693355560302734,20992300,120.34337615966797,2734400,19.38880729675293,10202000,99.7936782836914,159129800,18.0,0
2011-03-25,30.278608322143555,20710400,10.22087287902832,115322600,32.60096740722656,30876830,20.95580291748047,23474900,118.88334655761719,4020700,19.051727294921875,12693600,100.09862518310547,155642800,17.90999984741211,0
2011-03-28,30.34461784362793,19039400,10.243860244750977,78640400,32.381683349609375,23570900,20.739288330078125,17533000,117.75450897216797,3686800,19.08684539794922,6422900,99.85466003417969,109762400,19.440000534057617,0
2011-03-29,30.384233474731445,17913300,10.228540420532227,117737500,32.52787399291992,24791350,20.726165771484375,21738700,119.25970458984375,3769400,19.121959686279297,8499800,100.52557373046875,129798800,18.15999984741211,0
2011-03-30,30.668148040771484,26829100,10.305153846740723,121082200,32.52787399291992,33904790,20.936119079589844,19395700,119.71123504638672,2967200,19.121959686279297,12116600,101.21932220458984,135835000,17.709999084472656,0
2011-03-31,30.437063217163086,23340500,10.213210105895996,86180900,32.30859375,33507430,20.80489730834961,21679800,119.35747528076172,3317700,19.185163497924805,8633700,101.08206939697266,132537100,17.739999771118164,0
2011-04-01,30.602115631103516,25387300,10.243860244750977,95017100,32.52787399291992,25952210,21.0345401763916,24788900,120.58419036865234,3787900,19.14302635192871,11454600,101.50898742675781,153850100,17.399999618530273,0
2011-04-04,30.761432647705078,15708000,10.297491073608398,71113900,32.381683349609375,29670460,20.863950729370117,24425900,119.58326721191406,2816800,19.030668258666992,9020200,101.59286499023438,100768900,17.5,0
2011-04-05,30.920759201049805,21058400,10.320480346679688,64968800,32.674072265625,40880950,20.988603591918945,23086800,119.59075927734375,3173700,19.08684539794922,6683100,101.57760620117188,120791500,17.25,0
2011-04-06,31.62441062927246,31203300,10.512025833129883,136151600,33.551212310791016,64009410,21.257606506347656,34716200,121.8334732055664,4198700,19.49414825439453,11984500,101.89783477783203,120411600,16.899999618530273,0
2011-04-07,31.4650936126709,29972000,10.427743911743164,119206000,33.47813034057617,56844410,21.106698989868164,30236500,122.21723937988281,4589200,19.395835876464844,10640800,101.63861083984375,170731500,17.110000610351562,0
2011-04-08,31.093341827392578,23808000,10.328140258789062,87592400,33.331947326660156,39526630,20.745849609375,25826800,121.133544921875,3280800,19.135997772216797,8474400,101.28793334960938,147945400,17.8700008392334,0
2011-04-11,31.10661506652832,25641600,10.33580493927002,63348300,33.11265182495117,23444240,20.60150718688965,27145200,121.51734924316406,3126900,18.897249221801758,9806700,100.98298645019531,121385400,16.59000015258789,0
2011-04-12,30.96059226989746,27231300,10.320480346679688,100372600,33.25883483886719,45351280,20.60150718688965,22836800,120.72718048095703,3328100,18.827016830444336,13994500,100.22821044921875,161187400,17.09000015258789,0
2011-04-13,30.701692581176758,55383900,10.167242050170898,124630800,32.89335632324219,41002970,20.129112243652344,38994300,120.53907775878906,5145000,18.812976837158203,12426900,100.22062683105469,162059000,16.920000076293945,0
2011-04-14,29.851993560791016,45214600,10.059977531433105,115624900,32.381683349609375,40517360,19.781381607055664,39664600,117.24276733398438,7982300,18.812976837158203,10711400,100.29682922363281,161220400,16.270000457763672,0
2011-04-15,29.79889678955078,32475000,9.822460174560547,266336200,32.30859375,40547880,19.610801696777344,78436200,116.7460708618164,5608300,18.94640350341797,13492900,100.66278076171875,170006700,15.319999694824219,0
2011-04-18,29.181541442871094,50958800,9.51598834991455,262012500,32.30859375,79085390,19.368045806884766,44730100,115.73014831542969,5992900,18.644437789916992,12056000,99.53449249267578,210759300,16.959999084472656,0
2011-04-19,29.63957977294922,26705000,9.454692840576172,182612900,33.11265182495117,54278930,19.728897094726562,40190900,114.2852554321289,13463800,18.328432083129883,12442500,100.10626983642578,124258800,15.829999923706055,0
2011-04-20,29.579833984375,35542800,9.401060104370117,179989100,33.40503692626953,31615610,18.915328979492188,143256200,114.91735076904297,7181300,18.286296844482422,22876400,101.47089385986328,156133800,15.069999694824219,0
2011-04-21,29.659488677978516,24368100,9.431711196899414,100820900,33.25883483886719,31274740,18.725067138671875,67291500,115.52693939208984,3977500,18.59528160095215,18267800,101.98931121826172,135935400,14.6899995803833,0
2011-04-25,29.6130313873291,17358900,9.53131103515625,112414300,33.039546966552734,24048020,18.738183975219727,32213300,114.53356170654297,3711600,18.103710174560547,13031500,101.88256072998047,65757100,15.770000457763672,0
2011-04-26,29.951580047607422,25900000,9.370413780212402,146800000,32.966461181640625,37260000,18.941579818725586,34600000,115.34634399414062,4400000,18.15287208557129,10703500,102.75928497314453,146600000,15.619999885559082,0
2011-04-27,30.20383071899414,20857200,9.447029113769531,118705100,32.966461181640625,28289910,19.20401382446289,31409900,115.03775787353516,4207000,17.9417781829834,15269500,103.43018341064453,143031000,15.350000381469727,0
2011-04-28,30.436145782470703,19859000,9.51598834991455,92414200,33.551212310791016,43925890,19.20401382446289,37234200,113.33698272705078,5906700,18.16694450378418,16088100,103.765625,124791100,14.619999885559082,0
2011-04-29,30.290136337280273,23363000,9.408722877502441,87169300,33.551212310791016,26901780,19.09903907775879,27800000,113.64553833007812,6075500,18.399127960205078,11049300,104.00956726074219,115094100,14.75,0
2011-05-02,29.99140167236328,25904000,9.454692840576172,89940100,32.82026290893555,28862010,19.112165451049805,30771000,113.86372375488281,4362700,18.31468963623047,9108300,103.84947967529297,126278700,15.989999771118164,0
2011-05-03,30.482637405395508,30025500,9.653903007507324,145530300,33.039546966552734,43508120,19.36148452758789,31819500,114.2927017211914,3557400,18.09657859802246,13251900,103.47590637207031,138375000,16.700000762939453,0
2011-05-04,30.20383071899414,22727400,9.569621086120605,99234300,33.039546966552734,27559410,18.959623336791992,40496200,114.02932739257812,3768000,17.871431350708008,10795400,102.78978729248047,182678500,17.079999923706055,0
2011-05-05,29.984760284423828,26154500,9.42404556274414,130921200,32.747161865234375,27189990,18.53141212463379,53431000,113.1939697265625,4100200,17.688491821289062,11669400,101.85968017578125,226900000,18.200000762939453,0
2011-05-06,29.898469924926758,26332300,9.431711196899414,111324100,33.039546966552734,5131670,18.6104736328125,35833900,112.96068572998047,5429300,17.758853912353516,15247900,102.30947875976562,222787200,18.399999618530273,0
2011-05-09,29.845359802246094,22469500,9.332104682922363,110668200,32.27934265136719,49168100,18.584115982055664,21580100,112.22318267822266,3152400,17.646276473999023,7061700,102.70594787597656,114104500,17.15999984741211,0
2011-05-10,29.978124618530273,20534200,9.408722877502441,91577700,32.30859375,42299000,18.794931411743164,25331200,113.18641662597656,4033800,17.913646697998047,13878700,103.58263397216797,114806900,15.90999984741211,0
2011-05-11,29.360754013061523,31519600,9.385734558105469,150517800,31.372966766357422,54014800,18.551185607910156,28456300,111.28998565673828,5310500,17.315587997436523,16484700,102.49248504638672,193564200,16.950000762939453,0
2011-05-12,29.267837524414062,29567900,9.347429275512695,111941900,31.00746726989746,60720600,18.597305297851562,27282700,107.42928314208984,20659200,17.245229721069336,22261600,102.98039245605469,171550700,16.030000686645508,0
2011-05-13,28.64385986328125,32872500,9.140558242797852,159056700,30.356910705566406,43395000,18.399669647216797,32371800,106.45850372314453,14256700,16.977853775024414,11340700,102.18751525878906,157444900,17.06999969482422,0
2011-05-16,28.46462631225586,34951100,9.086926460266113,123646400,30.108394622802734,42979300,18.35354995727539,32320800,105.81124114990234,6458800,16.80195426940918,10277500,101.53952026367188,141675400,18.239999771118164,0
2011-05-17,29.08197021484375,36277100,9.117574691772461,145394700,30.364227294921875,36727300,18.939857482910156,40162800,105.96927642822266,7071400,17.027109146118164,15138600,101.52425384521484,192686200,17.549999237060547,0
2011-05-18,29.261192321777344,24372100,9.033293724060059,152963400,30.144948959350586,33051500,19.051855087280273,23852500,105.99188232421875,4768900,17.146728515625,10897900,102.43145751953125,135217900,16.229999542236328,0
2011-05-19,29.208093643188477,19518000,8.956674575805664,121082700,30.247282028198242,30115400,18.847633361816406,25207600,104.86302185058594,7331500,17.09747314453125,7977000,102.67542266845703,119489500,15.520000457763672,0
2011-05-20,28.63057518005371,29946700,8.872395515441895,115821500,29.984130859375,31538600,18.445775985717773,29293400,101.58936309814453,11284500,16.76678466796875,12566000,101.85968017578125,182594900,17.43000030517578,0
2011-05-23,28.24555206298828,32299500,8.749802589416504,122134100,29.355497360229492,34722800,18.136154174804688,28094700,102.22901916503906,8406500,16.668277740478516,10709200,100.67803192138672,168700000,18.270000457763672,0
2011-05-24,28.106157302856445,39341400,8.780452728271484,129513400,29.611330032348633,61023600,18.2020320892334,21103400,102.60528564453125,6605300,16.555700302124023,10429200,100.59414672851562,147199600,17.81999969482422,0
2011-05-25,28.05967903137207,26505300,8.719156265258789,103583400,29.48703956604004,40313600,18.155912399291992,20648700,102.530029296875,6528800,16.576812744140625,10188000,100.92959594726562,151050100,17.06999969482422,0
2011-05-26,28.179180145263672,21648100,8.780452728271484,124072200,29.406627655029297,32041000,18.248149871826172,18407800,102.54508972167969,5332300,16.56977081298828,9428700,101.3946762084961,164850000,16.09000015258789,0
2011-05-27,28.404882431030273,24747300,8.956674575805664,107370400,29.9549560546875,27696700,18.538007736206055,24528200,104.6200180053711,5275700,16.935638427734375,8655600,101.78346252441406,120921900,15.979999542236328,0
2011-05-31,28.703590393066406,28746300,9.002646446228027,106228200,30.086576461791992,34705800,18.689525604248047,27428500,106.18182373046875,7023200,16.998964309692383,11243200,102.8431396484375,164731200,15.449999809265137,0
2011-06-01,27.72113800048828,38628700,8.61922836303711,176331800,28.989870071411133,41994500,17.747474670410156,46071600,102.74124908447266,6768100,16.274255752563477,15076000,100.53317260742188,233094300,18.299999237060547,0
2011-06-02,27.621562957763672,45964000,8.657570838928223,198074000,29.253089904785156,40828200,17.89240264892578,54133000,101.39068603515625,12423400,16.189828872680664,14299200,100.42643737792969,200466800,18.09000015258789,0
2011-06-03,27.595022201538086,31833100,8.649903297424316,115786700,29.13608169555664,27554900,17.69477081298828,31962700,102.10747528076172,5457600,16.26721954345703,13668300,99.42774200439453,234690200,17.950000762939453,0
2011-06-06,26.904645919799805,40895900,8.304823875427246,213289400,27.83465576171875,69952400,17.299509048461914,43207700,101.02854919433594,5287800,15.84506607055664,17419600,98.37569427490234,179951200,18.489999771118164,0
2011-06-07,27.0307674407959,36312000,8.166790962219238,160224800,27.47639274597168,49736400,16.97670555114746,43318200,100.34194946289062,6191500,15.662129402160645,11712500,98.31468200683594,161660500,18.06999969482422,0
2011-06-08,26.811689376831055,38890700,8.082441329956055,159384200,26.913423538208008,64098400,16.70660972595215,56130000,99.28565979003906,6795100,15.429939270019531,13174900,97.90300750732422,198696400,18.790000915527344,0
2011-06-09,27.20336151123047,30082300,8.166790962219238,129533300,27.61530876159668,51092100,17.273157119750977,43128400,100.74937438964844,4498100,15.83802604675293,14004600,98.6501235961914,160964400,17.770000457763672,0
2011-06-10,27.24982452392578,48545700,8.28182315826416,210796300,27.724979400634766,57048500,17.31267738342285,46257400,102.55266571044922,7556800,15.964680671691895,20402200,97.27787017822266,238629400,18.860000610351562,0
2011-06-13,27.661399841308594,31767100,8.412181854248047,186095900,28.638912200927734,51683900,17.721120834350586,41440900,103.76741027832031,5272900,16.436084747314453,17245100,97.35411071777344,207599800,19.610000610351562,0
2011-06-14,27.621562957763672,32103500,8.28182315826416,173051000,28.35376739501953,38166800,17.800172805786133,42166500,103.44297790527344,5849900,16.042068481445312,17697500,98.58912658691406,160570400,18.260000228881836,0
2011-06-15,27.004207611083984,37336400,8.051770210266113,213408200,27.78346824645996,49812600,17.490554809570312,43190200,101.7453384399414,5715200,15.53548526763916,21793700,96.83572387695312,300958000,21.31999969482422,0
2011-06-16,26.791790008544922,50316600,8.12845230102539,200127400,27.512950897216797,59369000,17.655248641967773,39935600,102.6808853149414,5230700,15.577703475952148,18839700,97.0491714477539,308032800,22.729999542236328,0
2011-06-17,27.0838680267334,31999600,8.189799308776855,116367000,28.002817153930664,38591200,18.004398345947266,46513800,103.54105377197266,6758300,16.063180923461914,22212500,97.33876037597656,233284900,21.850000381469727,0
2011-06-20,26.87145233154297,21565400,8.12845230102539,88402500,27.900453567504883,30249100,17.754064559936523,31769100,101.96412658691406,4019900,15.75360107421875,12537200,97.83674621582031,159479000,19.989999771118164,0
2011-06-21,27.156888961791992,34241100,8.304823875427246,109392600,28.74127197265625,44132600,18.090038299560547,29746600,102.58283996582031,4213300,16.013927459716797,13693000,99.17755126953125,193157300,18.860000610351562,0
2011-06-22,27.010848999023438,27306300,8.274153709411621,102448600,28.887496948242188,40189000,18.030746459960938,31172600,101.49635314941406,4224400,15.901355743408203,12713700,98.57991790771484,176703000,18.520000457763672,0
2011-06-23,26.599275588989258,48307500,8.212803840637207,180604400,28.814376831054688,38344100,17.813350677490234,46395300,99.86658477783203,6706600,15.725452423095703,19490000,98.29644012451172,334286500,19.290000915527344,0
2011-06-24,26.21426010131836,36136800,8.067108154296875,122210200,28.945985794067383,63661100,17.958284378051758,44103400,98.77256774902344,5774800,15.626951217651367,23203000,97.15487670898438,226129300,21.100000381469727,0
2011-06-27,26.473140716552734,30632700,8.320162773132324,202814500,29.238462448120117,29365900,18.083450317382812,30881900,98.62167358398438,5831800,15.859139442443848,16736800,98.02064514160156,168904700,20.559999465942383,0
2011-06-28,26.247455596923828,41558700,8.297155380249023,113027000,29.35543441772461,22526900,18.109800338745117,35223100,97.52762603759766,8056000,15.711376190185547,13488100,99.30007934570312,165556300,19.170000076293945,0
2011-06-29,26.851526260375977,44775900,8.542546272277832,301628700,30.342466354370117,46800700,18.491901397705078,38475600,99.99488067626953,8170800,16.45720100402832,22350100,100.15050506591797,244295500,17.270000457763672,0
2011-06-30,27.176801681518555,28000100,8.40451717376709,255993900,30.444843292236328,32214600,18.485315322875977,29556000,100.4173812866211,4980900,16.189828872680664,22250600,101.10819244384766,223322700,16.520000457763672,0
2011-07-01,27.771230697631836,32136800,8.504201889038086,137487700,31.351455688476562,42780800,18.88715934753418,30309400,103.10345458984375,5103500,16.717529296875,15368500,102.6021957397461,202385700,15.869999885559082,0
2011-07-05,27.40388298034668,23805800,8.435188293457031,110261100,31.12480354309082,34279200,18.722471237182617,31275200,101.48123168945312,4458300,16.288330078125,14713900,102.51791381835938,165936000,16.059999465942383,0
2011-07-06,27.089981079101562,23865700,8.235814094543457,145455700,30.715364456176758,28177800,18.524837493896484,29465000,101.0210189819336,3029100,15.992822647094727,13424200,102.64049530029297,143331600,16.34000015258789,0
2011-07-07,27.597597122192383,28550800,8.373841285705566,113940400,31.168684005737305,22067400,18.880577087402344,28868600,101.86604309082031,3857500,16.18279266357422,15305700,103.70541381835938,170464200,15.949999809265137,0
2011-07-08,27.210206985473633,20680000,8.205135345458984,129514100,30.72998809814453,22229800,18.643409729003906,24149500,101.16435241699219,4141600,15.69027328491211,19202300,102.9699478149414,194100500,15.949999809265137,0
2011-07-11,26.335254669189453,38328000,7.936743259429932,145323900,29.092220306396484,47287600,18.175674438476562,28903200,99.61006164550781,4722900,15.183682441711426,17617800,101.10819244384766,195918600,18.389999389648438,0
2011-07-12,26.308536529541016,33808300,7.829385280609131,145156100,28.565797805786133,43630400,18.043926239013672,25518600,98.31987762451172,4330900,14.93038558959961,23072300,100.6715316772461,214675700,19.8700008392334,0
2011-07-13,26.4621524810791,34020600,7.821720123291016,164765500,28.858264923095703,32756100,18.136154174804688,28163200,98.02560424804688,4410500,14.986671447753906,25317000,101.00860595703125,204062600,19.90999984741211,0
2011-07-14,26.94972038269043,65327400,7.722032070159912,148536100,28.529233932495117,32718400,17.971452713012695,27128100,98.00298309326172,5357200,14.852989196777344,20070900,100.3114242553711,226111800,20.799999237060547,0
2011-07-15,26.702606201171875,46544900,7.668352127075195,183416000,28.06131362915039,69517800,17.90558433532715,34385200,98.20670318603516,5255100,14.838913917541504,20598000,100.89366149902344,220012800,19.530000686645508,0
2011-07-18,26.602405548095703,47603200,7.453638076782227,226934200,27.593366622924805,50137500,17.707948684692383,49007200,97.5804672241211,5836500,14.55747127532959,21011900,100.06623077392578,196872100,20.950000762939453,0
2011-07-19,26.976438522338867,34837400,7.338613033294678,322430300,27.798097610473633,32172000,18.715877532958984,64679100,96.94666290283203,15297700,14.761518478393555,21836700,101.69048309326172,166554900,19.209999084472656,0
2011-07-20,27.35713768005371,31250900,7.5533246994018555,249783800,28.236772537231445,31574600,18.906925201416016,44396200,100.16090393066406,8578300,15.282187461853027,25314400,101.62916564941406,137145400,19.09000015258789,0
2011-07-21,28.245439529418945,45552200,7.844723224639893,238464700,29.479721069335938,53445100,19.354890823364258,46306800,102.29610443115234,7671000,17.027109146118164,65705300,103.0389175415039,245246300,17.559999465942383,0
2011-07-22,28.178646087646484,19986100,7.768040657043457,138441500,29.43585777282715,24164500,19.196794509887695,25926400,102.22820281982422,4925500,16.8160343170166,18845200,103.10782623291016,126019400,17.520000457763672,0
2011-07-25,27.844717025756836,22522300,7.676019191741943,130582700,29.179962158203125,21427400,19.071619033813477,27127500,103.2543716430664,5856700,16.39387321472168,20313100,102.5332260131836,136653800,19.350000381469727,0
2011-07-26,27.677736282348633,24350600,7.668352127075195,121168700,29.041032791137695,21205600,19.084793090820312,22662900,103.82024383544922,5464700,16.54866600036621,17133100,102.15019226074219,131278200,20.229999542236328,0
2011-07-27,27.1634521484375,32361100,7.42296838760376,151491700,27.980873107910156,39694100,18.82786750793457,40987100,101.64723205566406,5250000,15.892925262451172,21904800,100.05860137939453,249020100,22.979999542236328,0
2011-07-28,27.17013168334961,23370200,7.507316589355469,113623300,27.92237663269043,23233800,18.643409729003906,26866800,102.4922866821289,4429700,15.766002655029297,17508500,99.76742553710938,207939900,23.739999771118164,0
2011-07-29,27.016502380371094,37793400,7.445969104766846,187926700,28.039386749267578,27141900,18.40625,38011600,101.83586120605469,5340300,15.688446044921875,20361100,99.08558654785156,307038400,25.25,0
2011-08-01,27.00982666015625,34039300,7.522655010223389,159616700,28.14177703857422,33848100,18.399669647216797,31121600,101.2171630859375,5880700,15.716642379760742,16584200,98.66416931152344,325790900,23.65999984741211,0
2011-08-02,26.609094619750977,42119000,7.277265548706055,173972600,27.088653564453125,41079100,17.90558433532715,35543600,99.01400756835938,7594500,15.025650978088379,25073000,96.1435775756836,346653800,24.790000915527344,0
2011-08-03,26.649160385131836,41110100,7.315607070922852,175691200,27.24955177307129,31623100,18.064388275146484,33577000,99.65534973144531,6499400,14.821175575256348,28502900,96.66456604003906,370830800,23.3799991607666,0
2011-08-04,25.32672691345215,59931100,6.77115535736084,305309300,25.457775115966797,57091700,17.032140731811523,51507800,95.24148559570312,8193300,13.890440940856934,32116000,92.13665771484375,520721800,31.65999984741211,0
2011-08-05,25.11299705505371,85507800,6.265042304992676,546781600,24.45585060119629,103688800,16.681440353393555,58462000,94.44924926757812,11167300,14.116073608398438,41270300,91.99872589111328,655619200,32.0,0
2011-08-08,22.74863052368164,107650300,4.992097854614258,682052900,20.440813064575195,142308300,15.172760963439941,107020900,88.77535247802734,17378000,12.0712890625,47863500,86.00748443603516,702263900,48.0,0
2011-08-09,24.3115177154541,78985700,5.82794713973999,496094500,23.271085739135742,120458000,16.396913528442383,104006100,92.60072326660156,15913400,12.839845657348633,43213400,90.00676727294922,717828700,35.060001373291016,0
2011-08-10,22.95568084716797,83975700,5.1914753913879395,493986500,20.835739135742188,99090000,15.139674186706543,86503900,83.25232696533203,18592000,11.598873138427734,53088300,86.03046417236328,662607400,42.9900016784668,0
2011-08-11,24.505210876464844,69583500,5.559554576873779,344079000,22.152141571044922,63486600,16.072677612304688,73369600,89.1073226928711,11842200,12.839845657348633,44330100,89.89183044433594,487979700,39.0,0
2011-08-12,23.984243392944336,44072800,5.513543605804443,298997800,21.83035659790039,63917600,15.966802597045898,50527400,87.87751770019531,9607900,11.909117698669434,46290400,90.49708557128906,313731600,36.36000061035156,0
2011-08-15,24.632110595703125,34827900,5.9506425857543945,268370400,22.868850708007812,45423900,16.55571937561035,35854000,89.8844985961914,7257200,12.635363578796387,24868100,92.41246032714844,258810600,31.8700008392334,0
2011-08-16,24.06439971923828,42266600,5.67457914352417,275997300,21.896177291870117,50459800,16.244718551635742,37863500,88.17926788330078,7413100,12.036032676696777,26127600,91.62334442138672,294095200,32.849998474121094,0
2011-08-17,24.425064086914062,30131400,5.720589637756348,159346200,21.83035659790039,33900900,16.463071823120117,30987300,88.46598052978516,4828600,11.993727684020996,21215200,91.68463134765625,238201100,31.579999923706055,0
2011-08-18,23.503358840942383,57130300,5.375515460968018,335205500,20.462759017944336,79479300,15.69550609588623,54908900,85.36495208740234,9284600,11.422598838806152,39008800,87.73129272460938,512956300,42.66999816894531,0
2011-08-19,22.942331314086914,52960800,5.344841957092285,289217900,19.577842712402344,56199100,15.457296371459961,56250900,84.32376861572266,6829000,11.281577110290527,36263500,86.29861450195312,428281300,43.04999923706055,0
2011-08-22,22.314504623413086,50971400,4.923081398010254,398777800,19.05859375,61703800,15.146295547485352,51264900,80.36257934570312,11286600,11.048895835876465,22168100,86.3675765991211,275090600,42.439998626708984,0
2011-08-23,23.229522705078125,55807900,4.831063270568848,563788800,19.980073928833008,68228200,15.841083526611328,45910400,80.62665557861328,24482500,11.112353324890137,28129300,89.20995330810547,331136600,36.27000045776367,0
2011-08-24,23.930822372436523,41959800,5.360177040100098,602753000,20.806482315063477,54803500,16.165307998657227,40816200,83.229736328125,10169800,11.514262199401855,26105100,90.46644592285156,246869700,35.900001525878906,0
2011-08-25,23.857341766357422,55387600,5.8662896156311035,859643400,21.81572914123535,93618100,16.3836727142334,57371600,82.87508392333984,11939500,11.824501037597656,33819500,89.08736419677734,312365400,39.7599983215332,0
2011-08-26,24.184614181518555,35114200,5.9506425857543945,424194600,21.823047637939453,52076800,16.27118492126465,40700300,84.31622314453125,7355700,11.711688995361328,20501400,90.38216400146484,314495900,35.59000015258789,0
2011-08-29,25.139719009399414,27943900,6.433747291564941,363420500,22.88347625732422,35270900,16.820396423339844,28990900,87.57566833496094,5177900,12.212306022644043,14894100,92.97937774658203,190977200,32.279998779296875,0
2011-08-30,24.752336502075195,28818700,6.226701259613037,297220400,22.62750816345215,30682600,16.80716323852539,28148200,87.16700744628906,5298800,12.01487922668457,15852800,93.22454071044922,241315700,32.88999938964844,0
2011-08-31,25.086286544799805,30051100,6.272767543792725,282263500,22.70796012878418,34079800,17.270353317260742,40392400,87.95406341552734,6488100,12.33922290802002,19171200,93.63829040527344,301828400,31.6200008392334,0
2011-09-01,24.24473762512207,36862300,6.073144912719727,243549600,21.940052032470703,32273400,16.694669723510742,38742000,84.88150787353516,9855500,11.9373197555542,17439100,92.65762329101562,254585900,31.81999969482422,0
2011-09-02,23.12933921813965,41677300,5.566409111022949,305988600,20.769922256469727,36128000,16.01311683654785,42752900,81.0218734741211,8380900,11.253374099731445,16513300,90.29022979736328,255517200,33.91999816894531,0
2011-09-06,22.33453369140625,57071200,5.366786003112793,283101800,20.25798225402832,44663700,15.827845573425293,44239400,79.12992858886719,7749300,10.809159278869629,21634500,89.6313247680664,285130500,37.0,0
2011-09-07,23.256240844726562,36145900,5.743000030517578,257251800,21.194089889526367,35099200,16.516010284423828,35509900,81.9905776977539,6526400,11.514262199401855,15972200,92.15962219238281,209803200,33.380001068115234,0
2011-09-08,22.381288528442383,44815300,5.528021812438965,204593600,20.462759017944336,38061800,16.145469665527344,30515500,79.30397033691406,6508800,11.168758392333984,19166600,91.20193481445312,250568200,34.31999969482422,0
2011-09-09,21.42620086669922,67187400,5.359109401702881,255828800,19.5559024810791,46652300,15.563162803649902,46465800,77.38172912597656,8613700,10.773910522460938,19772400,88.8115463256836,380195100,38.52000045776367,0
2011-09-12,21.65328025817871,53377600,5.412853717803955,286856000,19.716798782348633,44486300,15.946951866149902,46200700,77.88878631591797,8769600,10.611733436584473,23244800,89.38619995117188,305793500,38.59000015258789,0
2011-09-13,21.70003890991211,50137600,5.3744635581970215,220657500,19.782615661621094,36296700,16.118989944458008,34748500,78.77420043945312,7119200,10.957229614257812,20470200,90.20594024658203,272514700,36.90999984741211,0
2011-09-14,21.907085418701172,44442500,5.412853717803955,212940200,20.031265258789062,32634200,16.33735466003418,34475300,79.11477661132812,6602200,10.914926528930664,20106900,91.45478057861328,319389500,34.599998474121094,0
2011-09-15,22.58165740966797,35847800,5.627833843231201,230299700,20.90887451171875,40745500,16.66820526123047,31740600,81.7105484008789,6354500,11.697586059570312,27515900,93.03302764892578,326777200,31.969999313354492,0
2011-09-16,22.327861785888672,52683800,5.551055908203125,240523700,21.201404571533203,49241900,16.5093936920166,43811100,81.34727478027344,7999300,11.598873138427734,27178100,93.58363342285156,284528300,30.979999542236328,0
2011-09-19,21.70003890991211,33154800,5.366786003112793,199254700,20.26529884338379,37811400,16.099138259887695,34552600,79.31909942626953,5821600,10.682241439819336,26679100,92.65184020996094,241517000,32.72999954223633,0
2011-09-20,21.53974151611328,34085100,5.297687530517578,142828700,19.694856643676758,35419400,16.324121475219727,36200400,77.65419006347656,4978100,10.661087989807129,30159300,92.54402160644531,218932200,32.86000061035156,0
2011-09-21,20.264055252075195,57389200,4.898441314697266,381953600,18.663667678833008,73165300,15.688884735107422,66061000,74.05941772460938,8586100,9.744461059570312,41513500,89.81783294677734,316251300,37.31999969482422,0
2011-09-22,19.54939842224121,86285600,4.6527509689331055,384622500,17.522790908813477,86914400,15.331564903259277,61762900,71.12306213378906,12381300,9.208588600158691,63458900,86.91450500488281,513911300,41.349998474121094,0
2011-09-23,19.763126373291016,51731300,4.844696998596191,503374000,18.268756866455078,56330600,15.675655364990234,46958000,72.03123474121094,17489100,9.673951148986816,37300800,87.43818664550781,307242500,41.25,0
2011-09-26,21.138994216918945,58696100,5.067352771759033,228406400,19.54128074645996,60165600,16.403528213500977,46418300,75.02811431884766,7038600,10.301491737365723,29554000,89.51748657226562,260673700,39.02000045776367,0
2011-09-27,21.0855655670166,58242900,4.975220680236816,231598900,19.73873519897461,61327200,16.516010284423828,50743100,75.33837890625,8583800,10.55532455444336,42455500,90.51863861083984,311753900,37.709999084472656,0
2011-09-28,20.35087776184082,38725900,4.729527950286865,222449300,18.956205368041992,41353400,16.17854881286621,40277800,72.89398193359375,5676800,9.984196662902832,24231400,88.67036437988281,286696800,41.08000183105469,0
2011-09-29,20.965349197387695,51014100,4.875406742095947,224013100,19.672910690307617,44445900,16.535863876342773,42439200,75.58058166503906,5949200,10.639939308166504,44847100,89.37115478515625,298108900,38.84000015258789,0
2011-09-30,20.117111206054688,42420600,4.698818206787109,175213100,18.736801147460938,41243300,15.960187911987305,40205200,71.55448913574219,5780200,9.525882720947266,51532900,87.13784790039062,288392300,42.959999084472656,0
2011-10-03,19.135299682617188,51002700,4.2458271980285645,369335100,16.901159286499023,69568400,15.338189125061035,44760600,68.17157745361328,7745200,8.792580604553223,53873700,84.6581039428711,365136800,45.45000076293945,0
2011-10-04,20.388526916503906,69800000,4.422416687011719,448300000,17.83726692199707,84504100,16.019744873046875,61000000,71.5771255493164,12000000,9.878430366516113,76594400,86.51405334472656,459177500,40.81999969482422,0
2011-10-05,20.779321670532227,51117200,4.430095672607422,291785700,18.071290969848633,54164000,16.211631774902344,41426500,71.3576889038086,8455400,10.209826469421387,67720700,88.11590576171875,284108000,37.810001373291016,0
2011-10-06,21.81694221496582,53214000,4.821663856506348,336087400,19.02934455871582,69855700,16.787311553955078,41514800,74.11238861083984,7604000,10.703393936157227,49437800,89.71000671386719,257800800,36.27000045776367,0
2011-10-07,20.68498992919922,49320600,4.529906272888184,285598300,18.012781143188477,64586100,16.23810386657715,42315700,70.14681243896484,7636900,10.040602684020996,47983700,89.10932159423828,312657900,36.20000076293945,0
2011-10-10,21.763036727905273,37324800,4.821663856506348,225326600,19.373065948486328,46194400,17.29020118713379,38967600,72.75772094726562,6123500,10.78095531463623,36348200,92.08964538574219,230666300,33.02000045776367,0
2011-10-11,21.763036727905273,38161700,4.890760898590088,204431100,20.360368728637695,80653500,17.237262725830078,33668700,73.18153381347656,7065300,10.851468086242676,35000400,92.1820297241211,209088000,32.86000061035156,0
2011-10-12,22.369447708129883,55462500,5.051997184753418,284617700,21.354984283447266,89031000,17.832799911499023,54694200,75.00542449951172,8237900,11.168758392333984,36426800,92.99069213867188,281544900,31.260000228881836,0
2011-10-13,21.291397094726562,78830000,4.7755961418151855,230115400,20.214099884033203,63361700,17.283588409423828,41606200,72.76531982421875,6571500,10.675195693969727,30447600,92.80587005615234,212538800,30.700000762939453,0
2011-10-14,21.486785888671875,51899600,4.752562046051025,203564500,20.769922256469727,48555700,17.64751625061035,39545600,73.20427703857422,5557400,10.731600761413574,30698400,94.3922348022461,211397600,28.239999771118164,0
2011-10-17,20.91407585144043,40865400,4.629718780517578,175512200,20.42618751525879,82340000,16.1586971282959,77765400,73.3328857421875,7227800,10.752756118774414,29580900,92.59020233154297,202311600,33.38999938964844,0
2011-10-18,22.147092819213867,64392400,5.098065376281738,496883800,21.852294921875,78304400,17.111539840698242,69467900,77.38172912597656,16777200,11.725790977478027,51760300,94.39998626708984,318857900,31.559999465942383,0
2011-10-19,21.729351043701172,50119300,4.913796901702881,318554300,21.493938446044922,75783900,16.661592483520508,42878200,76.27680206298828,9959400,11.732837677001953,66831000,93.28330993652344,226601300,34.439998626708984,0
2011-10-20,22.32227897644043,41657100,4.967541694641113,254971700,21.99856185913086,52466000,17.045373916625977,35366200,76.32978820800781,7351200,11.711688995361328,35380300,93.69148254394531,262075600,34.779998779296875,0
2011-10-21,22.51766586303711,48445300,4.959863185882568,252586400,22.159452438354492,68536100,17.409305572509766,49625100,77.2606201171875,5854800,12.000776290893555,33004700,95.4704360961914,278999400,31.31999969482422,0
2011-10-24,23.292509078979492,45697200,5.159485340118408,217032400,23.11019515991211,58945800,17.54826545715332,37427600,78.69095611572266,5616600,12.092445373535156,26051800,96.64100646972656,203215600,29.260000228881836,0
2011-10-25,22.564836502075195,38679100,4.959863185882568,200837500,22.598249435424805,65217200,16.90641975402832,39377100,76.01193237304688,5150100,11.64822769165039,23647600,94.7619400024414,268596800,32.220001220703125,0
2011-10-26,23.029754638671875,36350900,5.059675693511963,208197400,22.78108787536621,68002100,17.045373916625977,53053100,80.46941375732422,11751700,11.732837677001953,30490700,95.72457885742188,289053800,29.860000610351562,0
2011-10-27,24.94327735900879,76438300,5.543376922607422,408959900,24.98971939086914,104602100,17.91219711303711,66818300,88.09027862548828,16477900,13.727210998535156,64100300,99.05912780761719,393220200,25.459999084472656,0
2011-10-28,24.720924377441406,39891200,5.6431884765625,273167300,24.982398986816406,51423800,17.9188175201416,36000200,87.68165588378906,8249500,13.656486511230469,32877200,99.03602600097656,225906500,24.530000686645508,0
2011-10-31,23.420536041259766,46429800,5.24394416809082,252026900,23.102872848510742,65573000,17.14463233947754,41518700,82.90631866455078,8071700,12.475424766540527,32488300,96.64869689941406,228146700,29.959999084472656,0
2011-11-01,22.039295196533203,74052400,4.913796901702881,371823200,21.33304214477539,90369200,16.390289306640625,52809300,78.35797882080078,10225400,11.478236198425293,48498000,93.95333099365234,416565800,34.77000045776367,0
2011-11-02,22.6658992767334,34325900,5.159485340118408,216830700,21.81572914123535,49419600,16.842432022094727,39223800,80.31807708740234,5602800,11.853069305419922,23876900,95.48580169677734,244717600,32.7400016784668,0
2011-11-03,23.16449737548828,40084700,5.305365562438965,244340400,22.518049240112305,63378600,17.16160011291504,30803800,81.49109649658203,8295100,11.98743724822998,50797200,97.22624969482422,291174800,30.5,0
2011-11-04,22.888254165649414,30858700,4.98289680480957,266446300,22.196149826049805,39917200,16.888978958129883,27170400,79.49317169189453,6074600,11.824777603149414,29340100,96.63330078125,249401600,30.15999984741211,0
2011-11-07,23.070167541503906,25925900,4.952186584472656,192433500,22.34977912902832,34837700,16.902278900146484,24587900,79.89427185058594,4696900,11.966229438781738,26971200,97.2339859008789,196617200,29.850000381469727,0
2011-11-08,23.595722198486328,30193100,5.013608932495117,219000600,22.986249923706055,44373800,17.640342712402344,42714300,82.17219543457031,6138600,12.24911117553711,26418800,98.48155212402344,224426300,27.479999542236328,0
2011-11-09,21.924739837646484,52990400,4.729527950286865,265539000,21.10609245300293,62394700,16.616361618041992,46938400,75.42915344238281,10596500,11.145845413208008,33822500,94.84663391113281,337982000,36.15999984741211,0
2011-11-10,22.059497833251953,30427400,4.629718780517578,324988000,20.945152282714844,54183800,16.676206588745117,30472200,75.30055236816406,8536500,11.216565132141113,35148400,95.73997497558594,231866500,32.810001373291016,0
2011-11-11,22.423337936401367,29983400,4.767918586730957,210025900,21.45725440979004,40412100,17.055208206176758,25833300,76.93521881103516,4770400,11.57017993927002,19969700,97.54203796386719,189924400,30.040000915527344,0
2011-11-14,21.931486129760742,27596300,4.645074367523193,225481700,20.762258529663086,41679600,16.68950843811035,29278000,75.14164733886719,4826400,11.259003639221191,31961700,96.6178970336914,159258300,31.1299991607666,0
2011-11-15,22.032546997070312,31260500,4.706498146057129,268228500,20.498878479003906,62607800,16.815834045410156,28387500,75.48974609375,5664100,11.266074180603027,21580100,97.09534454345703,184709400,31.219999313354492,0
2011-11-16,21.20380210876465,40761800,4.529906272888184,292502400,19.65024757385254,52980400,16.58311653137207,36164200,72.34907531738281,8889900,10.367897033691406,48861600,95.55516815185547,235782500,33.5099983215332,0
2011-11-17,20.54350471496582,55130100,4.453126907348633,285881900,19.021089553833008,60160600,16.403589248657227,39889500,69.88948059082031,8994900,9.993070602416992,45254300,94.03800964355469,331219600,34.5099983215332,0
2011-11-18,20.63109016418457,39029900,4.437772750854492,227038600,19.225933074951172,47280700,16.416889190673828,31119100,69.5565185546875,6228700,10.049646377563477,28193500,93.93789672851562,215580400,32.0,0
2011-11-21,20.152706146240234,39658100,4.215115547180176,269658300,18.289512634277344,62290100,16.077777862548828,32214100,69.09485626220703,7802900,9.618244171142578,43250000,92.15126037597656,229611600,32.90999984741211,0
2011-11-22,19.815814971923828,36466200,4.122984886169434,270959000,17.894454956054688,44985900,15.911545753479004,37236500,67.65699005126953,7087400,9.561664581298828,28507500,91.78931427001953,216494900,31.969999313354492,0
2011-11-23,19.121824264526367,44468500,3.946392774581909,264978500,17.19945526123047,60513700,15.432802200317383,35928800,66.51423645019531,6608600,9.215124130249023,31756400,89.763916015625,224329100,33.97999954223633,0
2011-11-25,19.189205169677734,21423200,3.969428777694702,138425100,17.287246704101562,28169200,15.632279396057129,14601000,67.16508483886719,3675000,9.377787590026855,13540100,89.59446716308594,99557000,34.470001220703125,0
2011-11-28,19.647371292114258,45280100,4.030848979949951,345537900,18.326087951660156,63928900,16.057828903198242,32648300,68.70133209228516,8730600,9.759688377380371,37036100,92.18978118896484,210686000,32.130001068115234,0
2011-11-29,19.24310302734375,45104700,3.900324821472168,333749700,18.465084075927734,58172500,16.011280059814453,27692400,67.47059631347656,5877300,9.413147926330566,35547100,92.45162200927734,199241500,30.639999389648438,0
2011-11-30,20.86690902709961,61412600,4.184966087341309,436268200,20.10382843017578,74290000,17.194839477539062,51597900,72.82660675048828,10871200,10.459837913513184,48837100,96.25592041015625,324439500,27.799999237060547,0
2011-12-01,20.52328872680664,33189700,4.254201889038086,315495500,19.745349884033203,41866700,17.048566818237305,25810900,71.7402114868164,6036600,10.26181697845459,25387900,96.24054718017578,176954800,27.40999984741211,0
2011-12-02,21.78325843811035,90515100,4.338824272155762,283132900,20.608613967895508,62471900,17.33448028564453,36436400,73.88264465332031,15122900,10.97611141204834,52525100,96.15581512451172,221109700,27.520000457763672,0
2011-12-05,22.578311920166016,52207600,4.454218864440918,293977700,21.823047637939453,80804300,17.77997589111328,34440500,75.83509063720703,8527400,11.718695640563965,67235400,97.20316314697266,225263900,27.84000015258789,0
2011-12-06,22.389650344848633,38782900,4.4465250968933105,254787200,21.76451873779297,42795300,17.720136642456055,22431700,76.85314178466797,6401800,11.725769996643066,33481600,97.2339859008789,178842100,28.1299991607666,0
2011-12-07,22.908458709716797,44722800,4.531149387359619,244700100,21.823047637939453,53277800,17.986099243164062,28082500,79.86920166015625,10620400,12.263259887695312,41598400,97.59593963623047,237802500,28.670000076293945,0
2011-12-08,21.70913314819336,47788900,4.30035924911499,286031100,20.30135726928711,80314500,17.414268493652344,29405800,75.91106414794922,9218200,11.230710983276367,44160000,95.45501708984375,240862800,30.59000015258789,0
2011-12-09,22.355960845947266,39104600,4.400367736816406,293654100,21.04757308959961,59372400,17.893016815185547,28607100,77.07344055175781,7014600,11.584322929382324,34670000,97.07225799560547,209111400,26.3799991607666,0
2011-12-12,21.587852478027344,35977900,4.192659378051758,191824000,19.91361427307129,49251600,17.480756759643555,24916000,74.47522735595703,6133300,10.87709903717041,28770500,95.65528106689453,215826100,25.670000076293945,0
2011-12-13,21.08251953125,49475100,4.092649459838867,227194200,19.67951011657715,56573800,17.148298263549805,31517500,72.20365142822266,10105700,10.728583335876465,40873800,94.7619400024414,245159800,25.40999984741211,0
2011-12-14,21.23075294494629,41291500,4.023412704467773,226723100,19.057674407958984,68337300,17.194839477539062,33698900,70.84375,8376300,10.650788307189941,30075500,93.75308990478516,238618800,26.040000915527344,0
2011-12-15,21.399192810058594,33457300,4.0464935302734375,196092100,18.962566375732422,44899200,17.028614044189453,32596500,69.81814575195312,8163200,10.615427017211914,28218400,94.09193420410156,199109200,25.110000610351562,0
2011-12-16,21.486785888671875,52596800,4.000335216522217,227111300,19.04303550720215,49643500,17.274633407592773,43828300,68.4506607055664,10053500,10.594210624694824,31307900,94.23141479492188,220481400,24.290000915527344,0
2011-12-19,20.68498992919922,47388000,3.8387815952301025,344317700,18.15782356262207,72789000,16.829137802124023,28759600,66.62730407714844,9545300,10.014287948608398,31225900,93.22393798828125,183903000,24.920000076293945,0
2011-12-20,21.70240020751953,49091600,3.9772562980651855,239246100,18.984508514404297,67653700,17.620397567749023,37826000,69.1191635131836,8610800,10.46690845489502,31173200,96.04491424560547,225418100,23.219999313354492,0
2011-12-21,21.776514053344727,30893000,4.023412704467773,203711800,19.0942440032959,44246000,17.879714965820312,28577200,69.89408874511719,6422500,10.544706344604492,20955300,96.2309341430664,194230900,21.43000030517578,0
2011-12-22,22.53788185119629,35543200,4.208043098449707,303085900,20.228199005126953,64529700,18.119081497192383,38975400,71.73260498046875,8280500,11.230710983276367,30203000,97.08338928222656,119465400,21.15999984741211,0
2011-12-23,22.618732452392578,21958800,4.308053970336914,190712000,20.089208602905273,35958100,18.47814178466797,27457800,71.2540283203125,3919500,11.145845413208008,14677300,97.95140838623047,92187200,20.729999542236328,0
2011-12-27,22.254899978637695,16891600,4.215738773345947,158575400,19.67951011657715,23916700,18.35845184326172,14090300,69.81814575195312,3672000,10.81344985961914,13135100,98.02889251708984,86075700,21.90999984741211,0
2011-12-28,21.998857498168945,19242700,4.069571018218994,146104500,19.116193771362305,30292700,18.02599334716797,18306800,68.4658203125,3917400,10.537630081176758,17015400,96.7424087524414,119107100,23.520000457763672,0
2011-12-29,22.51766586303711,19792000,4.200352191925049,168098500,19.57709312438965,28016100,18.458189010620117,20122000,69.14198303222656,4290500,10.778088569641113,14000600,97.74215698242188,123507200,22.649999618530273,0
2011-12-30,22.40312385559082,18196900,4.277281284332275,176441000,19.24788475036621,26210200,18.325204849243164,15071100,68.70132446289062,4182800,10.70029354095459,16065400,97.26167297363281,95599000,23.399999618530273,0
2012-01-03,23.568761825561523,44102800,4.461910724639893,246293200,20.725669860839844,58169500,18.90369415283203,40071200,72.4467544555664,8645200,11.37215518951416,25777400,98.81165313720703,193697900,22.969999313354492,0
2012-01-04,23.718061447143555,36571200,4.4696044921875,243711200,20.608613967895508,41455000,18.99013328552246,27519200,71.9757080078125,7406200,11.273144721984863,20699600,98.96663665771484,127186500,22.219999313354492,0
2012-01-05,24.21346092224121,38381400,4.854251384735107,547780000,20.857357025146484,66793300,19.29599952697754,48435100,71.85415649414062,8131300,11.513602256774902,30615100,99.23011779785156,173895000,21.479999542236328,0
2012-01-06,23.996307373046875,33160600,4.754244804382324,299630600,20.886619567871094,48226900,19.242795944213867,32303500,70.97290802001953,5940900,11.244856834411621,21677700,98.97437286376953,148050000,20.6299991607666,0
2012-01-09,23.955581665039062,23001800,4.823478698730469,240614400,21.274356842041016,35017900,19.482166290283203,25720100,71.93777465820312,5018200,11.457026481628418,19102900,99.21466064453125,99530200,21.06999969482422,0
2012-01-10,24.46455955505371,35972800,5.10042667388916,354292100,21.947410583496094,47710900,19.555313110351562,29860100,74.7031021118164,7682700,11.945009231567383,25241000,100.07488250732422,115282000,20.690000534057617,0
2012-01-11,24.878522872924805,29852900,5.28505802154541,354039600,22.87651824951172,72656000,19.694948196411133,30908700,75.78949737548828,7223000,12.093526840209961,21695000,100.12913513183594,111540700,21.049999237060547,0
2012-01-12,25.00745391845703,39420700,5.223514080047607,362099600,23.117942810058594,58233900,19.688291549682617,29175900,76.89112854003906,6858700,12.143031120300293,22256700,100.36935424804688,118983700,20.469999313354492,0
2012-01-13,24.376331329345703,61571500,5.085041046142578,337048400,22.4887752532959,65632100,19.688291549682617,43051100,75.18172454833984,7615800,11.761128425598145,22020700,99.85015106201172,179836200,20.90999984741211,0
2012-01-17,23.690921783447266,55115100,4.985033988952637,294196500,20.64519500732422,116154600,19.834571838378906,50040400,74.20930480957031,8041500,11.492383003234863,24135700,100.23763275146484,132209200,22.200000762939453,0
2012-01-18,24.797082901000977,55502100,5.231207370758057,302497700,21.237773895263672,77552100,20.107192993164062,42454000,79.24622344970703,17960300,12.270331382751465,37202500,101.34587860107422,163395200,20.889999389648438,0
2012-01-19,25.06174659729004,37000400,5.35429573059082,491008100,21.45725440979004,63977200,20.047351837158203,33156700,81.80647277832031,11480900,12.928051948547363,46368600,101.88060760498047,126328900,19.8700008392334,0
2012-01-20,25.353557586669922,34716500,5.438917636871338,236630700,21.684038162231445,55968600,20.30667495727539,37193700,82.61180114746094,8439700,13.005841255187988,27909000,102.2603530883789,138230200,18.280000686645508,0
2012-01-23,25.557144165039062,27499200,5.577389717102051,339942200,21.837677001953125,39474700,20.55933952331543,35272800,82.1939468383789,7091800,12.878540992736816,24346300,101.99687194824219,129295800,18.670000076293945,0
2012-01-24,25.557144165039062,25403800,5.608160495758057,228810300,21.874258041381836,37257100,20.30667495727539,28199400,82.71052551269531,4543900,12.8290376663208,19028800,101.88060760498047,103083300,18.90999984741211,0
2012-01-25,25.51643180847168,29860700,5.654318809509277,249340100,21.91814613342285,39067000,20.080598831176758,34173600,82.25469970703125,7927600,12.821967124938965,22144000,102.7331314086914,198613200,18.309999465942383,0
2012-01-26,25.441781997680664,33284600,5.615854263305664,265938800,22.225414276123047,50455500,19.315935134887695,54668100,82.47508239746094,6909600,12.871475219726562,22780400,102.20612335205078,184880500,18.56999969482422,0
2012-01-27,25.251760482788086,27674600,5.608160495758057,230914000,22.583879470825195,37713400,19.6816463470459,31196200,84.91374206542969,8403600,13.16222858428955,26265600,102.15961456298828,135259100,18.530000686645508,0
2012-01-30,25.11604118347168,24423600,5.438917636871338,231240100,22.115676879882812,34772400,19.448923110961914,22814800,83.36389923095703,6356900,12.906929969787598,31773300,101.81085968017578,147311800,19.399999618530273,0
2012-01-31,25.312850952148438,29649500,5.485074520111084,212736300,22.474153518676758,40151200,19.422327041625977,31203600,84.68582916259766,8028400,13.226055145263672,27734600,101.7721176147461,157212000,19.440000534057617,0
2012-02-01,25.51643180847168,41957800,5.662013053894043,318811000,23.117942810058594,64155000,19.956464767456055,34825000,86.1900405883789,11333000,13.75084114074707,51396600,102.66336822509766,166234500,18.549999237060547,0
2012-02-02,25.482492446899414,26784200,5.73124885559082,232425400,23.410663604736328,41331200,19.963132858276367,24624600,86.1445083618164,6624200,13.843036651611328,21612100,102.82609558105469,113090400,17.979999542236328,0
2012-02-03,25.977893829345703,41074400,6.0312724113464355,364195700,24.544971466064453,56356700,20.450532913208008,46264900,89.28971862792969,7454500,14.403284072875977,32521300,104.26757049560547,160598500,17.100000381469727,0
2012-02-06,25.882892608642578,23106200,6.131282329559326,236316000,24.36933708190918,32026000,20.163436889648438,23337800,89.18334197998047,3421900,14.545120239257812,22866600,104.19789123535156,107694500,17.760000228881836,0
2012-02-07,25.69965362548828,21091900,6.038966178894043,253694200,24.201017379760742,32391800,20.203495025634766,25436800,88.11214447021484,5727300,14.36782169342041,21276100,104.46131896972656,135528100,17.649999618530273,0
2012-02-08,25.991472244262695,23258700,6.254369258880615,436439700,25.04991912841797,49495300,20.450532913208008,31639700,88.24131774902344,4958200,14.49547290802002,25262600,104.77134704589844,139361400,18.15999984741211,0
2012-02-09,25.692869186401367,28608400,6.292834281921387,480206700,24.63279151916504,54651400,20.417150497436523,29693200,88.03617858886719,4769800,14.424554824829102,21028000,104.90308380126953,148602900,18.6299991607666,0
2012-02-10,25.523210525512695,22618800,6.20820951461792,254420800,24.09856414794922,40688300,20.203495025634766,20049600,86.69908905029297,5849400,13.94232177734375,21980700,104.12808990478516,167907500,20.790000915527344,0
2012-02-13,25.991472244262695,24828000,6.346685409545898,308490200,24.061973571777344,54999100,20.44386100769043,21961600,87.01055908203125,3990000,13.857221603393555,21993300,104.90308380126953,115841900,19.040000915527344,0
2012-02-14,25.733591079711914,27031900,6.13897705078125,384682800,23.47652816772461,54665300,20.310317993164062,23510000,85.7494125366211,4870300,13.509723663330078,31791900,104.77134704589844,165329500,19.540000915527344,0
2012-02-15,25.38071060180664,26534900,5.985117435455322,372981400,23.21307373046875,49170100,20.143402099609375,27140300,85.97734069824219,6111800,13.445900917053223,23800300,104.28306579589844,195195100,21.139999389648438,0
2012-02-16,25.787879943847656,22139600,6.223596572875977,337131800,23.937562942504883,51924500,20.276933670043945,26470800,87.17010498046875,6372400,13.609010696411133,33070100,105.43783569335938,186567800,19.219999313354492,0
2012-02-17,26.106836318969727,28009300,6.169745922088623,355445600,24.09125328063965,30968200,20.757652282714844,35720000,88.05899047851562,5182300,13.587738037109375,16745200,105.71685028076172,129869400,17.780000686645508,0
2012-02-21,26.10004997253418,22804200,6.238983631134033,333407700,24.413251876831055,45487500,20.670862197875977,29334500,88.60595703125,5320400,13.658655166625977,16347600,105.7633056640625,134042300,18.190000534057617,0
2012-02-22,25.835376739501953,23416900,6.115896701812744,228867800,23.681428909301758,38321200,20.423826217651367,29074600,86.88142395019531,4508500,13.282793998718262,15979100,105.42232513427734,124455300,18.190000534057617,0
2012-02-23,26.120405197143555,31361400,6.169745922088623,144231800,23.937562942504883,34682100,20.463876724243164,23327000,87.97540283203125,5609600,13.452990531921387,17149900,105.8873062133789,137704300,16.799999237060547,0
2012-02-24,25.977893829345703,17586400,6.062045097351074,163128200,23.67411231994629,26596200,20.150083541870117,21604000,88.02857971191406,4877500,13.112590789794922,19403600,106.11982727050781,105539100,17.309999465942383,0
2012-02-27,26.50722885131836,34030400,6.185132026672363,298930800,24.09856414794922,36057200,20.717601776123047,36242500,88.30209350585938,4370200,13.296971321105957,16093100,106.29805755615234,145728900,18.190000534057617,0
2012-02-28,26.609024047851562,37900900,6.246675491333008,193443200,24.501070022583008,38179400,20.944604873657227,30734800,89.2393569946289,6448200,13.26860237121582,21725300,106.60806274414062,129355900,17.959999084472656,0
2012-02-29,26.62938117980957,41187700,6.138843059539795,266720500,24.383974075317383,43322100,20.891199111938477,33656100,87.73821258544922,6650700,13.148045539855957,22033200,106.18955993652344,185934700,18.43000030517578,0
2012-03-01,27.396230697631836,44376700,6.254378795623779,197850100,24.97675323486328,47853800,21.058101654052734,27218100,92.30267333984375,10485800,13.609010696411133,29812700,106.73977661132812,145023500,17.260000228881836,0
2012-03-02,27.57267189025879,34897900,6.262082099914551,143887500,24.954790115356445,32112000,20.8845157623291,22716500,91.41109466552734,7044100,13.38206958770752,22798900,106.4143295288086,120638300,17.290000915527344,0
2012-03-05,27.41658592224121,30806900,6.138843059539795,196328300,24.647430419921875,33306000,20.677534103393555,21920400,90.39761352539062,5612700,12.970749855041504,27019000,105.98031616210938,140765000,18.049999237060547,0
2012-03-06,26.68366813659668,33927500,5.938579559326172,262871200,23.505802154541016,49832100,20.10334014892578,29644200,86.61803436279297,8161100,12.282855033874512,38827700,104.43035888671875,202129900,20.8700008392334,0
2012-03-07,27.1112060546875,22875100,6.177355766296387,328331900,24.3254337310791,34763400,20.30364227294922,23750200,88.69833374023438,5595000,12.679990768432617,20925800,105.1588363647461,143692200,19.06999969482422,0
2012-03-08,27.443727493286133,22052300,6.208165168762207,160282000,24.881608963012695,35951400,20.964632034301758,28442300,89.28509521484375,4784100,12.892742156982422,17986100,106.20506286621094,116968900,17.950000762939453,0
2012-03-09,27.844118118286133,33494200,6.200460910797119,195281400,25.027969360351562,42006000,21.138225555419922,24042700,89.37653350830078,5000600,13.027488708496094,22098500,106.61580657958984,122836800,17.110000610351562,0
2012-03-12,27.5115909576416,30763800,6.154247760772705,165298900,25.09382438659668,38513800,21.038070678710938,23677000,89.14793395996094,4060000,12.906929969787598,15071500,106.62359619140625,104003500,15.640000343322754,0
2012-03-13,29.44567108154297,77277600,6.539367198944092,385984100,26.674543380737305,91242400,22.253217697143555,62583800,94.90113830566406,11884700,13.424630165100098,41817700,108.54557800292969,184090500,14.800000190734863,0
2012-03-14,29.57463264465332,68028700,6.80895471572876,488077000,25.7670955657959,113680500,22.279930114746094,53025300,91.7235107421875,14837200,13.190594673156738,40971500,108.4293212890625,145163600,15.3100004196167,0
2012-03-15,30.334699630737305,57117700,7.117054462432861,489593000,26.542814254760742,61559900,22.747289657592773,45009500,93.77334594726562,7245600,13.835943222045898,27264900,109.05704498291016,165118500,15.420000076293945,0
2012-03-16,30.2464656829834,48844500,7.548388957977295,582294100,26.85017967224121,46028600,22.627107620239258,39886400,93.67427825927734,7425700,13.850123405456543,31754300,109.20805358886719,152893500,14.470000267028809,0
2012-03-19,30.538280487060547,41509300,7.340423107147217,669479900,27.201438903808594,72146000,22.867467880249023,36658700,94.7182388305664,8020700,14.225987434387207,32102300,109.63616943359375,125291100,15.039999961853027,0
2012-03-20,30.796161651611328,34796200,7.556090354919434,451213900,27.867395401000977,58269900,22.914203643798828,34156500,96.02890014648438,8247000,14.474198341369629,29701300,109.31707000732422,121729700,15.579999923706055,0
2012-03-21,30.619707107543945,27267900,7.563791275024414,326573800,27.662504196166992,46300300,22.713911056518555,29346900,96.00607299804688,4820500,14.225987434387207,23039500,109.13798522949219,122388400,15.130000114440918,0
2012-03-22,30.300762176513672,27457200,7.394341468811035,264520500,27.003873825073242,51433700,22.338911056518555,30065600,95.05352020263672,5028400,13.892679214477539,17652200,108.3518295288086,135216700,15.569999694824219,0
2012-03-23,30.646862030029297,30639300,7.586902618408203,283110900,27.172170639038086,34154700,22.45275115966797,25470400,96.15082550048828,5160600,14.417460441589355,33599800,108.70214080810547,120521000,14.819999694824219,0
2012-03-26,31.332263946533203,33529400,7.648520469665527,241605700,27.3917236328125,27895100,23.028636932373047,27043300,97.59101867675781,4444000,15.013168334960938,33065000,110.227783203125,120164000,14.260000228881836,0
2012-03-27,31.142255783081055,33026400,7.394341468811035,250069600,26.91604232788086,31146600,22.76748275756836,24979000,96.26512908935547,5447000,14.694037437438965,32420300,109.88524627685547,119868500,15.59000015258789,0
2012-03-28,31.400131225585938,29755800,7.509878635406494,234021500,27.120956420898438,36305600,23.08220672607422,29445400,96.28800201416016,5187900,14.353643417358398,26485300,109.34034729003906,148562100,15.470000267028809,0
2012-03-29,30.992965698242188,32262300,7.340423107147217,253625800,26.718448638916016,32684100,22.72730255126953,31559500,94.30674743652344,5538800,13.999056816101074,21942200,109.15357208251953,164963700,15.479999542236328,0
2012-03-30,31.203327178955078,25945800,7.3712310791015625,250234500,26.747718811035156,23966200,22.861230850219727,26891100,94.77157592773438,4651400,13.928135871887207,16142000,109.60504913330078,135486800,15.5,0
2012-04-02,31.305133819580078,27669300,7.455958843231201,179229000,26.981904983520508,23825400,23.10898780822754,24606100,95.17546081542969,4084700,14.048691749572754,16217900,110.40676879882812,151741100,15.640000343322754,0
2012-04-03,31.025053024291992,31036400,7.3096137046813965,190453400,26.616004943847656,30799800,23.088905334472656,26009000,93.50662994384766,5594800,13.736666679382324,21315000,109.955322265625,155806700,15.65999984741211,0
2012-04-04,30.335163116455078,41342900,7.086241722106934,228560600,25.64269256591797,45697800,22.68712615966797,26655600,91.41109466552734,5633800,13.254422187805176,22202200,108.86560821533203,146896000,16.440000534057617,0
2012-04-05,30.2873477935791,28832300,7.109345436096191,180868100,25.45973014831543,31465700,22.586681365966797,19563100,89.91754150390625,6103700,13.041668891906738,19891300,108.81104278564453,137439400,16.700000762939453,0
2012-04-09,29.9799861907959,29376400,6.878276348114014,211427600,24.85964584350586,34335400,22.379087448120117,22890500,89.17078399658203,4043300,12.750908851623535,18652000,107.58898162841797,127555900,18.809999465942383,0
2012-04-10,29.344703674316406,38841000,6.577880859375,377220000,24.047340393066406,58489800,22.044279098510742,34674500,87.29622650146484,5770400,12.275761604309082,34606300,105.78315734863281,235360300,20.389999389648438,0
2012-04-11,30.061935424804688,32142200,6.824356555938721,252563700,24.581558227539062,30680500,22.513015747070312,29673900,88.3401870727539,4177500,12.417601585388184,24378200,106.63938903808594,154133000,20.020000457763672,0
2012-04-12,30.62889289855957,33631100,7.063137531280518,223979900,25.342639923095703,36908700,22.780874252319336,31469600,91.73876953125,5514600,12.921110153198242,22665400,108.03268432617188,154321500,17.200000762939453,0
2012-04-13,29.515487670898438,58183900,6.685716152191162,282354600,24.44984245300293,41220900,21.99070930480957,41933000,87.70010375976562,6368200,12.25448989868164,30596100,106.74838256835938,169246700,19.549999237060547,0
2012-04-16,29.59745979309082,40387600,6.770444869995117,217284500,24.881608963012695,59668700,22.198293685913086,30129800,89.71179962158203,7137600,12.410508155822754,22987600,106.67827606201172,147825300,19.549999237060547,0
2012-04-17,29.98680877685547,26887000,6.870573997497559,193424400,25.671972274780273,52307900,22.553199768066406,23724900,89.04885864257812,12894400,12.658720970153809,24429000,108.2584457397461,147877600,18.459999084472656,0
2012-04-18,29.57012176513672,20242900,6.870573997497559,160064100,25.671972274780273,41510700,22.47953987121582,19718500,87.88296508789062,6637400,12.523975372314453,25795400,107.8926010131836,123884200,18.639999389648438,0
2012-04-19,29.52230453491211,25961800,6.755036354064941,348804500,25.503652572631836,40303900,22.178199768066406,25355100,86.564697265625,9240300,12.814736366271973,49785500,107.19981384277344,198666700,18.360000610351562,0
2012-04-20,29.180776596069336,26178100,6.439237594604492,277965300,24.801097869873047,37359200,22.09784507751465,23511000,85.68073272705078,5369600,12.396323204040527,26969400,107.37884521484375,143199600,17.440000534057617,0
2012-04-23,29.269575119018555,25536300,6.300593376159668,256073900,24.332746505737305,39887900,21.8902587890625,27262400,85.15499114990234,7047600,12.041742324829102,28949100,106.47589111328125,171844900,18.969999313354492,0
2012-04-24,29.563308715820312,21420400,6.323702335357666,192443800,24.4571533203125,30282900,22.144718170166016,19978200,86.95331573486328,4701900,12.339592933654785,26875700,106.88067626953125,137484200,18.100000381469727,0
2012-04-25,29.481332778930664,31694000,6.362215518951416,164902400,24.647430419921875,32379600,22.332225799560547,20489000,86.85426330566406,5080600,12.155206680297852,30184200,108.34407806396484,150252200,16.81999969482422,0
2012-04-26,29.918495178222656,28100300,6.369913578033447,131586300,24.793790817260742,28828900,22.66034698486328,23413600,87.29622650146484,4587600,12.240556716918945,22707000,109.09906768798828,136291600,16.239999771118164,0
2012-04-27,29.604278564453125,26242900,6.3545098304748535,120948200,24.515695571899414,28829900,22.613473892211914,19831300,87.18193054199219,4008400,12.055628776550293,35467000,109.27808380126953,130725000,16.31999969482422,0
2012-04-30,29.35837745666504,23518000,6.24667501449585,137422300,24.1790714263916,26263300,22.379087448120117,20361100,87.74580383300781,4240300,12.2903413772583,26501700,108.87335205078125,115092200,17.149999618530273,0
2012-05-01,29.911651611328125,26359700,6.400725841522217,177953400,24.588878631591797,35450300,22.827743530273438,25970300,87.88296508789062,4308600,12.439705848693848,20620900,109.55054473876953,138832200,16.600000381469727,0
2012-05-02,29.50865936279297,22462200,6.285190105438232,136208900,23.930252075195312,32805100,22.62554931640625,19156700,86.6942138671875,3956400,12.055628776550293,21032100,109.22364807128906,121081000,16.8799991607666,0
2012-05-03,29.378873825073242,19536400,6.161949157714844,204584500,23.776519775390625,31713200,22.50423812866211,18647800,84.9873275756836,4854800,11.543532371520996,46949600,108.39073944091797,143759700,17.559999465942383,0
2012-05-04,28.518190383911133,31279900,5.961685657501221,194857200,23.132335662841797,34461400,22.261600494384766,27154400,83.05180358886719,5500100,11.379949569702148,31208900,106.63938903808594,193927300,19.15999984741211,0
2012-05-07,28.538681030273438,25910100,6.131138324737549,167662600,23.183574676513672,36302400,22.5783748626709,28211800,83.8519515991211,3267400,11.486632347106934,18287300,106.71720886230469,127765900,18.940000534057617,0
2012-05-08,28.26546287536621,28049700,6.0001983642578125,180627900,22.927366256713867,27727300,22.34248161315918,27069000,83.34138488769531,4065900,11.26614761352539,34812500,106.28907012939453,213377700,19.049999237060547,0
2012-05-09,27.759986877441406,38769900,5.953983306884766,174742300,22.290491104125977,47974900,21.992013931274414,27552100,81.75639343261719,4777100,11.017213821411133,33177300,105.6585922241211,220752500,20.079999923706055,0
2012-05-10,27.82830810546875,35827100,5.93087911605835,156787300,22.43689727783203,36923000,22.36943817138672,24902300,81.01720428466797,4694200,11.09544849395752,23652200,105.87652587890625,150600000,18.829999923706055,0
2012-05-11,25.246292114257812,217294200,5.815341949462891,245533600,21.48525047302246,59709500,22.4503173828125,36384600,77.82438659667969,10631800,10.633136749267578,56237300,105.55742645263672,153032400,19.889999389648438,0
2012-05-14,24.447101593017578,96488500,5.661290645599365,170716800,20.599485397338867,51814200,21.84372901916504,29761900,76.02603912353516,10075600,10.170828819274902,33857600,104.38983154296875,163910000,21.8700008392334,0
2012-05-15,24.75448226928711,89903700,5.622777938842773,201254900,20.343271255493164,60977400,21.729154586791992,28625200,76.10225677490234,5656700,10.057028770446777,33837600,103.79046630859375,207629300,21.969999313354492,0
2012-05-16,24.22168731689453,68729600,5.476433277130127,216226100,19.706405639648438,54396100,21.54718017578125,28226100,74.8296890258789,5797200,9.630277633666992,40665000,103.39348602294922,207265500,22.270000457763672,0
2012-05-17,23.17658042907715,95429200,5.376300811767578,241468300,19.333065032958984,68419000,21.189973831176758,46067300,73.97624969482422,6375200,9.573383331298828,37206700,101.86006927490234,247992900,24.489999771118164,0
2012-05-18,22.87604522705078,82650100,5.407111644744873,223783500,19.040250778198242,60358300,20.852981567382812,53576100,72.7646484375,7184700,9.495144844055176,37704200,100.98827362060547,319615900,25.100000381469727,0
2012-05-21,22.206628799438477,99554800,5.260763168334961,229980800,19.2159366607666,47884900,21.163015365600586,30865500,73.54190826416016,5314700,9.381341934204102,32394400,102.72406768798828,177861100,22.010000228881836,0
2012-05-22,23.231231689453125,84721000,5.376300811767578,221551500,19.706405639648438,50788200,21.34499168395996,30213700,74.31912994384766,5839700,9.466692924499512,35996700,102.90309143066406,197531200,22.479999542236328,0
2012-05-23,23.40199851989746,52512900,5.522648334503174,194441500,19.874771118164062,48579300,21.392168045043945,30587800,74.70779418945312,5469700,9.509373664855957,47059000,102.95761108398438,204958400,22.329999923706055,0
2012-05-24,23.20391273498535,37843800,5.499539852142334,206041500,19.516077041625977,40744800,21.439346313476562,23765100,73.80859375,5177300,9.466692924499512,26212200,103.15995788574219,167357600,21.540000915527344,0
2012-05-25,22.882869720458984,28796400,5.507242202758789,108661200,19.376989364624023,25276300,21.47304916381836,18935300,73.68663787841797,3096000,9.424016952514648,16627700,102.82527160644531,135465600,21.760000228881836,0
2012-05-29,22.97166633605957,35855200,5.730612754821777,159872200,19.779603958129883,27076800,21.73589324951172,20188900,74.92703247070312,4528000,9.701409339904785,18585300,104.07069396972656,152883500,21.030000686645508,0
2012-05-30,22.514005661010742,34203600,5.553218841552734,206801500,19.032934188842773,33578900,21.365203857421875,28690800,72.43868255615234,5713200,9.310220718383789,24816700,102.56062316894531,162370400,24.139999389648438,0
2012-05-31,22.6437931060791,42124900,5.668909072875977,203267300,19.40627098083496,37222100,21.601102828979492,31879900,73.2732162475586,4833000,9.502257347106934,29034200,102.33486938476562,196186000,24.059999465942383,0
2012-06-01,21.81044578552246,50472200,5.414388656616211,240859000,18.58639144897461,41527800,20.3272762298584,50519500,70.93030548095703,5384700,9.054170608520508,31752500,99.75840759277344,253240900,26.65999984741211,0
2012-06-04,21.17518424987793,60492400,5.321835041046143,163821500,18.169124603271484,38793800,20.25313949584961,37812600,69.67462158203125,5332600,8.791010856628418,23735500,99.71172332763672,202545800,26.1200008392334,0
2012-06-05,21.851425170898438,46502800,5.476089954376221,147346700,18.849925994873047,36086100,20.569913864135742,24618000,70.60104370117188,4682900,9.14663028717041,25264700,100.46674346923828,164149400,24.68000030517578,0
2012-06-06,22.589147567749023,47980500,5.892579078674316,356852900,19.867446899414062,47077900,20.873197555541992,38718500,72.70663452148438,6399600,9.914780616760254,39047100,102.72406768798828,184202800,22.15999984741211,0
2012-06-07,22.411550521850586,53888800,5.722899436950684,276170400,19.69908332824707,44148600,21.014738082885742,28903000,71.97161102294922,6068400,9.537818908691406,42815800,102.7863540649414,184772700,21.719999313354492,0
2012-06-08,23.005817413330078,34238200,5.8308796882629395,234555000,20.328632354736328,36994900,21.18323516845703,33927700,72.38506317138672,3366700,9.751192092895508,20410000,103.60368347167969,143915400,21.229999542236328,0
2012-06-11,22.418376922607422,46404900,5.614921569824219,204590700,19.384305953979492,58250900,20.88667106628418,26855900,71.05281066894531,4941700,9.509373664855957,23560500,102.28819274902344,169756100,23.559999465942383,0
2012-06-12,23.06729507446289,43334400,5.776889324188232,148255600,20.218830108642578,43147200,21.09561538696289,32437000,72.00225067138672,3668500,9.90766716003418,26987100,103.46356964111328,181931800,22.09000015258789,0
2012-06-13,23.429311752319336,72456600,5.784602165222168,162374500,20.25543975830078,46785400,21.284332275390625,30209200,70.9915542602539,4694700,9.708518981933594,23361000,102.80193328857422,172223900,24.270000457763672,0
2012-06-14,23.668399810791016,44428000,5.908008575439453,157528300,20.431119918823242,45508800,21.587621688842773,31265500,71.83379364013672,4461000,9.90766716003418,20306000,103.89167785644531,230615500,21.68000030517578,0
2012-06-15,23.927963256835938,40917100,6.093116283416748,211751900,20.723926544189453,60019800,21.87069320678711,39130600,73.24260711669922,6186200,10.170828819274902,28808800,104.95418548583984,169444500,21.110000610351562,0
2012-06-18,23.647905349731445,31084400,5.98513650894165,140319900,20.167583465576172,32822200,21.8774356842041,20933700,71.68834686279297,4081400,9.829429626464844,28741200,105.15764617919922,131360900,18.31999969482422,0
2012-06-19,24.167049407958984,32489000,6.255082607269287,248771500,20.86301612854004,42654400,22.214418411254883,30620000,73.78621673583984,5295200,10.142377853393555,30216300,106.1747817993164,137382600,18.3799991607666,0
2012-06-20,24.897916793823242,61149700,6.27822208404541,213582800,21.126550674438477,47693300,22.11332893371582,29557200,73.92400360107422,4941300,10.099705696105957,28428000,106.00264739990234,206451800,17.239999771118164,0
2012-06-21,24.255830764770508,95637000,6.031412124633789,227157600,20.37255859375,39787200,21.79656410217285,31928700,71.89501190185547,5577700,9.929004669189453,35058800,103.62411499023438,205272200,20.079999923706055,0
2012-06-22,24.583715438842773,44193500,6.123967170715332,142219300,20.489683151245117,29956200,22.11332893371582,34799300,71.68834686279297,6720200,10.057028770446777,44276800,104.4221420288086,130029200,18.110000610351562,0
2012-06-25,24.126049041748047,33115800,5.861732006072998,151907200,19.581958770751953,43716100,21.71567726135254,20175000,69.84307098388672,4211300,9.587605476379395,31764200,102.74778747558594,146375700,20.3799991607666,0
2012-06-26,24.3924560546875,35053600,5.877157211303711,129776500,19.56731605529785,34250300,21.78981590270996,19167400,69.69757843017578,4248000,9.608941078186035,26104300,103.26415252685547,141634000,19.719999313354492,0
2012-06-27,25.123342514038086,34156800,5.992847919464111,111335500,19.83816909790039,29528900,22.05941390991211,17072700,71.4126968383789,3576100,9.893441200256348,18167500,104.19524383544922,108088000,19.450000762939453,0
2012-06-28,24.508569717407227,69904800,5.969709873199463,133125300,19.31842613220215,68262300,21.890913009643555,29698300,71.58110809326172,4413500,9.864992141723633,21586000,103.89791870117188,169242100,19.709999084472656,0
2012-06-29,24.406108856201172,56063200,6.309074401855469,258769800,20.06510353088379,54296400,22.537935256958008,30171700,73.3957290649414,6245300,10.377090454101562,32233000,106.48773956298828,212250900,17.079999923706055,0
2012-07-02,24.78180503845215,34274900,6.208806991577148,152974000,20.101701736450195,29971400,22.612070083618164,19654600,74.36811065673828,3515900,10.626025199890137,25580200,106.80850982666016,129524500,16.799999237060547,0
2012-07-03,24.712921142578125,26705900,6.216519832611084,57653700,20.24079132080078,14966500,22.56488800048828,13531500,75.49361419677734,2251100,10.746935844421387,16563300,107.51270294189453,80450000,16.65999984741211,0
2012-07-05,23.679773330688477,58519800,6.031412124633789,120162000,19.64784812927246,31836300,22.329004287719727,21927700,73.441650390625,3736900,10.3201904296875,22538100,107.02758026123047,126177500,17.5,0
2012-07-06,23.349170684814453,32057200,5.908008575439453,116595200,19.296459197998047,27552100,22.27508544921875,17957600,73.09712219238281,3312800,10.057028770446777,24562500,106.01045227050781,151192100,17.100000381469727,0
2012-07-09,23.390501022338867,30545000,5.8308796882629395,87078300,19.113454818725586,27902500,22.416614532470703,19708700,72.33151245117188,4121300,9.90766716003418,17689100,105.87743377685547,103780500,17.979999542236328,0
2012-07-10,23.590232849121094,33175500,5.769177436828613,101758300,18.945085525512695,27895100,22.221168518066406,21878400,72.16301727294922,3668600,9.751192092895508,17878000,104.95418548583984,167884800,18.719999313354492,0
2012-07-11,23.824413299560547,35144300,5.88486909866333,128619400,18.937768936157227,37863200,22.423358917236328,23266200,72.83683013916016,4516400,9.822315216064453,23952100,104.9698486328125,141733400,17.950000762939453,0
2012-07-12,23.445600509643555,39301500,5.769177436828613,107637000,18.50586700439453,36919200,22.140283584594727,29956400,71.98689270019531,3187000,9.637395858764648,19514900,104.46125030517578,143583200,18.329999923706055,0
2012-07-13,24.843780517578125,83001000,6.031412124633789,177154500,19.50874900817871,48422100,22.854703903198242,39549100,74.5977783203125,4592400,9.993016242980957,23078400,106.21392059326172,129642600,16.739999771118164,0
2012-07-16,24.168804168701172,52368300,6.023699760437012,109439900,19.625879287719727,59427600,22.928850173950195,29744300,74.78926849365234,4503000,10.135266304016113,17246600,105.96351623535156,97525200,17.110000610351562,0
2012-07-17,24.09992790222168,43998300,6.108541011810303,127266800,20.04314422607422,39561100,22.996240615844727,21711600,75.01892852783203,9502200,10.199275970458984,19718200,106.69117736816406,138860300,16.479999542236328,0
2012-07-18,24.079261779785156,28944900,5.807740688323975,254341100,19.83816909790039,32283900,22.888397216796875,23349300,73.89341735839844,4443200,9.950342178344727,21021300,107.48141479492188,113349700,16.15999984741211,0
2012-07-19,23.73487091064453,34384700,5.5994954109191895,260959200,19.464828491210938,33200800,23.016462326049805,22687500,72.73727416992188,6164100,9.424016952514648,61251700,107.7630844116211,129847300,15.449999809265137,0
2012-07-20,23.349170684814453,36301200,5.452952861785889,160463000,18.937768936157227,31663300,22.787307739257812,24839600,72.0941162109375,5543900,9.089731216430664,33452600,106.77721405029297,142904500,16.270000457763672,0
2012-07-23,23.721107482910156,41248300,5.468379020690918,168638000,18.549781799316406,39012600,22.537935256958008,26461300,71.32845306396484,4761200,8.990163803100586,23396100,105.69749450683594,145210900,18.6200008392334,0
2012-07-24,23.92084312438965,29920400,5.42981481552124,138286700,18.476577758789062,35737900,22.396398544311523,24927200,72.33151245117188,5301700,8.975934028625488,22631700,104.78988647460938,173301200,20.469999313354492,0
2012-07-25,24.223907470703125,32127700,5.452952861785889,117241300,18.87920570373535,37005900,22.349218368530273,25968000,73.47229766845703,4578900,9.217757225036621,25081600,104.81336975097656,129122300,19.34000015258789,0
2012-07-26,24.664709091186523,28900500,5.5300798416137695,121121500,19.237903594970703,29947900,22.767091751098633,22763000,75.0801773071289,5077400,9.246210098266602,33523200,106.54253387451172,156526500,17.530000686645508,0
2012-07-27,25.40859031677246,63636200,5.638060092926025,146210900,19.984575271606445,52233900,23.016462326049805,25808800,77.82120513916016,6397200,9.631766319274902,32845000,108.5063705444336,236768900,16.700000762939453,0
2012-07-30,24.892004013061523,30698200,5.614921569824219,74683800,19.867446899414062,26263900,22.888397216796875,19113800,77.23931121826172,3659600,9.646045684814453,17374800,108.5063705444336,106782000,18.030000686645508,0
2012-07-31,24.795576095581055,19681600,5.661197185516357,86093200,19.860132217407227,24735600,22.787307739257812,19404300,77.25463104248047,3664000,9.753143310546875,16591100,107.74742889404297,120575900,18.93000030517578,0
2012-08-01,24.795576095581055,22180200,5.568642616271973,97187800,19.60392189025879,38396000,22.847963333129883,41075800,76.63443756103516,3092800,9.646045684814453,17840800,107.653564453125,138293800,18.959999084472656,0
2012-08-02,24.223907470703125,36675000,5.5377936363220215,112848000,19.17186164855957,31938700,22.470537185668945,31475000,74.8887710571289,3980200,9.303328514099121,25873800,106.91024017333984,199556600,17.56999969482422,0
2012-08-03,24.85757064819336,24516300,5.7306132316589355,130250800,20.065277099609375,39855200,23.14452362060547,25066400,77.31587982177734,3283100,9.83881950378418,20978500,109.03062438964844,157825000,15.640000343322754,0
2012-08-06,25.002212524414062,18979200,5.892579078674316,112657000,20.914758682250977,40063000,22.915367126464844,16959300,78.11214447021484,2768700,10.095856666564941,17252700,109.24185943603516,86326200,15.949999809265137,0
2012-08-07,25.491235733032227,37225800,5.915720462799072,119572200,21.156415939331055,39406800,22.888397216796875,16834400,79.0462417602539,3845000,10.352896690368652,22901000,109.7895736694336,109545100,15.989999771118164,0
2012-08-08,25.59454917907715,18672400,5.915720462799072,73353500,21.134449005126953,21628800,22.94267463684082,12444400,78.47969055175781,2351100,10.402876853942871,13767600,109.92256164550781,89754700,15.319999694824219,0
2012-08-09,25.429231643676758,23406700,5.954285144805908,59676500,21.134449005126953,17522000,22.94267463684082,13025800,79.32190704345703,2850200,10.502837181091309,13960100,110.01644897460938,90291700,15.279999732971191,0
2012-08-10,25.46367835998535,15492700,5.969709873199463,50443800,21.163740158081055,25277600,22.949460983276367,11408500,78.8778305053711,3121600,10.431434631347656,10560000,110.1964340209961,99792700,14.739999771118164,0
2012-08-13,25.47745704650879,14453500,5.954285144805908,58341300,21.075857162475586,22901800,23.037641525268555,11385300,79.32953643798828,2008600,10.388596534729004,10787800,110.14166259765625,79426900,13.699999809265137,0
2012-08-14,25.553224563598633,18065100,6.0005621910095215,104644000,21.06854248046875,26002900,23.037641525268555,13204200,79.06158447265625,3148200,10.2743558883667,14589200,110.15727996826172,102379400,14.850000381469727,0
2012-08-15,25.53255844116211,17521300,6.0699782371521,73559200,21.04656982421875,19283200,23.04442596435547,13766800,78.9620361328125,2452500,10.410017967224121,12441000,110.28246307373047,71085900,14.630000114440918,0
2012-08-16,25.553224563598633,15894100,6.116252422332764,78181200,21.105148315429688,21641400,23.15296745300293,19596400,79.2376708984375,2417900,10.417154312133789,13214900,111.0962142944336,112014200,14.289999961853027,0
2012-08-17,25.470571517944336,17079800,6.170243263244629,138307600,21.258939743041992,27365000,23.08512306213379,16927000,79.32190704345703,2509700,10.417154312133789,13839800,111.24484252929688,90813700,13.449999809265137,0
2012-08-20,25.73919105529785,17922100,6.285935878753662,100276900,21.954631805419922,31880800,23.112262725830078,18147600,80.60820007324219,3860800,10.588516235351562,11502600,111.252685546875,78255700,14.020000457763672,0
2012-08-21,26.200658798217773,36880600,6.316786289215088,190820700,22.503862380981445,64434500,23.32256507873535,25280400,80.6388168334961,4459800,10.631355285644531,23169700,110.916259765625,105581100,15.020000457763672,0
2012-08-22,26.05602264404297,16899400,6.33992338180542,140333800,22.328107833862305,31092000,23.18689727783203,18862500,80.14115142822266,4202400,10.609931945800781,17341700,110.96318054199219,133243500,15.109999656677246,0
2012-08-23,25.642757415771484,16429500,6.285935878753662,98866200,21.669031143188477,31208400,23.01050567626953,17540600,79.6894302368164,3583100,10.352896690368652,17988800,110.05560302734375,111466400,15.960000038146973,0
2012-08-24,25.601430892944336,20019300,6.293649673461914,88822200,21.844789505004883,29697600,23.091920852661133,16677900,80.3631820678711,3527100,10.395737648010254,15693900,110.72064208984375,99481200,15.180000305175781,0
2012-08-27,25.642757415771484,17618200,6.224233627319336,96142100,21.74226188659668,24897100,23.07834815979004,13813000,80.4856948852539,2466800,10.374316215515137,9107500,110.74407958984375,68785900,16.350000381469727,0
2012-08-28,25.57389259338379,18050500,6.139389991760254,96280400,21.485958099365234,20453900,23.13262176513672,15936800,80.77022552490234,2611100,10.424295425415039,10958300,110.63459014892578,75689600,16.489999771118164,0
2012-08-29,25.69097900390625,13681900,6.170243263244629,106910900,21.903369903564453,26634600,23.112262725830078,12663500,81.15473175048828,2266900,10.574233055114746,28938700,110.72064208984375,65421300,17.059999465942383,0
2012-08-30,25.415468215942383,13700700,6.100827217102051,91900100,21.712970733642578,21811500,22.976591110229492,15140400,80.5318374633789,2823700,10.638493537902832,20122200,109.92256164550781,96589900,17.829999923706055,0
2012-08-31,25.580766677856445,16771600,6.162530422210693,91730500,21.756906509399414,25333200,23.08512306213379,16880100,81.30084991455078,3264100,10.709896087646484,25759500,110.4468002319336,151970400,17.469999313354492,0
2012-09-04,25.491235733032227,13631400,6.170243263244629,81461800,21.749584197998047,23189700,22.929100036621094,14717600,81.83148956298828,3249200,11.074028968811035,31820800,110.3451156616211,120226200,17.979999542236328,0
2012-09-05,25.560110092163086,13537500,6.1393537521362305,55769500,21.80084800720215,18163900,22.895193099975586,16121100,84.54613494873047,6371600,11.195408821105957,31345100,110.25118255615234,100660300,17.739999771118164,0
2012-09-06,26.648357391357422,41346800,6.448251247406006,200570300,22.789466857910156,59369400,23.634620666503906,32143100,87.31459045410156,6521500,11.602384567260742,33577300,112.48894500732422,158272500,15.600000381469727,0
2012-09-07,27.06850242614746,28082400,6.795762538909912,232843000,23.48516273498535,52132900,23.7431583404541,26773900,89.46014404296875,6137100,12.194997787475586,37944700,112.92706298828125,107272100,14.380000114440918,0
2012-09-10,26.696584701538086,20853500,6.625868797302246,190045600,23.309404373168945,32084700,23.46501922607422,19616700,88.1912841796875,4225100,11.859423637390137,25983100,112.28546142578125,86458500,16.280000686645508,0
2012-09-11,27.275127410888672,22378900,6.973376274108887,201630400,23.91722297668457,37575500,23.166547775268555,28575700,89.73699951171875,3898500,12.31637954711914,24605100,112.59842681884766,88760000,16.40999984741211,0
2012-09-12,27.495540618896484,29882200,6.927044868469238,204167100,24.202817916870117,41363700,23.28864860534668,17146900,90.92901611328125,4233700,12.437752723693848,24508000,112.97406005859375,87640900,15.800000190734863,0
2012-09-13,28.514909744262695,47018600,7.259108543395996,330759200,25.228055953979492,62548500,24.116268157958984,35911100,92.79771423339844,5261600,12.780473709106445,39763900,114.69532775878906,225470200,14.050000190734863,0
2012-09-14,28.631999969482422,43471600,7.374947547912598,329619800,25.477033615112305,59510200,24.50971794128418,42005000,93.3283462524414,6187700,13.023229598999023,36010200,115.20394897460938,169777000,14.510000228881836,0
2012-09-17,28.37027359008789,19740100,7.181883335113525,141409300,24.94245719909668,31628600,23.967021942138672,32266600,92.20557403564453,3598300,12.709077835083008,23210400,114.81277465820312,119427800,14.59000015258789,0
2012-09-18,28.418479919433594,25186600,7.127826690673828,150503600,24.854572296142578,37055100,24.041637420654297,26286600,92.19019317626953,3033300,12.58769416809082,20749400,114.71883392333984,98326600,14.180000305175781,0
2012-09-19,28.473594665527344,22887200,7.174162864685059,126360100,25.030336380004883,44888800,23.912755966186523,25755900,91.52883911132812,4818300,12.544852256774902,20723700,114.78141784667969,128318300,13.880000114440918,0
2012-09-20,28.411592483520508,20997400,7.096935749053955,111354300,24.759374618530273,31832500,23.878829956054688,22245300,90.45987701416016,4448100,12.28781509399414,25015800,114.78925323486328,154009800,14.069999694824219,0
2012-09-21,28.156757354736328,28287400,7.035158634185791,155865300,24.6568546295166,30342600,23.72281265258789,67455100,89.76007843017578,8188700,12.194997787475586,35060300,114.74127197265625,108737500,13.979999542236328,0
2012-09-24,28.3978271484375,20499500,7.027435779571533,113331700,24.525033950805664,28090000,23.811002731323242,19628400,89.6678237915039,3697500,12.166439056396484,19625200,114.56822967529297,95682000,14.149999618530273,0
2012-09-25,27.929460525512695,21988200,6.896153450012207,146678000,24.06368637084961,37088900,23.553213119506836,31518500,87.2838363647461,4547700,11.852280616760254,20483800,113.3489761352539,133165200,15.430000305175781,0
2012-09-26,27.715957641601562,23782700,6.8112077713012695,158640100,23.807361602783203,46571400,23.349699020385742,27547000,86.96085357666016,5185100,11.730901718139648,23131300,112.7118148803711,146502200,16.809999465942383,0
2012-09-27,28.018999099731445,20843400,6.927044868469238,119023800,24.144235610961914,32072500,23.58034324645996,21591600,88.61425018310547,3898900,12.023639678955078,19249800,113.7737808227539,111830300,14.84000015258789,0
2012-09-28,27.88123893737793,21380700,6.818930625915527,119039200,23.961156845092773,28952300,23.42431640625,21511200,87.42225646972656,3653700,11.952240943908691,17753000,113.24674987792969,150696100,15.729999542236328,0
2012-10-01,28.218740463256836,21956400,6.919319152832031,133194500,23.983135223388672,33550700,23.539644241333008,18903300,89.86774444580078,5338600,11.987943649291992,20283300,113.545654296875,135911200,16.31999969482422,0
2012-10-02,28.184310913085938,26946100,6.896153450012207,109601600,24.356609344482422,25460500,23.621051788330078,21664000,90.16765594482422,3681300,12.073617935180664,17031300,113.66365814208984,113422200,15.710000038146973,0
2012-10-03,28.350833892822266,22419100,7.035158634185791,115670100,24.94245719909668,34206500,24.041637420654297,29288800,90.67523193359375,3036400,12.159296989440918,20785000,114.12773132324219,121283100,15.430000305175781,0
2012-10-04,29.01692771911621,24326500,7.2668328285217285,160486300,25.60152816772461,39524000,24.401182174682617,29103700,92.20557403564453,3743200,12.473454475402832,19626200,114.94574737548828,124311600,14.550000190734863,0
2012-10-05,28.940616607666016,22774400,7.197330951690674,204255800,25.462398529052734,42369700,24.3129940032959,26200600,91.75183868408203,3938300,12.49487018585205,21838600,114.9536361694336,124842100,14.329999923706055,0
2012-10-08,28.90591812133789,18631300,7.166438579559326,81944200,25.46971893310547,20622700,24.285850524902344,13882500,91.8672103881836,2140400,12.459176063537598,13635400,114.56034851074219,78415400,15.109999656677246,0
2012-10-09,28.711641311645508,19947500,7.112384796142578,153036100,25.3378963470459,29208800,23.811002731323242,40870500,91.99790954589844,3260600,12.387773513793945,17241700,113.42765045166016,148872900,16.3700008392334,0
2012-10-10,28.982236862182617,25797600,7.112384796142578,110640900,25.73334312438965,29302200,23.89918327331543,21229300,92.34400939941406,2829600,12.423473358154297,15204000,112.70399475097656,124247500,16.290000915527344,0
2012-10-11,29.211214065551758,27755000,7.2127766609191895,122925800,26.01162338256836,44125600,23.86526870727539,23087800,93.81282806396484,4707200,12.751913070678711,16506700,112.76688385009766,123601500,15.59000015258789,0
2012-10-12,28.8781681060791,44564000,7.042879104614258,158562500,25.447742462158203,42554900,23.234371185302734,61315900,92.43628692626953,4054900,12.359216690063477,20821400,112.39720153808594,124181900,16.139999389648438,0
2012-10-15,29.405485153198242,26268000,7.289998531341553,154458500,26.846466064453125,76080200,22.996944427490234,50238300,95.74308013916016,6412000,12.673371315002441,17808900,113.3332290649414,107689100,15.270000457763672,0
2012-10-16,29.71772575378418,28588100,7.305445671081543,172663600,27.278526306152344,128150100,22.881624221801758,39858400,94.75872802734375,10115900,12.759053230285645,18636900,114.481689453125,108815500,15.220000267028809,0
2012-10-17,30.057701110839844,26177500,7.289998531341553,229733500,28.14263916015625,69122700,23.383617401123047,34806200,96.0660400390625,6712400,13.201728820800781,24018500,115.0008773803711,128834100,15.069999694824219,0
2012-10-18,29.842607498168945,23630400,7.313167572021484,149739000,28.135330200195312,43728600,23.451452255249023,23132500,96.24293518066406,5375100,12.701933860778809,51097100,114.70193481445312,148108500,15.029999732971191,0
2012-10-19,29.36384391784668,29747500,7.289998531341553,169451300,27.212610244750977,59598800,23.295429229736328,27819800,95.06632232666016,5876400,12.516291618347168,29226000,112.79051208496094,185645200,17.059999465942383,0
2012-10-22,29.204269409179688,27993000,7.374947547912598,132617600,27.622703552246094,35734500,23.40397071838379,23043800,94.41265869140625,3643000,12.459176063537598,21274000,112.80625915527344,125578600,16.6200008392334,0
2012-10-23,28.67693519592285,22896400,7.228219985961914,160627600,27.014896392822266,36533100,22.976591110229492,29170300,91.513427734375,5818500,12.216419219970703,24205700,111.24089050292969,192056300,18.829999923706055,0
2012-10-24,28.940616607666016,18918900,7.189608097076416,120868300,27.31513786315918,41788700,22.874835968017578,25150500,92.10559844970703,3662000,12.266399383544922,14264500,110.92623901367188,120179400,18.329999923706055,0
2012-10-25,28.912851333618164,17311700,7.135552406311035,121778900,27.39569091796875,32797300,23.105491638183594,18816500,92.06714630126953,4128800,12.209280014038086,18872800,111.24879455566406,134457400,18.1200008392334,0
2012-10-26,28.558990478515625,21892700,7.042879104614258,124687200,26.802518844604492,40482500,23.04442596435547,23257700,91.851806640625,3960900,12.166439056396484,13195100,111.18583679199219,146023500,17.809999465942383,0
2012-10-31,28.91978645324707,19423500,7.197330951690674,94925500,27.38103675842285,34193700,22.854482650756836,24902700,94.12041473388672,3679700,12.44571304321289,26046300,111.18583679199219,103438500,18.600000381469727,0
2012-11-01,29.724660873413086,23325400,7.521673202514648,205700000,27.798574447631836,36174700,23.105491638183594,26179000,96.0121841430664,3336200,12.610420227050781,25089900,112.35000610351562,100995600,16.690000534057617,0
2012-11-02,29.433250427246094,17029200,7.606621742248535,220993300,27.54219627380371,24526300,22.888402938842773,19149600,94.78178405761719,3188800,12.732152938842773,19752700,111.35100555419922,137702200,17.59000015258789,0
2012-11-05,29.329160690307617,13252500,7.529397964477539,121104400,27.33709144592285,25782400,23.07834815979004,17548100,95.4200668334961,2568700,12.710667610168457,16147600,111.57917022705078,98378500,18.420000076293945,0
2012-11-06,29.752405166625977,17190900,7.676122665405273,132533500,28.179473876953125,39803700,23.281862258911133,18787700,97.08885192871094,3986000,13.025752067565918,15345900,112.45221710205078,107068100,17.579999923706055,0
2012-11-07,28.087160110473633,47631200,7.127826690673828,286124300,26.406810760498047,68287600,22.46938705444336,32189300,90.72905731201172,7075800,11.908647537231445,42700600,109.90367889404297,264304500,19.079999923706055,0
2012-11-08,28.031652450561523,27830900,7.251387596130371,223927000,26.37018394470215,40321600,22.0870418548584,28044300,88.6449966430664,6252100,11.829874992370605,21125000,108.58219909667969,181517300,18.489999771118164,0
2012-11-09,28.184297561645508,27553200,7.282276630401611,141093100,26.318910598754883,37701300,22.0870418548584,21637100,89.32171630859375,4823100,11.894325256347656,20657200,108.67658233642578,201055300,18.610000610351562,0
2012-11-12,28.156558990478516,12816000,7.251387596130371,68498300,26.6778507232666,24364200,22.1007022857666,14994700,90.15995025634766,2453600,12.008901596069336,10731100,108.76309967041016,97677500,16.68000030517578,0
2012-11-13,27.78187370300293,19793500,7.205053806304932,119629700,26.487388610839844,25977400,21.861738204956055,20615600,89.56782531738281,3156600,11.829874992370605,14431200,108.38551330566406,123018300,16.649999618530273,0
2012-11-14,27.261486053466797,30986600,6.942491054534912,197392900,25.65232276916504,49909500,21.458911895751953,30910400,87.8529281616211,3885700,11.521952629089355,20059100,106.92241668701172,191505000,17.920000076293945,0
2012-11-15,27.330873489379883,24858700,7.01971435546875,144569800,25.791507720947266,39677700,21.554502487182617,22953000,88.77574157714844,3702900,11.64368724822998,16252800,106.74153900146484,178128400,17.989999771118164,0
2012-11-16,27.42800521850586,32458000,7.042879104614258,178995000,25.62302589416504,52828200,21.807117462158203,25581200,89.08332824707031,4515900,11.58640193939209,16940700,107.26854705810547,239483900,16.40999984741211,0
2012-11-19,28.163494110107422,26781200,7.328611850738525,146244000,26.44343376159668,34352000,22.121179580688477,22655800,90.97515869140625,3868600,11.829874992370605,14758800,109.43958282470703,151495800,15.239999771118164,0
2012-11-20,28.239816665649414,19375900,7.436726093292236,150696200,26.37018394470215,37247900,22.476213455200195,23890300,90.81363677978516,3304000,11.708139419555664,15426700,109.48682403564453,119807400,15.079999923706055,0
2012-11-21,28.260629653930664,13030200,7.544837474822998,132499300,26.201723098754883,19638900,22.25090980529785,15861100,90.51371765136719,2075200,11.636528968811035,12734400,109.6913070678711,81710800,15.3100004196167,0
2012-11-23,28.51041030883789,8316700,7.645232200622559,59048000,26.39216423034668,13501300,22.667377471923828,8783100,92.52086639404297,1977500,11.765425682067871,8600700,111.18583679199219,65409200,15.140000343322754,0
2012-11-26,28.364713668823242,20376600,7.598898887634277,99730900,26.055204391479492,25519300,22.46255874633789,16967700,93.00535583496094,3371000,11.894325256347656,13217700,110.94985961914062,100124400,15.5,0
2012-11-27,28.27450180053711,19875000,7.45989465713501,149684000,25.6669864654541,31273300,22.27821922302246,18988300,91.0597152709961,3875200,11.908647537231445,19041400,110.38348388671875,128646200,15.920000076293945,0
2012-11-28,28.33001708984375,26106900,7.537116050720215,152946500,25.68895149230957,48663700,22.401107788085938,18115300,92.1563720703125,3811200,12.087668418884277,23800600,111.2723617553711,177086500,15.510000228881836,0
2012-11-29,28.600618362426758,18915000,7.591176986694336,125905400,25.791507720947266,31678000,22.64007568359375,21316700,91.69300079345703,2980800,12.073343276977539,19084300,111.79151916503906,151085900,15.0600004196167,0
2012-11-30,28.503482818603516,20066600,7.614342212677002,108739700,25.32270622253418,41674500,22.537660598754883,19535500,90.96705627441406,4264300,12.080511093139648,17198700,111.81510925292969,136568300,15.869999885559082,0
2012-12-03,28.316143035888672,18955500,7.5680084228515625,99872800,25.066326141357422,38383600,22.360151290893555,19623300,91.4381332397461,3613900,11.794066429138184,15532000,111.26451873779297,124656300,16.639999389648438,0
2012-12-04,28.14961814880371,24031100,7.652953624725342,144124500,25.11760139465332,31781900,22.353313446044922,20296900,90.03260040283203,3591600,11.894325256347656,14287900,111.10716247558594,127512200,17.1200008392334,0
2012-12-05,28.586746215820312,25515600,8.085848808288574,463491000,26.707143783569336,84672900,22.517183303833008,27232100,90.45732116699219,3283000,12.159278869628906,15736300,111.30382537841797,147300500,16.459999084472656,0
2012-12-06,28.774072647094727,20541700,8.085848808288574,176607900,27.117340087890625,44260900,22.626420974731445,18833100,90.51140594482422,2330900,11.987415313720703,16042600,111.68138122558594,103220600,16.579999923706055,0
2012-12-07,29.53037452697754,34552900,8.224995613098145,192055100,27.571487426757812,43946600,22.687870025634766,18525200,90.02486419677734,3960500,12.152117729187012,11488400,112.0196533203125,108726400,15.899999618530273,0
2012-12-10,29.356916427612305,22394500,8.170883178710938,148065200,27.241867065429688,26715900,22.564979553222656,17977000,90.36469268798828,3331900,12.18075942993164,9740400,112.06680297851562,98840700,16.049999237060547,0
2012-12-11,29.585880279541016,21955000,8.124503135681152,159121300,27.102693557739258,29748900,22.728830337524414,20841900,91.79338836669922,5696500,12.710667610168457,36051800,112.82984924316406,152570400,15.569999694824219,0
2012-12-12,29.67609214782715,23110600,8.201803207397461,166819300,27.490922927856445,42252800,22.872211456298828,26297900,91.19873046875,5372400,12.67486572265625,27771300,112.88488006591797,145880100,15.949999809265137,0
2012-12-13,29.683025360107422,18457000,8.14769172668457,106232100,27.31512451171875,30445400,22.708351135253906,18612400,91.515380859375,3329100,12.746479034423828,19220900,112.19269561767578,135715000,16.559999465942383,0
2012-12-14,29.703840255737305,16208600,8.178608894348145,91707200,27.54219627380371,24596000,22.633243560791016,19231900,92.17955017089844,3717200,12.925493240356445,16296500,111.77584075927734,137701700,17.0,0
2012-12-17,30.16872215270996,23879800,8.503283500671387,170087700,28.677576065063477,52474700,23.47303581237793,43475600,95.36907958984375,5476700,13.269225120544434,16686000,113.08941650390625,143238200,16.34000015258789,0
2012-12-18,30.439332962036133,33858600,8.781573295593262,255238400,28.904653549194336,62611800,23.869029998779297,35083200,98.67443084716797,8040300,13.691718101501465,25465100,114.34793853759766,177762800,15.569999694824219,0
2012-12-19,30.203414916992188,34348500,8.65015983581543,193013700,28.897336959838867,45812600,23.636892318725586,33517600,98.27285766601562,5525400,13.670231819152832,21889300,113.49844360351562,150895400,17.360000610351562,0
2012-12-20,30.897279739379883,25014900,8.905258178710938,184449000,29.424732208251953,37806600,23.93730354309082,25128300,100.18041229248047,4402500,13.799138069152832,19134000,114.15129089355469,168487000,17.670000076293945,0
2012-12-21,30.52953338623047,38973500,8.727461814880371,244892300,28.9266300201416,47568200,23.541305541992188,37148300,99.19185638427734,6393300,13.54849624633789,21669400,113.11517333984375,245883800,17.84000015258789,0
2012-12-24,30.474021911621094,8621200,8.696542739868164,50657100,28.846052169799805,8674800,23.50033950805664,7911300,98.49681854248047,1359300,13.569982528686523,3205700,112.76657104492188,53874600,17.84000015258789,0
2012-12-26,30.501787185668945,11498900,8.920719146728516,146097900,28.97057342529297,20297700,23.438894271850586,14289700,98.20333099365234,2210100,13.519856452941895,9052900,112.29131317138672,106947700,19.479999542236328,0
2012-12-27,30.272804260253906,19567000,8.866606712341309,210411400,28.750831604003906,30332300,23.336483001708984,19264700,97.82488250732422,3263500,13.44108772277832,14656100,112.14075469970703,167920600,19.469999313354492,0
2012-12-28,30.002187728881836,15401200,8.781573295593262,131872200,28.575031280517578,24563800,23.152141571044922,15877700,96.93680572509766,1859200,13.333674430847168,11258500,110.92871856689453,148806700,22.719999313354492,0
2012-12-31,30.508710861206055,24209600,8.974827766418457,170837500,28.9779052734375,37172800,23.336483001708984,26697900,98.51224517822266,3623000,13.691718101501465,19954000,112.81412506103516,243935200,18.020000457763672,0
2013-01-02,31.200342178344727,31413000,9.299501419067383,236021400,30.21583366394043,45648500,23.93047523498535,30443000,101.67859649658203,4449000,14.049768447875977,29812900,115.70557403564453,192059000,14.680000305175781,0
2013-01-03,31.137460708618164,24227700,9.24538803100586,157149700,30.31839370727539,38343300,23.732471466064453,25374800,101.12255859375,4584600,14.021121978759766,29859500,115.44416809082031,144761800,14.5600004196167,0
2013-01-04,31.689376831054688,24487700,9.361340522766113,132601900,31.08020782470703,46310100,23.855365753173828,31420300,103.87963104248047,5234600,14.457935333251953,31983900,115.9511489868164,116817700,13.829999923706055,0
2013-01-07,31.72431182861328,24456900,9.345882415771484,201403500,31.10950469970703,36305100,23.739301681518555,28135100,103.6865234375,3556900,14.17866039276123,21445100,115.63429260253906,110002500,13.789999961853027,0
2013-01-08,31.787195205688477,19624200,9.260851860046387,168461100,31.102174758911133,28185200,23.698347091674805,20132600,102.75206756591797,2760200,14.071249961853027,22206200,115.3015365600586,121265100,13.619999885559082,0
2013-01-09,31.76624870300293,25920600,8.835685729980469,335692000,30.79452133178711,44923500,23.698347091674805,24589300,103.73284912109375,3666500,14.049768447875977,26993800,115.5947036743164,90745600,13.8100004196167,0
2013-01-10,32.24129867553711,23413600,9.106246948242188,199964900,31.37319564819336,42154200,24.16944694519043,37523100,106.08831024169922,5960700,14.56535816192627,39869800,116.51360321044922,130735400,13.489999771118164,0
2013-01-11,32.23428726196289,19723900,8.990287780761719,146136700,31.01425552368164,42517300,23.964616775512695,44149200,105.90294647216797,3211700,14.443618774414062,20880000,116.50570678710938,113917300,13.359999656677246,0
2013-01-14,32.05266571044922,19079500,8.866606712341309,110032900,30.926372528076172,26795300,23.739301681518555,23145600,105.13067626953125,2855800,14.3720121383667,14590200,116.42645263671875,89567200,13.520000457763672,0
2013-01-15,32.38102340698242,29898000,8.928445816040039,126058300,31.1827449798584,29118700,23.971435546875,24837500,104.71365356445312,4322800,14.629807472229004,25277000,116.50570678710938,93172600,13.550000190734863,0
2013-01-16,32.7093505859375,43453600,9.106246948242188,164579300,31.1168155670166,36165300,23.957782745361328,16799200,108.96123504638672,10650800,14.708572387695312,30630600,116.48985290527344,104849500,13.420000076293945,0
2013-01-17,32.44389343261719,41086800,8.719730377197266,323622200,30.208518981933594,80185700,23.91681671142578,22912100,108.89939880371094,6596000,14.858957290649414,26063600,117.24239349365234,133833500,13.569999694824219,0
2013-01-18,32.457862854003906,28679100,8.611507415771484,179971800,30.516164779663086,40807100,23.84855079650879,31399000,111.5561294555664,7349000,16.02617645263672,65729400,117.50381469726562,169906000,12.460000038146973,0
2013-01-22,32.51374053955078,24257300,8.773842811584473,137242700,30.60406494140625,42035900,23.923656463623047,20931100,112.7145004272461,5158400,16.455846786499023,38089200,118.13754272460938,111797300,12.430000305175781,0
2013-01-23,32.297203063964844,19105100,8.827953338623047,121638200,30.779882431030273,32339300,23.86220359802246,18180200,112.41332244873047,3948700,16.233854293823242,24266100,118.3276596069336,104596100,12.460000038146973,0
2013-01-24,32.394989013671875,20008200,8.912984848022461,127870800,31.351213455200195,34462600,24.005582809448242,22090700,111.94994354248047,4638200,16.183725357055664,20294700,118.35935974121094,146426400,12.6899995803833,0
2013-01-25,32.94690704345703,26009100,8.98255729675293,100171600,31.431795120239258,26707200,23.991928100585938,19431600,111.56382751464844,4639400,16.255340576171875,14059600,119.02481079101562,147211600,12.890000343322754,0
2013-01-28,32.583614349365234,19706800,8.874335289001465,91304200,31.01425552368164,27213600,23.971435546875,22067900,111.3243637084961,3045600,15.976052284240723,13892000,118.8822250366211,113357700,13.569999694824219,0
2013-01-29,32.91897201538086,19907400,8.882065773010254,96824100,30.882427215576172,26998900,24.080686569213867,16846900,113.60262298583984,4519800,16.17656707763672,14548300,119.34954833984375,105694400,13.3100004196167,0
2013-01-30,32.92593002319336,18631300,8.797033309936523,89130200,30.72859001159668,21801200,24.046308517456055,27810800,113.64124298095703,4083100,16.455846786499023,23160400,118.8822250366211,137447700,14.319999694824219,0
2013-01-31,32.87004470825195,19536000,8.750652313232422,97024700,30.889772415161133,21324700,23.950040817260742,16751600,114.1895523071289,3680900,16.36274528503418,19819100,118.5890884399414,108975800,14.279999732971191,0
2013-02-01,33.42893981933594,24520000,9.052132606506348,161141300,31.51988983154297,34997400,24.156322479248047,21009300,115.7649917602539,4563800,16.872295379638672,31744400,119.80907440185547,131173000,12.899999618530273,0
2013-02-04,33.310184478759766,20822600,8.874335289001465,139733000,30.926424026489258,25691500,23.901893615722656,22241600,113.92697143554688,4679400,16.420166015625,26405700,118.46234893798828,159073600,14.670000076293945,0
2013-02-05,34.08564758300781,28067500,9.183544158935547,187785900,31.446611404418945,24224200,23.963781356811523,17534100,116.18976593017578,4219200,16.793346405029297,23873200,119.65853881835938,113912400,13.720000267028809,0
2013-02-06,33.959896087646484,28282600,9.222195625305176,173626800,31.541868209838867,22059300,24.046308517456055,24087000,116.70722198486328,3940600,16.78616714477539,15851000,119.74568939208984,138762800,13.40999984741211,0
2013-02-07,33.694427490234375,21429600,9.15262508392334,173209900,31.40998077392578,29381400,23.833131790161133,27095000,116.04304504394531,4890800,16.578048706054688,20157900,119.58727264404297,162490000,13.5,0
2013-02-08,33.973873138427734,15218300,9.090782165527344,145321100,31.270774841308594,17441800,23.984405517578125,18425800,117.0778579711914,3612300,16.735933303833008,16025800,120.2527084350586,103133700,13.020000457763672,0
2013-02-11,33.994834899902344,13935900,9.168087005615234,103510800,31.615140914916992,23462700,24.24571418762207,24198900,117.57215118408203,3751400,16.707229614257812,10258200,120.22892761230469,73775000,12.9399995803833,0
2013-02-12,34.33015823364258,16388000,9.46956729888916,232173900,32.49435043334961,39087500,24.41761016845703,19559000,119.01631927490234,4309000,16.95840835571289,15347000,120.42698669433594,65392700,12.640000343322754,0
2013-02-13,34.00879669189453,21635600,9.40772533416748,192742500,32.2379264831543,26663400,24.156322479248047,21344300,119.33300018310547,4369100,16.95840835571289,15783400,120.52992248535156,82322600,12.979999542236328,0
2013-02-14,34.386051177978516,18017800,9.376801490783691,144104800,32.472373962402344,20048500,24.21133041381836,22296200,120.42183685302734,5035800,17.101945877075195,16316300,120.64081573486328,80834300,12.65999984741211,0
2013-02-15,34.14851760864258,20016200,9.299501419067383,158242700,32.120689392089844,23244700,24.176950454711914,21105000,119.69593048095703,4254400,17.13065528869629,17504700,120.4982681274414,215226500,12.460000038146973,0
2013-02-19,34.54673767089844,20445900,9.423185348510742,170783400,32.604244232177734,23709100,24.1632022857666,25413400,122.52252197265625,5103400,17.453603744506836,17457300,121.40133666992188,95105400,12.3100004196167,0
2013-02-20,33.959896087646484,24786700,9.121706008911133,193466400,31.666423797607422,26464100,24.135690689086914,27539300,119.8426284790039,5029700,16.807708740234375,17432700,119.88827514648438,160574800,14.680000305175781,0
2013-02-21,33.70840072631836,24437700,8.827953338623047,235532400,31.028995513916016,37602900,24.383235931396484,38030800,116.52185821533203,8318000,16.3842830657959,22324700,119.15949249267578,183257000,15.220000267028809,0
2013-02-22,34.16947937011719,23584100,8.843413352966309,179268200,31.351369857788086,23756400,24.630794525146484,20521000,119.00090789794922,4772700,16.922529220581055,17827100,120.32398223876953,106356600,14.170000076293945,0
2013-02-25,33.324134826660156,32775500,8.526477813720703,206893900,30.149768829345703,34939800,23.922529220581055,27023500,114.02738952636719,6294200,15.810149192810059,30074300,118.03456115722656,245824800,18.989999771118164,0
2013-02-26,33.25429153442383,39401400,8.603779792785645,173039600,30.25236701965332,46233000,23.895023345947266,29601900,114.68601989746094,5686600,16.10438346862793,30923000,118.84259033203125,186596200,16.8700008392334,0
2013-02-27,34.427974700927734,31921200,8.743046760559082,147145400,30.889772415161133,29204600,24.156322479248047,32171300,117.51449584960938,4695000,16.434518814086914,18051600,120.3398208618164,150781900,14.729999542236328,0
2013-02-28,34.17646408081055,24711500,8.688885688781738,143546700,30.750577926635742,28914100,24.121936798095703,22097000,116.04985809326172,4956000,16.18333625793457,14890300,120.10213470458984,126866000,15.510000228881836,0
2013-03-01,34.16947937011719,25923400,8.773994445800781,189050700,30.8531436920166,29850300,24.335098266601562,20624800,116.64657592773438,4538400,16.09721565246582,22333000,120.4982681274414,170634800,15.359999656677246,0
2013-03-04,34.302215576171875,17695200,8.828156471252441,116436000,31.46128273010254,27216000,24.651409149169922,16880500,117.92511749267578,3209200,16.219223022460938,17138300,121.13995361328125,99010200,14.010000228881836,0
2013-03-05,34.574684143066406,25561100,8.936474800109863,135869700,31.944843292236328,43223400,24.67204475402832,23312000,118.5295639038086,4589300,16.31968879699707,15014100,122.22522735595703,121431900,13.479999542236328,0
2013-03-06,34.95192337036133,19607900,9.222750663757324,182557500,32.662864685058594,35986300,24.7889347076416,18491700,119.43623352050781,3593200,16.44169044494629,18583200,122.39154052734375,94469900,13.529999732971191,0
2013-03-07,35.37110137939453,24245400,9.485820770263672,212403800,32.97060012817383,40245900,25.043352127075195,21509700,121.36576843261719,3886300,16.66417121887207,17820000,122.61336517333984,86101400,13.0600004196167,0
2013-03-08,35.070701599121094,32711900,9.338810920715332,209777100,34.20148849487305,63728900,25.09836769104004,24042200,118.54505157470703,6615000,16.52781867980957,19394000,123.13623809814453,123477800,12.59000015258789,0
2013-03-11,35.26630783081055,19473000,9.400708198547363,106427800,34.87556076049805,51807400,25.53157615661621,18989900,118.79308319091797,3586400,16.578048706054688,14219200,123.60356903076172,83746800,11.5600004196167,0
2013-03-12,35.126583099365234,18003400,9.292391777038574,128134700,34.399322509765625,35089100,25.208393096923828,22688600,117.6694564819336,3432200,16.269451141357422,13077000,123.32633209228516,105755800,12.270000457763672,0
2013-03-13,35.04273986816406,16680200,9.331074714660645,86216800,34.413963317871094,27654300,25.28403091430664,15812000,117.7159652709961,3356400,16.34839630126953,12025800,123.50061798095703,92550900,11.829999923706055,0
2013-03-14,35.629600524902344,26378700,9.369759559631348,115440000,34.772987365722656,26017300,25.421554565429688,21874700,119.35099792480469,3886600,16.362749099731445,21068400,124.15814208984375,126329900,11.300000190734863,0
2013-03-15,34.944950103759766,60880800,9.725672721862793,319019100,34.6264533996582,48856400,26.267330169677734,56046200,119.98639678955078,7301200,16.929704666137695,24186700,123.99420166015625,138601100,11.300000190734863,0
2013-03-18,34.58864212036133,28011400,9.717934608459473,189783300,33.879127502441406,38550200,25.964780807495117,29754300,117.74691772460938,3788100,16.499107360839844,23417000,123.30987548828125,126704300,13.359999656677246,0
2013-03-19,34.37207794189453,24411500,9.833990097045898,242939600,33.54941177368164,44416000,25.779125213623047,23724800,115.33698272705078,4726900,16.06850242614746,32781600,123.02349853515625,167567300,14.390000343322754,0
2013-03-20,34.31618118286133,19385300,9.888154983520508,219121700,33.76921844482422,24498700,25.74473762512207,19049900,116.33658599853516,2883800,16.31968879699707,17813500,123.88277435302734,113759300,12.670000076293945,0
2013-03-21,33.77825927734375,23535900,9.725672721862793,154529400,33.139102935791016,33126900,25.538448333740234,24008300,112.65582275390625,4704000,15.831683158874512,17557200,122.82447052001953,128605000,13.989999771118164,0
2013-03-22,34.07867431640625,22791500,9.717934608459473,101974400,33.139102935791016,26449100,25.57970428466797,15646600,113.60123443603516,3456800,15.917803764343262,16558900,123.8111572265625,111163600,13.569999694824219,0
2013-03-25,33.897010803222656,23581400,9.59414005279541,154320200,32.596923828125,32795800,25.586585998535156,20304500,113.22146606445312,3775400,15.767082214355469,23992000,123.2939453125,151322300,13.739999771118164,0
2013-03-26,33.9808464050293,16417500,9.501293182373047,135654700,32.84605407714844,24940500,25.64847755432129,18635500,113.55467987060547,3860400,15.946497917175293,14889200,124.28067016601562,86856600,12.770000457763672,0
2013-03-27,33.373050689697266,26530100,9.462606430053711,107177200,32.574951171875,26298000,25.428428649902344,14840800,114.5621109008789,3964800,15.996742248535156,13926000,124.28067016601562,99950600,13.149999618530273,0
2013-03-28,33.15647888183594,27506700,9.423919677734375,92013900,32.41375732421875,25355400,25.435314178466797,16967500,114.02738952636719,3701300,15.774259567260742,18376400,124.66254425048828,102932800,12.699999809265137,0
2013-04-01,33.41495895385742,17442200,9.400708198547363,86281600,32.08403396606445,19623400,25.394046783447266,10903800,113.16720581054688,2581100,15.544608116149902,14219100,124.16927337646484,99194100,13.579999923706055,0
2013-04-02,33.72935104370117,17273700,9.400708198547363,102626000,32.31850814819336,25145000,25.35966682434082,17094700,113.66316223144531,3374100,15.573319435119629,21701700,124.78196716308594,101504300,12.779999732971191,0
2013-04-03,32.934959411621094,33467400,9.13764476776123,199765800,31.138893127441406,47968100,25.215267181396484,26277200,111.12924194335938,4373300,15.149904251098633,25406800,123.51679229736328,154167400,14.210000038146973,0
2013-04-04,33.384883880615234,21514000,9.238226890563965,117831400,31.33671760559082,38527900,25.730979919433594,24102400,110.80375671386719,3423800,15.307783126831055,17321000,124.01805877685547,131885000,13.890000343322754,0
2013-04-05,33.68012237548828,22961500,9.26144027709961,141061900,31.512550354003906,32561500,25.545326232910156,24520900,111.34618377685547,3864300,15.472845077514648,18163200,123.46106719970703,159666000,13.920000076293945,0
2013-04-08,34.151145935058594,18672300,9.447129249572754,101419200,31.91554069519043,23502800,25.4559383392334,20087000,111.4469223022461,2908700,15.602020263671875,14263500,124.29653930664062,86571200,13.1899995803833,0
2013-04-09,34.221435546875,20066700,9.478082656860352,132365800,32.15730667114258,26793500,25.751619338989258,21250100,113.53916931152344,3262800,15.602020263671875,13196200,124.72626495361328,101922200,12.84000015258789,0
2013-04-10,34.62214660644531,20388900,9.532242774963379,105853900,33.014564514160156,28334200,25.834129333496094,23566000,115.81745910644531,3127600,15.946497917175293,17467300,126.25406646728516,135711100,12.359999656677246,0
2013-04-11,34.66432189941406,22584700,9.493555068969727,100241900,32.87533950805664,28399900,25.792871475219727,30560000,115.51525115966797,2951800,15.982393264770508,14692800,126.66780853271484,110142500,12.239999771118164,0
2013-04-12,34.453433990478516,37805900,9.416184425354004,88191700,32.80940246582031,24702000,25.586585998535156,36662500,115.55399322509766,3131400,15.65943717956543,25150400,126.35746765136719,116359900,12.0600004196167,0
2013-04-15,33.6942024230957,31527300,9.269180297851562,176504300,32.87533950805664,56796300,25.146507263183594,23092300,113.4926986694336,5554900,15.415430068969727,22458100,123.4292221069336,217259000,17.270000457763672,0
2013-04-16,34.0878791809082,23865500,9.501293182373047,147641900,34.18684387207031,40230100,25.483436584472656,20352400,111.66394805908203,8274400,15.680973052978516,21839800,125.25140380859375,147507800,13.960000038146973,0
2013-04-17,32.8928108215332,43466300,9.052534103393555,335408600,33.51277542114258,36241300,25.139629364013672,31790200,108.95177459716797,6361500,15.408255577087402,45475800,123.42127990722656,226834800,16.510000228881836,0
2013-04-18,32.78734588623047,26106800,8.85136604309082,220290500,33.03653335571289,29877900,24.940208435058594,19322200,107.40192413330078,4819700,14.575763702392578,47193400,122.64949035644531,167583200,17.559999465942383,0
2013-04-19,33.20210647583008,19746100,9.021585464477539,119792000,32.992576599121094,23630500,25.229015350341797,18107000,107.49494171142578,3962600,14.76953411102295,24644100,123.7156982421875,149687600,14.970000267028809,0
2013-04-22,33.286460876464844,15230100,9.068011283874512,88532300,33.08049774169922,19919400,25.256521224975586,14432000,108.11488342285156,3187100,14.862832069396973,16156600,124.2647476196289,106553500,14.390000343322754,0
2013-04-23,33.8629150390625,20568500,9.338810920715332,176816000,34.04030990600586,28837900,25.53157615661621,19883100,110.76502227783203,3698200,15.50872802734375,23437700,125.54582977294922,166141300,13.479999542236328,0
2013-04-24,34.24955368041992,16459300,9.524508476257324,120624900,34.523868560791016,23560500,25.675973892211914,16740700,111.5322036743164,2785200,15.393906593322754,17955700,125.62542724609375,96781200,13.609999656677246,0
2013-04-25,34.44639587402344,19058800,9.625090599060059,118694600,34.51655578613281,25633900,25.882261276245117,14861200,112.17538452148438,2637400,15.379548072814941,18496600,126.1346664428711,131060600,13.619999885559082,0
2013-04-26,34.36204147338867,13929000,9.609615325927734,83093200,34.3773307800293,14989200,26.04729461669922,17814600,111.67166900634766,2235200,15.393935203552246,17348300,125.91185760498047,95918800,13.609999656677246,0
2013-04-29,34.39014434814453,13496300,9.578662872314453,65432400,34.3040771484375,14224700,26.04729461669922,16016500,112.44657897949219,2715300,15.976604461669922,19028600,126.75527954101562,88572800,13.710000038146973,0
2013-04-30,34.453433990478516,13802600,9.524508476257324,89362100,34.18684387207031,18085000,26.11605453491211,20585300,113.19048309326172,2586300,15.933444023132324,14015800,127.05765533447266,116010700,13.520000457763672,0
2013-05-01,33.75043487548828,17686400,9.392971992492676,88417800,33.60802459716797,21943100,25.758499145507812,17639200,110.50931549072266,3509000,15.717635154724121,13070800,125.94364929199219,138874200,14.489999771118164,0
2013-05-02,33.79964828491211,15529300,9.431658744812012,76530500,34.106346130371094,19996300,25.72410774230957,13205400,111.33078002929688,4331900,16.034149169921875,16779000,127.11334228515625,96407600,13.59000015258789,0
2013-05-03,33.44112777709961,43257900,9.470342636108398,94322600,34.42147445678711,20347400,25.951038360595703,15878400,112.6480712890625,4018800,16.372243881225586,20261100,128.40237426757812,144202300,12.850000381469727,0
2013-05-06,33.86994171142578,20829500,9.965524673461914,265062800,34.79522705078125,29160400,26.061046600341797,14228700,115.03472900390625,3740400,16.746301651000977,17400300,128.7286376953125,66882100,12.65999984741211,0
2013-05-07,34.54481506347656,24291600,9.980998992919922,218248100,35.25692367553711,27492800,26.404861450195312,23273300,115.70890045166016,3137600,16.73910903930664,12100700,129.3811492919922,90359200,12.829999923706055,0
2013-05-08,34.98065185546875,23559300,10.073843955993652,149755400,36.121665954589844,34220900,26.647424697875977,18741300,116.43734741210938,3519200,17.02684783935547,15207900,129.9699249267578,97419200,12.65999984741211,0
2013-05-09,34.474517822265625,18103100,9.988737106323242,112952300,35.616004943847656,27058600,26.259309768676758,27766600,115.10450744628906,2819500,16.83981704711914,12965300,129.60391235351562,106738600,13.130000114440918,0
2013-05-10,34.41826629638672,16199600,10.073843955993652,87625100,35.725929260253906,18476600,26.35634422302246,16390500,115.53844451904297,2632400,17.221071243286133,15032800,130.02561950683594,103203000,12.59000015258789,0
2013-05-13,34.917388916015625,23979500,10.04289436340332,94295600,35.85050964355469,17096400,26.474170684814453,12774700,115.94916534423828,2975200,17.034042358398438,14510500,130.12905883789062,81843200,12.550000190734863,0
2013-05-14,35.31106948852539,24188400,10.32143783569336,154128100,36.70793914794922,35998300,26.862266540527344,21730600,119.73846435546875,5825300,17.458446502685547,19210900,131.47381591796875,119000900,12.770000457763672,0
2013-05-15,35.91563415527344,27467000,10.39880657196045,139728300,37.62397766113281,40824400,27.236507415771484,25696800,120.58306121826172,4177800,17.882863998413086,19670500,132.1819610595703,120718500,12.8100004196167,0
2013-05-16,35.83127975463867,21389500,10.336913108825684,117977000,37.089027404785156,25290000,27.20878791809082,22959500,119.69967651367188,3233800,17.68144989013672,18863800,131.5613555908203,109913600,13.069999694824219,0
2013-05-17,36.7662467956543,26080300,10.391070365905762,107335600,37.70459747314453,23610900,27.638465881347656,24390400,122.57456970214844,4177000,18.120248794555664,14505800,132.8344268798828,129801000,12.449999809265137,0
2013-05-20,36.759220123291016,22020000,10.452970504760742,88941700,37.81453323364258,24697300,27.860246658325195,18939000,123.13252258300781,4010100,18.03392219543457,11410100,132.82647705078125,85071200,13.020000457763672,0
2013-05-21,37.27239990234375,37112600,10.39880657196045,111810300,37.858497619628906,28171000,28.192909240722656,23049200,124.55056762695312,4077900,18.069894790649414,10442900,133.01748657226562,95804200,13.369999885559082,0
2013-05-22,37.70123291015625,46968300,10.298225402832031,174531500,37.374820709228516,44035800,27.79092788696289,30388300,123.4734878540039,6176200,17.767770767211914,18372500,132.03079223632812,244031800,13.819999694824219,0
2013-05-23,37.504398345947266,25294200,10.220855712890625,190522000,37.03038787841797,42219400,27.72856330871582,24730000,121.97793579101562,5619800,17.444063186645508,22658200,131.6488800048828,211064400,14.069999694824219,0
2013-05-24,37.72232437133789,18342300,10.244064331054688,83452600,37.023067474365234,23094900,27.887975692749023,17121900,122.99302673339844,3317100,17.515995025634766,11617400,131.53746032714844,151573900,13.989999771118164,0
2013-05-28,38.38312911987305,27162300,10.32917308807373,133553000,37.953765869140625,28201000,28.082019805908203,20993200,124.92089080810547,4471200,17.789342880249023,15357400,132.32518005371094,143679800,14.479999542236328,0
2013-05-29,38.432334899902344,20482600,10.429758071899414,126397300,38.31285095214844,30015100,28.241430282592773,22848100,126.607666015625,4969100,17.969188690185547,17451200,131.4658660888672,160363400,14.829999923706055,0
2013-05-30,39.10017395019531,24890800,10.70055866241455,153383400,39.038368225097656,30310100,28.587934494018555,22022700,127.75823974609375,4336200,18.57343292236328,21200700,131.951171875,107793800,14.529999732971191,0
2013-05-31,38.37609100341797,24990100,10.5690279006958,160176100,38.100337982177734,34618000,28.102806091308594,26904700,125.99366760253906,4404800,18.63097381591797,28330600,130.0574493408203,176850100,16.299999237060547,0
2013-06-03,38.305789947509766,28279600,10.483919143676758,197168200,38.07836151123047,35191300,28.22756576538086,23638000,127.1440658569336,4557300,18.451143264770508,26208200,130.77362060546875,168390700,16.280000686645508,0
2013-06-04,37.98945999145508,22022600,10.336913108825684,130055400,37.543373107910156,27899200,28.026573181152344,18708700,125.68267059326172,3977300,18.321653366088867,18632300,130.14500427246094,157631500,16.270000457763672,0
2013-06-05,37.279449462890625,24326000,10.13559341430664,185778900,36.6639404296875,38307500,27.596885681152344,21099300,123.05522155761719,4138300,18.005151748657227,21478400,128.3228302001953,211737800,17.5,0
2013-06-06,37.60984420776367,23940900,10.220768928527832,142361900,37.2502326965332,35143600,28.22063636779785,24721900,124.12799072265625,3243900,18.278499603271484,18339600,129.48455810546875,200225500,16.6299991607666,0
2013-06-07,38.15113067626953,21691000,10.36014175415039,121057300,37.81453323364258,30885500,28.587934494018555,23459300,129.04859924316406,5690300,19.422256469726562,32830300,131.13162231445312,188337800,15.140000343322754,0
2013-06-10,38.214412689208984,16007000,10.298197746276855,104648500,38.056365966796875,22354400,28.601797103881836,16340600,130.1991424560547,3914200,19.530155181884766,34956600,131.13162231445312,105667100,15.4399995803833,0
2013-06-11,37.602813720703125,17600800,10.158822059631348,106369100,36.605342864990234,51536900,28.179048538208008,18368500,126.94976806640625,3858100,18.767648696899414,25321300,129.77894592285156,159505400,17.06999969482422,0
2013-06-12,37.38489532470703,18479100,10.112367630004883,117289400,36.23158645629883,38569300,27.90876007080078,18320100,125.82267761230469,3243300,18.393596649169922,26046400,128.7047576904297,177361500,18.59000015258789,0
2013-06-13,38.080833435058594,17090200,10.228511810302734,103636400,36.8545036315918,34191300,28.37308692932129,17377700,128.90093994140625,3768500,18.969078063964844,19571900,130.66224670410156,163587800,16.40999984741211,0
2013-06-14,37.349727630615234,17185300,10.12010669708252,101380700,36.07035827636719,27362500,27.832521438598633,19475700,126.64659118652344,2970600,18.580617904663086,15473900,129.8426055908203,141197500,17.149999618530273,0
2013-06-17,37.85588073730469,16856600,10.228511810302734,115441500,36.17296600341797,32128600,28.144399642944336,15494200,127.5716552734375,2628300,18.853979110717773,15087100,130.84524536132812,136295600,16.799999237060547,0
2013-06-18,38.038665771484375,13259100,10.274967193603516,67257600,36.64931869506836,19535800,28.303787231445312,15784400,127.60275268554688,2060700,18.933103561401367,14805700,131.8795928955078,114695600,16.610000610351562,0
2013-06-19,37.644996643066406,20840000,10.213021278381348,103850000,36.29755401611328,32511000,28.179048538208008,20898800,125.58942413330078,3557100,18.78203582763672,18210200,130.0574493408203,206149500,16.639999389648438,0
2013-06-20,36.892799377441406,31857100,9.980733871459961,185741100,35.10301971435547,48678600,27.784011840820312,29302200,120.80865478515625,6488600,18.091474533081055,25968000,126.8348388671875,321255900,20.489999771118164,0
2013-06-21,36.52723693847656,44412200,9.825871467590332,196004700,34.34819030761719,76788800,28.386943817138672,38847800,119.9069595336914,5390200,17.91883087158203,35690500,127.24205780029297,271956800,18.899999618530273,0
2013-06-24,35.7961311340332,30736500,9.523894309997559,159762500,33.30023956298828,50809800,27.583026885986328,31047900,117.20951080322266,4013200,17.551971435546875,22715500,125.6341781616211,222329000,20.110000610351562,0
2013-06-25,36.611602783203125,20951400,9.810389518737793,132844500,34.44346237182617,38838900,27.929548263549805,22263000,118.98188018798828,3274600,18.005151748657227,19049600,126.84209442138672,162262200,18.469999313354492,0
2013-06-26,36.90685272216797,19332000,9.880071640014648,105282000,34.89049530029297,30623500,28.428539276123047,19405900,117.89361572265625,3580400,17.897245407104492,15125600,128.097900390625,134848000,17.209999084472656,0
2013-06-27,37.36379623413086,17093600,10.073650360107422,124616300,35.38149642944336,29309200,28.802776336669922,18800400,119.33164978027344,2654900,18.012344360351562,12139800,128.8498077392578,129483700,16.860000610351562,0
2013-06-28,37.110721588134766,18256000,9.957508087158203,90297100,35.15432357788086,28063600,28.601797103881836,20249300,117.57494354248047,3011300,17.573543548583984,18545200,128.32186889648438,160402900,16.860000610351562,0
2013-07-01,36.89982986450195,23511100,10.01170825958252,83146300,35.35951232910156,27234700,28.664175033569336,16177100,117.96355438232422,2496100,17.688636779785156,13776500,129.07376098632812,131954800,16.3700008392334,0
2013-07-02,37.38842010498047,23935300,9.988475799560547,83708600,35.28623580932617,26615400,28.567148208618164,15558700,117.31836700439453,3091600,17.580739974975586,18627700,128.95387268066406,154863700,16.440000534057617,0
2013-07-03,37.36716842651367,10442300,9.934270858764648,37971700,34.934471130371094,15269700,28.567148208618164,8074400,116.93744659423828,1267700,17.29300880432129,15395700,129.00982666015625,75216400,16.200000762939453,0
2013-07-05,38.231082916259766,17070200,10.112367630004883,80758500,35.56471252441406,21649800,29.156227111816406,14933800,119.1218032836914,2243700,17.674257278442383,15322700,130.4016571044922,122416900,14.890000343322754,0
2013-07-08,38.733829498291016,21786900,10.28271198272705,107441200,36.29020309448242,26617000,29.68294334411621,22830100,119.5649185180664,2699100,17.897245407104492,22795300,131.14556884765625,108092500,14.779999732971191,0
2013-07-09,38.86837387084961,20508700,10.476283073425293,106067300,36.79587173461914,29512900,29.592838287353516,22540600,121.99800872802734,3127100,18.30008888244629,20640600,132.0895233154297,119298000,14.350000381469727,0
2013-07-10,38.825897216796875,16915000,10.352397918701172,104353400,36.37082290649414,23768300,29.156227111816406,25414800,121.13513946533203,2430100,18.2281436920166,10066000,132.13748168945312,121410100,14.210000038146973,0
2013-07-11,39.04541778564453,21322600,10.460799217224121,93756500,36.67129898071289,31097900,29.031490325927734,32231700,122.59661865234375,2965700,18.379209518432617,14064000,133.9373016357422,135592200,14.010000228881836,0
2013-07-12,38.92503356933594,32569200,10.669862747192383,123958400,37.235572814941406,26672500,29.54433250427246,35799500,124.46224975585938,2844600,18.796424865722656,15134200,133.9932861328125,104212700,13.84000015258789,0
2013-07-15,38.86837387084961,28292000,10.747291564941406,90765200,37.96841812133789,57329500,30.0433292388916,21926700,126.7087631225586,4129900,19.199264526367188,18378800,134.50521850585938,69450600,13.789999961853027,0
2013-07-16,38.95336151123047,19222700,10.778265953063965,146041900,37.983089447021484,33099000,29.814619064331055,21829100,124.56330108642578,5972700,18.976261138916016,19035300,134.00128173828125,88702100,14.420000076293945,0
2013-07-17,39.13747024536133,19166600,11.080244064331055,249674500,37.953765869140625,34814200,30.15422821044922,23959200,125.54278564453125,3715000,19.09136199951172,15826000,134.34523010253906,92873900,13.779999732971191,0
2013-07-18,39.91638946533203,24563100,11.428678512573242,221796400,38.61331558227539,33211400,30.777956008911133,23443500,127.5327377319336,3462700,19.925798416137695,36282000,135.0811767578125,103620100,13.770000457763672,0
2013-07-19,39.76769256591797,17762600,11.42093276977539,136196600,38.36415100097656,21762600,30.805660247802734,18904400,127.76603698730469,3329700,19.853857040405273,17528300,135.32110595703125,103831700,12.539999961853027,0
2013-07-22,40.05091857910156,15999700,11.552562713623047,112416800,38.84048843383789,20047200,30.930419921875,18409400,129.23516845703125,2741100,19.861059188842773,11820700,135.58502197265625,79428600,12.289999961853027,0
2013-07-23,40.12881088256836,10577100,11.568048477172852,113736000,38.7525520324707,19492100,30.888837814331055,13431500,129.24295043945312,2545400,20.004924774169922,13093200,135.29713439941406,80829700,12.65999984741211,0
2013-07-24,40.10049819946289,16665000,11.389962196350098,117771100,38.24690628051758,22674500,30.708646774291992,17947800,128.29461669921875,2548100,19.947376251220703,17560700,134.8012237548828,112914000,13.180000305175781,0
2013-07-25,40.00844192504883,13870200,11.482879638671875,89243300,38.591331481933594,23057000,30.251235961914062,29467400,128.9709014892578,2236200,19.968955993652344,12866600,135.129150390625,111088600,12.970000267028809,0
2013-07-26,39.68980026245117,16762300,11.40544605255127,73777800,38.26156234741211,16248100,30.15422821044922,18503800,128.4656219482422,2372200,19.925798416137695,14850700,135.27316284179688,107814600,12.720000267028809,0
2013-07-29,39.43486022949219,10049100,11.242843627929688,88616700,37.843841552734375,16327800,29.97402000427246,12402400,126.8409423828125,2823600,19.680774688720703,12764100,134.8572235107422,79695000,13.390000343322754,0
2013-07-30,39.179962158203125,14207400,11.242843627929688,71675200,37.946434020996094,16099700,29.9809513092041,18579200,126.26567840576172,2553300,19.507823944091797,13304700,134.8572235107422,85209600,13.390000343322754,0
2013-07-31,39.46319580078125,19404900,11.30478572845459,128182500,38.210269927978516,27860500,30.14728355407715,25488500,127.50949096679688,3700300,19.60871124267578,16452900,134.9532012939453,142388700,13.449999809265137,0
2013-08-01,40.03675842285156,15979400,11.575791358947754,108554200,38.74533462524414,20583300,30.673994064331055,19822300,130.1991424560547,3251900,20.12036895751953,13316200,136.51303100585938,110438400,12.9399995803833,0
2013-08-02,40.001365661621094,11007300,11.490619659423828,83367400,38.84794998168945,15440000,30.833398818969727,13506500,130.3002166748047,1866700,20.069921493530273,8442000,136.74490356445312,91116700,11.979999542236328,0
2013-08-05,39.72517776489258,9370200,11.459648132324219,61711900,38.75265121459961,10699700,30.72944450378418,14162200,130.8442840576172,2618400,20.069921493530273,6868400,136.54501342773438,54072700,11.84000015258789,0
2013-08-06,39.29325866699219,10588600,11.335758209228516,84249800,37.73382568359375,23692600,30.514589309692383,13788000,128.09237670898438,3598500,19.680774688720703,9181400,135.76898193359375,87495000,12.720000267028809,0
2013-08-07,39.15869903564453,12828400,11.250581741333008,128693600,37.748470306396484,18613400,30.193603515625,18578700,127.05858612060547,2131000,19.507823944091797,9172200,135.3291015625,84854700,12.979999542236328,0
2013-08-08,38.825897216796875,18587100,11.312528610229492,88544100,37.95371627807617,18623800,30.15872573852539,18704100,126.58441162109375,2818400,19.399728775024414,12365400,135.8250732421875,102181300,12.729999542236328,0
2013-08-09,38.60637283325195,12652500,11.188642501831055,72897900,37.616546630859375,15613000,30.165687561035156,10716100,126.03257751464844,2012000,19.284425735473633,8314800,135.43310546875,91757700,13.40999984741211,0
2013-08-12,38.30189514160156,15133000,11.157670974731445,60867500,37.308692932128906,17413200,30.144752502441406,11087600,125.69046020507812,1982000,19.183534622192383,9603200,135.27316284179688,68593300,12.8100004196167,0
2013-08-13,38.443519592285156,15078100,11.235099792480469,75777900,37.946388244628906,23814200,30.228492736816406,12733900,127.26072692871094,2309600,19.428552627563477,10159000,135.67308044433594,80806000,12.3100004196167,0
2013-08-14,38.3443717956543,15785800,11.30478572845459,78553700,37.8144416809082,17240200,30.074993133544922,13772000,126.97307586669922,1667400,19.30603790283203,7221000,134.97715759277344,79829200,13.039999961853027,0
2013-08-15,37.73541259765625,16933200,11.087983131408691,99238900,37.27937316894531,26231400,29.998214721679688,17748800,124.95978546142578,2206900,18.996166229248047,11316800,133.0894012451172,152931800,14.729999542236328,0
2013-08-16,37.73541259765625,17139000,11.165412902832031,104959000,36.905555725097656,23497000,29.830764770507812,16238000,124.88978576660156,2024300,19.075441360473633,10512900,132.64938354492188,130868200,14.369999885559082,0
2013-08-19,36.7015495300293,22793300,10.956348419189453,98384600,36.15791320800781,22958800,29.64933967590332,15873700,123.3117446899414,2228400,18.599809646606445,9602300,131.80145263671875,96437600,15.100000381469727,0
2013-08-20,36.906898498535156,18701500,11.064756393432617,114332500,36.590362548828125,29313400,29.719118118286133,15113700,124.03472137451172,2288700,18.96013641357422,13977600,132.44943237304688,89294400,14.90999984741211,0
2013-08-21,36.559932708740234,17136200,11.103466987609863,91680600,36.03330993652344,30669600,29.55862045288086,14586200,122.13014221191406,3053800,18.74393653869629,16496700,131.633544921875,159530500,15.9399995803833,0
2013-08-22,36.97063446044922,14658500,11.28155517578125,76348300,36.58304977416992,22411800,29.642345428466797,14037600,123.91808319091797,2302700,18.895275115966797,9938700,132.8334197998047,101471400,14.760000228881836,0
2013-08-23,37.04851531982422,11126800,11.28155517578125,67699200,36.524410247802734,15302800,29.837736129760742,12161600,123.32734680175781,1495800,18.967342376708984,7089400,133.28134155273438,90888900,13.979999542236328,0
2013-08-26,36.680301666259766,16548400,11.21961498260498,68938900,36.35581970214844,16604100,29.579544067382812,10107000,122.74430847167969,1885200,19.010581970214844,8665100,132.785400390625,89702100,14.989999771118164,0
2013-08-27,35.83056640625,23596800,10.925376892089844,122534200,35.35896301269531,29854200,28.68636703491211,19230000,119.114013671875,3672000,18.340383529663086,13209000,130.649658203125,158619400,16.770000457763672,0
2013-08-28,35.816402435302734,18748100,10.933125495910645,96473600,35.410274505615234,29616600,28.784055709838867,13927000,119.30123138427734,2343200,18.434066772460938,10091400,131.11358642578125,108113000,16.489999771118164,0
2013-08-29,35.901390075683594,13576000,10.971840858459473,76691500,35.527549743652344,17293800,28.784055709838867,10512600,119.8159408569336,2133000,18.671886444091797,9225700,131.3215789794922,119200500,16.809999465942383,0
2013-08-30,35.78099822998047,15863100,10.933125495910645,73233400,35.424922943115234,24902000,28.665428161621094,15031800,118.64610290527344,2234000,18.563779830932617,10285900,130.90560913085938,134928900,17.010000228881836,0
2013-09-03,36.205867767333984,15277200,11.033781051635742,74628700,36.18723678588867,28906900,28.88174819946289,15949300,120.69725799560547,2464800,18.93131446838379,12810100,131.49758911132812,142375100,16.610000610351562,0
2013-09-04,36.729862213134766,19923800,11.095769882202148,71132500,36.35581970214844,18949600,28.958511352539062,12465000,121.46156311035156,2194200,19.104267120361328,9621600,132.58541870117188,97389400,15.880000114440918,0
2013-09-05,36.899837493896484,13913200,11.13451099395752,71229200,36.54639434814453,17765800,29.18181037902832,11331000,121.79688262939453,2443900,19.205150604248047,9483700,132.75338745117188,63090500,15.770000457763672,0
2013-09-06,37.21846008300781,22339900,11.126763343811035,75513100,36.07727813720703,24627200,28.909671783447266,14548700,122.1790542602539,2464000,19.320453643798828,12356100,132.81741333007812,159756500,15.850000381469727,0
2013-09-09,37.430912017822266,19936400,11.219743728637695,53447300,36.71498489379883,22388100,29.11202621459961,27418600,124.38616943359375,2150400,19.77446174621582,12704300,134.08926391601562,87559300,15.630000114440918,0
2013-09-10,38.00447463989258,20233200,11.320473670959473,93180300,37.447959899902344,24843900,29.621408462524414,18702300,128.79261779785156,5265900,20.206846237182617,18153100,135.0811767578125,105847200,14.529999732971191,0
2013-09-11,37.71415328979492,16028600,11.351468086242676,81098900,37.1840934753418,22251600,29.65630531311035,14707900,128.7301788330078,2233100,20.358182907104492,14901500,135.50511169433594,94545900,13.819999694824219,0
2013-09-12,36.99187469482422,21976700,11.219743728637695,63355900,36.83958435058594,21341600,29.488828659057617,14499500,127.39659881591797,2690000,20.192441940307617,8353700,135.14512634277344,83209000,14.289999961853027,0
2013-09-13,37.23970413208008,11942900,11.227495193481445,56793400,37.008174896240234,12571800,29.43998146057129,9986500,127.90348815917969,2231500,20.27170753479004,6883600,135.44911193847656,72727800,14.15999984741211,0
2013-09-16,37.629173278808594,17055300,11.25848388671875,65276500,37.381988525390625,19369100,29.92844581604004,19286200,130.2666015625,3553100,20.7040958404541,19752900,136.23306274414062,106299200,14.380000114440918,0
2013-09-17,37.59377670288086,13207000,11.2739839553833,73686100,37.528587341308594,15469000,29.900522232055664,16850300,130.57073974609375,2653700,20.905868530273438,12886500,136.84100341796875,82523300,14.529999732971191,0
2013-09-18,37.82037353515625,20844500,11.39795970916748,127092600,38.268898010253906,31901700,30.221529006958008,23921600,131.06991577148438,3422400,20.913084030151367,15229500,138.42477416992188,203460600,13.59000015258789,0
2013-09-19,37.35302734375,22452200,11.320473670959473,79710700,38.07832717895508,25368500,29.977293014526367,15953300,130.8515167236328,3534700,20.610408782958984,15502700,138.19277954101562,146616900,13.15999984741211,0
2013-09-20,37.38842010498047,30792200,11.188751220703125,145174800,37.535911560058594,28157600,29.900522232055664,32062300,132.387939453125,20410100,20.31494903564453,23730200,137.22657775878906,132867100,13.119999885559082,0
2013-09-23,36.43954086303711,28189500,10.956298828125,127283100,36.333831787109375,34571800,29.523719787597656,16474300,128.87841796875,4816200,19.615915298461914,23544400,136.5916290283203,104616500,14.3100004196167,0
2013-09-24,35.63228988647461,34906900,10.917556762695312,96912800,35.886714935302734,26564600,29.11899757385254,22392800,127.10021209716797,3422600,19.651948928833008,17115700,136.27015686035156,106333100,14.079999923706055,0
2013-09-25,36.6094970703125,39175500,10.956298828125,86546100,36.106605529785156,26930400,29.17483139038086,19188200,126.5854721069336,3614600,19.615915298461914,16379800,135.876220703125,117306500,14.010000228881836,0
2013-09-26,36.744041442871094,22298700,10.909806251525879,89352900,35.864723205566406,23345400,29.035268783569336,20495000,126.56987762451172,2711400,19.56547737121582,12894500,136.3987274169922,77146900,14.0600004196167,0
2013-09-27,36.99187469482422,23026000,10.770334243774414,79156000,35.83539962768555,20243100,29.021299362182617,20034100,124.66694641113281,3679100,19.515029907226562,12110000,135.77175903320312,99141800,15.460000038146973,0
2013-09-30,36.60243606567383,21350600,10.692850112915039,104439900,35.55686950683594,23789300,28.832904815673828,20358800,123.38787078857422,2803600,19.42134666442871,13654200,135.0482635498047,143937000,16.600000381469727,0
2013-10-01,36.793601989746094,19188000,10.770334243774414,57631000,35.62283706665039,21040400,28.951536178588867,12771100,124.00401306152344,2465300,19.558271408081055,9559900,136.11737060546875,127160000,15.539999961853027,0
2013-10-02,37.15740203857422,23841200,10.894309043884277,89186300,35.70346450805664,23568300,28.79103660583496,17782400,123.74661254882812,2431000,19.543859481811523,11894500,135.98873901367188,113350000,16.600000381469727,0
2013-10-03,37.05039978027344,18614500,10.847819328308105,95269000,35.47623825073242,22013300,28.609615325927734,19049600,122.32720947265625,2949500,19.349271774291992,13279700,134.73480224609375,176698000,17.670000076293945,0
2013-10-04,37.57113265991211,17407200,10.88656234741211,63495400,36.01864242553711,18436000,28.818946838378906,12329500,122.09320831298828,2984500,19.450176239013672,11738500,135.7556610107422,96878000,16.739999771118164,0
2013-10-07,36.97194290161133,16159300,10.700600624084473,64822700,35.31498718261719,19144300,28.34444236755371,15290200,120.29949188232422,2618000,19.342071533203125,13353400,134.58212280273438,96295000,19.40999984741211,0
2013-10-08,36.28713607788086,19536000,10.607612609863281,92746200,34.9411735534668,24655300,28.079288482666016,19256200,119.36361694335938,2917200,19.133085250854492,16446500,133.01470947265625,178015000,20.34000015258789,0
2013-10-09,36.2015495300293,24721200,10.723845481872559,96012800,35.146400451660156,22597700,28.16301918029785,17031000,120.44766998291016,3227500,19.2916316986084,14190700,133.11111450195312,168973000,19.600000381469727,0
2013-10-10,37.464134216308594,24328700,11.026032447814941,102305800,36.11392593383789,23989600,28.916643142700195,26580700,123.23192596435547,3639000,19.91859245300293,14463000,135.98069763183594,195955000,16.479999542236328,0
2013-10-11,37.45700454711914,32498800,10.995039939880371,83422000,36.07727813720703,22990000,28.909671783447266,46034600,124.78385162353516,3124900,20.14199447631836,11202500,136.85687255859375,105040000,15.720000267028809,0
2013-10-14,37.59965896606445,18881600,11.119016647338867,78367500,36.35581970214844,24765900,29.132953643798828,17183700,124.36279296875,2428100,20.3077392578125,11927000,137.40345764160156,112106000,16.06999969482422,0
2013-10-15,37.3143310546875,17566500,11.033781051635742,102099300,35.81341552734375,49035600,28.986431121826172,17256600,122.93556213378906,3038000,20.170814514160156,12513600,136.40672302246094,155485000,18.65999984741211,0
2013-10-16,38.51986312866211,24864000,11.281736373901367,153481000,37.26470947265625,41564100,29.45394515991211,25931800,126.53870391845703,3649300,20.63202476501465,15465200,138.31178283691406,161676000,14.710000038146973,0
2013-10-17,38.66967010498047,17791000,11.359216690063477,94090800,37.469940185546875,28304600,29.78190040588379,18826200,123.47370147705078,7522100,20.848220825195312,19157100,139.23619079589844,129389000,13.479999542236328,0
2013-10-18,38.733856201171875,24796600,11.33597183227539,96986400,37.491939544677734,24565300,29.78190040588379,17581300,123.76223754882812,4982100,21.395902633666992,32411500,140.17662048339844,138316000,13.039999961853027,0
2013-10-21,38.712467193603516,19471700,11.250739097595215,91280600,37.403987884521484,18703100,29.740039825439453,16457100,124.60452270507812,2695400,21.208545684814453,14547200,140.18463134765625,104104000,13.15999984741211,0
2013-10-22,38.248809814453125,24820900,11.250739097595215,102836000,37.20608139038086,27816600,29.963336944580078,18654300,124.19898986816406,3239400,21.23015594482422,13076100,140.99656677246094,126663000,13.329999923706055,0
2013-10-23,37.628196716308594,21034400,11.010540008544922,108529700,36.78827667236328,19530800,29.837736129760742,13612900,123.02134704589844,2735800,20.956323623657227,13240400,140.32135009765625,105484000,13.420000076293945,0
2013-10-24,37.43560028076172,17759000,10.97954273223877,92566100,36.75895309448242,20034600,29.788881301879883,13956600,124.75273895263672,2591000,21.179716110229492,8932200,140.78750610351562,70350000,13.199999809265137,0
2013-10-25,37.642478942871094,20889600,11.04927921295166,58592400,36.6930046081543,16736600,29.907512664794922,19831600,126.41388702392578,3721000,21.06441307067871,13311400,141.43055725097656,93625000,13.09000015258789,0
2013-10-28,37.57826614379883,14836800,11.026032447814941,62328000,36.75895309448242,15543300,29.886577606201172,12704500,125.91474914550781,3341500,20.877050399780273,10599400,141.65562438964844,84979000,13.3100004196167,0
2013-10-29,37.613948822021484,23363100,10.964042663574219,79563100,36.810272216796875,16416100,29.977293014526367,13105700,126.42951965332031,3702100,21.19468116760254,12035000,142.41116333007812,87401000,13.40999984741211,0
2013-10-30,37.52119445800781,16157200,10.97954273223877,76624200,36.56837844848633,22429200,30.074993133544922,16039700,126.38272857666016,2344200,21.014202117919922,9718200,141.70384216308594,140002000,13.649999618530273,0
2013-10-31,36.76507568359375,23738000,10.824575424194336,105713400,35.76194763183594,25056900,29.788881301879883,18760200,125.4546127319336,2785000,20.739891052246094,10357500,141.3019561767578,133795000,13.75,0
2013-11-01,37.45700454711914,25794400,10.86331844329834,75610400,35.73262023925781,19004100,29.774921417236328,15538700,126.38272857666016,2738400,21.079174041748047,14964200,141.63951110839844,142805000,13.279999732971191,0
2013-11-04,37.121742248535156,18891300,10.878811836242676,53063200,35.6519775390625,16513900,29.795860290527344,11921600,127.24840545654297,1711000,21.180240631103516,12224300,142.13790893554688,85677000,12.930000305175781,0
2013-11-05,37.057533264160156,14532200,10.7935791015625,71809700,35.468692779541016,18394200,29.74701499938965,16603700,126.3046875,2529400,20.927576065063477,11053100,141.68777465820312,85825000,13.270000457763672,0
2013-11-06,37.16454315185547,14013000,10.816822052001953,66712900,35.6446418762207,17621500,29.824323654174805,14751500,127.5291976928711,3593700,21.028640747070312,8972300,142.41116333007812,87348000,12.670000076293945,0
2013-11-07,36.84354019165039,17348900,10.692850112915039,80775000,35.446693420410156,26954900,29.31131935119629,22432500,124.50320434570312,3490300,20.732667922973633,14274200,140.61068725585938,157000000,13.90999984741211,0
2013-11-08,38.4913215637207,31183100,11.095769882202148,158227300,36.61237335205078,35134400,30.014060974121094,23461300,127.25619506835938,3856000,21.252429962158203,16730400,142.5076141357422,136713000,12.899999618530273,0
2013-11-11,38.591190338134766,12062800,11.157757759094238,66357400,36.78099060058594,16831200,30.042160034179688,11764400,127.77871704101562,2289000,21.721656799316406,13978000,142.53176879882812,62614000,12.529999732971191,0
2013-11-12,38.49845886230469,15964800,11.095769882202148,69498300,36.304447174072266,21627500,29.71187973022461,13376800,127.037841796875,2239600,21.48343276977539,14450800,142.24240112304688,83990000,12.819999694824219,0
2013-11-13,38.61973190307617,22121900,11.343717575073242,128018500,36.649024963378906,23536400,30.049190521240234,24062300,127.07679748535156,3398300,21.692781448364258,9418300,143.3838348388672,103844000,12.520000457763672,0
2013-11-14,38.80519485473633,17634000,11.467695236206055,128999400,36.81032180786133,21758300,30.281097412109375,17831300,127.27954864501953,3648200,21.902128219604492,10196200,144.0991973876953,103435000,12.369999885559082,0
2013-11-15,39.14046096801758,20530100,11.560674667358398,105475300,36.949607849121094,22217400,30.597333908081055,23401200,128.2154541015625,2667200,21.873258590698242,10581700,144.72613525390625,102818000,12.1899995803833,0
2013-11-18,39.761051177978516,22318800,11.560674667358398,145554400,37.235511779785156,26353400,30.50597381591797,13116600,129.21372985839844,3555000,21.894912719726562,11378200,144.2198028564453,104796000,13.100000381469727,0
2013-11-19,40.05352783203125,22979900,11.777633666992188,161505600,37.51411056518555,20113300,30.61140251159668,14700500,129.93125915527344,2691900,21.902128219604492,10027100,143.90634155273438,93891000,13.390000343322754,0
2013-11-20,40.01786422729492,17682800,11.731142044067383,107174900,37.220863342285156,18347200,30.65355110168457,15790600,128.68338012695312,2793100,21.851600646972656,11529700,143.4561767578125,124909000,13.399999618530273,0
2013-11-21,40.816795349121094,22843600,12.079822540283203,142053600,37.9246826171875,22868900,30.97682762145996,16441600,130.29782104492188,3158500,22.29916763305664,10493200,144.61367797851562,92841000,12.65999984741211,0
2013-11-22,40.987998962402344,16730600,12.118563652038574,110331100,38.42319107055664,26051300,31.17357063293457,11035100,131.10110473632812,2680500,22.6240234375,10565400,145.33706665039062,81296000,12.260000228881836,0
2013-11-25,41.12353515625,18649600,12.250289916992188,153765500,39.06834030151367,32610000,31.257915496826172,12363900,132.17739868164062,3101700,22.76839828491211,13062400,145.1924591064453,79486000,12.789999961853027,0
2013-11-26,40.78112030029297,16263300,12.30452823638916,114833700,38.863067626953125,17661000,31.138444900512695,13429900,131.0542755126953,2953400,22.660114288330078,9192700,145.23257446289062,86994000,12.8100004196167,0
2013-11-27,41.002254486083984,11238900,12.265785217285156,75503600,38.89240264892578,13075200,31.110332489013672,13655800,131.62550354003906,2285300,22.67455291748047,5116400,145.58628845214844,58800000,12.979999542236328,0
2013-11-29,40.816795349121094,7128800,12.258035659790039,44288400,38.79708480834961,10952100,30.934650421142578,9770200,132.18893432617188,2018700,22.59514617919922,5445900,145.48980712890625,55870900,13.699999809265137,0
2013-12-02,40.64558029174805,12465300,12.188298225402832,92987400,38.577152252197266,19854900,31.047082901000977,16740500,132.79916381835938,3121100,22.688989639282227,9975700,145.1119842529297,99726000,14.229999542236328,0
2013-12-03,40.55998992919922,20426800,12.0410795211792,106450300,38.21792221069336,20588400,30.730857849121094,22404100,131.492431640625,3288200,22.356922149658203,11249500,144.4850616455078,116563000,14.550000190734863,0
2013-12-04,40.79538345336914,20287200,12.118614196777344,96678100,38.151947021484375,32155300,30.74489974975586,18009600,132.0010528564453,2328200,22.4724178314209,7967000,144.468994140625,123033000,14.699999809265137,0
2013-12-05,39.818119049072266,21324900,11.963543891906738,95230500,37.4334716796875,23556900,30.3935489654541,19048900,129.5441436767578,3564100,21.808286666870117,14406800,143.83389282226562,106934000,15.079999923706055,0
2013-12-06,39.98933029174805,18661200,12.064343452453613,92203100,37.74871826171875,19714300,30.997892379760742,16909700,130.8352508544922,2708500,21.988759994506836,12761400,145.44161987304688,127728000,13.789999961853027,0
2013-12-09,40.31032943725586,12714000,12.079849243164062,50167200,38.2032470703125,16653500,31.14547348022461,14011200,131.1951141357422,2589500,21.938232421875,8486800,145.81137084960938,70124000,13.489999771118164,0
2013-12-10,40.44586181640625,14543700,12.064343452453613,67486300,37.93199157714844,20025700,30.997892379760742,14352400,132.8070526123047,4235400,22.212539672851562,13249000,145.28883361816406,80976000,13.90999984741211,0
2013-12-11,39.99646759033203,17836100,11.823986053466797,117565000,37.1768798828125,24600000,30.58327865600586,18230100,131.140380859375,2977100,21.74331283569336,10097200,143.65713500976562,130591000,15.420000076293945,0
2013-12-12,40.167667388916016,15325300,11.823986053466797,76113900,37.323490142822266,27240800,30.569232940673828,13744200,131.71156311035156,2911900,22.00319480895996,10114700,143.18283081054688,115565000,15.539999961853027,0
2013-12-13,40.06779098510742,11461300,11.769708633422852,61575600,37.36749267578125,16743600,30.730857849121094,14097300,131.75852966308594,2490600,22.443544387817383,12345400,143.16676330566406,107808000,15.760000228881836,0
2013-12-16,40.246124267578125,26379200,11.816228866577148,71467000,37.3161735534668,20312000,30.906539916992188,13254200,133.76162719726562,2980000,22.320823669433594,8646700,144.05902099609375,96195000,16.030000686645508,0
2013-12-17,39.746795654296875,18338500,11.769708633422852,74247300,37.162208557128906,17951700,30.632476806640625,13376100,133.40171813964844,2856700,22.032073974609375,10009200,143.60086059570312,89886000,16.209999084472656,0
2013-12-18,40.831050872802734,27685900,12.16513729095459,152929300,38.09329605102539,32921300,31.574140548706055,28008400,136.8053436279297,4509600,22.82615089416504,18392200,146.0524444580078,234906000,13.800000190734863,0
2013-12-19,40.82392501831055,16790000,12.211654663085938,97776100,38.034637451171875,20127100,31.63739013671875,17713600,136.7506561279297,3094400,22.27751350402832,20841100,145.88368225097656,136531200,14.149999618530273,0
2013-12-20,41.15919876098633,22001700,12.095355987548828,131956000,38.276573181152344,27871300,31.595218658447266,29401400,137.05577087402344,3754300,22.328044891357422,14922700,146.73228454589844,197087000,13.789999961853027,0
2013-12-23,41.54439926147461,13990600,12.16513729095459,52565800,38.42319107055664,13627500,31.770902633666992,13037300,138.0807647705078,1585300,22.45798110961914,7199500,147.5162353515625,85598000,13.039999961853027,0
2013-12-24,41.551517486572266,4532600,12.17288589477539,21770400,38.4378662109375,5302600,31.897403717041016,4355300,137.8382110595703,781300,22.38579750061035,4545700,147.83946228027344,45368800,12.479999542236328,0
2013-12-26,41.51585006713867,6677000,12.134119033813477,48803600,38.379207611083984,8882900,32.00282287597656,7309800,138.06520080566406,1320100,22.450767517089844,5408700,148.59107971191406,63365000,12.329999923706055,0
2013-12-27,41.473060607910156,8943700,12.149629592895508,40049300,38.3132209777832,11814500,31.97469139099121,6843900,137.98684692382812,1716900,22.42188835144043,4116200,148.58303833007812,61814000,12.460000038146973,0
2013-12-30,41.3375244140625,8815800,12.048832893371582,56218800,38.0639533996582,11506000,31.97469139099121,11321400,137.50177001953125,1241000,22.27029037475586,6201200,148.55874633789062,56857000,13.5600004196167,0
2013-12-31,41.715576171875,11017400,12.072092056274414,57188900,38.2032470703125,10706800,31.904430389404297,13243500,138.69898986816406,1663900,22.638450622558594,8457100,149.26181030273438,86119900,13.720000267028809,0
2014-01-02,41.79457092285156,15627600,12.483023643493652,148709900,38.320552825927734,16479700,31.63739013671875,17333100,138.40940856933594,1982100,22.400236129760742,9674500,147.83139038085938,119636900,14.229999542236328,0
2014-01-03,42.117671966552734,14214100,12.723381996154785,129921800,39.14898681640625,26884900,31.86227035522461,14693800,139.39532470703125,2147400,22.74674415588379,7809100,147.80711364746094,81390600,13.760000228881836,0
2014-01-06,42.36178970336914,17550700,12.917216300964355,114431300,39.44957733154297,28503100,31.918487548828125,18438900,140.3499298095703,2954000,22.82615089416504,8971400,147.3787841796875,108028200,13.550000190734863,0
2014-01-07,41.873538970947266,17851200,12.793164253234863,110605100,39.7208251953125,28840400,31.904430389404297,16897000,139.50485229492188,2734700,22.75395965576172,9135600,148.28395080566406,86144200,12.920000076293945,0
2014-01-08,42.26844024658203,14687400,12.85519027709961,101036400,40.18269729614258,25989800,32.269866943359375,20850700,139.62225341796875,2208600,22.782835006713867,8891300,148.3162841796875,96582300,12.869999885559082,0
2014-01-09,42.189456939697266,13242500,13.049022674560547,100947200,40.46862030029297,21803700,32.43850326538086,14229900,138.80848693847656,2149500,22.77561378479004,7274700,148.41326904296875,90683400,12.890000343322754,0
2014-01-10,41.9955940246582,12694900,13.002506256103516,87454100,40.11670684814453,22485900,32.283912658691406,15386700,139.58314514160156,2506500,22.59514617919922,10426500,148.8173065185547,102026400,12.140000343322754,0
2014-01-13,41.42839050292969,20711600,12.7388916015625,90025400,39.383583068847656,21110300,32.01686477661133,20950900,137.619140625,2823800,22.284732818603516,9520100,146.83731079101562,149892000,13.279999732971191,0
2014-01-14,41.45711898803711,30272400,13.002506256103516,97786600,39.552215576171875,17771000,32.03795623779297,28487500,138.18255615234375,2208800,22.450767517089844,13621400,148.43753051757812,105016100,12.279999732971191,0
2014-01-15,42.713600158691406,35186600,13.297133445739746,329333100,40.31467056274414,33688100,32.607181549072266,27394500,139.86477661132812,3540200,23.259281158447266,17311400,149.23760986328125,98525800,12.279999732971191,0
2014-01-16,42.3546142578125,21689400,13.242863655090332,163613100,38.562496185302734,62946800,32.60013961791992,12892600,137.0636444091797,4712200,23.100465774536133,21828600,149.0436248779297,72290600,12.529999732971191,0
2014-01-17,41.72277069091797,20997900,13.18858814239502,96232200,38.320552825927734,33934500,32.60013961791992,15168200,137.93212890625,3451000,24.11111068725586,32022900,148.41326904296875,107848700,12.4399995803833,0
2014-01-21,41.7658576965332,19548300,13.18858814239502,118269200,38.012638092041016,27567400,32.67743682861328,15533900,135.5221405029297,5141200,23.555255889892578,18508300,148.84967041015625,88621200,12.869999885559082,0
2014-01-22,41.34940719604492,15433500,13.297133445739746,68114400,38.04930114746094,20841100,32.79692077636719,11817300,135.89772033691406,2476900,23.309812545776367,12181200,148.94668579101562,61270900,12.84000015258789,0
2014-01-23,40.54524612426758,26234600,13.072286605834961,123765900,37.18421173095703,34832200,32.5720329284668,19825200,133.60513305664062,3977700,22.725080490112305,16317000,147.726318359375,132496900,13.770000457763672,0
2014-01-24,39.554420471191406,26833100,12.75439739227295,112899300,36.1651725769043,59057100,31.960643768310547,20115400,131.17166137695312,4156200,21.981538772583008,23386100,144.57447814941406,208677100,18.139999389648438,0
2014-01-27,39.554420471191406,23935000,12.645844459533691,134872600,35.783935546875,39675300,31.99578094482422,21323600,128.86343383789062,5589600,21.635028839111328,16709400,143.86322021484375,180843100,17.420000076293945,0
2014-01-28,40.02111053466797,18041000,12.971488952636719,92891300,36.363101959228516,24780900,32.297969818115234,16117300,130.08404541015625,3170400,21.750526428222656,15793800,144.71995544433594,110463200,15.800000190734863,0
2014-01-29,39.870330810546875,25459000,12.932719230651855,130026900,35.24876022338867,54018100,32.03795623779297,20428800,128.2452850341797,3473700,21.64929962158203,18872800,143.32989501953125,216597300,17.350000381469727,0
2014-01-30,40.207786560058594,17031100,13.126559257507324,91028200,35.41740417480469,39940700,32.36122131347656,12623600,129.7632293701172,2829400,21.67822265625,13067900,144.8491973876953,118938100,17.290000915527344,0
2014-01-31,39.748260498046875,18174000,12.986998558044434,139432100,34.77946090698242,33425100,31.86227035522461,27251200,128.4174041748047,3415500,21.338369369506836,13113100,144.0006103515625,194677900,18.40999984741211,0
2014-02-03,38.9943962097168,28549900,12.676856994628906,159981200,33.98017501831055,42977600,31.22277069091797,29540200,125.0528564453125,5079700,20.933443069458008,17496800,140.75982666015625,254837100,21.440000534057617,0
2014-02-04,39.453895568847656,20709300,12.676856994628906,125337000,34.30282974243164,31286900,31.461694717407227,20744800,126.57079315185547,3346600,20.984058380126953,18774900,141.74581909179688,165012400,19.110000610351562,0
2014-02-05,39.64057540893555,19491600,12.715628623962402,110576200,34.508148193359375,32535500,31.29191780090332,21998800,125.52235412597656,3212900,21.09975242614746,17309700,141.5680694580078,164230500,19.950000762939453,0
2014-02-06,40.55243682861328,20881600,12.940478324890137,110029100,35.38074493408203,33905600,31.681015014648438,21043100,126.56298065185547,3798000,21.46851921081543,14769800,143.4349365234375,132877600,17.229999542236328,0
2014-02-07,40.6529541015625,23388500,13.041275978088379,122571100,36.180015563964844,37875700,32.098426818847656,16773000,126.70384216308594,4879900,21.46851921081543,14752000,145.21286010742188,170787200,15.289999961853027,0
2014-02-10,40.73911666870117,14715200,12.963735580444336,95792500,36.16535949707031,19630100,32.204559326171875,12501500,125.97615051269531,4321700,21.47575569152832,7822400,145.47962951660156,92218800,15.260000228881836,0
2014-02-11,41.23454284667969,18774100,13.08779239654541,92617500,36.4146728515625,22982800,32.52292251586914,13561100,128.62864685058594,4996300,21.887924194335938,15797600,147.07168579101562,117814100,14.510000228881836,0
2014-02-12,41.29915237426758,13437900,12.986998558044434,96948900,36.6346435546875,23626300,32.537078857421875,12175700,127.93231964111328,3046600,21.808378219604492,9347600,147.1443634033203,94717700,14.300000190734863,0
2014-02-13,41.66533279418945,16605500,12.986998558044434,95756900,36.56132507324219,20639800,32.53000259399414,14597400,128.3704833984375,3119600,21.627605438232422,15577200,147.9041290283203,100542200,14.140000343322754,0
2014-02-14,41.7514762878418,13067300,12.94822883605957,100684300,36.3120002746582,18780600,32.636131286621094,11165300,128.1044158935547,3287900,21.46851921081543,10138600,148.72036743164062,96498400,13.569999694824219,0
2014-02-18,41.9955940246582,14983800,12.769902229309082,121778600,36.209354400634766,16217800,32.636131286621094,12120400,128.83212280273438,3399900,21.374521255493164,10902500,148.898193359375,80460900,13.869999885559082,0
2014-02-19,41.11246871948242,18669900,12.560559272766113,137734500,35.33674240112305,30294400,32.21163558959961,16187900,127.74452209472656,3669700,20.9406681060791,17136200,147.9121856689453,126524300,15.5,0
2014-02-20,41.34223175048828,12457000,12.638091087341309,107425900,35.29274368286133,25234100,32.28238296508789,13388500,128.71475219726562,2631900,21.208215713500977,13930200,148.78501892089844,104998100,14.789999961853027,0
2014-02-21,41.363765716552734,16790100,12.630341529846191,106236900,35.38806915283203,26881700,32.26115798950195,15411100,128.71475219726562,2594500,21.41791343688965,10451300,148.61532592773438,118116400,14.680000305175781,0
2014-02-24,41.66533279418945,16151400,12.816421508789062,102909600,35.916038513183594,23874000,32.60076141357422,14106700,130.31094360351562,3242900,21.916839599609375,13108900,149.439697265625,114063900,14.229999542236328,0
2014-02-25,40.94733428955078,17991800,12.669107437133789,81457000,35.4907341003418,20495500,32.60076141357422,13751600,127.9166259765625,3682300,21.482986450195312,11605000,149.38307189941406,117085000,13.670000076293945,0
2014-02-26,40.74630355834961,23661700,12.661354064941406,89831600,35.43207550048828,28822100,32.579524993896484,13910700,127.8145751953125,3978300,21.64929962158203,15026300,149.3911590576172,98677200,14.350000381469727,0
2014-02-27,40.703208923339844,16277500,12.785408020019531,71314500,35.70337677001953,18598300,32.579524993896484,13799700,129.84005737304688,3806600,21.95299530029297,10792200,150.1750946044922,93880800,14.039999961853027,0
2014-02-28,40.796546936035156,18599000,12.816421508789062,126252100,35.65938949584961,31732000,32.841285705566406,16347300,130.6802520751953,4291500,22.271160125732422,14170400,150.55494689941406,150842000,14.0,0
2014-03-03,40.35857391357422,19151000,12.638091087341309,87526800,34.91145324707031,28678000,32.65028381347656,16067600,129.337646484375,3122900,21.880691528320312,11543200,149.49623107910156,167748500,16.0,0
2014-03-04,41.11246871948242,17157000,12.971488952636719,100849900,35.80604934692383,23940500,33.06769561767578,14881900,132.47021484375,3400500,22.488079071044922,11061800,151.5974578857422,167545900,14.100000381469727,0
2014-03-05,41.7586669921875,17761500,13.382667541503906,207180000,36.238670349121094,23620700,33.315303802490234,13643700,134.9589385986328,4451200,23.117172241210938,14776500,151.73489379882812,88376900,13.890000343322754,0
2014-03-06,42.28997802734375,19420600,13.460253715515137,138078900,36.451332092285156,26967000,33.4921760559082,14726300,135.50860595703125,3403500,23.02317237854004,12583800,152.08241271972656,82516500,14.210000038146973,0
2014-03-07,42.648983001708984,18602200,13.444729804992676,109547100,36.38533401489258,25775500,33.92374801635742,20491600,136.81182861328125,4088900,23.29070472717285,14439200,152.1470489501953,114513500,14.109999656677246,0
2014-03-10,42.5053825378418,16945200,13.553345680236816,81732700,36.348670959472656,15397100,34.06523895263672,11810200,136.2230224609375,2179100,23.232872009277344,10746400,152.0662078857422,74939200,14.199999809265137,0
2014-03-11,41.78020095825195,19420000,13.398186683654785,90183400,35.51274490356445,33244300,33.8246955871582,13373600,133.38096618652344,3832300,22.92194175720215,9133200,151.31466674804688,99009100,14.800000190734863,0
2014-03-12,41.58635330200195,17932100,13.405940055847168,83309200,35.182762145996094,25822400,34.044010162353516,13497400,133.24745178222656,2550000,22.733930587768555,8212500,151.35498046875,104824400,14.470000267028809,0
2014-03-13,41.227352142333984,17192500,13.312845230102539,100875700,34.706138610839844,38925400,33.845916748046875,14813900,130.87648010253906,3421400,22.733930587768555,22439700,149.65785217285156,155014300,16.219999313354492,0
2014-03-14,40.78219223022461,18635800,13.033552169799805,131297200,34.37614059448242,26135900,33.53461837768555,15347300,129.8165740966797,2762100,22.488079071044922,10855900,149.23760986328125,153919600,17.81999969482422,0
2014-03-17,41.34223175048828,13581400,13.274057388305664,79942200,34.999446868896484,18928200,34.05108642578125,11085700,130.9864044189453,3198000,22.68331527709961,6891100,150.58726501464844,98359500,15.640000343322754,0
2014-03-18,41.68687057495117,12554800,13.336122512817383,67402400,35.30008316040039,19517200,34.24211120605469,9757400,131.9677734375,1941300,22.885786056518555,6614900,151.66212463378906,101804600,14.520000457763672,0
2014-03-19,41.859195709228516,21450700,13.530070304870605,105006500,35.88670349121094,30308800,33.8246955871582,28293000,132.0384063720703,3534100,23.001474380493164,9470300,150.8539276123047,176267300,15.119999885559082,0
2014-03-20,43.158756256103516,33736500,13.902461051940918,167048700,36.8253059387207,33885600,34.687828063964844,25208400,132.85496520996094,3950500,23.710102081298828,20199800,151.73489379882812,117241000,14.520000457763672,0
2014-03-21,43.201820373535156,35144100,13.62317180633545,155721000,36.72264862060547,38388600,34.751495361328125,30999100,131.07276916503906,4779100,23.572721481323242,23437200,151.14637756347656,163128000,15.0,0
2014-03-24,43.84803771972656,25810500,13.475768089294434,118500000,36.70063781738281,21170300,34.652435302734375,19677600,130.10708618164062,2723000,23.457019805908203,10400100,150.52130126953125,121411000,15.09000015258789,0
2014-03-25,43.74751663208008,24053500,13.351639747619629,98348600,36.883968353271484,17484200,34.63829040527344,14659400,128.16786193847656,4437500,22.842395782470703,12610300,151.23565673828125,103852000,14.020000457763672,0
2014-03-26,43.00798797607422,22745200,13.328364372253418,97573700,36.781307220458984,36784700,34.31285858154297,17399800,126.97449493408203,2590300,22.574848175048828,11233800,150.1479034423828,119843000,14.930000305175781,0
2014-03-27,43.02233123779297,24632600,13.196477890014648,175139500,34.79412841796875,112601000,34.73733901977539,29075100,127.41417694091797,3890200,22.34346580505371,13638400,149.83131408691406,142383000,14.619999885559082,0
2014-03-28,43.10849380493164,14708700,13.173200607299805,79909500,34.6474609375,39796000,34.871761322021484,15008000,127.42205047607422,2630500,22.35069465637207,8081100,150.5699920654297,101642000,14.40999984741211,0
2014-03-31,43.58955001831055,15216700,13.343876838684082,62115800,34.90411376953125,25651000,35.190128326416016,17901800,128.63893127441406,2494300,22.538698196411133,9421600,151.80392456054688,99745000,13.880000114440918,0
2014-04-01,43.56084060668945,14584400,13.452494621276855,57423800,35.05076599121094,26810400,35.21134948730469,16397000,130.26406860351562,3325500,22.567617416381836,11583500,152.81040954589844,89193000,13.100000381469727,0
2014-04-02,43.6981201171875,14012200,13.367151260375977,65349000,35.373416900634766,22354300,35.20427322387695,13036800,131.3239288330078,2407600,22.71224594116211,14700900,153.32180786132812,78774000,13.09000015258789,0
2014-04-03,43.82815933227539,11925200,13.305086135864258,56534500,34.96277618408203,29237100,35.25379943847656,9598900,130.3975830078125,2337300,22.379623413085938,10064700,153.118896484375,77435000,13.369999885559082,0
2014-04-04,43.214019775390625,16966900,12.971488952636719,110409600,34.5448112487793,33010000,35.06278991699219,18702400,128.1600341796875,3262500,21.96022605895996,12751000,151.30868530273438,169381000,13.960000038146973,0
2014-04-07,42.628780364990234,18685700,12.70771598815918,129464900,34.13417053222656,30145300,34.42605972290039,19653700,124.48575592041016,4650800,21.345600128173828,20367300,149.63648986816406,140803000,15.569999694824219,0
2014-04-08,42.520408630371094,16956500,12.754267692565918,75769700,34.17082214355469,26874900,34.546329498291016,19086900,122.9155502319336,6839900,21.352832794189453,13228600,150.25343322753906,112660000,14.890000343322754,0
2014-04-09,42.82387161254883,15308400,12.893909454345703,83096400,34.58146667480469,22373200,34.73733901977539,15928100,124.17174530029297,4010000,21.851762771606445,10692700,151.8688507080078,100254000,13.819999694824219,0
2014-04-10,41.472755432128906,29977200,12.506011009216309,98390900,33.89951705932617,27170000,33.75394821166992,24910800,122.460205078125,4806600,21.150367736816406,13452400,148.6786651611328,172959000,15.890000343322754,0
2014-04-11,39.9554443359375,47241300,12.23447322845459,133757100,33.496212005615234,31063200,34.015716552734375,36426700,119.90071868896484,6460700,20.58635902404785,21448100,147.3393096923828,167251000,17.030000686645508,0
2014-04-14,39.70979690551758,31081500,12.412909507751465,99249400,34.955440521240234,51962300,34.03694152832031,24321400,121.48670196533203,3053700,21.012981414794922,12514500,148.50003051757812,132382000,16.110000610351562,0
2014-04-15,39.59418869018555,26691400,12.715473175048828,134956600,35.42474365234375,36511600,34.510948181152344,21749600,121.62791442871094,3639600,21.367294311523438,16657800,149.52284240722656,157093000,15.609999656677246,0
2014-04-16,39.92654800415039,27049400,12.513765335083008,172948900,35.329410552978516,24654500,34.730262756347656,17866000,123.43368530273438,3194200,21.613142013549805,14198000,151.08949279785156,105197000,14.180000305175781,0
2014-04-17,39.89765930175781,17955400,12.529282569885254,104765500,35.35873794555664,21360900,34.61707305908203,19399900,123.60646057128906,4525200,22.24223518371582,22966000,151.30059814453125,105255000,13.359999656677246,0
2014-04-21,39.7603759765625,12384800,12.482733726501465,51280500,35.080101013183594,17044500,34.751495361328125,12478000,123.88908386230469,4551700,22.401317596435547,10699000,151.82818603515625,68329000,13.25,0
2014-04-22,40.32395553588867,16257600,12.63789176940918,77888900,35.212100982666016,18584800,34.82931900024414,14203800,125.97747039794922,4547300,22.56039047241211,10803600,152.51821899414062,85790000,13.1899995803833,0
2014-04-23,40.49734115600586,11379000,12.69996166229248,52425600,35.4907341003418,13497900,35.084007263183594,13309900,125.96961975097656,2040600,22.4447078704834,9376700,152.16104125976562,73869000,13.270000457763672,0
2014-04-24,40.59848403930664,15360600,12.67668342590332,73910900,35.439395904541016,14699100,34.893001556396484,12617100,126.28363037109375,2934200,22.37239646911621,8438900,152.46951293945312,88170000,13.319999694824219,0
2014-04-25,40.244468688964844,15937700,12.37412166595459,84617700,35.014095306396484,18117600,34.701969146728516,16274500,124.23452758789062,3302100,22.11207389831543,8372900,151.21939086914062,100380000,14.0600004196167,0
2014-04-28,40.092735290527344,21394100,11.598310470581055,344935200,34.68413543701172,25780300,34.624149322509766,18411700,122.89985656738281,3897800,21.756595611572266,15303300,151.69834899902344,135121000,13.970000267028809,0
2014-04-29,40.533477783203125,13453400,11.823295593261719,155495000,35.314735412597656,16942400,34.999107360839844,14745800,124.23452758789062,2160500,22.14109992980957,10419700,152.40455627441406,84098000,13.710000038146973,0
2014-04-30,40.446773529052734,14388100,11.745716094970703,82359700,35.13142776489258,17077200,35.119388580322266,14982800,125.47501373291016,2745700,22.438535690307617,11016500,152.8591766357422,101508000,13.40999984741211,0
2014-05-01,40.2589111328125,12744600,11.706927299499512,68368300,35.028751373291016,10931500,35.119388580322266,11851000,125.90677642822266,2079500,22.64891242980957,10110200,152.87535095214844,93019000,13.25,0
2014-05-02,40.157752990722656,15153800,11.831055641174316,73562900,35.00675582885742,15358500,35.07694625854492,13369700,124.73697662353516,2561500,22.264421463012695,11464400,152.65621948242188,98122000,12.90999984741211,0
2014-05-05,39.175132751464844,25232300,11.699165344238281,51669100,34.603355407714844,16845800,35.06278991699219,9127000,122.75064086914062,3015700,21.81463623046875,12035100,152.9484405517578,75883000,13.289999961853027,0
2014-05-06,38.539306640625,25327400,11.427633285522461,96268300,34.0019416809082,21786700,34.730262756347656,16213000,121.32958984375,3073100,21.372100830078125,16285600,151.61712646484375,85454000,13.800000190734863,0
2014-05-07,39.052303314208984,18502600,11.481940269470215,91733000,34.251312255859375,17502000,35.193443298339844,15504500,122.09902954101562,3260900,21.546213150024414,12460700,152.51007080078125,106500000,13.399999618530273,0
2014-05-08,39.27627944946289,16090800,11.582796096801758,65232700,34.57402420043945,16065700,35.150691986083984,12901800,123.57506561279297,2719600,21.53895378112793,13039200,152.34771728515625,93618000,13.430000305175781,0
2014-05-09,39.02338790893555,12366500,11.435394287109375,86751600,34.4640007019043,15185800,34.9725341796875,15174600,123.41796875,2637000,21.531707763671875,10064700,152.57504272460938,83679000,12.920000076293945,0
2014-05-12,39.4858283996582,12825500,11.691411972045898,70669900,34.66935348510742,13305600,35.45708084106445,16450500,125.26298522949219,2256100,22.00326156616211,10196200,154.0605010986328,86940000,12.229999542236328,0
2014-05-13,39.464141845703125,12310700,11.66037654876709,58469100,34.779380798339844,12615200,35.492706298828125,9707100,125.8360824584961,1901500,22.00326156616211,7962700,154.19845581054688,66454000,12.130000114440918,0
2014-05-14,39.27627944946289,10325800,11.512979507446289,52431900,34.55935287475586,12405600,35.1221809387207,13262500,125.1845474243164,2128700,21.945219039916992,10046200,153.46791076660156,72367000,12.170000076293945,0
2014-05-15,38.66213607788086,19763000,11.287988662719727,104193000,34.11928176879883,21174400,34.93691635131836,17370900,122.97835540771484,2769300,21.59699821472168,20240100,152.12042236328125,154956000,13.170000076293945,0
2014-05-16,38.51762771606445,19992400,11.256959915161133,80476100,34.06062698364258,17186900,34.9725341796875,13923400,122.81346893310547,2845600,21.865421295166016,18004200,152.6480712890625,97458000,12.4399995803833,0
2014-05-19,38.89334487915039,12068900,11.381088256835938,51034700,34.302642822265625,13621000,35.26467514038086,10533800,123.78703308105469,1618000,21.879926681518555,7022400,153.2081756591797,63839000,12.420000076293945,0
2014-05-20,38.81386947631836,16888200,11.272473335266113,60108200,34.14129638671875,11789800,34.88703536987305,15095400,122.75064086914062,2034900,21.553468704223633,9958100,152.24220275878906,111644000,12.960000038146973,0
2014-05-21,39.102882385253906,13210200,11.334539413452148,64808600,34.361324310302734,12822600,35.392948150634766,12933500,125.10595703125,4226300,21.77111053466797,6654800,153.52474975585938,89093000,11.90999984741211,0
2014-05-22,39.41355514526367,11800900,11.412118911743164,51929400,34.57402420043945,12711900,35.6209716796875,12159000,125.49852752685547,1645100,22.046785354614258,8235500,153.89813232421875,61549000,12.029999732971191,0
2014-05-23,39.39910888671875,10876500,11.419880867004395,51648900,34.68403625488281,9571800,35.742103576660156,13167200,125.74197387695312,1210200,22.11933135986328,5140000,154.51507568359375,61092800,11.359999656677246,0
2014-05-27,39.8398551940918,14503700,11.80777645111084,125398900,34.88938903808594,24503800,36.02000427246094,13322200,127.00591278076172,3248800,22.576372146606445,10960000,155.46484375,72010000,11.510000228881836,0
2014-05-28,40.063846588134766,11374900,11.745716094970703,72481700,34.70603561401367,14178100,35.94163513183594,12458400,126.98225402832031,1855200,22.438535690307617,6124400,155.35118103027344,66723000,11.680000305175781,0
2014-05-29,40.2589111328125,11741000,11.753473281860352,39423000,34.676692962646484,15552800,35.82048797607422,13026600,126.6278305053711,1779200,22.583621978759766,8615300,156.15480041503906,64377000,11.569999694824219,0
2014-05-30,40.15052795410156,11991900,11.745716094970703,45787100,34.88938903808594,11538700,36.18389892578125,15489200,125.89515686035156,2206300,22.387752532958984,7634400,156.4064483642578,76316000,11.399999618530273,0
2014-06-02,39.99159240722656,9440000,11.838812828063965,46374000,35.028751373291016,11887400,36.40479278564453,11828300,126.06845092773438,2162500,22.41676902770996,7509400,156.58502197265625,64656000,11.579999923706055,0
2014-06-03,40.172203063964844,9131500,11.80002212524414,49025400,35.34412384033203,16105800,36.40479278564453,9293500,127.46288299560547,2408600,22.3804988861084,10079500,156.5038299560547,65047000,11.869999885559082,0
2014-06-04,40.230010986328125,9727800,11.80002212524414,39757300,35.116756439208984,13075300,36.36916732788086,10129200,127.92761993408203,2098400,22.63440704345703,8074700,156.82044982910156,55529000,12.079999923706055,0
2014-06-05,40.91640090942383,16803400,11.970699310302734,60300500,35.666839599609375,17048300,36.78956604003906,11862900,128.07730102539062,1859600,22.94635581970215,8769400,157.84323120117188,92103000,11.680000305175781,0
2014-06-06,41.162071228027344,15399800,12.094826698303223,73930500,35.886871337890625,19149500,37.03897476196289,13152400,130.9211883544922,3478100,23.178508758544922,6544200,158.59817504882812,78696000,10.729999542236328,0
2014-06-09,41.487205505371094,11999700,12.28878116607666,78647900,36.36359786987305,14235700,37.41661834716797,11049600,130.771484375,2377500,23.20026969909668,9027800,158.76046752929688,65119000,11.149999618530273,0
2014-06-10,41.834014892578125,11609200,12.350842475891113,49852900,36.18024444580078,12769300,37.473628997802734,12331700,131.05508422851562,1684500,23.272809982299805,7113200,158.77671813964844,57129000,10.989999771118164,0
2014-06-11,41.37882614135742,14232200,12.094826698303223,73729300,35.798858642578125,13944200,37.224246978759766,11735400,130.3224639892578,2004100,22.98988914489746,5854200,158.22467041015625,68772000,11.600000381469727,0
2014-06-12,41.212642669677734,11670200,11.962944984436035,66173200,35.402809143066406,15670200,36.846588134765625,13420600,130.74002075195312,2309900,23.018905639648438,7086700,157.10452270507812,106350000,12.5600004196167,0
2014-06-13,41.212642669677734,12040800,11.978460311889648,61588100,34.90406799316406,34838700,36.981964111328125,11111900,130.6848602294922,1761100,22.91733741760254,8022300,157.5834503173828,82017000,12.180000305175781,0
2014-06-16,41.089813232421875,11199100,11.854326248168945,55425400,34.94072723388672,12790900,36.40479278564453,16310500,130.65333557128906,1756400,23.004396438598633,8527500,157.71339416503906,87424000,12.649999618530273,0
2014-06-17,41.487205505371094,11200500,12.094826698303223,58011600,35.05073928833008,13946300,36.81095886230469,15470800,132.52040100097656,2450000,23.5775089263916,13256300,158.15171813964844,84834000,12.0600004196167,0
2014-06-18,41.7473030090332,13729400,12.141377449035645,70220300,35.1534309387207,14468500,37.08171844482422,18077100,133.81231689453125,2873200,23.693586349487305,10725200,159.3124542236328,105267000,10.609999656677246,0
2014-06-19,41.40049362182617,11624400,12.063794136047363,40953900,34.88205337524414,15747900,37.06746292114258,16335000,133.70994567871094,2306900,23.60652732849121,6933700,159.49107360839844,85929000,10.619999885559082,0
2014-06-20,41.58111572265625,17124800,11.993928909301758,54765300,34.720699310302734,18832900,37.687416076660156,29836500,133.79660034179688,4688200,23.425159454345703,12071900,159.81484985351562,100587000,10.850000381469727,0
2014-06-23,42.043548583984375,16007700,12.141426086425781,58492200,35.248779296875,18431400,37.751529693603516,13122500,134.11167907714844,1738500,23.592010498046875,6929900,159.76589965820312,70611000,10.979999542236328,0
2014-06-24,41.487205505371094,12322900,12.024981498718262,73262500,35.0654182434082,16916400,37.40237808227539,11226300,132.5282745361328,1608000,23.23654556274414,7776600,158.80343627929688,96237000,12.130000114440918,0
2014-06-25,41.566680908203125,14836600,12.009456634521484,71766400,35.07274627685547,12704600,37.480751037597656,12815300,132.64642333984375,1601200,23.38163185119629,7671800,159.52122497558594,82782000,11.59000015258789,0
2014-06-26,41.46553421020508,11854400,11.962874412536621,68519600,34.640018463134766,18875700,37.31687927246094,12545900,132.3549346923828,2131200,23.13496971130371,10559100,159.4070281982422,84312000,11.630000114440918,0
2014-06-27,41.566680908203125,10178600,11.900772094726562,58149200,34.57402420043945,19162000,37.69453811645508,16864500,131.38600158691406,3111200,22.888320922851562,9933900,159.7169952392578,71445100,11.260000228881836,0
2014-06-30,41.631717681884766,11549000,11.9318265914917,47274500,34.54467010498047,12290400,37.45226287841797,12914600,131.90594482421875,1885200,23.45418357849121,11595000,159.6354217529297,70201200,11.569999694824219,0
2014-07-01,41.8863525390625,14472200,12.110373497009277,74193500,34.808712005615234,16699800,37.5662727355957,12482600,131.40963745117188,2947800,23.446929931640625,7787600,160.70387268066406,90470000,11.149999618530273,0
2014-07-02,41.4498176574707,19189900,12.304452896118164,87685800,35.21210479736328,16774600,37.523521423339844,14436000,131.47265625,1877600,23.57025718688965,6190600,160.8670196533203,52475000,10.819999694824219,0
2014-07-03,41.508018493652344,12599800,12.44418716430664,70582300,35.38079833984375,13643100,37.765777587890625,8741500,133.49720764160156,1801200,23.66456413269043,5994200,161.65823364257812,52938800,10.319999694824219,0
2014-07-07,41.231536865234375,13916100,12.374320030212402,62437100,35.19009780883789,12052300,37.40950393676758,13551800,132.1737518310547,1774000,23.497711181640625,5635300,161.09544372558594,61696000,11.329999923706055,0
2014-07-08,40.56945037841797,18343400,12.094849586486816,73343400,34.779380798339844,13808800,37.23135757446289,17282100,129.91281127929688,2422200,23.03340721130371,9205600,160.05950927734375,108143000,11.979999542236328,0
2014-07-09,40.75861740112305,10914300,12.110373497009277,46415800,34.75004196166992,14195300,37.1886100769043,16116300,129.7237548828125,1943800,23.222028732299805,6292100,160.77728271484375,72992000,11.649999618530273,0
2014-07-10,40.423927307128906,12436600,11.986167907714844,61458500,34.39798355102539,18671600,36.917842864990234,20059900,128.73904418945312,2204100,22.982627868652344,7784900,160.1410675048828,99040000,12.59000015258789,0
2014-07-11,40.59856033325195,10230000,11.93958854675293,56849400,34.47134017944336,15205700,36.689815521240234,29998900,129.82620239257812,2293300,22.786760330200195,10112200,160.36134338378906,64243000,12.079999923706055,0
2014-07-14,40.95506286621094,14004400,12.08708381652832,59181700,35.512813568115234,36149700,36.56155014038086,21252400,131.5592803955078,3007700,23.076934814453125,11323100,161.16879272460938,58658000,11.819999694824219,0
2014-07-15,42.395660400390625,36178000,12.273397445678711,99946700,36.150901794433594,34419100,36.590057373046875,19293100,133.26878356933594,4802300,23.214780807495117,13796400,160.8670196533203,111307000,11.960000038146973,0
2014-07-16,42.715789794921875,20507500,12.040510177612305,123711700,36.53962707519531,23590400,36.46181106567383,21599400,134.29293823242188,3295100,23.5775089263916,16293100,161.46246337890625,79986400,11.0,0
2014-07-17,42.09736251831055,17013500,11.799853324890137,114839900,36.070220947265625,23847600,36.112640380859375,24398000,134.032958984375,3815500,23.432415008544922,18525600,159.6272430419922,145398000,14.539999961853027,0
2014-07-18,42.36656951904297,12803300,12.024981498718262,74859200,36.348934173583984,15453900,36.54017639160156,15487400,135.0806884765625,2558600,23.6790714263916,9239500,161.25852966308594,124330000,12.0600004196167,0
2014-07-21,42.37384033203125,9141400,12.048270225524902,61802200,36.19490432739258,10920200,36.376277923583984,15236900,135.27761840820312,2227400,23.6137752532959,7125400,160.9567413330078,67592000,12.8100004196167,0
2014-07-22,42.68667221069336,10375200,12.048270225524902,58331100,36.37825393676758,13125500,36.590057373046875,11920800,137.8772735595703,3849500,23.87495231628418,8845100,161.65823364257812,67678000,12.239999771118164,0
2014-07-23,42.926780700683594,11122100,12.048270225524902,47253300,36.80363845825195,20099200,36.57581329345703,9109000,139.29527282714844,3436100,24.194150924682617,9363200,162.01707458496094,65612000,11.520000457763672,0
2014-07-24,43.050453186035156,9844100,12.125900268554688,46549800,36.737640380859375,13282600,36.761070251464844,9939600,138.85409545898438,2012800,24.23042106628418,6575500,162.02517700195312,56888000,11.84000015258789,0
2014-07-25,42.934059143066406,10500600,12.102615356445312,35627200,36.693626403808594,10082900,36.76818084716797,10040200,138.1766357421875,2114900,24.114360809326172,6292600,161.26669311523438,76837000,12.6899995803833,0
2014-07-28,43.065032958984375,12382800,12.032742500305176,39313000,36.45160675048828,12070400,36.76818084716797,13468000,138.60989379882812,2303400,23.99102210998535,7114900,161.3319549560547,69259000,12.5600004196167,0
2014-07-29,42.66485595703125,13498800,11.908537864685059,51480500,36.246238708496094,13165800,36.72544860839844,14511800,138.28689575195312,3055600,23.7581729888916,5716600,160.63864135742188,80466000,13.279999732971191,0
2014-07-30,42.86130142211914,11815700,12.094849586486816,83243100,36.67163848876953,15327600,37.12447738647461,11439600,138.4602508544922,2345600,24.260251998901367,9992400,160.66310119628906,104222000,13.329999923706055,0
2014-07-31,41.95909118652344,15955900,11.838666915893555,70677300,35.879371643066406,23550900,36.2694091796875,19638900,136.1835479736328,3797600,23.5325927734375,9131500,157.49032592773438,183479000,16.950000762939453,0
2014-08-01,41.093299865722656,23915400,11.62906265258789,115978900,35.28517532348633,21822700,35.87749099731445,18813700,134.11953735351562,3140000,22.994123458862305,11539300,157.00909423828125,189261000,17.030000686645508,0
2014-08-04,41.21697235107422,13543900,11.6834077835083,51954700,35.46123504638672,14277000,36.33353805541992,13380100,135.25401306152344,2103900,23.161489486694336,6942100,158.1428680419922,91340000,15.119999885559082,0
2014-08-05,40.787715911865234,16863300,11.644591331481934,65071500,35.131134033203125,15912700,35.91311264038086,12766000,133.46568298339844,2746200,22.855865478515625,9478400,156.6094207763672,152690000,16.8700008392334,0
2014-08-06,40.911407470703125,12190600,11.799853324890137,95977900,35.31451416015625,13038300,35.92029571533203,15271500,133.7178192138672,1711700,22.96502113342285,9099200,156.65834045410156,94818000,16.3700008392334,0
2014-08-07,40.6785774230957,11743800,11.737750053405762,80058300,35.25583267211914,12377000,35.6619758605957,14109100,133.2136993408203,1920900,22.819488525390625,6553100,155.81002807617188,135733000,16.65999984741211,0
2014-08-08,40.99143600463867,12213200,11.799853324890137,54495000,35.541927337646484,12001500,35.87725067138672,14563200,135.70303344726562,2250900,23.248809814453125,8512700,157.6126251220703,117014000,15.770000457763672,0
2014-08-11,40.97690200805664,9066800,11.815377235412598,41545100,35.49790573120117,9130300,35.79829788208008,14666400,135.86053466796875,2098000,23.34340476989746,6591200,158.0693817138672,74544000,14.229999542236328,0
2014-08-12,40.998714447021484,11289600,11.807613372802734,33674400,35.534584045410156,9238600,35.719390869140625,15219900,135.75820922851562,1362900,23.292465209960938,4522600,157.84922790527344,73632000,14.130000114440918,0
2014-08-13,41.26791000366211,7012600,11.838666915893555,34394600,35.762001037597656,8602600,35.87006759643555,12283100,135.78968811035156,1708200,23.299741744995117,4837900,158.91766357421875,69047000,12.899999618530273,0
2014-08-14,41.45708465576172,8275900,11.893009185791016,29934600,36.04075241088867,9693100,36.14990997314453,11904300,136.0732421875,1431400,23.408893585205078,3974800,159.6680145263672,57371000,12.420000076293945,0
2014-08-15,41.28974914550781,12727400,11.815377235412598,61535500,35.73999786376953,16215300,36.02793502807617,13297200,135.4193878173828,2446000,23.445280075073242,9457900,159.6354217529297,139951000,13.149999618530273,0
2014-08-18,41.63898468017578,8881400,11.993928909301758,54968600,36.319515228271484,13199700,36.372344970703125,9913700,137.5070343017578,1877700,23.729068756103516,4925400,160.97305297851562,75424000,12.319999694824219,0
2014-08-19,41.879085540771484,9040500,11.993928909301758,44825500,36.45889663696289,13073300,36.49433135986328,8718400,137.04222106933594,1916100,23.670848846435547,4257000,161.8131561279297,59135000,12.210000038146973,0
2014-08-20,41.937286376953125,8121400,12.048270225524902,57825000,36.53226089477539,9039500,36.48715591430664,8402900,137.09738159179688,1755100,23.67812156677246,4234700,162.2454376220703,72763000,11.779999732971191,0
2014-08-21,42.5629997253418,12745500,12.545108795166016,177294400,37.463897705078125,24162400,36.80288314819336,10102200,137.97967529296875,2075200,24.034690856933594,7309100,162.718505859375,67791000,11.760000228881836,0
2014-08-22,42.55570983886719,10228600,12.521819114685059,107641800,37.36119842529297,20002900,36.72395324707031,9210400,138.2317657470703,2682000,24.3548583984375,9082600,162.4656982421875,76107000,11.470000267028809,0
2014-08-25,43.174163818359375,13996800,12.646026611328125,89396500,37.87470626831055,17502900,36.91768264770508,8665600,140.12246704101562,3063500,24.886051177978516,13975800,163.28948974609375,63855000,11.699999809265137,0
2014-08-26,43.46518325805664,10281100,12.67707633972168,73323400,38.24148941040039,18384700,36.996620178222656,7025200,140.14610290527344,3110600,25.031579971313477,8462100,163.3954315185547,47298000,11.630000114440918,0
2014-08-27,43.35605239868164,11410900,12.576160430908203,63061800,38.043434143066406,13398400,36.83876037597656,8315800,140.5095672607422,2073700,24.835119247436523,5679900,163.33021545410156,47874000,11.779999732971191,0
2014-08-28,43.04319381713867,9096100,12.42866039276123,62170400,37.698646545410156,10255900,36.702430725097656,7718000,140.3831787109375,1961800,24.784170150756836,4459200,163.24050903320312,58330000,12.050000190734863,0
2014-08-29,43.25419616699219,8897900,12.490765571594238,50106600,37.88938522338867,8981300,36.910518646240234,8860700,141.53688049316406,2560600,24.96609115600586,4946700,163.70542907714844,65907000,12.09000015258789,0
2014-09-02,43.414249420166016,8671100,12.630498886108398,59400400,38.11679458618164,11452100,37.0037956237793,9990300,142.0584716796875,1986300,25.140731811523438,5115700,163.62387084960938,72426000,12.25,0
2014-09-03,43.43608093261719,11791800,12.537057876586914,67418900,38.314849853515625,15116800,36.98944091796875,7735500,141.9241180419922,2397700,25.148014068603516,7151500,163.53414916992188,57462000,12.359999656677246,0
2014-09-04,43.443359375,9811900,12.544844627380371,56378600,38.49091720581055,15694900,37.0037956237793,8306200,142.30343627929688,1678500,25.249874114990234,7326400,163.2976531982422,85236000,12.640000343322754,0
2014-09-05,43.5888786315918,9600900,12.474761009216309,80974900,38.36620330810547,17484800,37.061187744140625,12102500,142.0426483154297,2562800,25.19893455505371,10032500,164.0316162109375,102177000,12.09000015258789,0
2014-09-08,43.574337005615234,8090000,12.731732368469238,99411200,38.18280029296875,13557800,36.93204879760742,7746900,142.3271026611328,1746400,25.366304397583008,8149200,163.6075439453125,64146000,12.65999984741211,0
2014-09-09,42.970436096191406,14868700,12.56820297241211,82428900,37.60328674316406,14584100,36.64501953125,10745000,140.18563842773438,2598500,24.675029754638672,11411200,162.57168579101562,88591000,13.5,0
2014-09-10,43.086849212646484,9153800,12.739519119262695,75656100,38.021419525146484,13013600,36.96791458129883,11381400,142.13742065429688,2457800,24.98064422607422,6451400,163.18344116210938,67251000,12.880000114440918,0
2014-09-11,43.4797248840332,11467000,12.903046607971191,106598100,38.314849853515625,14084300,37.01813507080078,8981900,143.03041076660156,1905300,25.271711349487305,6794200,163.37103271484375,66774400,12.800000190734863,0
2014-09-12,43.676185607910156,14359100,13.074357032775879,116306800,38.42490005493164,18329200,37.09708023071289,12523700,144.7451629638672,3358600,25.475452423095703,10199400,162.4167022705078,117409300,13.3100004196167,0
2014-09-15,43.61069869995117,10685600,13.03542423248291,87306900,38.37354278564453,12805700,37.26927947998047,10414800,145.38525390625,2308000,25.620981216430664,9632700,162.29443359375,76401000,14.119999885559082,0
2014-09-16,43.647090911865234,10947900,13.01205825805664,65017200,38.41022491455078,13221300,37.5347785949707,10524600,145.43267822265625,2137600,25.54822540283203,8498200,163.51780700683594,116201000,12.729999542236328,0
2014-09-17,43.879905700683594,15091800,13.058784484863281,82902700,38.432228088378906,20379900,37.67826843261719,16919100,146.049072265625,2820300,25.87566375732422,10979800,163.738037109375,151266000,12.649999618530273,0
2014-09-18,44.614749908447266,16973700,13.26903247833252,111923200,39.363868713378906,27307100,38.20209884643555,16388300,148.4750518798828,3566600,26.290437698364258,15158500,164.61077880859375,94990000,12.029999732971191,0
2014-09-19,44.46195983886719,18739300,13.19895076751709,88455000,39.23182678222656,22153100,38.28818130493164,22553800,147.13954162597656,5442900,26.02119255065918,29864600,164.4624786376953,121649000,12.109999656677246,0
2014-09-22,44.31645202636719,13225200,13.261251449584961,109276700,38.909061431884766,16654900,37.958133697509766,13445700,146.42044067382812,1826100,25.599159240722656,10144200,163.1923370361328,125553000,13.6899995803833,0
2014-09-23,44.33827590942383,14328800,13.276820182800293,91921900,38.76234436035156,14586000,37.384090423583984,20596500,146.262451171875,1977600,25.482728958129883,10882300,162.2581329345703,111393000,14.930000305175781,0
2014-09-24,44.84029769897461,13728200,13.378049850463867,86396100,39.070438385009766,15606000,37.40562057495117,18245200,148.41183471679688,2834200,25.453630447387695,13351900,163.52825927734375,107276000,13.270000457763672,0
2014-09-25,43.763484954833984,16340100,13.121085166931152,104522500,38.11679458618164,19262500,36.88898849487305,16684900,145.4722137451172,3074600,24.90060043334961,12328200,160.88966369628906,150300000,15.640000343322754,0
2014-09-26,44.06181335449219,11948900,13.261251449584961,66785900,38.505584716796875,10474200,37.219051361083984,10753400,146.28611755371094,1932500,25.21349334716797,8237100,162.16798400878906,103547000,14.850000381469727,0
2014-09-29,43.89445877075195,10686500,13.245674133300781,68038300,38.18280029296875,13006900,37.089900970458984,9995300,145.26673889160156,1745400,25.104339599609375,8218000,161.87301635742188,95112000,15.979999542236328,0
2014-09-30,43.828983306884766,14384800,13.276820182800293,82217400,38.01408386230469,21787700,37.219051361083984,16669900,145.06129455566406,2037700,25.155282974243164,9795300,161.44691467285156,131302000,16.309999465942383,0
2014-10-01,43.48701858520508,18995800,13.097718238830566,91235900,37.485904693603516,20757500,36.78135681152344,16527000,142.79336547851562,4196300,24.711410522460938,14873200,159.2589569091797,177798000,16.709999084472656,0
2014-10-02,43.09880065917969,24559100,13.14444351196289,118018800,37.5959358215332,18393400,36.881805419921875,15434400,144.51602172851562,2782600,24.94425392150879,8472000,159.28358459472656,157285000,16.15999984741211,0
2014-10-03,44.168212890625,18321100,13.463706016540527,110840600,38.38088607788086,17716300,37.384090423583984,14018800,148.61732482910156,3271400,25.50456428527832,8810400,161.03721618652344,121569000,14.550000190734863,0
2014-10-06,44.080326080322266,11578000,13.463706016540527,66212100,38.35153579711914,12675100,37.3338737487793,10872300,148.1510772705078,1934800,25.46090316772461,7040600,160.84872436523438,104778000,15.460000038146973,0
2014-10-07,43.41377639770508,14542000,13.14444351196289,91396300,37.6106071472168,16837100,36.652191162109375,11889700,145.24302673339844,2927100,24.755064010620117,10127800,158.36578369140625,147913000,17.200000762939453,0
2014-10-08,44.24146270751953,15834100,13.331329345703125,101266800,38.54227066040039,23356300,37.41995620727539,15267200,147.4872589111328,3154500,25.104339599609375,12407900,161.1355438232422,186461000,15.109999656677246,0
2014-10-09,43.274600982666016,19189500,12.918615341186523,121363100,37.51525115966797,22423700,36.68090057373047,18735700,143.2437744140625,4892900,24.231149673461914,13511600,157.93971252441406,210705000,18.760000228881836,0
2014-10-10,42.864418029785156,16689400,12.832962989807129,129552700,36.75966262817383,27764500,36.33647537231445,20211500,142.54046630859375,4405600,23.969186782836914,11182800,156.1368865966797,221909000,21.239999771118164,0
2014-10-13,42.60071563720703,17169300,12.77066421508789,92674100,36.60560607910156,26025900,36.02075958251953,19298900,141.26820373535156,3436500,23.903705596923828,14668800,153.57199096679688,230939000,24.639999389648438,0
2014-10-14,42.476200103759766,29096800,12.864113807678223,97451900,37.75733947753906,41368500,35.0377082824707,45851500,141.21292114257812,3557200,24.020126342773438,12915600,153.80970764160156,215847000,22.790000915527344,0
2014-10-15,40.67431640625,37866900,12.272299766540527,216591800,36.44422149658203,55398300,34.33452224731445,38470600,140.0592041015625,6330500,23.729068756103516,21646700,152.7689666748047,380715000,25.270000457763672,0
2014-10-16,40.34470748901367,31965100,12.521482467651367,148199400,36.49557876586914,28295100,34.53542709350586,28973400,136.37672424316406,7797500,23.670848846435547,16433900,152.6378936767578,270391000,25.200000762939453,0
2014-10-17,41.16508483886719,20183500,12.622713088989258,94339200,36.73031997680664,21969900,34.93726348876953,28314000,139.79843139648438,4951000,24.172935485839844,16422900,154.44064331054688,214625000,21.989999771118164,0
2014-10-20,41.48002624511719,10807600,12.661648750305176,76510700,37.06776428222656,13796700,35.288856506347656,15018500,140.53334045410156,2307900,24.245708465576172,11047500,155.9402313232422,130011000,18.56999969482422,0
2014-10-21,42.43226623535156,14020400,12.926407814025879,78287300,37.6106071472168,17798300,36.20015335083008,17660200,142.38243103027344,2649500,24.784170150756836,11217400,159.02952575683594,154949000,16.079999923706055,0
2014-10-22,42.08066940307617,13750700,12.77066421508789,85199800,37.19247817993164,16664500,35.999237060546875,20078200,139.73516845703125,3088300,24.325748443603516,8777600,157.89871215820312,151822000,17.8700008392334,0
2014-10-23,42.527462005615234,12641900,12.926407814025879,68436600,37.71332931518555,15167500,36.307769775390625,14394500,142.28756713867188,3397000,24.711410522460938,9031800,159.7342529296875,154944000,16.530000686645508,0
2014-10-24,43.025577545166016,13758000,13.019850730895996,41951400,37.99942398071289,13284400,36.7382926940918,10888600,144.88742065429688,2900900,24.973363876342773,7685600,160.96343994140625,117927000,16.110000610351562,0
2014-10-27,42.95231246948242,11087100,12.918615341186523,51500000,37.84535598754883,12134600,36.817222595214844,11654500,145.3300018310547,2383700,24.711410522460938,9918800,160.7421417236328,82954000,16.040000915527344,0
2014-10-28,43.677467346191406,13625000,13.082144737243652,71850800,38.46890640258789,16529200,37.154476165771484,13267200,147.23443603515625,3027700,25.002477645874023,10582300,162.58599853515625,106736000,14.390000343322754,0
2014-10-29,43.42841339111328,16712100,13.230097770690918,99875700,38.62297058105469,16322200,37.43431091308594,16546900,147.0447540283203,3379000,25.097341537475586,10520000,162.3400421142578,142557000,15.149999618530273,0
2014-10-30,43.50166702270508,14709800,13.261251449584961,72579100,38.99714660644531,21027700,37.642391204833984,14107600,147.748046875,2794800,25.192218780517578,9028800,163.38076782226562,113330000,14.520000457763672,0
2014-10-31,44.30006790161133,18347600,13.36247730255127,82788900,39.275962829589844,27639400,38.094459533691406,21126300,150.1344757080078,3357000,25.506017684936523,11434400,165.24908447265625,146903000,14.029999732971191,0
2014-11-03,44.593048095703125,11841200,13.448136329650879,64050700,39.23194122314453,12123000,38.29536056518555,14349500,150.79833984375,2298100,25.330875396728516,8011000,165.33929443359375,93600000,14.729999542236328,0
2014-11-04,44.1315803527832,15295800,13.401412010192871,53515400,39.02650833129883,13618000,38.22361373901367,14931500,150.3557891845703,2027300,25.29438591003418,8514000,164.76565551757812,93343000,14.890000343322754,0
2014-11-05,44.79081726074219,14063800,13.502644538879395,58608200,39.63549041748047,18546200,38.664222717285156,14496900,150.01596069335938,3141100,25.469532012939453,9461300,165.80628967285156,91709000,14.170000076293945,0
2014-11-06,44.84941864013672,10421600,13.518218994140625,57339200,39.61347961425781,13621300,39.047027587890625,15328100,150.93264770507812,1915400,25.768739700317383,8892100,166.4700927734375,107089000,13.670000076293945,0
2014-11-07,45.025203704833984,12384600,13.518218994140625,53907800,39.43739318847656,13479200,38.88812255859375,13312700,150.70350646972656,1981400,26.024169921875,10831600,166.62579345703125,89540000,13.119999885559082,0
2014-11-10,45.36215591430664,10801000,13.52600383758545,54261100,39.54010772705078,11235500,38.88090896606445,11837300,151.56484985351562,1553900,26.184724807739258,9352000,167.1502685546875,66319000,12.670000076293945,0
2014-11-11,44.951961517333984,12539800,13.487071990966797,62236000,39.481414794921875,9524300,38.700321197509766,12520500,151.6280517578125,1620100,26.119047164916992,7019200,167.31411743164062,54499400,12.920000076293945,0
2014-11-12,44.35867691040039,17219600,13.463706016540527,48669100,39.19523620605469,10271800,38.67143630981445,10687900,150.28463745117188,2322200,26.250398635864258,9249000,167.13381958007812,90120300,13.020000457763672,0
2014-11-13,44.1169548034668,12240400,13.409200668334961,50586300,39.20993423461914,12668400,38.56309509277344,13494400,150.3320770263672,1749600,26.155534744262695,7376600,167.3223114013672,85357900,13.789999961853027,0
2014-11-14,44.153560638427734,6803400,13.346900939941406,41144600,39.1659049987793,11345500,38.534202575683594,9488400,150.1265869140625,1691600,26.046072006225586,7219100,167.36331176757812,80417500,13.3100004196167,0
2014-11-17,44.22681427001953,9017600,13.307969093322754,43393300,39.305320739746094,10191900,38.59919738769531,9657900,150.08712768554688,1593400,25.980390548706055,6208700,167.46983337402344,80441000,13.989999771118164,0
2014-11-18,44.33668899536133,8897800,13.346900939941406,39490700,39.481414794921875,12907700,38.47642517089844,12580400,149.85791015625,1810300,25.88551139831543,5319600,168.436767578125,76068100,13.859999656677246,0
2014-11-19,44.38795471191406,9210100,13.284605026245117,49441600,39.37135314941406,8664900,38.541419982910156,12490600,149.50228881835938,2260100,25.892812728881836,5748700,168.16636657714844,82373000,13.960000038146973,0
2014-11-20,44.03636169433594,10917300,13.237886428833008,49652100,39.268638610839844,9721900,38.62809753417969,10245900,149.94485473632812,2850000,25.827131271362305,6090600,168.4613494873047,72840300,13.579999923706055,0
2014-11-21,44.2780876159668,12340500,13.331329345703125,63000000,39.37135314941406,15142200,38.866455078125,14587500,149.8184356689453,2367900,25.929298400878906,7477400,169.36270141601562,142327300,12.899999618530273,0
2014-11-24,44.65165328979492,8335000,13.378049850463867,52785700,39.914306640625,13733900,39.075923919677734,11028000,150.1976776123047,2028800,25.994976043701172,6739000,169.8380584716797,65880800,12.619999885559082,0
2014-11-25,44.168212890625,14802600,13.31575870513916,44786300,39.86294174194336,13212100,38.917022705078125,14390400,149.24156188964844,3677900,25.761451721191406,7646700,169.71510314941406,79108300,12.25,0
2014-11-26,44.1975212097168,7626600,13.323543548583984,27310300,39.71621322631836,8704200,39.20592498779297,11792500,148.972900390625,2024000,25.63008689880371,6138100,170.14942932128906,62167800,12.069999694824219,0
2014-11-28,44.06566619873047,6759600,13.26903247833252,27834900,39.59880828857422,5876800,39.35038375854492,11054300,149.36134338378906,1195200,25.673879623413086,3534700,169.78884887695312,57890100,13.329999923706055,0
2014-12-01,43.9484748840332,12771600,13.074357032775879,61173100,39.14390182495117,13825700,38.87367248535156,13858500,149.19482421875,2469000,25.615489959716797,8802400,168.60879516601562,103968400,14.15999984741211,0
2014-12-02,44.73955154418945,12546600,13.354692459106445,62945200,39.88496017456055,15964300,39.162601470947266,12925300,150.77243041992188,3116100,26.10444450378418,9335200,169.69869995117188,74507200,12.850000381469727,0
2014-12-03,45.07648468017578,12115500,13.503074645996094,70104200,40.50862503051758,21221500,39.285369873046875,14781300,151.3749237060547,3049600,26.651792526245117,9147400,170.35427856445312,68952000,12.5,0
2014-12-04,44.95928192138672,11515200,13.440597534179688,49412800,40.486602783203125,13407400,39.364837646484375,12310000,152.16763305664062,3123400,26.848825454711914,9165300,170.165771484375,91316600,12.380000114440918,0
2014-12-05,45.9261589050293,20071100,13.807659149169922,131824000,41.146949768066406,21945900,39.747650146484375,14261400,154.94227600097656,3625500,27.17723274230957,11489700,170.44439697265625,91025500,11.890000343322754,0
2014-12-08,45.904170989990234,15528200,13.792037010192871,101035100,41.359737396240234,21799300,39.55986022949219,18939300,155.8697967529297,2715000,27.731874465942383,14069300,169.3053436279297,108588200,14.210000038146973,0
2014-12-09,45.74304962158203,19676400,13.713939666748047,95939400,40.97821044921875,26262900,39.60319137573242,12895800,156.0837860107422,4568400,27.804847717285156,12283800,169.1906280517578,125180100,15.350000381469727,0
2014-12-10,44.44655990600586,29620600,13.573366165161133,103611100,39.965675354003906,22464100,39.19148254394531,23309500,152.20730590820312,6506700,27.286699295043945,13788700,166.47833251953125,159856400,18.530000686645508,0
2014-12-11,44.78349685668945,16886200,13.643647193908691,80173200,39.995018005371094,20641300,39.31427764892578,17007700,153.42811584472656,3179500,27.294004440307617,8942200,167.3223114013672,159012800,20.079999923706055,0
2014-12-12,43.97776412963867,17405400,13.378119468688965,88886700,39.180580139160156,23137300,38.78701400756836,18792900,149.6863250732422,3838900,26.45473861694336,10965300,164.61813354492188,202330200,21.079999923706055,0
2014-12-15,43.33319854736328,19209900,13.159451484680176,101305300,38.7330207824707,20956200,38.418636322021484,24852800,147.0861358642578,4729100,26.221214294433594,10472000,163.48727416992188,189965800,20.420000076293945,0
2014-12-16,42.79848861694336,20709700,13.057920455932617,96112000,37.54438018798828,34745200,38.11528015136719,24243300,145.31832885742188,4181900,25.922006607055664,11456800,162.17620849609375,259543800,23.56999969482422,0
2014-12-17,43.78000259399414,17856400,13.479649543762207,92164100,38.483558654785156,26918800,38.85200119018555,19782600,146.68185424804688,5074800,26.80504608154297,11919000,165.3556365966797,253910100,19.440000534057617,0
2014-12-18,45.03254318237305,18173400,13.690509796142578,79334000,39.694183349609375,23478100,39.87767028808594,21404700,151.89810180664062,4209600,27.804847717285156,12773100,169.4446563720703,257633900,16.809999465942383,0
2014-12-19,45.36215591430664,22756400,13.760796546936035,105588200,39.628150939941406,22986200,39.32872009277344,36186100,153.2220001220703,4798200,28.104061126708984,12526800,170.16561889648438,245084600,16.489999771118164,0
2014-12-22,45.36946105957031,17073400,13.831088066101074,70969300,39.591468811035156,11742300,39.704315185546875,17395500,154.14157104492188,3056400,28.147844314575195,8650600,170.94837951660156,148318900,15.25,0
2014-12-23,45.76500701904297,13552600,14.002902030944824,94405200,39.928977966308594,12277000,40.065460205078125,13205700,154.98193359375,2346100,28.4251708984375,5872600,171.17910766601562,122167900,14.800000190734863,0
2014-12-24,45.76500701904297,7412500,14.041952133178711,35091300,40.01702880859375,6237400,39.97156524658203,4297000,155.2910919189453,694200,28.322986602783203,2495100,171.1956024169922,42963400,14.369999885559082,0
2014-12-26,45.816280364990234,6086500,14.041952133178711,34362500,39.93630599975586,6415100,39.928226470947266,5826000,154.94227600097656,1016300,28.2573184967041,3091700,171.74766540527344,57326700,14.5,0
2014-12-29,46.11660385131836,10601200,14.143477439880371,58370900,40.15642547607422,9887500,40.23881149291992,11385600,155.52886962890625,1219900,28.432470321655273,3466900,171.97837829589844,79643900,15.0600004196167,0
2014-12-30,46.255767822265625,7518100,14.159092903137207,41433500,40.23714065551758,8188600,40.02934646606445,8749400,155.1484375,1136200,28.46165657043457,4010600,171.05555725097656,73540800,15.920000076293945,0
2014-12-31,45.838253021240234,18529400,13.971658706665039,57819600,39.7015266418457,10193000,39.595985412597656,10090800,153.6580047607422,1566800,28.315689086914062,6492900,169.358154296875,130333800,19.200000762939453,0
2015-01-02,46.06678771972656,12600000,13.979469299316406,48951100,39.81157684326172,11137800,39.5092887878418,11700900,154.11785888671875,1877700,28.25002670288086,7333800,169.26754760742188,121465900,17.790000915527344,0
2015-01-05,44.63663864135742,20100600,13.573366165161133,105605500,38.556922912597656,20945400,38.42584991455078,15000500,149.3058624267578,3413200,27.366979598999023,12507900,166.21060180664062,169632600,19.920000076293945,0
2015-01-06,43.479270935058594,29074100,13.167257308959961,144912400,37.19953918457031,31989300,37.62411117553711,20211200,146.2854461669922,3429200,26.578805923461914,16507800,164.6450653076172,209151400,21.1200008392334,0
2015-01-07,43.54561233520508,23843200,13.229734420776367,104603800,37.54438018798828,27890800,37.848026275634766,15714700,148.46551513671875,1896800,26.958295822143555,9957700,166.69679260253906,125346700,19.309999465942383,0
2015-01-08,44.51869583129883,16971100,13.503074645996094,73388500,38.10935974121094,17467200,38.68588638305664,16721600,150.83587646484375,1962500,27.359676361083984,8079600,169.65480041503906,147217800,17.010000228881836,0
2015-01-09,43.74464797973633,15396200,13.260971069335938,84144600,37.258243560791016,20180200,38.050254821777344,14550800,148.52101135253906,1980700,26.91451644897461,7807500,168.2952423095703,158567300,17.549999237060547,0
2015-01-12,43.36867904663086,15455200,13.026679992675781,92762500,36.96474838256836,22725800,37.59523010253906,16967500,146.71360778808594,2084200,26.542325973510742,9385900,166.97689819335938,144396100,19.600000381469727,0
2015-01-13,43.37605667114258,21644700,12.847058296203613,100845400,36.70062255859375,23201800,37.450767517089844,25080900,146.60256958007812,2745300,26.294193267822266,12447800,166.50723266601562,214553300,20.559999465942383,0
2015-01-14,41.87957000732422,49602300,12.526856422424316,164779800,35.98890686035156,44630800,37.017398834228516,37590100,142.8766326904297,5204700,25.695762634277344,15898600,165.50196838378906,192991100,21.479999542236328,0
2015-01-15,40.537899017333984,42458100,11.870835304260254,193241300,34.65353012084961,48799400,36.63458251953125,32144700,141.497314453125,3146000,25.236007690429688,17568100,163.98587036132812,176613900,22.389999389648438,0
2015-01-16,41.2308464050293,29368900,12.011407852172852,149802000,34.93235778808594,32307000,37.2990837097168,23174900,140.49839782714844,5124100,25.462228775024414,27056100,166.13650512695312,211879600,20.950000762939453,0
2015-01-20,41.06866455078125,23477700,11.917694091796875,123402800,34.67555618286133,25561000,37.55910873413086,17691000,139.23007202148438,3606600,25.360071182250977,19400600,166.49069213867188,130991100,19.889999389648438,0
2015-01-21,41.201351165771484,21842400,12.034841537475586,101054200,35.02774429321289,22873300,37.63134002685547,17928300,140.43502807617188,3737000,25.345468521118164,15830500,167.33126831054688,122942700,18.850000381469727,0
2015-01-22,42.45457458496094,31423500,12.565906524658203,183042100,36.370445251464844,29652600,38.837562561035156,21488700,144.31153869628906,6228200,25.929298400878906,18792700,169.81956481933594,174356000,16.399999618530273,0
2015-01-23,41.783729553222656,15458300,12.28475284576416,103376900,35.67341232299805,18984700,38.469200134277344,17779700,143.08277893066406,3123800,25.651975631713867,10969300,168.88853454589844,117516800,16.65999984741211,0
2015-01-26,41.85008239746094,12577700,12.378467559814453,69969300,35.87151336669922,13817500,38.700321197509766,13429400,143.02725219726562,2736500,25.6227970123291,9899900,169.28395080566406,92009700,15.520000457763672,0
2015-01-27,41.42988967895508,15220500,12.206655502319336,86184200,35.44594955444336,16401200,38.25973892211914,14351600,139.9118194580078,3335600,25.29438591003418,9021500,167.05105590820312,134044600,17.219999313354492,0
2015-01-28,40.3609619140625,24354400,11.870835304260254,105359800,34.56549835205078,26065300,37.674678802490234,18775100,137.18475341796875,3017300,24.7161865234375,14730700,164.9087371826172,168514300,20.440000534057617,0
2015-01-29,41.03917694091797,20393300,12.050460815429688,76095800,34.94710159301758,19865700,38.108062744140625,16700000,139.51539611816406,2421400,25.155330657958984,11378800,166.43309020996094,173585400,18.760000228881836,0
2015-01-30,40.08820343017578,26943700,11.831786155700684,99844600,34.45541763305664,23729800,37.50132369995117,21754800,136.67733764648438,3037400,24.745466232299805,11693000,164.34017944335938,197729700,20.969999313354492,0
2015-02-02,40.89175033569336,20308900,12.073893547058105,101586700,35.020503997802734,19178200,38.144161224365234,17714500,139.11904907226562,2975300,25.191923141479492,12373400,166.37539672851562,163107000,19.43000030517578,0
2015-02-03,41.81321334838867,18812500,12.409708023071289,105159400,35.87179946899414,25220200,38.60643768310547,20258900,142.88461303710938,3766900,25.64569854736328,14545300,168.78143310546875,124212900,17.329999923706055,0
2015-02-04,41.56257247924805,14934100,12.331611633300781,83848100,35.51953125,19581800,38.55553436279297,14435600,141.7271728515625,2980500,25.448083877563477,10246300,168.13870239257812,134306700,18.329999923706055,0
2015-02-05,41.85008239746094,11293900,12.472186088562012,92264700,35.62226104736328,15481900,39.02083969116211,13281900,143.3047332763672,2434400,25.5651912689209,10524000,169.8360595703125,97953200,16.850000381469727,0
2015-02-06,42.675724029541016,25214000,12.87829303741455,160832300,36.062599182128906,25881500,39.587947845458984,19317000,145.4134521484375,3250900,26.194622039794922,17087400,169.3663787841797,125672000,17.290000915527344,0
2015-02-09,42.62413024902344,14372400,12.768959999084473,95532900,36.11396026611328,16364900,39.413455963134766,9739200,144.4542236328125,2421900,26.07752227783203,8454100,168.60833740234375,87219000,18.549999237060547,0
2015-02-10,43.095924377441406,16367300,12.823625564575195,100322800,36.246055603027344,17223700,39.675193786621094,12342500,146.309326171875,2556300,26.46542739868164,12491700,170.4045867919922,96164200,17.229999542236328,0
2015-02-11,43.029563903808594,13061900,12.776768684387207,99924400,36.458885192871094,13079500,39.18808364868164,18296800,148.7588348388672,4079600,26.619129180908203,7798100,170.5034637451172,91087800,16.959999084472656,0
2015-02-12,43.914215087890625,23211300,13.018869400024414,116394100,37.34687423706055,28926800,39.88603591918945,20159500,150.4473876953125,3086700,27.00702476501465,8167100,172.14315795898438,97545900,15.34000015258789,0
2015-02-13,43.987918853759766,16479100,12.972015380859375,93632700,37.57437515258789,17448500,40.22775650024414,18809000,149.82901000976562,2720400,26.919191360473633,8019200,172.85177612304688,93670400,14.6899995803833,0
2015-02-17,44.30490493774414,15308800,12.987635612487793,93350600,37.93396759033203,14569400,40.256839752197266,11908600,150.6376495361328,2123300,27.02165985107422,6800200,173.12367248535156,76968200,15.800000190734863,0
2015-02-18,43.76675796508789,14278100,12.729910850524902,84057400,37.73583221435547,17666800,39.638851165771484,13231600,149.5674591064453,1850700,26.619129180908203,7745800,173.14013671875,80652900,15.449999809265137,0
2015-02-19,43.66355895996094,11256500,12.659621238708496,83604300,37.51567077636719,11272000,39.667911529541016,10784600,149.91627502441406,1470400,26.58984375,5856500,173.0165557861328,91462500,15.289999961853027,0
2015-02-20,44.08375930786133,15379000,12.792387008666992,89763600,38.00003433227539,19429400,39.864234924316406,15049100,151.81883239746094,2317100,26.889925003051758,11019700,174.0547332763672,140896400,14.300000190734863,0
2015-02-23,43.752017974853516,16814000,12.651814460754395,87623700,37.66244125366211,15282600,40.0605354309082,13715000,150.8675537109375,1691100,26.54592514038086,7399600,174.03004455566406,74411100,14.5600004196167,0
2015-02-24,44.83567810058594,22937700,12.792387008666992,74109600,38.08810043334961,20250900,40.256839752197266,11957800,152.38172912597656,2627300,26.889925003051758,8910400,174.5244598388672,72472300,13.6899995803833,0
2015-02-25,45.07158660888672,18307900,12.87829303741455,57201000,38.22753143310547,10666000,40.22775650024414,10516900,151.98529052734375,2775700,26.780128479003906,7358500,174.37606811523438,73061700,13.84000015258789,0
2015-02-26,45.39595413208008,15444800,12.526856422424316,161100700,38.46236801147461,16358100,40.09688186645508,13579100,152.8441619873047,2449300,26.392236709594727,10363200,174.1700897216797,72697900,13.90999984741211,0
2015-02-27,45.17479705810547,15225900,12.3472318649292,130448200,38.469696044921875,18588400,39.83514404296875,12937000,150.9276885986328,2572400,26.194622039794922,8264200,173.5768585205078,108076000,13.34000015258789,0
2015-03-02,45.5360107421875,13047300,12.50342845916748,71402400,39.25495910644531,19384200,40.387699127197266,12988500,152.5181121826172,1659400,26.52397918701172,7118100,174.67276000976562,87491400,13.039999961853027,0
2015-03-03,45.683441162109375,13706900,12.526856422424316,65689800,39.43107604980469,24281900,40.315006256103516,11759600,152.10459899902344,1487800,26.216577529907227,8338800,173.95590209960938,110325800,13.859999656677246,0
2015-03-04,45.8013916015625,16625500,12.409340858459473,78441600,39.387054443359375,14698100,39.856964111328125,16653300,150.83221435546875,1648500,25.682292938232422,11533500,173.2225799560547,114497200,14.229999542236328,0
2015-03-05,45.705570220947266,10931300,12.534689903259277,69510000,39.30633544921875,13853800,39.871490478515625,9576100,151.15830993652344,1330100,25.997013092041016,8976400,173.41207885742188,76873000,14.039999961853027,0
2015-03-06,44.88728332519531,22719200,12.707042694091797,163207200,38.93938446044922,40296600,39.68973922729492,17298400,148.6374053955078,4103600,26.004331588745117,14177300,170.9730987548828,188128000,15.199999809265137,0
2015-03-09,45.336978912353516,13001500,12.667871475219727,72912700,38.85866928100586,17542600,39.747894287109375,11937900,149.44851684570312,2233700,26.106794357299805,8573800,171.68177795410156,89818900,15.0600004196167,0
2015-03-10,44.20169448852539,16357700,12.370172500610352,85633600,37.59638977050781,29061300,38.744564056396484,18723200,145.29736328125,2768500,25.528587341308594,10996700,168.8967742919922,157121300,16.690000534057617,0
2015-03-11,44.40813064575195,13015600,12.620869636535645,85910100,38.40365219116211,32443600,39.042659759521484,16612900,146.4663543701172,2098600,25.579822540283203,10593900,168.50123596191406,110145700,16.8700008392334,0
2015-03-12,45.24113845825195,18159600,12.605198860168457,126376300,39.68793869018555,50191200,40.416786193847656,26266900,151.05491638183594,3114800,27.14608383178711,18321000,170.64358520507812,93993500,15.420000076293945,0
2015-03-13,44.96837615966797,16506200,12.605198860168457,88581900,39.291648864746094,20780600,40.23503494262695,17591400,150.56979370117188,3095100,26.60448455810547,11237500,169.59718322753906,162410900,16.0,0
2015-03-16,45.595001220703125,15182900,12.636534690856934,63406500,39.4017219543457,17031600,40.5185661315918,15505200,152.60556030273438,2127700,26.882598876953125,8077200,171.86305236816406,136099200,15.609999656677246,0
2015-03-17,45.41807556152344,11718300,12.605198860168457,67315000,39.51179122924805,13902900,40.64944839477539,13107700,151.5479278564453,1883200,26.750871658325195,8381800,171.3521728515625,94510400,15.65999984741211,0
2015-03-18,45.52125930786133,15697900,12.519025802612305,86387600,39.42374038696289,18383700,40.83847427368164,20000500,152.9396209716797,2790100,26.882598876953125,9870300,173.41207885742188,228808500,13.970000267028809,0
2015-03-19,45.11581802368164,11523800,12.229157447814941,109169200,38.440345764160156,21150000,40.35861587524414,14841100,151.07081604003906,2097100,26.4288272857666,10873800,172.62106323242188,117917300,14.069999694824219,0
2015-03-20,45.52125930786133,18368300,12.409340858459473,99867700,38.88069152832031,22466200,40.72214126586914,26487200,153.5837860107422,3473800,26.71426773071289,14009000,174.14479064941406,177715100,13.020000457763672,0
2015-03-23,45.07158660888672,15112900,12.315332412719727,73773500,38.51374435424805,13148900,40.5549430847168,16477400,152.65338134765625,1590500,26.57520294189453,7341600,173.8054656982422,71784500,13.40999984741211,0
2015-03-24,44.57029342651367,12128700,12.229157447814941,77011000,38.1174430847168,12887700,40.24228286743164,13927400,152.11260986328125,1799100,26.52397918701172,7952200,172.828857421875,77805300,13.619999885559082,0
2015-03-25,43.94368362426758,14950900,12.072473526000977,88541500,37.706485748291016,15418200,39.65338897705078,15413700,148.98727416992188,2542000,25.945775985717773,9066500,170.2962188720703,159521700,15.4399995803833,0
2015-03-26,43.89210510253906,14039600,12.08030891418457,76741500,37.56704330444336,21839600,39.624290466308594,15038600,148.89981079101562,2377200,26.07019805908203,10180500,169.89068603515625,153067200,15.800000190734863,0
2015-03-27,43.89946746826172,11755800,11.994133949279785,73140800,37.427608489990234,16052400,39.3480224609375,13600300,149.5518798828125,1539600,26.223892211914062,9157800,170.27967834472656,118939000,15.069999694824219,0
2015-03-30,44.93888854980469,20656500,12.158650398254395,70835300,37.89727783203125,13289200,39.82061004638672,11706700,151.9058074951172,2403800,26.57520294189453,8954200,172.35708618164062,96180400,14.510000228881836,0
2015-03-31,44.65876770019531,17346700,12.056805610656738,61381700,37.809200286865234,13928900,39.55160140991211,13306200,149.48033142089844,2146600,26.121435165405273,10258200,170.85076904296875,126768700,15.289999961853027,0
2015-04-01,44.48809051513672,18100600,12.072473526000977,73153900,37.88261032104492,21577700,39.2171630859375,15436900,152.86802673339844,4031400,26.326356887817383,7975800,170.24655151367188,137303600,15.109999656677246,0
2015-04-02,44.911075592041016,12697800,12.174318313598633,50443500,38.05873489379883,13966900,39.529788970947266,13498900,152.3272705078125,2296300,26.392236709594727,6271300,170.85899353027344,86900900,14.670000076293945,0
2015-04-06,44.87395477294922,12025200,12.15081787109375,51189500,37.88261032104492,13250800,39.318946838378906,10786100,152.72491455078125,1997000,26.282445907592773,6624300,172.0094757080078,114368200,14.739999771118164,0
2015-04-07,45.15596389770508,11505500,12.111647605895996,50057800,37.809200286865234,11562700,39.27531051635742,10853700,152.99526977539062,1778000,26.304405212402344,8045000,171.55426025390625,81236300,14.779999732971191,0
2015-04-08,45.30437469482422,11734000,12.229157447814941,71732500,38.08074951171875,11773000,39.260772705078125,9828700,153.13046264648438,1997300,26.53860855102539,6602800,172.13357543945312,89351900,13.979999542236328,0
2015-04-09,45.61604309082031,11728500,12.307498931884766,44935600,38.256893157958984,13591400,39.39891815185547,10279400,154.98336791992188,1986500,26.81672477722168,7910400,172.89503479003906,85548900,13.09000015258789,0
2015-04-10,45.7867317199707,9869700,12.315332412719727,43817700,38.47704315185547,13032000,39.493431091308594,9531500,155.57980346679688,1764800,26.52397918701172,10047800,173.8385467529297,72722900,12.579999923706055,0
2015-04-13,46.06129455566406,15468700,12.378006935119629,49191200,38.645835876464844,11984400,39.68973922729492,14931600,155.53208923339844,2196100,26.56789779663086,6207400,173.0522918701172,74436600,13.9399995803833,0
2015-04-14,46.7811279296875,33775400,12.393674850463867,84385400,38.69721221923828,13259700,39.39891815185547,29289600,157.23387145996094,3267400,26.963104248046875,12320000,173.38336181640625,75099900,13.670000076293945,0
2015-04-15,47.64936828613281,28732200,12.252655029296875,124479100,39.04945373535156,19041100,39.84968566894531,16899900,159.92181396484375,5066100,27.36565589904785,13022600,174.16131591796875,99529300,12.84000015258789,0
2015-04-16,47.352535247802734,16640500,12.370172500610352,105591000,39.64390182495117,38345600,39.84968566894531,15643200,159.21397399902344,5976900,27.34369468688965,8876100,174.1116943359375,68934900,12.600000381469727,0
2015-04-17,46.6327018737793,20221200,12.189985275268555,88994300,38.94673538208008,23287000,39.29713821411133,17569700,156.93966674804688,4578400,26.897249221801758,10033800,172.10874938964844,191113200,13.890000343322754,0
2015-04-20,46.9295539855957,12755300,12.197819709777832,53649400,39.04212951660156,14730000,39.52251434326172,13327200,157.53607177734375,2616600,27.050945281982422,13301900,173.6812744140625,92189500,13.300000190734863,0
2015-04-21,46.239410400390625,14985100,12.142977714538574,64033100,38.51374435424805,19554400,39.46434020996094,10954200,156.5340576171875,1868300,26.897249221801758,11380900,173.474365234375,72559800,13.25,0
2015-04-22,46.70692443847656,14484700,12.330998420715332,73092800,38.968746185302734,14873400,39.747894287109375,13563800,157.7109832763672,1938100,27.226598739624023,10161300,174.32684326171875,78264600,12.710000038146973,0
2015-04-23,46.603023529052734,12851300,12.291830062866211,50292200,39.05681228637695,13049600,39.88603591918945,14657800,158.4982452392578,2053400,27.358341217041016,8486900,174.76547241210938,102585900,12.479999542236328,0
2015-04-24,46.45460510253906,9597500,12.252655029296875,40766100,38.82197570800781,10150500,39.769691467285156,15268100,157.4485626220703,1445700,27.34369468688965,8643200,175.1710205078125,61327400,12.289999961853027,0
2015-04-27,46.26166534423828,11146400,12.189985275268555,73523400,38.74857711791992,15613000,39.96603012084961,19852400,156.27960205078125,1767100,27.1168155670166,8924200,174.4427032470703,79358100,13.119999885559082,0
2015-04-28,46.573341369628906,12307800,12.260498046875,58080100,38.9100341796875,14134500,40.285919189453125,13028300,157.05101013183594,1909400,27.219696044921875,7525400,174.9972381591797,86863500,12.40999984741211,0
2015-04-29,47.196712493896484,17601200,12.519025802612305,134499400,39.45309066772461,22542400,40.32228088378906,18144500,157.90185546875,2480600,27.550390243530273,9518400,174.2772216796875,125684900,13.390000343322754,0
2015-04-30,46.94438552856445,16840900,12.479849815368652,78313900,39.13019561767578,19420600,40.0605354309082,16577800,156.20004272460938,2732800,27.418115615844727,10413900,172.53082275390625,161304900,14.550000190734863,0
2015-05-01,47.20412826538086,11640100,12.620869636535645,78171400,39.45309066772461,13147600,40.1259765625,12069400,157.08279418945312,2029500,27.565080642700195,6469600,174.4013214111328,103399700,12.699999809265137,0
2015-05-04,48.02783203125,14972500,12.879396438598633,76592300,39.75399398803711,15670100,40.5185661315918,9981800,158.4904022216797,1581600,27.85903549194336,7375700,174.89796447753906,70927200,12.850000381469727,0
2015-05-05,47.79035568237305,17692400,12.808887481689453,106148700,39.15221405029297,20669100,40.51129150390625,17068100,156.89195251464844,2287500,27.52100372314453,10339600,172.89503479003906,113326200,14.3100004196167,0
2015-05-06,47.43416976928711,18087900,12.761879920959473,96426500,38.76325988769531,19414800,40.20021057128906,15670700,156.06491088867188,2433700,27.227035522460938,9532500,172.1832733154297,135060200,15.149999618530273,0
2015-05-07,47.86457443237305,15039900,12.722709655761719,73794800,39.15991973876953,14954200,40.119693756103516,14723100,156.97145080566406,1795300,27.587135314941406,12404700,172.87014770507812,88244900,15.130000114440918,0
2015-05-08,48.599239349365234,16802600,12.887229919433594,86333700,39.68146896362305,17333500,41.02734375,17477500,159.4446563720703,3192500,27.844337463378906,10037900,175.146240234375,155877300,12.859999656677246,0
2015-05-11,48.569549560546875,13798800,12.918563842773438,56246000,39.644744873046875,13896800,40.632076263427734,12922100,160.42279052734375,1966700,28.10889434814453,12349100,174.31033325195312,75708100,13.850000381469727,0
2015-05-12,48.502777099609375,12762200,12.871559143066406,59627100,39.47578430175781,13336900,40.602806091308594,11705900,159.468505859375,2247500,27.719398498535156,9689300,173.7888641357422,119727600,13.859999656677246,0
2015-05-13,48.621490478515625,11874100,12.902894020080566,47330600,39.813682556152344,15810400,40.69795608520508,11448100,160.18423461914062,2143300,27.763498306274414,7016100,173.8219757080078,94667900,13.760000228881836,0
2015-05-14,49.014808654785156,11855500,12.942068099975586,55395700,40.10752487182617,14250800,41.020042419433594,11025400,161.13050842285156,1957000,28.02804946899414,7291300,175.63450622558594,95934000,12.739999771118164,0
2015-05-15,48.8886604309082,11152100,12.808887481689453,54937800,39.84306716918945,10377200,40.63939666748047,13323200,161.40887451171875,1742900,27.814943313598633,7093800,175.82485961914062,76510100,12.380000114440918,0
2015-05-18,49.289371490478516,10510900,12.934233665466309,51059900,40.158935546875,11717600,40.8077507019043,10637300,162.75279235839844,2164600,28.16769027709961,6061400,176.37109375,74549700,12.729999542236328,0
2015-05-19,49.727210998535156,14282700,13.137922286987305,89115500,40.64374923706055,18207400,41.28354263305664,17194100,163.34129333496094,2370100,28.432228088378906,7380900,176.31317138671875,72114600,12.850000381469727,0
2015-05-20,49.33392333984375,12446000,13.114419937133789,67684000,40.3205451965332,13954600,41.04929733276367,13292000,163.0867919921875,1831200,28.16769027709961,6339300,176.1890869140625,76857500,12.880000114440918,0
2015-05-21,49.460052490234375,12934500,13.106586456298828,52056600,40.28382110595703,11799200,40.99806594848633,13466700,162.9834442138672,2225000,27.95456886291504,7141500,176.70220947265625,64764600,12.109999656677246,0
2015-05-22,49.32648468017578,9296900,13.12225341796875,47032900,40.379310607910156,12652000,40.99076461791992,8568800,165.2498321533203,3040400,28.05010414123535,5513900,176.28009033203125,57433500,12.130000114440918,0
2015-05-26,48.7773323059082,15571300,12.926396369934082,100048200,39.84306716918945,16564500,40.741886138916016,15859100,164.12057495117188,3336300,27.770837783813477,8434000,174.38479614257812,124308600,14.0600004196167,0
2015-05-27,49.32648468017578,10963700,13.114419937133789,70026700,40.30585861206055,13699400,41.0419921875,12526100,166.25184631347656,3011500,28.38079071044922,8252300,176.0400390625,93214000,13.270000457763672,0
2015-05-28,49.12611770629883,11797400,13.059577941894531,60970000,40.0707893371582,13380900,41.144474029541016,10348700,166.30764770507812,3084900,28.46162986755371,9717600,175.84144592285156,74974600,13.3100004196167,0
2015-05-29,48.814453125,14310700,12.926396369934082,74266200,39.72554397583008,13841400,40.961463928222656,17291500,164.48095703125,2255500,28.072147369384766,7858800,174.74893188476562,124919600,13.84000015258789,0
2015-06-01,49.037078857421875,11899300,12.965567588806152,62941600,39.997337341308594,18156300,41.020042419433594,15746200,165.77316284179688,2088200,28.35140037536621,8830700,175.10482788085938,93338800,13.970000267028809,0
2015-06-02,48.9925422668457,12784200,13.09875202178955,65513200,40.19565200805664,17765400,41.122501373291016,13148700,164.67233276367188,2230700,28.307313919067383,6178700,174.9310302734375,91531000,14.239999771118164,0
2015-06-03,49.49715805053711,12927300,13.303050994873047,89614900,40.8641357421875,21240500,41.65684127807617,16197700,166.15611267089844,2417000,28.667387008666992,7812600,175.39450073242188,87820900,13.65999984741211,0
2015-06-04,49.22259521484375,13863300,13.185186386108398,61025500,40.64374923706055,18517600,41.093238830566406,17627100,166.61880493164062,3462500,28.439594268798828,7713400,173.91299438476562,151882800,14.710000038146973,0
2015-06-05,50.03146743774414,20801100,13.50735092163086,119087400,41.312217712402344,26500400,41.437255859375,16890300,167.8791046142578,3225100,28.87316131591797,9808100,173.6150665283203,121704700,14.210000038146973,0
2015-06-08,49.6381721496582,14558700,13.42092227935791,69749600,40.87881088256836,14961600,41.07859802246094,14248400,167.35263061523438,2180700,28.72618865966797,7327000,172.54739379882812,89063300,15.289999961853027,0
2015-06-09,49.853370666503906,13263500,13.601639747619629,82104900,41.13591384887695,15193100,41.50314712524414,14669900,166.73849487304688,2278800,28.755577087402344,7807900,172.52256774902344,105034700,14.470000267028809,0
2015-06-10,50.65481948852539,17478900,13.8216552734375,102643100,41.885169982910156,21275600,41.87644958496094,18622400,170.01705932617188,2677300,29.31407928466797,9546900,174.59170532226562,134551300,13.220000267028809,0
2015-06-11,50.8477668762207,13739900,13.743081092834473,77191500,42.024742126464844,19187100,41.91304397583008,13943300,170.66319274902344,2024100,29.29938507080078,6981000,175.15444946289062,73876400,12.850000381469727,0
2015-06-12,50.64739990234375,11804700,13.743081092834473,53149400,41.9513053894043,13860600,41.78860855102539,13439000,169.96124267578125,2006200,29.108327865600586,5896300,173.81375122070312,135382400,13.779999732971191,0
2015-06-15,50.45444869995117,14082300,13.727365493774414,68053400,41.6133918762207,17698400,41.708091735839844,12920600,168.9241943359375,1903800,29.04952621459961,5635300,173.06884765625,124384200,15.390000343322754,0
2015-06-16,50.736446380615234,11692800,13.790227890014648,47291200,41.921905517578125,13563800,41.883758544921875,10476100,170.36007690429688,1954200,29.203857421875,4580300,174.01234436035156,85308200,14.8100004196167,0
2015-06-17,50.565765380859375,14521900,13.648788452148438,88712100,41.5325813293457,17801900,41.847164154052734,17497700,169.8574981689453,1778400,29.08626937866211,7029500,174.2937469482422,126708600,14.5,0
2015-06-18,51.04069519042969,16759600,13.656646728515625,97599900,41.694190979003906,18739300,42.235107421875,18299900,171.189697265625,2167200,29.24059295654297,7593800,176.1062469482422,165867900,13.1899995803833,0
2015-06-19,50.521240234375,21606400,13.491633415222168,83395400,41.30485534667969,18840500,41.75932693481445,36241100,170.06492614746094,4163400,28.931947708129883,10338800,175.3245086669922,130478700,13.960000038146973,0
2015-06-22,51.17428207397461,14306700,13.727365493774414,58477700,41.83375549316406,13011600,42.388832092285156,15111200,172.71336364746094,2006100,29.284685134887695,8676300,176.22271728515625,70696000,12.739999771118164,0
2015-06-23,51.76053237915039,15736900,13.884519577026367,63865700,42.1569709777832,16216100,42.37417984008789,13354200,174.2210235595703,2735600,29.54924201965332,9380300,176.34747314453125,68476800,12.109999656677246,0
2015-06-24,51.21880340576172,16995000,13.743081092834473,59079500,41.62073516845703,19235500,42.118011474609375,16166600,171.0541229248047,3945200,29.13036346435547,8065700,175.0667724609375,92307300,13.260000228881836,0
2015-06-25,50.94424057006836,13314300,13.648788452148438,59772200,41.27548599243164,12176200,41.847164154052734,14053600,169.76979064941406,2434700,28.82172393798828,8939700,174.53443908691406,97107400,14.010000228881836,0
2015-06-26,51.166847229003906,14489200,13.680221557617188,63080800,41.38566207885742,12148300,42.044803619384766,16975900,170.04898071289062,2762600,29.027475357055664,8325600,174.5011444091797,104174800,14.020000457763672,0
2015-06-29,49.868202209472656,19934400,13.271618843078613,98604200,40.31318664550781,22260400,41.0346794128418,19289700,165.64559936523438,3292800,28.152978897094727,10819300,170.841796875,202621300,18.850000381469727,0
2015-06-30,50.28377914428711,20677400,13.373770713806152,89039800,40.577640533447266,17737400,41.16642379760742,17346700,166.55499267578125,4167300,28.505718231201172,11102300,171.19943237304688,182925100,18.229999542236328,0
2015-07-01,50.84396743774414,13964400,13.530922889709473,62317400,40.900848388671875,17606100,41.65684127807617,12165300,167.47232055664062,2820300,28.924592971801758,10549900,172.5716552734375,135979900,16.09000015258789,0
2015-07-02,50.43315505981445,12822900,13.381632804870605,64736500,40.67315673828125,12062800,41.53241729736328,10106800,166.8820037841797,1816600,28.660057067871094,6801200,172.41366577148438,104373700,16.790000915527344,0
2015-07-06,50.29124069213867,13527100,13.310906410217285,58726900,40.46012878417969,12706200,41.31282043457031,11682100,165.95668029785156,2816800,28.54981231689453,8044500,171.9229736328125,117975400,17.010000228881836,0
2015-07-07,49.895362854003906,22421500,13.11446762084961,115450500,40.03406524658203,32011200,41.173736572265625,15831800,166.09230041503906,3304200,28.38079071044922,12759200,173.00418090820312,173820200,16.09000015258789,0
2015-07-08,48.872066497802734,17707200,12.768726348876953,83033000,38.78528594970703,26169400,40.44176483154297,12906600,162.7818145751953,2185100,27.770837783813477,9113300,170.10157775878906,164020100,19.65999984741211,0
2015-07-09,49.37998580932617,14984700,12.949455261230469,81534400,39.45375442504883,23540400,40.624759674072266,13623200,163.3800506591797,2256200,27.998655319213867,7286000,170.40936279296875,144113100,19.969999313354492,0
2015-07-10,50.08210372924805,12356100,13.122325897216797,72965300,40.0781364440918,16578700,41.04929733276367,13269600,165.2786407470703,1840600,28.395479202270508,6780400,172.5550537109375,129456900,16.829999923706055,0
2015-07-13,50.85890197753906,16175600,13.373770713806152,67934300,40.798011779785156,18803900,41.53241729736328,15521800,167.6159210205078,2041700,28.895206451416016,7183900,174.45956420898438,106069400,13.899999618530273,0
2015-07-14,51.568511962890625,20185100,13.460203170776367,69999800,41.06981658935547,18174900,41.90572738647461,20066300,169.24327087402344,2090700,29.181804656982422,8054600,175.21633911132812,81709600,13.369999885559082,0
2015-07-15,51.68054962158203,16891600,13.892379760742188,173099900,41.473812103271484,20470500,42.29365921020508,17159400,169.88145446777344,2536700,29.17445182800293,7649400,175.158203125,97914100,13.229999542236328,0
2015-07-16,51.9569206237793,18035700,14.104533195495605,117054300,43.03846740722656,41084000,42.579132080078125,13194500,168.46151733398438,4405200,29.328781127929688,7969800,176.563720703125,106683300,12.109999656677246,0
2015-07-17,51.695491790771484,14040700,14.222404479980469,96894900,43.15599060058594,21055300,42.41078567504883,12963900,169.4826202392578,2849000,29.54189682006836,8153700,176.71337890625,89030000,11.949999809265137,0
2015-07-20,51.73282241821289,11512900,14.238116264343262,71980100,43.229427337646484,16016600,42.491310119628906,10084900,169.4267578125,2175400,29.42431640625,15141800,176.80487060546875,70446800,12.25,0
2015-07-21,51.613311767578125,11659900,14.206684112548828,63732800,43.4130744934082,21541700,42.41809844970703,12504300,168.7167510986328,1985300,29.453706741333008,11773400,176.10629272460938,77965000,12.220000267028809,0
2015-07-22,52.34532165527344,15493000,14.497416496276855,110327000,44.32395553588867,30156200,42.83533477783203,14871100,170.11276245117188,2301300,29.791757583618164,9435900,175.790283203125,88667900,12.119999885559082,0
2015-07-23,52.01667785644531,14331800,14.285265922546387,103650100,43.97871017456055,29432300,42.60841369628906,13582200,168.3577880859375,2192700,29.350826263427734,10281600,174.80056762695312,90509100,12.640000343322754,0
2015-07-24,51.471412658691406,12413900,14.065247535705566,86364300,43.11925506591797,24760800,42.29365921020508,13157300,165.40626525878906,2453900,29.100967407226562,8370100,172.987548828125,117755000,13.739999771118164,0
2015-07-27,50.799156188964844,16801600,13.884519577026367,93231900,42.57566833496094,20378400,42.15460968017578,15495300,163.54762268066406,2910500,28.843765258789062,11948000,171.9811553955078,132361100,15.600000381469727,0
2015-07-28,50.82905197143555,14932400,14.049528121948242,82166800,42.8768424987793,12566700,42.01552200317383,16730600,164.52081298828125,2018100,28.843765258789062,9201100,174.0936737060547,123544800,13.4399995803833,0
2015-07-29,51.49380874633789,13059200,14.26954174041748,96388600,43.28086471557617,14460800,42.42543029785156,13718400,164.99942016601562,1987300,28.983928680419922,9677800,175.29122924804688,105791300,12.5,0
2015-07-30,51.568511962890625,10197200,14.245972633361816,65667900,43.28821563720703,11202100,42.56449890136719,9864800,165.28663635253906,1342900,28.99129867553711,5512100,175.33279418945312,91304400,12.130000114440918,0
2015-07-31,51.18756103515625,11911800,14.049528121948242,67176900,42.97943115234375,12529300,42.35953903198242,12369800,163.58746337890625,1644000,28.651966094970703,7347600,175.0667724609375,103266900,12.119999885559082,0
2015-08-03,51.18756103515625,9980600,13.963091850280762,62376800,42.96472930908203,10508700,42.388832092285156,13085900,163.28433227539062,2075500,28.592952728271484,7078100,174.4761962890625,113965700,12.5600004196167,0
2015-08-04,51.13527297973633,10964000,13.986671447753906,69741500,42.986785888671875,10984500,42.32295608520508,12324700,163.667236328125,1451500,28.710979461669922,6365800,174.13522338867188,81820800,13.0,0
2015-08-05,51.336952209472656,11302900,14.04167366027832,65228600,43.185302734375,10631000,42.47397994995117,12032500,164.09005737304688,1535500,28.769990921020508,4981000,174.70907592773438,85786800,12.510000228881836,0
2015-08-06,50.97842025756836,10803400,13.994525909423828,47594700,42.714759826660156,14707400,42.385562896728516,12556600,163.60345458984375,1485800,28.71835708618164,7573500,173.27862548828125,116030800,13.770000457763672,0
2015-08-07,50.82905197143555,11453300,13.947380065917969,71020700,42.5750617980957,11934000,42.34137725830078,13596200,162.2872314453125,1691100,28.460166931152344,8329500,172.94595336914062,117858000,13.390000343322754,0
2015-08-10,51.45646286010742,12661400,14.175250053405762,65791200,43.185302734375,10812200,42.68764877319336,12397500,164.30540466308594,1640300,28.829015731811523,5585000,175.12493896484375,80270700,12.229999542236328,0
2015-08-11,50.9634895324707,14800300,13.97881031036377,65868600,42.3765754699707,18897600,42.149803161621094,15425500,160.89915466308594,2554000,27.973285675048828,11188900,173.5447540283203,126081400,13.710000038146973,0
2015-08-12,50.224021911621094,21069000,13.766654014587402,141600100,41.83989715576172,27428700,41.78880310058594,21663200,160.4444580078125,2771900,27.715089797973633,13981400,173.7526397705078,172123700,13.609999656677246,0
2015-08-13,50.455570220947266,11930600,13.845232009887695,67456200,42.14866256713867,15837900,41.91405487060547,11868600,160.13331604003906,3353600,27.84787940979004,6554200,173.536376953125,89383300,13.489999771118164,0
2015-08-14,50.70953369140625,11248800,13.90809440612793,52710300,42.33980178833008,8864000,42.23822784423828,9742500,161.15443420410156,3567100,28.069181442260742,5029500,174.16851806640625,72786500,12.829999923706055,0
2015-08-17,50.84396743774414,10326500,13.963091850280762,42310000,42.47214889526367,11139200,42.252952575683594,11462500,161.59320068359375,1600700,28.13557243347168,5109200,175.14154052734375,79072600,13.020000457763672,0
2015-08-18,50.948551177978516,10617500,13.900237083435059,50360700,42.31040954589844,11593200,42.392948150634766,10581500,160.48434448242188,1665400,27.899520874023438,8794400,174.6342010498047,71692700,13.789999961853027,0
2015-08-19,50.492916107177734,15198200,13.719507217407227,78540500,41.90605926513672,17673200,42.039302825927734,13744600,160.30088806152344,2721400,27.61919403076172,8549700,173.253662109375,172946000,15.25,0
2015-08-20,49.25299835205078,20972300,13.138044357299805,149185400,40.678287506103516,28455500,41.34674835205078,20857700,156.95053100585938,3140000,26.682323455810547,14129400,169.63587951660156,194327900,19.139999389648438,0
2015-08-21,47.50517654418945,28235500,12.650860786437988,148874300,39.4063835144043,33437500,39.762725830078125,31954400,149.76307678222656,5406200,25.236446380615234,30185700,164.52943420410156,346588500,28.030000686645508,0
2015-08-24,45.00293731689453,36339100,12.014389991760254,214649500,37.0096549987793,37767000,37.75873947143555,40198100,143.1580047607422,7183600,23.797948837280273,24624100,157.60162353515625,507244300,40.7400016784668,0
2015-08-25,44.74897766113281,31772500,11.99081802368164,194377000,36.67147445678711,27809200,36.85254669189453,31041800,142.16880798339844,7204800,23.42910385131836,19890100,155.74697875976562,369833100,36.02000045776367,0
2015-08-26,46.989776611328125,33576800,12.619433403015137,174208500,38.43593215942383,30721900,38.53233337402344,30235800,147.09872436523438,5561800,24.565149307250977,25346400,161.72666931152344,339257000,30.31999969482422,0
2015-08-27,48.1624755859375,29045700,12.9180269241333,124185400,39.288761138916016,26467300,39.80693054199219,26452500,150.93569946289062,3798500,25.302839279174805,21258600,165.7270050048828,274143900,26.100000381469727,0
2015-08-28,47.90103530883789,16687300,12.855162620544434,75899300,39.17112350463867,17205400,39.44590759277344,18342200,150.28732299804688,2413100,25.1184139251709,13192400,165.73533630371094,160414400,26.049999237060547,0
2015-08-31,47.87864303588867,14223400,12.839451789855957,66695200,39.31816482543945,20629000,39.291202545166016,13842200,150.96775817871094,2858000,25.413496017456055,13393000,164.39637756347656,163298800,28.43000030517578,0
2015-09-01,45.899253845214844,23637300,12.242262840270996,119064000,37.450767517089844,28621600,37.56719970703125,28031700,145.7806854248047,5494500,24.432363510131836,14590100,159.48951721191406,256000400,31.399999618530273,0
2015-09-02,46.73582458496094,17757900,12.494518280029297,74820400,38.046295166015625,17515800,38.30394744873047,20919600,147.69384765625,3043800,24.92662239074707,12151000,162.5167999267578,160269300,26.09000015258789,0
2015-09-03,46.8179931640625,17065400,12.56546401977539,77175800,38.075687408447266,15708700,38.628108978271484,15719000,148.1340789794922,2902200,24.933988571166992,11670800,162.6332244873047,152087800,25.610000610351562,0
2015-09-04,45.93661117553711,20189000,12.336860656738281,104539500,37.19346237182617,19054500,37.78822326660156,22303800,144.38787841796875,4295600,24.4840030670166,12774100,160.17144775390625,207081000,27.799999237060547,0
2015-09-08,47.176513671875,13385100,12.738892555236816,73960200,37.97277069091797,17160200,38.99649429321289,19685400,148.7904052734375,3060100,25.280715942382812,13449200,164.19674682617188,116025700,24.899999618530273,0
2015-09-09,46.444515228271484,13889500,12.53393268585205,70466100,37.40666198730469,16930900,38.45130157470703,16221500,148.63034057617188,4756800,24.89711570739746,10657200,162.00108337402344,149347700,26.229999542236328,0
2015-09-10,46.80305480957031,15751100,12.644298553466797,71110200,37.54634094238281,17467000,38.72389602661133,17996200,148.81448364257812,3042600,24.98563575744629,9692500,162.8827362060547,158611100,24.3700008392334,0
2015-09-11,46.72835159301758,12766700,12.644298553466797,54287700,37.56840515136719,12001800,38.76810836791992,12549400,148.3022003173828,2536800,25.074153900146484,7800900,163.6229248046875,119691200,23.200000762939453,0
2015-09-14,46.593902587890625,10202800,12.581230163574219,50640900,37.48017883300781,11427000,38.87861633300781,16225600,147.23757934570312,2746000,24.941368103027344,9102200,163.01580810546875,79452000,24.25,0
2015-09-15,47.49022674560547,14023500,12.857137680053711,62327100,38.230072021484375,17858900,39.394344329833984,14305500,150.04718017578125,3092800,25.509397506713867,8776700,165.05337524414062,113806200,22.540000915527344,0
2015-09-16,47.90850830078125,12235900,12.872900009155273,83776400,38.66385269165039,17369500,39.57853698730469,15218500,150.99974060058594,2717800,25.538904190063477,10540400,166.48385620117188,99581600,21.350000381469727,0
2015-09-17,46.79557800292969,21249200,12.502405166625977,119088200,37.97277069091797,24075200,38.46603012084961,25025800,149.24671936035156,3712600,25.1184139251709,13617200,166.10963439941406,276046600,21.139999389648438,0
2015-09-18,45.51832962036133,31008000,12.265913963317871,136531200,36.9728889465332,33404600,37.604034423828125,39561600,144.83612060546875,6529900,24.36597442626953,19591300,163.39512634277344,223657500,22.280000686645508,0
2015-09-21,45.899253845214844,13136400,12.376273155212402,79096200,37.28168487548828,14936600,37.97977828979492,16673300,146.76527404785156,2947200,24.59465217590332,8950900,164.23951721191406,105726200,20.139999389648438,0
2015-09-22,45.49591064453125,14811900,12.273795127868652,92235200,37.0390625,19610600,37.34615707397461,21761300,143.859619140625,4166900,23.930734634399414,13385500,162.1077117919922,153890900,22.440000534057617,0
2015-09-23,45.294246673583984,11712200,12.392041206359863,78117500,36.847923278808594,13680200,37.412479400634766,12521200,143.61143493652344,2732600,23.842206954956055,12264700,161.84852600097656,92790600,22.1299991607666,0
2015-09-24,44.98052978515625,17293400,12.25802993774414,99520100,36.12007141113281,32241000,37.243011474609375,17064300,141.61032104492188,3910000,23.58402442932129,16766500,161.2633514404297,159378800,23.469999313354492,0
2015-09-25,45.91419219970703,18384300,12.526053428649902,88655000,37.164039611816406,22341800,37.92818832397461,18394800,143.94764709472656,3026500,23.74631690979004,13797800,161.2215576171875,155054800,23.6200008392334,0
2015-09-28,44.80127716064453,17452200,12.194966316223145,91324300,36.04656219482422,21919800,37.11040115356445,17647900,138.49644470214844,3898500,22.93484878540039,15445400,157.17532348632812,178515900,27.6299991607666,0
2015-09-29,44.69670486450195,19334900,12.100370407104492,79829400,36.02449417114258,16485000,37.49351501464844,20816400,137.5679473876953,4419100,22.87583351135254,13715900,157.2672882080078,159045600,26.829999923706055,0
2015-09-30,45.540733337402344,18743800,12.28167724609375,71347100,36.472965240478516,17629000,37.83242416381836,20514800,139.0888214111328,2931500,23.237308502197266,15024800,160.2015838623047,163452000,24.5,0
2015-10-01,45.87684631347656,16863200,12.25802993774414,71516800,36.67881393432617,16291000,37.898719787597656,15556600,140.8978729248047,3613000,23.237308502197266,13358700,160.61962890625,131079000,22.549999237060547,0
2015-10-02,45.74895095825195,20435100,12.12402057647705,181838400,36.67147445678711,27320900,37.76610565185547,21630300,141.6903076171875,4469900,23.185665130615234,22822500,163.0189208984375,211003300,20.940000534057617,0
2015-10-05,46.659271240234375,13471100,12.368390083312988,75315300,37.61252212524414,14881200,38.613380432128906,15240700,144.64407348632812,3411900,23.82008171081543,11635700,165.91986083984375,126320800,19.540000915527344,0
2015-10-06,46.681827545166016,12134800,12.368390083312988,67473700,37.53899002075195,12602100,38.33340835571289,14490700,144.33984375,1859100,23.871723175048828,8875100,165.35134887695312,110274500,19.399999618530273,0
2015-10-07,46.74201965332031,12773100,12.41568660736084,66655600,37.73015213012695,16572000,38.45130157470703,13863500,145.86875915527344,2572200,24.292200088500977,13458400,166.70562744140625,124307300,18.399999618530273,0
2015-10-08,46.74201965332031,13964600,12.41568660736084,79056900,37.97277069091797,16903000,38.70915985107422,15384100,144.9402313232422,3253400,24.33646583557129,11407600,168.21046447753906,153055200,17.420000076293945,0
2015-10-09,46.5915641784668,12112000,12.28167724609375,76667100,37.77427291870117,14341200,38.41446304321289,16983100,143.4353485107422,3334900,24.13729476928711,11711000,168.31080627441406,107069200,17.079999923706055,0
2015-10-12,46.43356704711914,10857400,12.234383583068848,50725800,37.70072555541992,11187000,38.443931579589844,10639000,144.26783752441406,3059800,24.196304321289062,7034500,168.4696502685547,56395600,16.170000076293945,0
2015-10-13,46.3056755065918,15621900,12.234383583068848,73689800,37.64927673339844,13337900,38.20817565917969,16002200,144.86019897460938,2918800,24.05614471435547,10943700,167.4079132080078,88038700,17.670000076293945,0
2015-10-14,45.132041931152344,28989400,12.328977584838867,122272400,37.289024353027344,22288000,37.942935943603516,26269100,143.69149780273438,3252000,24.004501342773438,9877500,166.60533142089844,99106200,18.030000686645508,0
2015-10-15,46.561466217041016,18147900,12.762539863586426,127028800,38.94322204589844,31023100,38.819664001464844,18262400,148.0540313720703,5720100,24.793838500976562,12920500,169.16354370117188,134142200,16.049999237060547,0
2015-10-16,46.967716217041016,17456600,12.70736026763916,66989500,38.737361907958984,17569200,38.95967483520508,15676300,148.23011779785156,2977500,25.044645309448242,13804700,169.9326171875,114580100,15.050000190734863,0
2015-10-19,46.80974197387695,14510400,12.723125457763672,62953500,38.86234664916992,13616200,38.72389602661133,15515700,148.6784210205078,2665700,23.842206954956055,39255600,170.01620483398438,76523900,14.979999542236328,0
2015-10-20,47.03543472290039,11545100,12.77042293548584,50797800,38.84763717651367,11195800,39.10700988769531,13583300,148.49420166015625,2736200,23.790573120117188,23590400,169.798828125,78448500,15.75,0
2015-10-21,46.68935775756836,12113400,12.53393268585205,64440400,38.09038543701172,15577800,39.136478424072266,17666700,143.8435821533203,3613800,23.22254753112793,22175900,168.74549865722656,102038000,16.700000762939453,0
2015-10-22,47.53948211669922,15295700,12.738892555236816,74116600,38.60502243041992,22320500,39.82902145385742,18263200,146.93336486816406,2609600,23.864341735839844,18753800,171.59625244140625,174911700,14.449999809265137,0
2015-10-23,48.05107879638672,16985200,13.022682189941406,82285800,39.435787200927734,19927100,40.33739471435547,16924800,148.4862518310547,2935700,24.063514709472656,14730700,173.4772186279297,144442300,14.460000038146973,0
2015-10-26,48.07364273071289,13880200,13.014798164367676,67702800,39.046138763427734,14530700,39.99848175048828,12661400,149.69496154785156,2573700,24.011878967285156,10952300,173.0508575439453,69033000,15.289999961853027,0
2015-10-27,47.87803649902344,8831900,12.928083419799805,56159300,38.67853927612305,13232400,39.873226165771484,12443900,149.13470458984375,1932300,23.775819778442383,13302400,172.71649169921875,77905800,15.430000305175781,0
2015-10-28,49.27737045288086,17962000,13.621781349182129,147720100,40.237152099609375,23403900,40.85310745239258,16681600,153.1449737548828,3231900,24.783767700195312,17285600,174.68109130859375,135906700,14.329999923706055,0
2015-10-29,49.05917739868164,12753700,13.472007751464844,95542300,39.486576080322266,23153900,40.5878791809082,11334900,152.00030517578125,3068100,24.857887268066406,12759600,174.58071899414062,90525500,14.609999656677246,0
2015-10-30,48.33695602416992,15731400,13.227636337280273,87645800,39.12600326538086,18430200,39.887962341308594,18450500,150.08721923828125,2791600,24.43543243408203,13581100,173.8282928466797,131076900,15.069999694824219,0
2015-11-02,49.30745315551758,15253300,13.448357582092285,56948200,39.61167526245117,11999700,40.411067962646484,10992300,151.83224487304688,2531500,24.813413619995117,9887900,175.88490295410156,86270800,14.149999618530273,0
2015-11-03,49.48801803588867,11519500,13.542952537536621,66127100,39.85451126098633,13518300,40.47000503540039,10709100,152.64073181152344,2443200,24.6726016998291,11389800,176.39480590820312,95246100,14.539999961853027,0
2015-11-04,49.540672302246094,11388400,13.408945083618164,78728400,39.61167526245117,16985200,40.488555908203125,12823600,153.40911865234375,2174300,24.754121780395508,9125400,175.85986328125,96224500,15.510000228881836,0
2015-11-05,49.984554290771484,12715900,13.645431518554688,85505500,39.84716033935547,13632500,40.696258544921875,12263900,153.70530700683594,2186300,25.109872817993164,12192300,175.6842803955078,78408700,15.050000190734863,0
2015-11-06,51.50425720214844,23262700,14.149944305419922,158037500,41.11283493041992,21654400,41.43067169189453,22376800,159.42864990234375,4270800,26.243820190429688,19355200,175.5923309326172,110471500,14.329999923706055,0
2015-11-09,50.69926071166992,17143800,13.937108039855957,129920700,40.99510192871094,19921800,41.14877700805664,17609700,157.49951171875,2604400,26.021482467651367,10976800,173.9537353515625,131008700,16.520000457763672,0
2015-11-10,50.917423248291016,13239700,14.071115493774414,59905800,41.06131362915039,17657400,41.47517013549805,13475900,158.33998107910156,2149900,26.117826461791992,7335600,174.35496520996094,75874600,15.289999961853027,0
2015-11-11,50.669158935546875,8513900,13.992284774780273,59235000,40.3990592956543,15834000,41.39358139038086,10808500,158.00381469726562,1637500,25.954774856567383,7506000,173.6695556640625,67846000,16.059999465942383,0
2015-11-12,49.65352249145508,13576900,13.692730903625488,77850900,39.339393615722656,17735000,40.926239013671875,17552200,154.30563354492188,3166900,25.3692684173584,10403400,171.24514770507812,121315200,18.3700008392334,0
2015-11-13,49.322486877441406,11837000,13.558720588684082,103574900,39.12600326538086,16828800,40.48114776611328,16550200,152.4005584716797,2484000,25.14693832397461,8728000,169.32229614257812,153577100,20.079999923706055,0
2015-11-16,50.0372200012207,11041100,13.740032196044922,70384300,39.50864791870117,14896600,41.00041198730469,11955400,153.81739807128906,4626600,25.23586654663086,11227400,171.89715576171875,117645200,18.15999984741211,0
2015-11-17,49.751319885253906,12354800,13.732147216796875,70488600,39.36147689819336,14845300,40.770442962646484,11331900,152.5446319580078,1783800,24.894939422607422,10853300,171.77175903320312,121123700,18.84000015258789,0
2015-11-18,50.7443962097168,12911400,14.06322956085205,85708300,40.45792007446289,19100300,41.29714584350586,16612600,155.01805114746094,2509200,25.38409423828125,10396200,174.49713134765625,121342500,16.850000381469727,0
2015-11-19,50.90239334106445,12839500,13.944990158081055,51829700,40.51679229736328,11997500,41.51967239379883,12167600,154.5137481689453,1835800,25.324804306030273,8947800,174.3466796875,88220500,16.989999771118164,0
2015-11-20,50.81210708618164,11209600,13.913456916809082,56288300,40.288665771484375,14896000,41.408416748046875,16264100,153.2650604248047,2932100,25.13210678100586,8624100,174.98202514648438,94011500,15.470000267028809,0
2015-11-23,50.315582275390625,11339000,13.771561622619629,50362900,39.94280242919922,14547100,41.24520492553711,9638100,151.44000244140625,2671700,24.931995391845703,7963000,174.78138732910156,64931200,15.619999885559082,0
2015-11-24,50.240352630615234,10910000,13.771561622619629,58724200,39.86923599243164,12950900,41.007835388183594,14156500,151.02377319335938,2679400,24.894939422607422,7954500,175.0154266357422,98874400,15.930000305175781,0
2015-11-25,50.300537109375,7772000,13.747917175292969,34939000,39.79563522338867,9859400,40.96331787109375,10034400,151.40797424316406,1495600,24.909765243530273,6210000,174.99038696289062,51980100,15.1899995803833,0
2015-11-27,50.53373718261719,4052500,13.77944564819336,22937500,39.89130783081055,5483300,41.08942413330078,4914000,152.464599609375,1092700,25.035751342773438,3014600,175.1909637451172,37317800,15.119999885559082,0
2015-11-30,50.16510772705078,15147500,13.740032196044922,61893700,39.80299377441406,14603100,40.874305725097656,15998900,152.6251983642578,3415000,25.4211483001709,17416300,174.46371459960938,112822700,16.1299991607666,0
2015-12-01,50.86477279663086,12708800,14.039582252502441,74351800,40.38432693481445,11856000,41.326805114746094,15543400,155.07501220703125,4140900,26.140060424804688,18594200,176.1273193359375,97858400,14.670000076293945,0
2015-12-02,50.15006637573242,13440900,13.928911209106445,76919000,39.83978271484375,15288800,40.85946273803711,12779900,152.8179931640625,1817200,25.858423233032227,10996500,174.32994079589844,108441300,15.90999984741211,0
2015-12-03,49.50305938720703,14626900,13.675947189331055,95810100,39.376190185546875,19750000,40.20667266845703,15410100,148.75379943847656,3599000,25.532323837280273,15021200,171.8887939453125,166224200,18.110000610351562,0
2015-12-04,51.07542037963867,17786000,14.071208000183105,103021700,40.538856506347656,21464100,41.29714584350586,19647700,152.60113525390625,3517200,26.177122116088867,13205400,175.2411651611328,192913900,14.8100004196167,0
2015-12-07,50.40584945678711,11686000,13.865667343139648,81633300,40.0311164855957,15077300,41.111690521240234,17991600,148.9866943359375,3499900,25.702783584594727,8389200,174.1794891357422,102027100,15.84000015258789,0
2015-12-08,49.623416900634766,13084500,13.588990211486816,84873500,39.28788375854492,14785500,40.35502243041992,19949500,146.9224853515625,2663800,25.243282318115234,10613400,173.00906372070312,103372400,17.600000381469727,0
2015-12-09,49.24727249145508,16770200,13.51784610748291,82418100,38.861083984375,19903700,40.14731979370117,18499600,145.14736938476562,3907500,24.731889724731445,13211200,171.66310119628906,162401500,19.610000610351562,0
2015-12-10,49.36011505126953,12839000,13.596894264221191,68395000,38.74335861206055,16333800,40.310516357421875,14075300,146.2718505859375,2212300,24.768951416015625,10674500,172.10614013671875,116128900,19.34000015258789,0
2015-12-11,48.201541900634766,17889300,13.225349426269531,91503900,37.610111236572266,24093500,39.54643249511719,17815700,141.81405639648438,3750100,23.77581787109375,16133000,168.77056884765625,211173300,24.389999389648438,0
2015-12-14,48.35200500488281,17638200,13.280686378479004,121121200,37.60275650024414,21586800,39.464839935302734,22055100,141.685546875,5102400,23.627592086791992,14990100,169.6232452392578,182385200,22.729999542236328,0
2015-12-15,49.72874450683594,18126600,13.7708101272583,99737200,38.64768600463867,21642300,40.73334884643555,19056700,146.19155883789062,3398700,24.339088439941406,13708800,171.4039764404297,154069600,20.950000762939453,0
2015-12-16,50.804569244384766,21720000,14.031678199768066,171576700,39.663185119628906,26044800,41.43067169189453,21086800,149.56504821777344,3191700,24.909765243530273,13682900,173.9119110107422,197017000,17.860000610351562,0
2015-12-17,49.86417770385742,18122100,13.675947189331055,97265700,38.88315200805664,17179600,41.14877700805664,18800500,146.6735076904297,2807900,23.99816131591797,15959800,171.26177978515625,173092500,18.940000534057617,0
2015-12-18,48.44980239868164,23819600,13.249068260192871,136737800,37.6837043762207,25509600,39.90251541137695,31468600,140.95468139648438,6740800,23.190319061279297,19331700,168.21083068847656,251393500,20.700000762939453,0
2015-12-21,49.30745315551758,18869300,13.415074348449707,65150300,38.110504150390625,16929000,40.07313919067383,12993400,142.7698516845703,2472900,23.47936248779297,10920100,169.59841918945312,99094300,18.700000762939453,0
2015-12-22,49.41278839111328,12149500,13.502034187316895,56173500,38.27240753173828,13241300,40.310516357421875,10318100,144.61729431152344,2312800,23.87958335876465,11468400,171.13735961914062,111026200,16.600000381469727,0
2015-12-23,50.202720642089844,12524500,13.707566261291504,65770700,38.7286376953125,14950200,40.82978439331055,13033600,146.9466094970703,2367900,24.16121482849121,6807100,173.256591796875,110987200,15.569999694824219,0
2015-12-24,50.10491180419922,4468200,13.65223217010498,29369400,38.78750228881836,4671200,40.66659927368164,4999400,146.56100463867188,1107600,24.072275161743164,2798200,172.970703125,48539600,15.739999771118164,0
2015-12-28,49.939414978027344,6610600,13.541557312011719,41777500,38.5446662902832,8761700,40.5627326965332,8288800,145.87832641601562,1723300,23.84251594543457,5420300,172.575439453125,65899900,16.90999984741211,0
2015-12-29,50.45850372314453,9820800,13.66013240814209,45670400,38.9861946105957,10155100,41.015262603759766,7894900,147.4124298095703,1848900,24.1241512298584,6388200,174.41709899902344,92640700,16.079999923706055,0
2015-12-30,50.09739685058594,7190700,13.478315353393555,35066400,38.48579788208008,8763300,40.71852493286133,8016900,146.19155883789062,1514300,23.88698387145996,5057200,173.180908203125,63317700,17.290000915527344,0
2015-12-31,49.67609405517578,14654300,13.304404258728027,47153000,38.08108139038086,11281800,40.325355529785156,10929800,144.7618408203125,1773900,23.575712203979492,8154300,171.448486328125,114877900,18.209999084472656,0
2016-01-04,48.18406295776367,25393200,12.988194465637207,114888000,37.624839782714844,23440200,39.249717712402344,25985400,142.27992248535156,3745500,23.331132888793945,15749200,169.05177307128906,222353500,20.700000762939453,0
2016-01-05,48.267372131347656,16566700,12.988194465637207,66670000,37.42615509033203,17444900,39.23487854003906,14759600,139.8302001953125,4521600,23.182907104492188,9850500,169.3377227783203,110845800,19.34000015258789,0
2016-01-06,47.570594787597656,22961500,12.71151065826416,102760800,36.88161849975586,22501800,38.485633850097656,20026400,136.41651916503906,5539400,22.604814529418945,13057400,167.20162963867188,152112600,20.59000015258789,0
2016-01-07,45.64686584472656,27630900,12.253012657165527,116255900,34.99778747558594,37902900,37.38774490356445,30425600,132.22381591796875,5687900,21.47827911376953,18138200,163.1902313232422,213436100,24.989999771118164,0
2016-01-08,44.624412536621094,22373300,12.01585865020752,124782400,33.94551086425781,30643000,36.764625549316406,22981400,131.67762756347656,4929800,21.033588409423828,15295600,161.39892578125,209817200,27.010000228881836,0
2016-01-11,44.55625534057617,20925500,12.10281753540039,104611700,34.475318908691406,26284600,37.15777587890625,19046400,133.11532592773438,4386500,21.092891693115234,19414800,161.55873107910156,187941300,24.299999237060547,0
2016-01-12,44.654720306396484,22971600,12.10281753540039,100023500,34.497406005859375,26310000,38.09989929199219,28961500,133.09927368164062,4441300,21.092891693115234,16041800,162.8622283935547,172330500,22.469999313354492,0
2016-01-13,43.427772521972656,28808100,11.778702735900879,119413000,33.2537956237793,27925800,36.890724182128906,22013500,127.70175170898438,5252500,19.929290771484375,29721900,158.8003387451172,221168900,25.219999313354492,0
2016-01-14,44.079105377197266,31296300,11.849852561950684,125920000,33.39360046386719,30129500,37.565792083740234,24569800,129.62942504882812,4272500,20.121997833251953,23814500,161.40737915039062,240795600,23.950000762939453,0
2016-01-15,43.2005615234375,38131700,11.430874824523926,172296100,31.25224494934082,52452600,36.215667724609375,41090400,124.98690795898438,6237200,19.247438430786133,29462200,157.9425048828125,324846400,27.020000457763672,0
2016-01-19,43.17783737182617,22818900,11.256959915161133,185727400,30.862224578857422,39032700,35.76316452026367,29918500,125.95874786376953,5860600,19.462373733520508,28788200,158.15280151367188,195244400,26.049999237060547,0
2016-01-20,42.041778564453125,34646100,10.822179794311523,250537600,29.795215606689453,49905400,35.51094055175781,40241100,123.49293518066406,9369100,18.706409454345703,25940900,156.12606811523438,286547800,27.59000015258789,0
2016-01-21,41.8448600769043,31301100,10.561307907104492,188976000,29.545028686523438,34976700,35.61479187011719,24272900,121.80623626708984,5738800,18.36548614501953,22130300,157.00067138671875,195772900,26.690000534057617,0
2016-01-22,43.132389068603516,22732200,10.719412803649902,169999800,30.214662551879883,30187200,36.36404037475586,18298700,125.99089813232422,5583800,18.98063087463379,22498400,160.2215576171875,168319600,22.34000015258789,0
2016-01-25,42.1553955078125,21114400,10.245101928710938,186419100,29.103506088256836,31924000,35.35516357421875,23440800,121.38050079345703,5051700,18.513708114624023,20144600,157.79959106445312,130371700,24.149999618530273,0
2016-01-26,43.2308464050293,17535700,10.521781921386719,124246900,29.802583694458008,23508400,35.80023956298828,18895100,124.05517578125,5237700,18.89169692993164,13362900,159.9524383544922,141036800,22.5,0
2016-01-27,43.2005615234375,20560000,10.561307907104492,124095800,29.846731185913086,28274800,36.03022003173828,20441500,123.4688491821289,5153100,18.914064407348633,19796300,158.21170043945312,185681700,23.110000610351562,0
2016-01-28,43.38231658935547,15497900,10.695695877075195,110996200,29.758312225341797,23212800,36.28985595703125,21306600,126.15154266357422,4292900,18.764957427978516,16015600,159.0358123779297,143798800,22.420000076293945,0
2016-01-29,45.06367874145508,26992200,11.177908897399902,159984100,31.371850967407227,36107600,37.261634826660156,25358300,129.76596069335938,4887900,19.294281005859375,18766500,162.9126739501953,210529300,20.200000762939453,0
2016-02-01,44.578983306884766,16807900,11.03561782836914,105739400,31.298166275024414,22860300,37.0465087890625,17385400,128.23187255859375,2963500,19.16754150390625,11177900,162.85382080078125,136061600,19.979999542236328,0
2016-02-02,43.1929817199707,22448200,10.458539962768555,147101200,29.78042221069336,31460900,36.223087310791016,25593200,121.84637451171875,6316200,18.265459060668945,18326800,159.91883850097656,182564900,21.979999542236328,0
2016-02-03,43.48078536987305,31543200,10.300437927246094,257664600,29.73621368408203,43680300,35.58392333984375,47149700,122.63351440429688,5893200,18.131254196166992,25132900,160.87754821777344,205054900,21.649999618530273,0
2016-02-04,44.23057556152344,21651300,10.47435474395752,179394400,30.05302619934082,26732600,36.06984329223633,30851700,125.69371795654297,4573100,18.645675659179688,17497500,161.1298370361328,139531800,21.84000015258789,0
2016-02-05,43.73828887939453,22001300,10.23719596862793,125842800,29.367828369140625,23599700,35.778297424316406,23733700,125.67764282226562,4596100,18.153627395629883,16106100,158.0602569580078,180788300,23.3799991607666,0
2016-02-08,42.82188034057617,28267600,9.699645042419434,221363600,27.85743522644043,35237100,34.7616081237793,31172100,119.8785629272461,8680000,16.901138305664062,24258700,155.9326629638672,191526700,26.0,0
2016-02-09,42.56435775756836,26300000,9.644308090209961,247349000,27.636402130126953,39767200,34.724220275878906,29896200,119.0752944946289,6919400,17.094972610473633,25642000,155.94105529785156,184513100,26.540000915527344,0
2016-02-10,42.049339294433594,22389600,9.4703950881958,227530000,27.562734603881836,33390000,34.514915466308594,19885500,118.25605773925781,7609600,16.923500061035156,21564200,155.80648803710938,148214100,26.290000915527344,0
2016-02-11,40.193782806396484,44334700,8.82217025756836,375088700,25.772369384765625,48945600,33.75986862182617,32570900,113.00305938720703,10252200,16.17051124572754,29160400,153.77976989746094,219058900,28.139999389648438,0
2016-02-12,43.54137420654297,37011400,9.446680068969727,245388400,27.65851593017578,38120400,35.36712646484375,28533900,117.37249755859375,9009300,17.214258193969727,22802200,156.95021057128906,127632400,25.399999618530273,0
2016-02-16,44.192718505859375,23730700,9.683833122253418,194306700,28.653154373168945,31802500,36.06236267089844,20410600,119.69379425048828,10198000,17.68393898010254,20565500,159.59927368164062,120250700,24.110000610351562,0
2016-02-17,44.51079559326172,21580100,9.928895950317383,221859400,29.308881759643555,29133500,35.980125427246094,18060500,121.23592376708984,5578800,18.064157485961914,19226500,162.2062530517578,136009500,22.309999465942383,0
2016-02-18,43.783729553222656,17037800,9.675928115844727,161539400,28.675256729125977,24107700,35.68110275268555,17162800,118.65765380859375,5895500,17.862863540649414,17521200,161.5419158935547,102343000,21.639999389648438,0
2016-02-19,43.79130172729492,15658200,9.588973999023438,121045600,28.726829528808594,22426000,35.950225830078125,18234900,117.99901580810547,5257300,17.892683029174805,12986200,161.4662322998047,114793000,20.530000686645508,0
2016-02-22,44.35932159423828,14882800,9.913084983825684,88865500,29.117324829101562,22028600,36.77254104614258,17572800,119.50904083251953,4287900,18.29527473449707,12182000,163.80413818359375,103640300,19.3799991607666,0
2016-02-23,42.50377655029297,31772500,9.612688064575195,104498700,28.159521102905273,26234200,35.95770263671875,15224700,116.39260864257812,4249600,17.676485061645508,14728800,161.7353057861328,111455300,20.979999542236328,0
2016-02-24,42.518917083740234,25560100,9.588973999023438,159552800,28.06374168395996,25912400,35.59140396118164,18595700,116.91465759277344,5714700,17.676485061645508,20271400,162.47535705566406,150812200,20.719999313354492,0
2016-02-25,43.17783737182617,14473300,9.739169120788574,103054600,28.454221725463867,19889500,35.69606018066406,16646200,119.0752944946289,4299600,18.36236572265625,17568600,164.44325256347656,110728300,19.110000610351562,0
2016-02-26,43.57924270629883,20947500,10.039566993713379,160314400,29.102584838867188,23757400,35.93527603149414,20325600,120.68169403076172,5924500,18.757505416870117,19258000,164.0647735595703,129833700,19.809999465942383,0
2016-02-29,42.64009475708008,19554100,9.897273063659668,123661100,28.62367820739746,22268700,35.07558059692383,24018100,120.62525177001953,5506400,18.414560317993164,13301500,162.7781219482422,125918100,20.549999237060547,0
2016-03-01,44.83649444580078,23958100,10.426919937133789,153558200,30.40666961669922,30606800,36.42120361328125,24758500,124.75550842285156,6490400,19.45083999633789,17197000,166.60450744628906,141799700,17.700000762939453,0
2016-03-02,45.26060104370117,20943100,10.641170501708984,139622500,31.10662078857422,28383800,37.05661392211914,18667700,124.39250946044922,5047500,19.465749740600586,16119300,167.35299682617188,102415000,17.09000015258789,0
2016-03-03,45.412078857421875,15790600,10.712587356567383,105082700,31.556041717529297,21835200,37.20612335205078,14268100,125.30409240722656,3615800,19.488117218017578,11515400,168.0089874267578,95172200,16.700000762939453,0
2016-03-04,45.480255126953125,18459000,10.744333267211914,171410900,31.556041717529297,28071000,37.460296630859375,18685600,126.52220153808594,5256700,19.48065948486328,13629400,168.55560302734375,129293600,16.860000610351562,0
2016-03-07,45.396934509277344,12832400,10.7363920211792,97650300,31.393953323364258,22134600,37.430389404296875,14386100,125.32022094726562,2771900,19.45083999633789,9835300,168.69015502929688,100219000,17.350000381469727,0
2016-03-08,44.51838684082031,14132900,10.363438606262207,125894800,30.24458122253418,26265000,36.66788864135742,18098200,122.29508972167969,3830400,18.645675659179688,21715100,166.848388671875,123974900,18.670000076293945,0
2016-03-09,44.77590560913086,13238800,10.426918983459473,92253800,30.318256378173828,18573900,36.47352981567383,17920100,120.93180847167969,3250900,18.347461700439453,23542300,167.67259216308594,94801200,18.34000015258789,0
2016-03-10,44.3896369934082,21139200,10.530077934265137,123016200,30.480350494384766,21139800,36.26420593261719,18542700,121.82723999023438,4631800,18.377281188964844,20117300,167.80709838867188,156838700,18.049999237060547,0
2016-03-11,44.942527770996094,21055000,10.942712783813477,120400600,31.673931121826172,21068500,37.430389404296875,18318400,124.18280029296875,4058700,19.383743286132812,24457300,170.51499938964844,137964500,16.5,0
2016-03-14,44.77590560913086,13436100,10.823683738708496,87746800,31.438161849975586,15332700,37.28834915161133,12803900,123.8198013305664,3317900,19.31664276123047,17603300,170.29637145996094,73612000,16.920000076293945,0
2016-03-15,44.83649444580078,10910500,10.768134117126465,80404000,31.37922477722168,13784700,37.363121032714844,12945600,122.64197540283203,3731400,18.95879364013672,15900500,170.0189208984375,93169100,16.84000015258789,0
2016-03-16,44.624412536621094,17423900,10.561820983886719,149645400,31.113977432250977,22981000,37.0341796875,16629700,121.44001770019531,4310300,18.757505416870117,17841100,171.0028533935547,129303200,14.989999771118164,0
2016-03-17,44.49567413330078,19405700,10.633235931396484,122212300,31.57078742980957,24262800,37.176231384277344,16002800,123.35191345214844,4431700,19.27191734313965,20718900,172.087646484375,134278500,14.4399995803833,0
2016-03-18,45.80592346191406,29570200,10.942712783813477,146616200,32.079166412353516,30801900,37.781761169433594,35812100,127.13528442382812,7413200,19.592500686645508,24032000,172.76390075683594,138372400,14.020000457763672,0
2016-03-21,45.790771484375,12684400,10.982386589050293,104695700,32.12335968017578,16226400,37.878936767578125,13543200,126.0784912109375,4410200,19.33901596069336,10054000,173.0090789794922,72926700,13.789999961853027,0
2016-03-22,45.6241455078125,12042700,10.918906211853027,83252100,31.96126937866211,14885100,37.654666900634766,13907000,124.39250946044922,3521500,19.26445960998535,13623900,172.91604614257812,97471900,14.170000076293945,0
2016-03-23,45.396934509277344,11658700,10.807809829711914,95789700,31.217126846313477,23989200,37.19865036010742,13648100,124.29570770263672,3633400,18.839508056640625,10430600,171.77487182617188,81052500,14.9399995803833,0
2016-03-24,45.04854202270508,12921200,10.855422019958496,94836500,30.900320053100586,22723400,36.55575180053711,20871100,123.42451477050781,3693400,18.586029052734375,15777900,171.69882202148438,84360900,14.739999771118164,0
2016-03-28,44.98795700073242,11159700,10.807809829711914,54498500,30.885578155517578,13062400,36.40624237060547,18478100,124.10212707519531,2308600,18.42947006225586,9540200,171.80026245117188,62408200,15.239999771118164,0
2016-03-29,44.70772933959961,15933400,10.6491117477417,101606800,30.738239288330078,18160100,35.920318603515625,24459500,125.06208801269531,2919500,18.474199295043945,13927200,173.389404296875,92922900,13.819999694824219,0
2016-03-30,45.222740173339844,13307100,10.6967191696167,85897000,30.85611343383789,14763200,36.368873596191406,16794200,126.2479019165039,3130600,18.690401077270508,11502400,174.1501922607422,86365300,13.5600004196167,0
2016-03-31,44.851627349853516,14904700,10.728459358215332,79592100,30.76032257080078,15661700,36.152076721191406,16397600,126.63514709472656,2927300,18.645675659179688,15492000,173.7275848388672,94584100,13.949999809265137,0
2016-04-01,45.34391784667969,15417500,10.760199546813965,73130900,31.290802001953125,17749500,36.21934509277344,14321400,128.9261474609375,3373400,19.03334617614746,15484800,174.91099548339844,114423500,13.100000381469727,0
2016-04-04,45.168453216552734,12305000,10.720524787902832,59709600,30.988733291625977,14376300,36.25673294067383,12110200,127.27246856689453,2478100,18.668041229248047,11408300,174.34461975097656,63497000,14.119999885559082,0
2016-04-05,44.52752685546875,12886600,10.466596603393555,78445900,30.58350372314453,17867800,35.51663589477539,18297700,125.32022094726562,2822700,18.175987243652344,12860000,172.60328674316406,99662200,15.420000076293945,0
2016-04-06,44.87087631225586,12167900,10.530077934265137,62558500,30.841367721557617,16169900,35.94276428222656,17214400,125.1911392211914,2927400,18.205814361572266,14982000,174.48834228515625,91839800,14.09000015258789,0
2016-04-07,43.73402786254883,19226800,10.196798324584961,105704500,29.66990089416504,22618000,35.08306884765625,17593100,121.33517456054688,4786800,17.68393898010254,17145400,172.40042114257812,113859000,16.15999984741211,0
2016-04-08,44.054481506347656,13547700,10.22060489654541,76548100,29.81725311279297,14676100,35.187705993652344,12236500,121.2302474975586,3122200,17.7063045501709,10000600,172.86532592773438,95040600,15.359999656677246,0
2016-04-11,44.40544891357422,17627800,10.292025566101074,79411500,30.29615592956543,21083700,35.15780258178711,15113500,122.77909851074219,3464300,17.974699020385742,12107600,172.45965576171875,83757500,16.260000228881836,0
2016-04-12,45.22946548461914,17779200,10.530077934265137,100791600,30.870853424072266,19888700,35.71100997924805,18772600,124.48123168945312,2732900,18.32509422302246,14947800,174.06564331054688,115350600,14.850000381469727,0
2016-04-13,47.14455795288086,37516800,10.942712783813477,138647200,32.602264404296875,33135400,36.652931213378906,26311900,128.9503631591797,5151100,19.294281005859375,18251000,175.8239288330078,96336400,13.84000015258789,0
2016-04-14,47.75494384765625,24249900,11.220443725585938,179383300,33.14011764526367,26885100,36.47352981567383,30067900,129.80545043945312,3067100,19.510486602783203,18678400,175.83233642578125,65212900,13.720000267028809,0
2016-04-15,47.20560073852539,19290700,11.109354019165039,87958700,33.09590148925781,39168600,36.06984329223633,24885200,127.8774185180664,3467900,19.20482063293457,14899900,175.637939453125,75761600,13.619999885559082,0
2016-04-18,47.51078414916992,13813100,11.24425220489502,81998200,33.23588562011719,22929900,36.510887145996094,18225800,128.28085327148438,3031500,19.18245506286621,29605100,176.87210083007812,82531000,13.350000381469727,0
2016-04-19,48.31190872192383,19255600,11.46644115447998,107153600,33.619022369384766,18833300,37.28834915161133,18673400,131.20913696289062,5832200,19.726682662963867,23006500,177.43003845214844,88316100,13.239999771118164,0
2016-04-20,49.01384735107422,14594400,11.847329139709473,115628700,34.43683624267578,21645700,37.7144660949707,22647700,134.70211791992188,4802200,20.434938430786133,24836300,177.59906005859375,81100300,13.279999732971191,0
2016-04-21,48.52555465698242,15395800,11.82352352142334,121589000,34.33368682861328,21538600,37.415443420410156,20255400,133.36294555664062,4165100,20.323118209838867,16579300,176.6438446044922,85695000,13.949999809265137,0
2016-04-22,48.807857513427734,12444700,11.990166664123535,83456600,34.606300354003906,17425900,37.84156036376953,16365700,134.51657104492188,2680300,20.651145935058594,19084100,176.6438446044922,99251700,13.220000267028809,0
2016-04-25,48.52555465698242,10687200,11.871134757995605,70489500,34.39999008178711,13480500,37.75931930541992,11689100,133.1774139404297,2473000,20.5244083404541,11748800,176.3395538330078,66166500,14.079999923706055,0
2016-04-26,48.7773323059082,12048000,11.974292755126953,84812400,34.70206832885742,15573600,38.065818786621094,13333500,133.78245544433594,2251600,20.53931427001953,13779800,176.6016082763672,75864200,13.960000038146973,0
2016-04-27,48.914669036865234,15284100,11.918745994567871,115789000,34.87153244018555,19444700,38.07330322265625,15342700,134.65371704101562,3323600,20.636768341064453,12481700,176.965087890625,77329400,13.770000457763672,0
2016-04-28,48.52555465698242,12852500,11.736237525939941,78639300,34.46588134765625,18399500,37.684574127197266,15506300,132.53211975097656,2528000,20.411880493164062,11096600,175.35897827148438,97216200,15.220000267028809,0
2016-04-29,48.22035217285156,16376400,11.553730010986328,122128100,34.13398742675781,23922700,37.363121032714844,17887000,132.38687133789062,2890800,20.284442901611328,15477400,174.4122314453125,142424100,15.699999809265137,0
2016-05-02,48.670509338378906,10247300,11.720366477966309,68882800,34.429012298583984,13802500,37.81913375854492,14780300,134.05673217773438,1998400,20.43437385559082,14987500,175.79852294921875,62188000,14.680000305175781,0
2016-05-03,47.7320556640625,19120300,11.395021438598633,110549000,33.61030197143555,21186200,37.3780632019043,16246400,131.60440063476562,2777000,20.157014846801758,16716600,174.26852416992188,106422100,15.600000381469727,0
2016-05-04,46.97669982910156,17030200,11.212509155273438,99269700,32.939144134521484,24310500,36.8658332824707,22402500,129.12786865234375,3203900,19.699756622314453,15144500,173.2964324951172,92243800,16.049999237060547,0
2016-05-05,46.72491455078125,14033900,11.149031639099121,73145900,32.62199401855469,14912000,36.88091278076172,15953600,128.69224548339844,2366200,19.61729621887207,11909100,173.26266479492188,67619200,15.90999984741211,0
2016-05-06,46.99958419799805,11057900,11.196640014648438,76595100,32.75475311279297,17632500,36.92610168457031,14189600,128.14370727539062,2307000,19.677263259887695,12002200,173.89659118652344,89315000,14.720000267028809,0
2016-05-09,46.70201110839844,11197100,11.10141658782959,55399600,32.37122344970703,14251900,36.82063293457031,13877000,127.06270599365234,2097900,19.5648193359375,10734400,174.04034423828125,74374900,14.569999694824219,0
2016-05-10,47.33529281616211,11897200,11.34740924835205,59870500,33.071903228759766,13608900,37.212345123291016,14234400,130.2168731689453,2379600,19.962112426757812,11200000,176.2042694091797,77472200,13.630000114440918,0
2016-05-11,47.15981674194336,11254000,11.268056869506836,68088900,32.799007415771484,15997900,36.97130584716797,17344300,128.60345458984375,2096900,19.759719848632812,9589900,174.55593872070312,81727000,14.6899995803833,0
2016-05-12,47.129302978515625,11071700,11.220443725585938,72567100,32.45235061645508,15551500,37.06167984008789,13589600,127.51441192626953,2448100,19.662273406982422,9838300,174.60671997070312,89586300,14.40999984741211,0
2016-05-13,46.69438934326172,15122300,11.014129638671875,86193900,31.795942306518555,19433500,36.33853530883789,25251700,125.3121337890625,2550100,19.407405853271484,13378800,173.08509826660156,96474600,15.039999961853027,0
2016-05-16,47.04536437988281,10951300,11.053803443908691,57848600,31.825428009033203,17158400,36.36112976074219,19655300,125.34442138671875,3177700,19.647281646728516,9883900,174.7926483154297,77486800,14.680000305175781,0
2016-05-17,47.04536437988281,12180900,11.117286682128906,76273800,32.231101989746094,19943000,35.87148666381836,21495600,124.75550842285156,2701500,19.60979652404785,14474100,173.16119384765625,114924900,15.569999694824219,0
2016-05-18,48.86125564575195,24007100,11.656883239746094,150748500,33.83157730102539,37645200,36.64738845825195,30028200,129.02296447753906,3653300,20.419374465942383,20329900,173.21189880371094,120062100,15.949999809265137,0
2016-05-19,48.36531448364258,16076200,11.529922485351562,106156900,33.234169006347656,23036100,36.44398880004883,13604100,124.79582214355469,4712000,19.947120666503906,11487100,172.6117706298828,115430500,16.329999923706055,0
2016-05-20,48.45688247680664,11862000,11.521986961364746,81214000,33.11615753173828,19610200,36.722713470458984,13222800,124.64259338378906,3247800,20.067062377929688,14313000,173.70225524902344,104990400,15.199999809265137,0
2016-05-23,48.41872787475586,9347500,11.482306480407715,66303200,33.27104568481445,15050500,36.68505096435547,10644000,125.40092468261719,2767600,20.112035751342773,8913100,173.4655303955078,58682600,15.819999694824219,0
2016-05-24,49.24275588989258,13839400,11.648948669433594,96183700,33.8242073059082,18976500,37.06167984008789,16597700,127.12720489501953,3038800,20.54680824279785,18026100,175.71397399902344,93537800,14.420000076293945,0
2016-05-25,49.99046325683594,18935200,11.839393615722656,123498700,34.62076187133789,23944600,38.040958404541016,22478600,130.07968139648438,3259900,20.824169158935547,15856700,176.90591430664062,76621400,13.899999618530273,0
2016-05-26,49.61660385131836,9428400,11.664817810058594,65356600,34.00859832763672,16956600,38.07862091064453,14983300,128.4420928955078,2576100,20.554306030273438,10080100,176.95664978027344,55280700,13.430000305175781,0
2016-05-27,49.921810150146484,10116000,11.807653427124023,62411300,34.355255126953125,13854500,38.30461883544922,13430500,129.21974182128906,2157000,20.636768341064453,10156100,177.7174072265625,64211200,13.119999885559082,0
2016-05-31,49.79973220825195,15139400,11.736237525939941,85635900,34.347862243652344,21404000,38.2066764831543,19725000,129.17922973632812,2916100,20.516826629638672,12723400,177.37930297851562,109879400,14.1899995803833,0
2016-06-01,50.12018585205078,14031000,11.83178424835205,62612100,34.62076187133789,17212500,38.41761016845703,16774300,129.57614135742188,2581600,20.60677719116211,11175000,177.74276733398438,69936200,14.199999809265137,0
2016-06-02,50.21173858642578,10637600,11.895478248596191,64327300,34.64289474487305,15483800,38.5004768371582,14206700,129.0172576904297,2257100,20.44936180114746,8077400,178.2837677001953,63044700,13.630000114440918,0
2016-06-03,49.31904983520508,20261700,11.481446266174316,148600900,33.47755813598633,36961500,37.807437896728516,25452600,126.09310150146484,4329300,19.894657135009766,14562600,177.7512664794922,101757100,13.470000267028809,0
2016-06-06,49.807350158691406,13193500,11.561070442199707,80949300,33.73569869995117,17321400,38.03343963623047,14528500,127.21902465820312,2540400,20.12702751159668,10174200,178.6557159423828,64887000,13.649999618530273,0
2016-06-07,49.63950729370117,9924100,11.425710678100586,67447100,33.58818435668945,12089800,37.86771011352539,15310100,125.68811798095703,2489700,19.879657745361328,9949100,178.9346160888672,60974800,14.050000190734863,0
2016-06-08,49.78446578979492,9428000,11.48940658569336,58292900,33.602935791015625,13147300,37.66431427001953,18168500,125.2587890625,2426800,19.894657135009766,10311500,179.51791381835938,66170900,14.079999923706055,0
2016-06-09,49.40298080444336,10817800,11.298316955566406,74814900,33.1972770690918,17069000,37.01649856567383,19464400,124.06813049316406,2711700,19.54983139038086,9893000,179.2727813720703,73786900,14.640000343322754,0
2016-06-10,48.70866012573242,16678400,11.011680603027344,90725700,32.37860870361328,23071100,36.41386032104492,16815300,121.41128540039062,4335700,19.145038604736328,13449800,177.57373046875,113829200,17.030000686645508,0
2016-06-13,48.27375411987305,14314900,10.828547477722168,71925000,31.832815170288086,20612100,36.13515090942383,16150100,120.39070129394531,3385800,18.935148239135742,12824300,176.2042694091797,117751200,20.969999313354492,0
2016-06-14,47.36581802368164,19509300,10.557835578918457,85377800,30.947736740112305,27621300,35.31406784057617,25311700,118.414306640625,5069600,18.44040870666504,15812900,175.85772705078125,125059300,20.5,0
2016-06-15,47.28190231323242,16982100,10.62153434753418,100659100,30.984621047973633,21934200,35.23872375488281,20142000,118.39002227783203,2981400,18.530359268188477,17393000,175.61257934570312,109124500,20.139999389648438,0
2016-06-16,47.47264099121094,16791200,10.59764575958252,90152000,31.06575584411621,19904800,35.291465759277344,15619300,118.77070617675781,3499200,18.792720794677734,16309400,176.1366424560547,149533100,19.3700008392334,0
2016-06-17,47.518428802490234,15751500,10.669304847717285,89022300,31.33127212524414,25113400,35.1031379699707,25661300,117.96879577636719,4296500,18.972627639770508,19295900,175.480712890625,117055700,19.40999984741211,0
2016-06-20,47.587074279785156,12213200,10.780778884887695,89874000,31.567296981811523,20244000,35.35173797607422,19490100,119.67789459228516,3338900,19.414897918701172,17426400,176.61083984375,82789600,18.3700008392334,0
2016-06-21,48.02961730957031,11611600,10.844470977783203,73810800,31.65579605102539,14714900,35.57771301269531,11731600,120.16393280029297,2424600,19.63978385925293,12357100,177.1121368408203,72461700,18.479999542236328,0
2016-06-22,47.846500396728516,12643500,10.836509704589844,77980500,31.47879409790039,18087600,35.381874084472656,17072100,119.99382781982422,2487600,19.78220558166504,14542900,176.82327270507812,95560500,21.170000076293945,0
2016-06-23,48.868900299072266,16583600,11.178884506225586,82494600,32.7916259765625,25703000,36.08994674682617,16270000,123.65499877929688,2940500,20.45686149597168,18027200,179.12594604492188,102731400,17.25,0
2016-06-24,45.47361373901367,44108700,10.350820541381836,231499200,29.723413467407227,71849800,34.43272399902344,46744100,114.90702819824219,9442200,18.380434036254883,49311900,172.69369506835938,333444400,25.760000228881836,0
2016-06-27,43.95528793334961,37300700,9.697922706604004,250847700,28.38105583190918,53380200,33.90541458129883,35030100,113.00347137451172,7381000,17.698293685913086,25434000,169.60076904296875,230775800,23.850000381469727,0
2016-06-28,45.4125862121582,29088700,10.111950874328613,150136300,29.8266658782959,38605600,34.72650146484375,27525700,115.35250091552734,5041500,18.447904586791992,19792300,172.65972900390625,159382400,18.75,0
2016-06-29,46.69438934326172,21483000,10.502099990844727,118484000,31.06575584411621,34004100,35.381874084472656,20856400,117.85542297363281,3804100,18.91265869140625,13760800,175.59974670410156,137328600,16.639999389648438,0
2016-06-30,47.411590576171875,21343600,10.565797805786133,125773900,31.264890670776367,34485400,35.653053283691406,22538800,120.35025024414062,4528600,19.474868774414062,19736300,177.99583435058594,165021900,15.630000114440918,0
2016-07-01,47.1040153503418,14217800,10.430439949035645,88888100,31.102628707885742,19399600,35.42705535888672,19013600,120.08293151855469,3096800,19.429889678955078,8863400,178.36968994140625,106055300,14.770000457763672,0
2016-07-05,45.78917694091797,23357700,10.143800735473633,98246500,30.07742691040039,25571100,34.80936050415039,22213000,117.0048828125,3943000,18.740251541137695,13317300,177.086669921875,109803700,15.579999923706055,0
2016-07-06,46.28127670288086,20429800,10.239349365234375,94983300,30.283945083618164,27713900,35.14080810546875,19024100,117.92021179199219,2941800,18.852693557739258,14165000,178.1488037109375,96021500,14.960000038146973,0
2016-07-07,46.58116149902344,13771400,10.358781814575195,101100300,30.453582763671875,24585500,35.25381088256836,17946200,119.07039642333984,2578300,19.25748062133789,13428700,178.038330078125,85593800,14.760000228881836,0
2016-07-08,47.54230499267578,16998800,10.486175537109375,92698900,30.962495803833008,29468600,35.999549865722656,19775700,121.8082504272461,3281400,19.767215728759766,14141600,180.68942260742188,133971000,13.199999809265137,0
2016-07-11,47.88063049316406,13151400,10.518025398254395,67267300,31.19114112854004,19752600,36.218013763427734,16008700,123.27425384521484,3041600,19.834678649902344,13213000,181.32664489746094,73633900,13.539999961853027,0
2016-07-12,48.59572982788086,16588100,10.780778884887695,89070600,32.03932571411133,23803600,36.421390533447266,15067900,127.10560607910156,5110800,20.516826629638672,15516900,182.64373779296875,101275600,13.550000190734863,0
2016-07-13,48.56497573852539,18526900,10.701154708862305,74595600,31.958202362060547,20488200,36.36112976074219,14389600,127.9156265258789,4276400,20.359407424926758,12911900,182.6182098388672,87324100,13.039999961853027,0
2016-07-14,49.30315017700195,28985900,10.868358612060547,97852100,32.78424835205078,37093600,36.8658332824707,17578400,131.65789794921875,5087700,20.98908233642578,15436600,183.6378936767578,91230900,12.819999694824219,0
2016-07-15,49.34926986694336,17607100,10.876324653625488,78652500,32.69575119018555,29198800,35.93928909301758,35121000,130.9288787841797,3078400,20.996578216552734,18519800,183.39144897460938,107155400,12.670000076293945,0
2016-07-18,49.18012237548828,10824400,11.234619140625,187187100,32.87275314331055,18683900,36.36865997314453,24139200,132.29776000976562,4734500,21.14649772644043,14083900,183.88430786132812,58725900,12.4399995803833,0
2016-07-19,49.10322952270508,9737400,11.354050636291504,96940100,32.71049499511719,15297300,36.436466217041016,15982900,130.74258422851562,5399700,21.13150405883789,21511200,183.6973114013672,54345700,11.970000267028809,0
2016-07-20,49.157047271728516,10411100,11.465523719787598,79277900,32.799007415771484,16547100,36.617252349853516,16569900,131.03414916992188,3547800,21.573776245117188,28606100,184.46202087402344,58159500,11.770000457763672,0
2016-07-21,48.97249984741211,9808700,11.362015724182129,65376300,32.54823684692383,14924900,36.38372802734375,15532000,129.64096069335938,2855500,21.6412410736084,20312700,183.7653045654297,67777300,12.739999771118164,0
2016-07-22,49.241607666015625,8195700,11.449597358703613,46604800,32.67362976074219,12764200,36.39879608154297,13588500,129.9325408935547,1811700,21.678712844848633,12996700,184.58958435058594,62787500,12.020000457763672,0
2016-07-25,49.11090087890625,8168300,11.441634178161621,46420800,32.48186111450195,14391400,36.248146057128906,12122200,130.01351928710938,1956100,21.836143493652344,10622900,184.0882110595703,55873100,12.869999885559082,0
2016-07-26,49.310829162597656,8067800,11.56903076171875,60205600,32.562992095947266,16152500,36.13515090942383,16130100,130.5400848388672,2150100,21.91110610961914,15019500,184.1731719970703,70080500,13.050000190734863,0
2016-07-27,49.46461486816406,11806800,11.648653030395508,100986000,32.66624069213867,17814200,36.157745361328125,17886800,130.40237426757812,2317200,21.9035587310791,13672200,183.9777374267578,84083900,12.829999923706055,0
2016-07-28,49.28775405883789,10013400,11.688465118408203,72049500,32.62923812866211,13239600,36.25566482543945,12562600,130.02976989746094,2047400,21.782793045043945,11528400,184.19020080566406,65035700,12.720000267028809,0
2016-07-29,49.187808990478516,13210400,11.53718090057373,63276500,32.42938232421875,13773700,36.13515090942383,13111700,128.6365509033203,2388200,21.684669494628906,10498500,184.487548828125,79519400,11.869999885559082,0
2016-08-01,49.057098388671875,11422600,11.409788131713867,61460900,32.140682220458984,14794400,36.01462936401367,16026600,128.12620544433594,2316300,21.511072158813477,10396000,184.33465576171875,73311400,12.4399995803833,0
2016-08-02,48.941749572753906,13550000,11.250543594360352,83776300,31.822389602661133,20089100,35.9317626953125,17033100,126.40901947021484,3182800,21.133684158325195,16915500,183.15353393554688,92295500,13.369999885559082,0
2016-08-03,49.71836853027344,13122300,11.529221534729004,65305400,32.48859786987305,14708300,36.121585845947266,14913500,128.255859375,2284700,21.4506893157959,10562000,183.68885803222656,53993600,12.859999656677246,0
2016-08-04,49.64146423339844,9873000,11.529221534729004,46176600,32.451576232910156,11747900,36.326622009277344,14662600,128.0209503173828,2005700,21.345020294189453,12162900,183.88430786132812,46585500,12.420000076293945,0
2016-08-05,50.9793815612793,20752700,11.98306655883789,120947800,33.84320068359375,28566800,36.96445846557617,19064700,131.29336547851562,2676100,21.896005630493164,11881900,185.38827514648438,71892200,11.390000343322754,0
2016-08-08,50.825592041015625,11359200,12.046761512756348,71960300,34.02085494995117,16861600,37.13911437988281,14871600,131.89276123046875,2266600,21.979032516479492,9018600,185.2777862548828,39906500,11.5,0
2016-08-09,50.64875030517578,10097000,12.094533920288086,49973300,33.97643280029297,12203800,37.154296875,10449800,132.3868408203125,1957400,22.145084381103516,11012600,185.38827514648438,51251700,11.65999984741211,0
2016-08-10,50.195091247558594,11556100,11.791972160339355,79080700,33.643348693847656,16566700,36.58478546142578,16782700,131.3743438720703,1656100,21.971485137939453,8186700,184.92942810058594,57941100,12.050000190734863,0
2016-08-11,50.33350372314453,9604500,11.847705841064453,68945400,33.850608825683594,14819400,36.630348205566406,14614100,132.72706604003906,1827700,22.175273895263672,8741100,185.78759765625,72504300,11.680000305175781,0
2016-08-12,50.22584533691406,7685400,11.871591567993164,63031300,33.73958206176758,12472900,36.3721809387207,13227500,132.23289489746094,1440800,22.016765594482422,9749000,185.62615966796875,61313500,11.550000190734863,0
2016-08-15,50.53341293334961,8371600,11.95917797088623,48592100,34.339168548583984,12252700,36.65312576293945,11758900,134.09597778320312,2222200,22.386608123779297,9411000,186.1614990234375,49813500,11.8100004196167,0
2016-08-16,50.525726318359375,10128900,12.07861042022705,80307500,34.509422302246094,15202100,36.78220748901367,13957600,134.1769256591797,2523800,22.831928253173828,22161900,185.20130920410156,53213600,12.640000343322754,0
2016-08-17,50.66412353515625,11868100,12.062684059143066,93407300,34.51681137084961,17899300,36.911285400390625,13062900,134.19313049316406,2061700,22.922494888305664,12327000,185.54969787597656,75134300,12.1899995803833,0
2016-08-18,50.71025466918945,9313600,12.070646286010742,62804300,34.42058181762695,14190300,36.85055923461914,12189200,134.50906372070312,1750500,23.058361053466797,13369400,185.966064453125,52989300,11.430000305175781,0
2016-08-19,50.641056060791016,9084900,12.11842155456543,59834800,34.44279479980469,12207600,36.941673278808594,12557700,134.64678955078125,1840900,23.058361053466797,8831900,185.69415283203125,75443000,11.34000015258789,0
2016-08-22,50.59490966796875,9055600,12.086572647094727,60877100,34.539024353027344,11007500,36.92648696899414,9212600,134.6710205078125,1448100,23.096094131469727,6613900,185.68563842773438,61368800,12.270000457763672,0
2016-08-23,50.57184982299805,8949600,12.221927642822266,67817900,34.487213134765625,13345500,36.75943374633789,15430200,134.5252685546875,1965500,23.186670303344727,7907700,186.0595245361328,53399200,12.380000114440918,0
2016-08-24,50.71025466918945,10167200,12.261740684509277,65484900,34.539024353027344,16054400,36.92648696899414,16315800,133.89340209960938,2035300,23.330076217651367,12453500,185.1078338623047,71728900,13.449999809265137,0
2016-08-25,50.802528381347656,9978700,12.36524486541748,67714400,34.58344650268555,16520200,36.73666000366211,13643200,134.3794403076172,1441400,23.3753604888916,7838700,184.9803924560547,69224800,13.630000114440918,0
2016-08-26,50.917869567871094,14038600,12.572265625,126886300,34.872135162353516,23338500,36.83537292480469,15527300,134.43618774414062,2402200,23.518768310546875,10693400,184.63201904296875,122506300,13.649999618530273,0
2016-08-29,51.47917556762695,14583100,12.612075805664062,120144900,34.983158111572266,16700000,37.63268280029297,21201400,135.1651611328125,2620900,23.707460403442383,9167800,185.54122924804688,70502200,12.9399995803833,0
2016-08-30,51.90208435058594,13791200,12.890751838684082,121280600,35.45690155029297,17519800,38.437564849853516,25055800,137.7266387939453,2934100,24.296186447143555,13745600,185.23533630371094,58114500,13.119999885559082,0
2016-08-31,51.90208435058594,14952300,12.910748481750488,127664300,35.338462829589844,20826600,38.57424545288086,24533600,137.7998504638672,3688200,24.198068618774414,15561200,184.70852661132812,85269500,13.420000076293945,0
2016-09-01,51.67911148071289,12226500,12.78276252746582,128812600,35.057186126708984,19403900,38.29328155517578,17017100,137.0272979736328,2843300,24.0848445892334,11986500,184.71701049804688,97844200,13.479999542236328,0
2016-09-02,51.89439010620117,13720700,12.798758506774902,100997300,35.168209075927734,16293000,38.384422302246094,12684000,137.57212829589844,1747500,24.06974983215332,12288200,185.54969787597656,79293900,11.979999542236328,0
2016-09-06,51.855953216552734,16649400,12.622776985168457,96542200,35.00535583496094,17649500,37.95919418334961,21832200,137.6941375732422,2034900,23.964094161987305,14191400,186.1105499267578,56702100,12.020000457763672,0
2016-09-07,51.640655517578125,10070400,12.558784484863281,63310300,35.14601516723633,13610600,37.792137145996094,12437300,137.9705810546875,1584300,23.918804168701172,10845000,186.09352111816406,76554900,11.9399995803833,0
2016-09-08,51.70985412597656,12253000,12.686772346496582,69292700,35.37547302246094,15856400,37.8908576965332,14169200,139.58883666992188,3031600,24.182966232299805,12696100,185.6686248779297,74102900,12.510000228881836,0
2016-09-09,51.248504638671875,19686900,12.590779304504395,135182500,34.91653060913086,20468100,36.99483871459961,32147200,137.0761260986328,3411800,23.84331703186035,16493900,181.22474670410156,221589100,17.5,0
2016-09-12,51.563758850097656,16453000,12.718769073486328,109724000,35.37547302246094,22074800,36.858150482177734,35588400,139.1009063720703,2647900,24.33392906188965,13888100,183.82481384277344,168110900,15.15999984741211,0
2016-09-13,51.15623092651367,18876100,12.574782371520996,89317600,34.73147201538086,19885000,35.658390045166016,59000500,135.7994384765625,2788200,23.745197296142578,13954100,181.1822509765625,182828800,17.850000381469727,0
2016-09-14,51.0562744140625,12648600,12.502787590026855,75528100,34.60564041137695,19778400,35.32429122924805,44841700,135.1164093017578,1995900,23.820682525634766,11687600,181.11424255371094,134185500,18.139999389648438,0
2016-09-15,51.240814208984375,12531300,12.534788131713867,67322600,34.84992218017578,14133200,35.043338775634766,60827800,136.6776885986328,1645200,24.11504554748535,9947900,182.9241485595703,134427900,16.299999237060547,0
2016-09-16,50.61030960083008,25161500,12.390796661376953,90926200,34.353973388671875,24820800,34.496612548828125,51871400,134.98626708984375,4534900,23.84331703186035,14756200,182.2169952392578,155236400,15.369999885559082,0
2016-09-19,50.894805908203125,13466900,12.470789909362793,66186400,34.487213134765625,12759700,34.93703079223633,33562400,135.15701293945312,2030700,23.850873947143555,7806500,182.25119018554688,80250500,15.529999732971191,0
2016-09-20,51.102420806884766,10092200,12.478791236877441,68210400,34.4501953125,13749400,35.354671478271484,51510400,135.36843872070312,1532900,23.926347732543945,8849000,182.2597198486328,69665300,15.920000076293945,0
2016-09-21,51.394596099853516,14116800,12.51878833770752,95464600,34.7166862487793,16605200,34.800350189208984,64530200,135.82376098632812,2333600,24.09239959716797,10073600,184.30923461914062,110284400,13.300000190734863,0
2016-09-22,51.8175163269043,12781700,12.478791236877441,75611300,34.872135162353516,16247600,34.71682357788086,36964400,136.62884521484375,2467700,24.33392906188965,8185300,185.4707489013672,76678700,12.020000457763672,0
2016-09-23,51.70985412597656,13967400,12.414794921875,51604400,34.901737213134766,14793500,34.73200988769531,28710500,134.27880859375,3421200,24.0848445892334,9400600,184.45448303222656,73630900,12.289999961853027,0
2016-09-26,50.57953643798828,16408100,12.070831298828125,94972100,33.96904373168945,22646700,34.078983306884766,30938000,131.31072998046875,2772200,23.42064666748047,10217700,182.95997619628906,89827300,14.5,0
2016-09-27,51.02553939819336,13711400,12.230813026428223,81992600,34.324363708496094,16165700,34.238433837890625,24359000,132.45730590820312,2602700,23.66217803955078,9753500,184.09584045410156,78494800,13.100000381469727,0
2016-09-28,51.29464340209961,11278000,12.302807807922363,66076400,34.69447326660156,15871600,34.40549850463867,28220300,132.9126739501953,1678100,23.979188919067383,7425100,185.00958251953125,87411000,12.390000343322754,0
2016-09-29,50.47958755493164,18727200,12.126824378967285,78997700,33.90243148803711,28066800,33.69171905517578,45266700,129.25338745117188,3733800,23.428199768066406,12529700,183.335693359375,128070600,14.020000457763672,0
2016-09-30,51.20237731933594,21680100,12.51878833770752,119428700,34.9609489440918,25563100,33.62336730957031,54117700,131.13999938964844,4497200,24.198068618774414,16269700,184.71917724609375,117202900,13.289999961853027,0
2016-10-03,51.1408576965332,14901700,12.502787590026855,69873100,34.81291198730469,13819800,33.28168487548828,38197700,130.9773406982422,2444700,24.11504554748535,10324300,184.2751007080078,83512100,13.569999694824219,0
2016-10-04,51.58232879638672,17226900,12.638775825500488,98501500,35.34587097167969,25542000,33.2209358215332,44008300,131.9531707763672,2469900,24.182966232299805,9525400,183.335693359375,119948100,13.630000114440918,0
2016-10-05,52.426551818847656,16280000,12.88675308227539,86056900,36.0120735168457,18173400,34.162513732910156,40459000,135.31155395507812,2548200,24.575462341308594,11157700,184.14703369140625,72816000,12.989999771118164,0
2016-10-06,52.56595230102539,17485000,12.97474193572998,75886700,36.32297134399414,15721000,34.30678176879883,29878200,135.92135620117188,2858000,24.4471492767334,11347200,184.2751007080078,62927400,12.84000015258789,0
2016-10-07,52.7518424987793,18497000,12.902748107910156,99605400,36.47842025756836,16584000,34.420692443847656,24893600,138.10069274902344,3390200,24.386762619018555,11406100,183.6431884765625,89788300,13.479999542236328,0
2016-10-10,53.162330627441406,13027500,13.038736343383789,64158500,36.67828369140625,14022700,34.66367721557617,21804900,139.0846405029297,2532000,24.575462341308594,6609200,184.5996551513672,51855000,13.380000114440918,0
2016-10-11,52.906742095947266,15657100,12.88675308227539,77374000,36.26374816894531,16033300,34.51180648803711,25442600,137.4582977294922,2680000,24.288639068603516,6827700,182.26821899414062,130367400,15.359999656677246,0
2016-10-12,52.76731491088867,11899800,12.822759628295898,67165800,36.04908752441406,14407300,34.4130973815918,21780500,137.66969299316406,2404000,24.0848445892334,6743300,182.5074005126953,73866100,15.90999984741211,0
2016-10-13,52.46527099609375,17890000,12.662771224975586,78637000,35.878841400146484,22302200,33.980255126953125,44174600,136.14096069335938,2713700,23.948993682861328,13893500,181.90957641601562,101357000,16.690000534057617,0
2016-10-14,52.29486846923828,24163800,12.798758506774902,108865700,35.98246765136719,28291800,33.949886322021484,45418600,138.66175842285156,5282300,24.205617904663086,13734100,182.0034637451172,93346200,16.1200008392334,0
2016-10-17,52.02378845214844,14963400,12.838756561279297,101795500,35.975074768066406,16655000,33.790435791015625,18861300,137.42576599121094,3061400,23.994279861450195,10114300,181.37155151367188,58275700,16.209999084472656,0
2016-10-18,52.43427276611328,11870300,13.00674057006836,71433100,36.26374816894531,18159900,34.13214111328125,23877600,140.37754821777344,4482500,24.394309997558594,13091600,182.5074005126953,76869700,15.279999732971191,0
2016-10-19,52.93769454956055,12705800,13.174720764160156,97969000,36.626461029052734,14663600,34.36753463745117,26977000,141.90634155273438,3676000,24.854717254638672,18522700,182.994140625,66519200,14.40999984741211,0
2016-10-20,52.868011474609375,14122000,13.24671459197998,88081200,36.700477600097656,13522600,34.11695861816406,27210600,141.90634155273438,2471100,24.832077026367188,10650700,182.6525421142578,73639800,13.75,0
2016-10-21,53.046146392822266,12175700,13.334707260131836,77954900,36.693077087402344,12728600,34.238433837890625,21490800,142.03643798828125,2004400,25.239656448364258,13910300,182.7379150390625,89089100,13.34000015258789,0
2016-10-24,53.3404655456543,10197100,13.41469955444336,68244800,36.700477600097656,10753500,34.56495666503906,19303800,142.40235900878906,1943200,25.194364547729492,9221300,183.5150909423828,60146600,13.020000457763672,0
2016-10-25,53.286251068115234,9945100,13.374704360961914,49350300,36.7078857421875,9790500,34.71682357788086,20402000,142.75205993652344,2423300,25.171720504760742,7912200,182.9002227783203,66542300,13.460000038146973,0
2016-10-26,53.54181671142578,9801300,13.494693756103516,58730400,37.018775939941406,13960000,35.043338775634766,25181900,143.98809814453125,2533800,25.35287094116211,9113000,182.5330047607422,75705500,14.239999771118164,0
2016-10-27,53.61927795410156,14210700,13.526689529418945,97937300,36.959556579589844,19181400,35.24076461791992,25661000,144.54103088378906,3021900,25.67936897277832,12608400,182.0462188720703,77220200,15.359999656677246,0
2016-10-28,53.526344299316406,12766500,13.342710494995117,115123600,36.68568420410156,17780300,35.10408401489258,20882000,144.0449676513672,2042800,25.451581954956055,10183500,181.50814819335938,140623200,16.190000534057617,0
2016-10-31,53.642520904541016,14336300,13.198720932006836,70387600,36.3821907043457,15173400,34.93703079223633,20115900,144.939453125,1828200,25.48954200744629,8687200,181.51673889160156,61272500,17.059999465942383,0
2016-11-01,53.417911529541016,15564500,13.28671646118164,88587100,36.22673797607422,20691100,34.92184829711914,20020200,144.79312133789062,2900600,25.330089569091797,8988700,180.2015380859375,122781800,18.559999465942383,0
2016-11-02,53.19331359863281,12449800,13.182720184326172,119202000,35.93064880371094,15824100,34.63855743408203,19566600,143.58958435058594,2104800,24.99599838256836,8900400,179.11705017089844,103330800,19.31999969482422,0
2016-11-03,52.9609489440918,10369700,13.182720184326172,69690400,35.7895393371582,16224300,34.715126037597656,14982700,143.2887420654297,1972700,24.912479400634766,8172500,178.2971954345703,88939300,22.079999923706055,0
2016-11-04,52.480770111083984,13571300,13.238714218139648,82437400,35.774688720703125,14152500,34.14853286743164,27391600,143.0529022216797,1846500,24.889699935913086,7897800,178.10073852539062,109122100,22.510000228881836,0
2016-11-07,54.12272644042969,16515100,13.606679916381836,91581900,37.00010299682617,19357600,34.76106262207031,25769400,147.57415771484375,3338800,25.816043853759766,11328000,182.0291748046875,109794900,18.709999084472656,0
2016-11-08,54.238887786865234,17531700,13.59868049621582,95842800,37.06694030761719,17548300,34.86824417114258,19462600,147.93191528320312,2646200,25.8919734954834,7370500,182.8489227294922,106772100,18.739999771118164,0
2016-11-09,56.73280715942383,50948400,14.374604225158691,319516900,38.31464767456055,59210400,36.7441291809082,67615000,156.64096069335938,7823800,27.729461669921875,28311000,184.78756713867188,258429000,14.380000114440918,0
2016-11-10,59.36616516113281,56192300,15.00654411315918,304986400,39.814849853515625,52067300,39.53113555908203,100988800,163.34153747558594,11345400,28.868408203125,38586800,185.2487030029297,172113300,14.739999771118164,0
2016-11-11,59.397125244140625,27574300,15.214527130126953,212952500,39.23556137084961,41858600,39.607696533203125,46594900,165.83795166015625,6290200,29.22527313232422,22845500,184.8217010498047,100552700,14.170000076293945,0
2016-11-14,61.58124542236328,46130700,16.062440872192383,320959900,40.6095085144043,43113100,40.74854278564453,59154400,170.09893798828125,8248100,29.878271102905273,25619000,184.96685791015625,94580000,14.479999542236328,0
2016-11-15,61.46506118774414,28126300,16.126441955566406,190293100,41.181365966796875,33433800,40.26616287231445,39437900,171.73342895507812,4893800,30.371807098388672,18608000,186.41014099121094,91652600,13.369999885559082,0
2016-11-16,59.94704818725586,26054900,15.798471450805664,126734500,40.57236862182617,24200100,39.56941223144531,26996200,167.72447204589844,5276200,29.75678062438965,18234900,186.0599822998047,65617700,13.720000267028809,0
2016-11-17,60.427215576171875,19306700,16.062440872192383,167979200,41.181365966796875,24579000,40.18960189819336,29205900,170.46490478515625,3572400,30.349035263061523,12676900,187.01641845703125,69797200,13.350000381469727,0
2016-11-18,60.18712615966797,19770000,15.998455047607422,120620200,41.188785552978516,24990000,40.4422607421875,29673400,171.05032348632812,4278200,30.698318481445312,16413300,186.59799194335938,86265800,12.850000381469727,0
2016-11-21,60.45045852661133,11983500,16.26242446899414,117479100,41.248199462890625,20410400,39.906288146972656,23587200,171.64401245117188,2860200,30.797014236450195,10122300,188.00706481933594,72402600,12.420000076293945,0
2016-11-22,60.822242736816406,14410100,16.238422393798828,104771800,41.66410446166992,21975900,39.982872009277344,22816900,171.6683349609375,2945700,30.781837463378906,12341100,188.37428283691406,67429000,12.40999984741211,0
2016-11-23,61.07780838012695,13373700,16.446409225463867,110801300,42.10228729248047,19906300,39.936927795410156,19986800,172.6442108154297,3717400,31.161483764648438,9841000,188.4767608642578,56620200,12.430000305175781,0
2016-11-25,61.05459213256836,6185700,16.68638038635254,62610400,42.16913604736328,11488200,40.28913879394531,9635500,171.88792419433594,1974000,31.207042694091797,4027500,189.17706298828125,37872300,12.34000015258789,0
2016-11-28,60.65957260131836,13007200,16.238422393798828,108651200,41.196224212646484,23645000,39.49285125732422,26518500,171.05032348632812,3297400,30.705907821655273,10123600,188.2888946533203,76572500,13.149999618530273,0
2016-11-29,61.12428665161133,14144100,16.230424880981445,114216800,41.23335266113281,15725400,39.70723342895508,16267300,172.72251892089844,2577600,30.8273868560791,8602900,188.65614318847656,69886700,12.899999618530273,0
2016-11-30,62.092403411865234,25351900,16.957042694091797,191699600,41.879493713378906,24395100,40.51882553100586,26567200,178.872802734375,6507900,31.404460906982422,14726600,188.20352172851562,113291800,13.329999923706055,0
2016-12-01,63.34713363647461,23823600,17.262142181396484,199233900,42.53303909301758,27592500,41.606075286865234,35623100,184.86001586914062,7606500,32.01189422607422,14053900,187.51177978515625,79040500,14.069999694824219,0
2016-12-02,63.199951171875,16931500,17.04536247253418,128468700,41.60469436645508,25110300,41.024169921875,21894700,182.19271850585938,5297400,31.761329650878906,11288400,187.60569763183594,74840300,14.119999885559082,0
2016-12-05,64.48566436767578,18529800,17.53512191772461,130377300,42.54045486450195,24404500,41.613731384277344,24793900,186.42617797851562,4599300,31.958728790283203,12264200,188.73301696777344,67837800,12.140000343322754,0
2016-12-06,64.8187026977539,16130000,17.79204559326172,120789200,43.01577377319336,21487500,42.532527923583984,30706700,188.73448181152344,5259300,32.277652740478516,11769500,189.33078002929688,59877400,11.789999961853027,0
2016-12-07,65.11300659179688,18996900,18.121234893798828,168005200,43.86241912841797,30517600,43.85712432861328,46617000,192.14419555664062,6595200,32.37635803222656,16213400,191.80735778808594,110738100,12.220000267028809,0
2016-12-08,65.92626190185547,20844900,18.42633056640625,182693900,44.67195129394531,32536000,43.864768981933594,39828600,196.9485321044922,7343700,33.09009552001953,14972900,192.2770538330078,99714400,12.640000343322754,0
2016-12-09,66.21281433105469,14567200,18.53873634338379,130590400,44.59025192260742,22804900,43.74992370605469,20331200,197.27479553222656,5456000,33.203983306884766,12115100,193.43850708007812,88005800,11.75,0
2016-12-12,65.62417602539062,14511300,18.153348922729492,136986000,44.22633743286133,21879400,42.70862579345703,27886200,193.4573516845703,5022000,32.63451385498047,12052000,193.21646118164062,102016100,12.640000343322754,0
2016-12-13,65.64739990234375,16669000,18.153348922729492,118204100,44.404579162597656,22014500,42.754573822021484,24355600,194.58306884765625,4680500,32.31561279296875,16674900,194.5059814453125,110477500,12.720000267028809,0
2016-12-14,65.62417602539062,22622600,18.201519012451172,225340900,44.152069091796875,31399400,41.8817138671875,54590600,195.70870971679688,6172400,32.543392181396484,15136500,192.90048217773438,142501800,13.1899995803833,0
2016-12-15,66.60778045654297,19438900,18.594934463500977,162025800,44.73135757446289,22389300,42.256893157958984,31345900,198.212890625,4829700,32.65728759765625,15725700,193.6947021484375,124972600,12.789999961853027,0
2016-12-16,65.78681945800781,23008500,18.193490982055664,147497700,44.3748664855957,28405900,42.371742248535156,33171800,194.86851501464844,6876400,32.429508209228516,19076900,193.31585693359375,156420200,12.199999809265137,0
2016-12-19,66.16631317138672,21685100,18.048969268798828,97508900,44.30802917480469,17654400,42.27985382080078,16801400,195.0072021484375,3743300,32.5206184387207,12663500,193.73680114746094,90341100,11.710000038146973,0
2016-12-20,67.018310546875,14587300,18.233640670776367,83879500,45.15468215942383,23439800,42.953643798828125,19245300,198.2863006591797,4487700,33.029354095458984,8647400,194.484130859375,89838800,11.449999809265137,0
2016-12-21,67.1886978149414,11400500,18.169404983520508,61079100,45.1175537109375,15090200,42.655025482177734,14058400,196.94032287597656,3277800,32.93064498901367,6859300,193.94293212890625,67909000,11.270000457763672,0
2016-12-22,67.297119140625,13924200,18.097150802612305,67123500,44.924461364746094,14571100,42.68566131591797,14515500,195.8636932373047,2636500,32.490238189697266,8200300,193.60792541503906,56219100,11.430000305175781,0
2016-12-23,67.42106628417969,10759400,18.14531898498535,38187800,45.295780181884766,9314000,42.846439361572266,8313000,196.55702209472656,2187500,32.69526672363281,6733000,193.89137268066406,36697800,11.4399995803833,0
2016-12-27,67.48297882080078,6946400,18.153348922729492,39988600,45.37006378173828,9544000,42.838783264160156,8893900,197.0382843017578,1998200,32.740814208984375,5927000,194.3724822998047,42672500,11.989999771118164,0
2016-12-28,66.99506378173828,9455600,17.928539276123047,52652900,44.59025192260742,17127400,42.356414794921875,10609100,196.29598999023438,3053000,32.36116409301758,4854500,192.76608276367188,64095000,12.949999809265137,0
2016-12-29,66.52261352539062,14689000,17.66358184814453,79188400,44.10007858276367,17121200,41.98890686035156,15933500,194.28121948242188,2619000,32.00429153442383,7180200,192.72315979003906,48696100,13.369999885559082,0
2016-12-30,66.83240509033203,13617800,17.74387550354004,72605900,44.137210845947266,16588500,42.195640563964844,15095500,195.31710815429688,2355500,32.080230712890625,6943500,192.0187225341797,108998300,14.039999961853027,0
2017-01-03,67.56045532226562,20550700,18.08911895751953,99298100,44.99873352050781,18322400,42.877071380615234,22063800,197.04638671875,4384200,32.68766403198242,8316900,193.48765563964844,91366500,12.850000381469727,0
2017-01-04,67.68506622314453,15266600,18.42633056640625,76875100,45.607723236083984,16947500,42.91535568237305,15036100,198.3189239501953,2728700,33.12046432495117,7747400,194.6387939453125,78744400,11.850000381469727,0
2017-01-05,67.06200408935547,14300800,18.209552764892578,86826400,44.81304931640625,18317900,42.24922561645508,18831600,196.84249877929688,3562600,32.816741943359375,9883200,194.484130859375,78379000,11.670000076293945,0
2017-01-06,67.0698013305664,12893300,18.209552764892578,66281500,44.96902084350586,16778400,42.14203643798828,18715900,199.7626495361328,3591100,33.29509735107422,9152800,195.17996215820312,71559900,11.319999694824219,0
2017-01-09,67.1165542602539,12806600,18.105175018310547,75901500,44.723934173583984,14593000,41.529510498046875,21794100,198.12313842773438,3022800,32.429508209228516,11104000,194.5356903076172,46939700,11.5600004196167,0
2017-01-10,67.31124877929688,13989000,18.418298721313477,100977700,44.73135757446289,13483300,41.82046127319336,17978200,197.86216735839844,3432900,32.69526672363281,9074300,194.5356903076172,63771900,11.489999771118164,0
2017-01-11,67.81743621826172,14713100,18.522676467895508,92385600,44.53083419799805,20737600,41.958282470703125,21100600,200.4641571044922,3532600,33.1584358215332,8777100,195.08544921875,74650000,11.260000228881836,0
2017-01-12,67.16328430175781,21337400,18.402246475219727,120474200,43.988677978515625,22778900,41.72858810424805,20566600,198.8979949951172,4022300,33.12805938720703,8595600,194.59585571289062,72113200,11.539999961853027,0
2017-01-13,67.5215072631836,28296000,18.47450828552246,161930900,44.28575134277344,21045200,42.348758697509766,37231600,199.27320861816406,4186100,33.26472854614258,12904500,195.04251098632812,62717900,11.229999542236328,0
2017-01-17,65.06830596923828,30024600,17.70372772216797,152495900,43.35741424560547,25013800,41.177310943603516,26974400,192.2909698486328,6277200,32.00429153442383,21840400,194.3552703857422,61240800,11.869999885559082,0
2017-01-18,65.37203979492188,21270100,18.169404983520508,124366000,42.62216567993164,29276200,41.5524787902832,21186700,191.1082000732422,7590500,32.543392181396484,15906900,194.78482055664062,54793300,12.479999542236328,0
2017-01-19,64.87361907958984,16555600,18.08911895751953,75990800,42.080013275146484,24932400,41.78983688354492,20906900,188.75900268554688,4561800,32.23208236694336,15040100,194.063232421875,66608800,12.779999732971191,0
2017-01-20,65.1617431640625,18436800,18.177438735961914,102564900,41.671531677246094,27722300,42.165008544921875,24160800,189.40338134765625,5211800,32.33838653564453,10779600,194.77627563476562,129168600,11.539999961853027,0
2017-01-23,65.19291687011719,12179200,18.113204956054688,61385600,41.352176666259766,23130200,41.53715896606445,17227400,189.78675842285156,3136200,31.860034942626953,12344700,194.26939392089844,75061600,11.770000457763672,0
2017-01-24,65.97950744628906,15175300,18.42633056640625,98508700,42.13943099975586,18416400,41.8817138671875,18523300,190.61061096191406,4448200,32.44468307495117,12164200,195.5150146484375,95555300,11.069999694824219,0
2017-01-25,66.99971771240234,17551000,18.763545989990234,99753300,42.8449592590332,21492900,43.351783752441406,32252100,193.5226287841797,3716800,33.30270004272461,13961000,197.207275390625,84437700,10.8100004196167,0
2017-01-26,67.56045532226562,15962800,18.819740295410156,84146400,42.599884033203125,20792700,43.780548095703125,23769800,195.42320251464844,4195600,33.42417907714844,10628900,197.0011444091797,59970700,10.630000114440918,0
2017-01-27,67.70062255859375,12535400,18.75551414489746,54590200,42.414215087890625,17074200,43.32881546020508,17186200,193.27792358398438,3253100,33.29450988769531,7635600,196.69183349609375,59711100,10.579999923706055,0
2017-01-30,66.99971771240234,13661900,18.42633056640625,91561200,42.042877197265625,17537600,42.938323974609375,15961400,190.7900848388672,3803300,32.89024353027344,7216200,195.4720458984375,79737300,11.880000114440918,0
2017-01-31,65.9094009399414,15655100,18.177438735961914,91044300,41.46358108520508,29221000,43.12974166870117,22409100,187.05419921875,5156400,32.40971374511719,10811000,195.45481872558594,75880800,11.989999771118164,0
2017-02-01,66.15863037109375,15430900,18.378158569335938,103630900,41.62697219848633,17441500,43.09889602661133,21157700,188.1553955078125,4024500,32.56988525390625,9731300,195.53216552734375,79117700,11.8100004196167,0
2017-02-02,65.87825012207031,11081400,18.241666793823242,88679100,41.694007873535156,15586800,42.97557067871094,13044400,187.9433135986328,2775700,32.13511657714844,11481000,195.6610565185547,69657600,11.930000305175781,0
2017-02-03,67.89532470703125,17885200,18.699312210083008,116035100,43.01975631713867,21404100,44.14727020263672,19879800,196.54071044921875,7381000,33.889469146728516,16692200,197.0096893310547,80563200,10.970000267028809,0
2017-02-06,67.5760269165039,11828400,18.562822341918945,92228400,42.93037796020508,15680200,43.59226608276367,13940200,195.74951171875,4639200,34.042022705078125,12577100,196.65748596191406,57790100,11.369999885559082,0
2017-02-07,67.53709411621094,9392800,18.386178970336914,87982900,42.59521484375,13996900,43.43037033081055,14937400,195.455810546875,2660200,34.22508239746094,10055700,196.6660614013672,57931200,11.289999961853027,0
2017-02-08,66.94520568847656,13970900,18.201519012451172,102264500,41.94723129272461,18626600,42.8830680847168,18592200,193.91416931152344,2744700,33.49283218383789,10586500,196.9237823486328,51566200,11.449999809265137,0
2017-02-09,67.91091918945312,13749100,18.562822341918945,102634200,42.6473503112793,18054100,43.731021881103516,15907800,197.0301055908203,3550800,34.20982360839844,13166700,198.09207153320312,65955200,10.880000114440918,0
2017-02-10,67.75514221191406,10992500,18.530712127685547,90548300,42.92292404174805,14421700,43.83123016357422,12268100,197.98446655273438,3072800,34.09540939331055,8909400,198.8737335205078,66015900,10.850000381469727,0
2017-02-13,68.6507568359375,18739100,18.787630081176758,105342500,43.906070709228516,22779800,44.00082015991211,15325300,200.88015747070312,2998200,34.52254867553711,13256300,199.95614624023438,55182100,11.069999694824219,0
2017-02-14,69.74887084960938,17932100,19.317537307739258,139711400,44.561492919921875,22359300,44.694583892822266,16382900,203.48223876953125,4141500,35.11750411987305,12958700,200.75506591796875,71109000,10.739999771118164,0
2017-02-15,70.55103302001953,17381800,19.73504638671875,151233300,45.06050491333008,22423900,45.13397216796875,25350400,204.36312866210938,4296600,35.460758209228516,10115100,201.80308532714844,86785800,11.970000267028809,0
2017-02-16,70.50428771972656,17672700,19.73504638671875,98144500,44.97113800048828,15916600,44.80250549316406,14694500,203.46591186523438,2286300,35.170902252197266,10752500,201.63124084472656,84722400,11.760000228881836,0
2017-02-17,70.27066802978516,15776600,19.686870574951172,85789200,44.8147087097168,15120600,44.779388427734375,15783200,204.23263549804688,3262300,35.201419830322266,8310100,201.94912719726562,77204100,11.489999771118164,0
2017-02-21,70.87813568115234,14068300,19.895620346069336,78571500,45.097755432128906,15812700,44.9027214050293,16916800,205.35830688476562,2794900,35.51414489746094,7628400,203.15174865722656,88946100,11.569999694824219,0
2017-02-22,70.91705322265625,11839000,19.903650283813477,81531900,45.14988708496094,16025700,44.98751449584961,12344200,205.3338623046875,2378800,35.48363494873047,7612800,202.9713897705078,62115200,11.739999771118164,0
2017-02-23,70.97156524658203,11067000,19.73504638671875,85846000,45.14988708496094,14624400,45.087738037109375,13841400,204.89334106445312,2594700,35.52939224243164,11877100,203.10882568359375,74615900,11.710000038146973,0
2017-02-24,70.34854888916016,15062300,19.454030990600586,97074400,44.36039733886719,19900300,44.56354522705078,16379100,201.76112365722656,3565400,34.72849655151367,11837200,203.3665313720703,82381600,11.470000267028809,0
2017-02-27,70.42642211914062,12361000,19.727014541625977,69129100,44.7030029296875,15711400,44.75627899169922,10101000,203.376220703125,2372600,34.96495819091797,7887000,203.6844024658203,56515400,12.09000015258789,0
2017-02-28,70.57439422607422,15183500,19.815332412719727,90242000,44.54660415649414,17237500,44.61751174926758,15558900,202.8690948486328,3627100,34.83528137207031,13789400,203.1345977783203,96961900,12.920000076293945,0
2017-03-01,72.89519500732422,24451400,20.536108016967773,143947500,45.83509826660156,26421700,46.04359817504883,25912700,206.6719970703125,5218300,35.704833984375,14373700,205.97793579101562,149158200,12.539999961853027,0
2017-03-02,71.75816345214844,16862500,20.31867027282715,99824600,45.1573371887207,17270300,45.257320404052734,17578600,205.32260131835938,3020000,35.30056381225586,8477000,204.6808624267578,70246000,11.8100004196167,0
2017-03-03,72.27217864990234,12817500,20.48778533935547,92456100,45.43292236328125,15178600,45.39607620239258,14740000,206.8192138671875,3163700,35.720088958740234,11404300,204.8096923828125,81974300,10.960000038146973,0
2017-03-06,71.58682250976562,15059200,20.334774017333984,75660400,44.89665603637695,14979400,45.180233001708984,13225500,206.09954833984375,2467000,35.52177047729492,9332600,204.19976806640625,55391500,11.239999771118164,0
2017-03-07,71.18962097167969,11156800,20.302560806274414,64053700,45.06050491333008,17297800,44.94126510620117,13099900,205.1917724609375,2497300,35.338714599609375,9411000,203.58982849121094,65103700,11.449999809265137,0
2017-03-08,71.03388214111328,17378400,20.342830657958984,105314600,45.514835357666016,30724000,44.87189483642578,14711300,204.6519775390625,3574400,35.38447570800781,11464700,203.21185302734375,78168800,11.859999656677246,0
2017-03-09,71.31423950195312,13726200,20.415306091308594,78984600,45.8425407409668,21429300,45.24959945678711,15721500,204.60292053222656,3061500,35.605674743652344,11135400,203.46957397460938,90683900,12.300000190734863,0
2017-03-10,71.08838653564453,13729900,20.38309097290039,86998800,45.79786682128906,17421900,45.36524963378906,15120200,203.130859375,3365900,35.460758209228516,8579400,204.18258666992188,81991700,11.65999984741211,0
2017-03-13,71.15069580078125,10004300,20.37504005432129,56886200,45.82765197753906,13481500,45.24959945678711,14063500,202.950927734375,1801100,35.28530502319336,7160400,204.28564453125,57256800,11.350000381469727,0
2017-03-14,71.26750946044922,10237700,20.391145706176758,63182700,45.7606201171875,11819700,45.29586410522461,10885000,202.591064453125,2144200,35.23192596435547,6916200,203.5039825439453,59880800,12.300000190734863,0
2017-03-15,71.43887329101562,16601400,20.278404235839844,114662700,45.313751220703125,20086900,45.257320404052734,17777300,201.82232666015625,3427000,34.97258758544922,10796100,205.26498413085938,96081800,11.630000114440918,0
2017-03-16,71.36876678466797,14492000,20.310617446899414,70306200,45.54462432861328,15198300,45.727535247802734,18468200,203.0,2940600,35.338714599609375,9284100,204.86122131347656,78344000,11.210000038146973,0
2017-03-17,70.62112426757812,21734700,20.02069664001465,105222400,44.963687896728516,32281900,45.22648620605469,20985700,199.49974060058594,5438100,34.33950424194336,13474500,204.50146484375,89002100,11.279999732971191,0
2017-03-20,70.11492919921875,14623600,19.682449340820312,87287500,44.38274002075195,14813800,44.42478561401367,17663200,198.02761840820312,2759100,34.011512756347656,9734200,204.27713012695312,52537000,11.34000015258789,0
2017-03-21,68.05888366699219,33089200,18.53887367248535,259545800,43.228302001953125,34140400,43.05264663696289,31766400,190.55267333984375,5660900,32.53937530517578,20018400,201.65431213378906,131809300,12.470000267028809,0
2017-03-22,68.16793060302734,21741000,18.474441528320312,167984400,43.02720642089844,25648500,42.65180969238281,27740900,188.974365234375,6291300,32.196136474609375,19046600,202.1288299560547,97569200,12.8100004196167,0
2017-03-23,68.05888366699219,16090100,18.57913589477539,111666800,43.23575210571289,16916500,42.590145111083984,19000000,189.65309143066406,4770700,32.48598098754883,14888800,201.91314697265625,100410300,13.119999885559082,0
2017-03-24,67.98101806640625,16093200,18.61940574645996,113499100,43.250640869140625,13504400,43.03724670410156,21127500,186.7989501953125,6387300,32.38682556152344,10815300,201.7664337158203,112504900,12.960000038146973,0
2017-03-27,67.94206237792969,16689300,18.546926498413086,119513500,43.44428253173828,17257200,42.69805908203125,16854800,184.40267944335938,9194800,31.715593338012695,21631100,201.5594024658203,87454500,12.5,0
2017-03-28,69.00123596191406,16264400,18.909320831298828,95761700,44.25612258911133,15391100,43.137451171875,14878900,187.55128479003906,4471200,32.40971374511719,12944900,203.026123046875,93483900,11.529999732971191,0
2017-03-29,68.74423217773438,10207600,18.80463409423828,67204500,44.23377990722656,13457400,42.913902282714844,10329100,186.83160400390625,2636000,32.646156311035156,14543900,203.21591186523438,61950400,11.420000076293945,0
2017-03-30,69.33610534667969,11631000,19.223407745361328,79189200,45.06796646118164,14886200,43.3532829284668,12106500,189.09701538085938,3156800,33.12670135498047,11264300,203.86300659179688,56737900,11.539999961853027,0
2017-03-31,68.40935516357422,16987600,18.997909545898438,77158300,44.55405044555664,14407900,42.90618896484375,11864600,187.87026977539062,2858400,32.67667770385742,11203300,203.38848876953125,73733100,12.369999885559082,0
2017-04-03,68.16011810302734,19831800,18.997909545898438,88076600,44.44976806640625,15460500,42.7751579284668,14550700,187.2487335205078,3735600,32.5775260925293,12531800,203.03475952148438,85546500,12.380000114440918,0
2017-04-04,68.38726806640625,14280800,18.877113342285156,75244400,44.44976806640625,9745600,42.55159378051758,11937400,187.49407958984375,3042700,32.42496109008789,7837100,203.1641082763672,56466200,11.789999961853027,0
2017-04-05,67.51001739501953,17635500,18.659671783447266,97453300,44.38274002075195,20295200,42.38199996948242,17411700,186.185546875,5286900,31.837635040283203,12455100,202.56019592285156,108800600,12.890000343322754,0
2017-04-06,67.7371597290039,14379600,18.732149124145508,82975200,44.60618209838867,13806000,42.68263626098633,10387500,186.98703002929688,2927200,32.10460662841797,9520900,203.12965393066406,69135800,12.390000343322754,0
2017-04-07,67.50218963623047,13097100,18.651615142822266,79519400,44.263572692871094,13449300,42.274070739746094,15848800,186.36546325683594,2853300,31.99781608581543,9319600,202.92254638671875,74412300,12.869999885559082,0
2017-04-10,67.26719665527344,15081600,18.53887367248535,63254700,44.15185546875,12096700,42.042816162109375,14607700,187.19143676757812,2653900,31.967302322387695,8677200,203.04339599609375,67615300,14.050000190734863,0
2017-04-11,67.14973449707031,14690500,18.45833969116211,94206700,43.965641021728516,15247800,41.74989700317383,28086800,186.2509765625,3374700,31.715593338012695,10318400,202.8018035888672,88045300,15.069999694824219,0
2017-04-12,66.89122772216797,14730600,18.240894317626953,76556300,43.5783576965332,15223400,40.94818878173828,25601300,184.6234893798828,2947500,31.32658576965332,10440600,201.91314697265625,81864400,15.770000457763672,0
2017-04-13,66.10794830322266,30529800,17.991239547729492,88061800,43.228302001953125,31784400,39.583778381347656,47982000,182.6361846923828,3653700,31.0367374420166,10516500,200.60171508789062,92880400,15.960000038146973,0
2017-04-17,67.25154113769531,19071700,18.369747161865234,85053200,43.935848236083984,14657300,40.63985061645508,31959100,185.04058837890625,4190900,31.646940231323242,7959700,202.37901306152344,68405400,14.65999984741211,0
2017-04-18,66.70325469970703,14127000,18.289215087890625,146488400,43.511322021484375,16891000,40.431724548339844,22257500,176.31443786621094,12464000,31.433382034301758,13872400,201.77505493164062,83225800,14.420000076293945,0
2017-04-19,66.15494537353516,17588500,18.313379287719727,101771800,42.997406005859375,18104200,40.20045852661133,17414600,175.08767700195312,6428800,32.06647872924805,19850300,201.4041290283203,68699900,14.930000305175781,0
2017-04-20,67.00870513916016,15635800,18.57913589477539,103802600,43.503875732421875,17074800,41.24113845825195,31552900,178.33444213867188,5168200,32.417335510253906,13816200,203.04339599609375,92572200,14.149999618530273,0
2017-04-21,66.20195770263672,19820600,18.289215087890625,127235400,42.989967346191406,15255900,40.85569381713867,26177300,177.35302734375,3845700,31.883392333984375,12951300,202.39630126953125,110389800,14.630000114440918,0
2017-04-24,68.53610229492188,25468300,19.030128479003906,138638900,44.27102279663086,24400300,41.356754302978516,23856700,182.55441284179688,5353500,33.22586441040039,16188100,204.62225341796875,119209900,10.84000015258789,0
2017-04-25,69.1313705444336,18253800,19.311988830566406,131531100,44.84450912475586,21593500,42.05824279785156,27061300,185.34320068359375,3996900,33.767425537109375,13857600,205.81285095214844,76698300,10.760000228881836,0
2017-04-26,69.26454162597656,12832200,19.23951530456543,95172200,44.7625846862793,16058000,42.042816162109375,15915500,184.9915313720703,3765300,33.84369659423828,12938400,205.68341064453125,84702500,10.850000381469727,0
2017-04-27,68.62224578857422,13329000,19.046234130859375,80024200,44.35184860229492,14025900,41.965736389160156,13978000,184.67259216308594,2805800,33.3609733581543,9041300,205.85598754882812,57410300,10.359999656677246,0
2017-04-28,68.14444732666016,10755600,18.79657554626465,69384900,44.15022277832031,11917100,41.50322341918945,16501900,183.02874755859375,2936600,33.23072052001953,9049100,205.4073486328125,63532800,10.819999694824219,0
2017-05-01,68.19146728515625,15712300,19.014020919799805,72382900,44.40413284301758,12879400,41.98115539550781,13915800,183.88746643066406,3004800,33.51422882080078,7552200,205.92501831054688,66882500,10.109999656677246,0
2017-05-02,67.75282287597656,14414200,18.949596405029297,60262600,44.5908203125,11471900,42.042816162109375,15634900,184.10829162597656,2602400,33.21540451049805,8126400,206.0026397705078,57375700,10.59000015258789,0
2017-05-03,68.14444732666016,11540500,19.142873764038086,64272800,44.986629486083984,12845300,42.57844924926758,15737100,185.08148193359375,3042200,33.31501388549805,5578300,205.75245666503906,73137700,10.680000305175781,0
2017-05-04,68.2228012084961,11540100,19.207300186157227,68133400,44.96421813964844,14509800,42.83462142944336,17054100,185.3104705810547,2935400,33.161766052246094,7367800,205.9940185546875,61462700,10.460000038146973,0
2017-05-05,68.14444732666016,9436000,19.118709564208984,56678800,44.986629486083984,11484300,42.78028106689453,13078800,185.5394744873047,2435800,33.00851821899414,6893400,206.8050079345703,62001300,10.569999694824219,0
2017-05-08,68.2228012084961,8162200,19.29589080810547,56016500,45.18079376220703,8458300,42.7259407043457,14242800,184.03469848632812,2316800,32.962547302246094,7171700,206.7705841064453,48385700,9.770000457763672,0
2017-05-09,67.94863891601562,10273900,19.311988830566406,61622000,44.97915267944336,13179900,42.446495056152344,14402900,182.99598693847656,2145400,32.81697082519531,6068700,206.5806884765625,51363200,9.960000038146973,0
2017-05-10,68.48128509521484,8334900,19.448902130126953,48495300,45.083709716796875,11607300,42.47753143310547,15897200,183.91200256347656,2630400,33.023841857910156,7367800,206.95169067382812,54293800,10.210000038146973,0
2017-05-11,68.26978302001953,10907400,19.38447380065918,68350800,45.33015441894531,16314000,41.7167854309082,32200100,183.81385803222656,2440300,32.84762191772461,6340000,206.52894592285156,62358300,10.600000381469727,0
2017-05-12,68.08181762695312,8738800,19.32810401916504,62589000,45.60647201538086,15393200,41.15786361694336,29642300,182.22731018066406,2166100,32.74034881591797,5836300,206.183837890625,53912700,10.399999618530273,0
2017-05-15,68.41075897216797,8835600,19.37641716003418,50688800,45.86783981323242,14838500,41.3907585144043,15245000,184.10829162597656,2468100,33.276695251464844,9941100,207.3227081298828,61918900,10.420000076293945,0
2017-05-16,68.62224578857422,9795000,19.320051193237305,55774800,46.66690444946289,21199500,41.34418487548828,12650100,184.50083923339844,1710700,33.23838806152344,6888900,207.13284301757812,51241800,10.649999618530273,0
2017-05-17,66.00614929199219,24679700,18.176469802856445,190353300,44.7924690246582,33251400,40.55238723754883,33173100,174.78514099121094,7525700,31.391803741455078,22899900,203.4574737548828,172174100,15.59000015258789,0
2017-05-18,65.7633056640625,23350100,18.313379287719727,108444100,44.86714553833008,25142200,40.66106414794922,19790100,175.96275329589844,4792400,31.652334213256836,14498400,204.27713012695312,107047700,14.65999984741211,0
2017-05-19,66.40560150146484,13412900,18.563032150268555,89566700,45.62886047363281,20266600,41.18892288208008,16895000,176.1508331298828,3747100,32.027767181396484,10486700,205.6057891845703,115011400,12.039999961853027,0
2017-05-22,66.34292602539062,11636000,18.554977416992188,74839400,45.5989875793457,11744800,41.15010452270508,13947000,176.66607666015625,2506100,31.92049789428711,6752600,206.64968872070312,61010600,10.930000305175781,0
2017-05-23,67.1732177734375,11753000,18.836841583251953,79020000,46.084407806396484,12414300,41.44508743286133,11751700,179.62661743164062,3308800,32.50282287597656,10761300,207.1070098876953,48341700,10.720000267028809,0
2017-05-24,67.13402557373047,9833800,18.812681198120117,58823200,46.50261306762695,16102700,41.21220779418945,11304400,183.0532684326172,4141600,32.663734436035156,6583400,207.59011840820312,46927700,10.020000457763672,0
2017-05-25,66.85208892822266,12238500,18.724088668823242,60443500,46.26364517211914,13368600,40.97156524658203,16643800,181.94102478027344,2640000,32.663734436035156,5062800,208.5823211669922,64071700,9.989999771118164,0
2017-05-26,66.8598861694336,8113500,18.716041564941406,50399500,46.35324478149414,10850300,40.68434524536133,14247700,182.8079071044922,1787100,32.82462692260742,5346500,208.5392303466797,46629900,9.8100004196167,0
2017-05-30,65.71630859375,12603200,18.450284957885742,61307900,46.03211975097656,12603800,40.49028015136719,19379700,179.23025512695312,3097800,32.395545959472656,6377900,208.35800170898438,35201900,10.380000114440918,0
2017-05-31,64.3456039428711,28327900,18.106895446777344,138636300,45.21065902709961,23150500,39.698486328125,30519700,173.35488891601562,8312000,31.98179817199707,13637900,208.30625915527344,91796000,10.40999984741211,0
2017-06-01,65.05838775634766,17123500,18.284648895263672,69725100,45.61392593383789,13922400,40.42817687988281,21001800,176.43203735351562,4057900,32.64840316772461,9654300,209.96273803710938,68962000,9.890000343322754,0
2017-06-02,64.7293930053711,14998500,18.13921356201172,79722300,45.63633346557617,13643600,40.218589782714844,19477300,175.0370635986328,3692000,32.57944869995117,10016400,210.66160583496094,88666100,9.75,0
2017-06-05,64.84690856933594,9080200,18.106895446777344,51590300,45.740882873535156,10024900,40.14871597290039,13663800,175.59507751464844,2696600,32.86294174194336,6892800,210.5062713623047,44698800,10.069999694824219,0
2017-06-06,64.98006439208984,12196800,17.961454391479492,71735600,45.56166458129883,10764300,40.218589782714844,14887500,176.03817749023438,2891300,32.90125274658203,7863200,209.8333740234375,50375400,10.449999809265137,0
2017-06-07,65.72416687011719,13711100,18.260408401489258,66429700,46.21137237548828,16056100,40.43595886230469,17022400,177.06390380859375,2679400,33.161766052246094,6378500,210.2216033935547,54144300,10.390000343322754,0
2017-06-08,66.53875732421875,17951000,18.55936050415039,93685900,47.20458984375,25925700,40.8007926940918,22644200,179.50926208496094,3765600,33.79005813598633,11032500,210.32513427734375,65950700,10.15999984741211,0
2017-06-09,68.11312866210938,19120200,19.124950408935547,108254300,48.130615234375,31488800,41.763362884521484,25750000,182.5289306640625,4455400,34.41069030761719,13489900,210.00588989257812,132256400,10.699999809265137,0
2017-06-12,68.12881469726562,16053400,19.213830947875977,85829900,48.033531188964844,27444400,41.98849105834961,22791400,182.09410095214844,3388200,34.36471939086914,10384200,209.96273803710938,86108100,11.460000038146973,0
2017-06-13,68.35594177246094,12557200,19.205745697021484,68047300,48.30984115600586,18749000,42.267940521240234,17966000,183.97317504882812,2767800,34.59458541870117,9857800,210.98948669433594,60067000,10.420000076293945,0
2017-06-14,68.21492767333984,16175700,19.19766616821289,102352400,48.33224105834961,20791600,42.33004379272461,16575000,185.8686981201172,3652900,34.41069030761719,11796300,210.72198486328125,78602300,10.640000343322754,0
2017-06-15,67.80765533447266,12509700,19.01991081237793,69707500,47.869232177734375,15111500,41.84099578857422,17232300,183.1772003173828,3378900,34.242122650146484,6904900,210.31643676757812,66464900,10.899999618530273,0
2017-06-16,67.50218963623047,16936600,18.9310302734375,57745800,47.712406158447266,19549900,41.83323669433594,23492700,182.01205444335938,3758300,34.08121871948242,9483200,210.36245727539062,84553100,10.380000114440918,0
2017-06-19,68.98255920410156,15972300,19.31886100769043,58587800,48.15301513671875,13264800,42.104923248291016,15367300,185.55685424804688,2900900,35.03132629394531,9153900,212.1137237548828,65123800,10.369999885559082,0
2017-06-20,68.5517349243164,11197800,18.97951316833496,59693500,47.72734832763672,12162800,41.49943923950195,13622200,184.71176147460938,2264200,34.86275863647461,6680500,210.6832275390625,56906400,10.859999656677246,0
2017-06-21,68.23844909667969,10005900,18.68863868713379,72432800,47.66758728027344,13532800,41.1268196105957,12653700,182.56996154785156,3015300,34.41069030761719,7257600,210.63121032714844,55977600,10.75,0
2017-06-22,68.16011810302734,12180600,18.527040481567383,64763300,47.510772705078125,11344700,40.74646759033203,15362200,180.33799743652344,3344600,34.18083190917969,7750500,210.53585815429688,44148100,10.479999542236328,0
2017-06-23,68.03480529785156,18812000,18.43816566467285,85399600,47.35395431518555,16395300,40.71540069580078,21868500,178.220947265625,4448700,33.47591018676758,15915100,210.7872314453125,66986800,10.020000457763672,0
2017-06-26,68.33244323730469,10082400,18.494718551635742,61307800,47.63026428222656,14978000,41.064727783203125,12532800,180.88775634765625,2589500,33.713443756103516,5780400,210.9259796142578,56700500,9.899999618530273,0
2017-06-27,68.96690368652344,15415200,18.801761627197266,88257800,47.96632385253906,16416300,41.26654815673828,13496300,180.7565155029297,2899400,33.88201141357422,8318800,209.22671508789062,82247700,11.0600004196167,0
2017-06-28,70.35331726074219,17466200,19.29462242126465,119049300,48.67576599121094,24015200,42.1747932434082,20961700,183.16897583007812,3482800,33.958621978759766,15848600,211.09933471679688,70042600,10.029999732971191,0
2017-06-29,71.3950424194336,27697800,19.65013885498047,150501200,50.019996643066406,40827200,43.30038070678711,32552100,184.14547729492188,5063400,34.28810501098633,15728200,209.24404907226562,106949700,11.4399995803833,0
2017-06-30,71.59085083007812,16892700,19.601659774780273,84005200,49.9453125,15832300,43.013160705566406,16750700,182.08584594726562,3154300,34.14251708984375,8379400,209.63417053222656,86820700,11.180000305175781,0
2017-07-03,73.0478515625,13208100,19.941015243530273,58129700,50.97588348388672,16488300,43.30038070678711,11825000,186.5005340576172,2846600,34.947044372558594,7486400,209.98963928222656,39153800,11.220000267028809,0
2017-07-05,73.78031921386719,17535400,20.134931564331055,76172500,51.117774963378906,17783100,43.30038070678711,14086900,187.1241455078125,2772000,35.368465423583984,9843200,210.4751434326172,54427600,11.069999694824219,0
2017-07-06,73.54403686523438,16596100,19.96525001525879,84465400,50.50541687011719,17960700,43.129615783691406,14481200,186.01638793945312,3076600,35.34547805786133,10417300,208.55044555664062,65400800,12.539999961853027,0
2017-07-07,73.91419219970703,12817800,20.06220817565918,54478800,50.71451187133789,14735300,43.26934051513672,11503500,184.85940551757812,2697600,35.284175872802734,6442000,209.90298461914062,57972300,11.1899995803833,0
2017-07-10,73.3943862915039,13987200,20.110694885253906,54632800,50.52034378051758,12613800,43.15288162231445,10979000,185.3188934326172,2357500,35.23821258544922,5321500,210.1283721923828,36663300,11.109999656677246,0
2017-07-11,73.11090087890625,13262300,19.876371383666992,69410600,49.90050506591797,17134600,42.7259407043457,14842700,186.22975158691406,2742900,34.84742736816406,8454700,209.9722900390625,50354600,10.890000343322754,0
2017-07-12,72.85883331298828,13540100,19.67438316345215,68708700,49.97518539428711,16881700,42.826866149902344,11951500,186.59078979492188,2567300,34.449005126953125,10234400,211.55020141601562,59610400,10.300000190734863,0
2017-07-13,73.32350158691406,12820100,19.892536163330078,55533400,50.049861907958984,20152000,43.16064453125,14201800,189.06069946289062,2852600,34.87810134887695,6204200,211.90565490722656,39471600,9.899999618530273,0
2017-07-14,72.6540756225586,22235200,19.561260223388672,92625400,49.825828552246094,20742300,42.687137603759766,17949600,187.58372497558594,3703600,34.632896423339844,8220600,212.89401245117188,60262700,9.510000228881836,0
2017-07-17,71.97676849365234,14374200,19.407739639282227,81522000,49.90796661376953,17498000,42.46977615356445,14953600,188.1252899169922,2551800,34.73250961303711,5141600,212.8679962158203,33531900,9.819999694824219,0
2017-07-18,71.72476196289062,14719400,19.310787200927734,107981400,49.952781677246094,15965900,42.539642333984375,13603300,183.24282836914062,6400700,34.58692169189453,9594100,212.980712890625,42742500,9.890000343322754,0
2017-07-19,71.82711791992188,11651200,19.440053939819336,74140100,49.81089782714844,12687300,42.6483154296875,12366200,182.8817596435547,4884600,35.72092819213867,17586300,214.13377380371094,51034300,9.789999961853027,0
2017-07-20,71.82711791992188,11561700,19.34310531616211,62793500,49.55698776245117,14027600,42.601741790771484,15123500,182.4140625,3497800,35.63663864135742,10652400,214.2291259765625,47135200,9.579999923706055,0
2017-07-21,71.5829849243164,10971300,19.2299861907959,65922500,49.28813552856445,14075500,42.05057907104492,17384500,180.67449951171875,3446600,35.697933197021484,9021300,214.0384521484375,82340800,9.359999656677246,0
2017-07-24,71.89012145996094,10725100,19.31886100769043,51382700,49.362815856933594,14848400,42.12821960449219,18489900,179.03329467773438,3123100,35.78987503051758,7443600,213.98638916015625,46622300,9.430000305175781,0
2017-07-25,73.08727264404297,16447700,19.7794132232666,86154700,50.80411148071289,30833600,42.74146270751953,20167800,181.82325744628906,3509500,36.47947692871094,11885000,214.50657653808594,54915600,9.430000305175781,0
2017-07-26,72.40205383300781,11815500,19.561260223388672,65704700,50.76678466796875,19228500,42.62502670288086,19686900,182.373046875,2792500,36.17299270629883,9034500,214.51527404785156,47575400,9.600000381469727,0
2017-07-27,72.10277557373047,12332400,19.4804630279541,62902100,50.48299789428711,22650200,42.46977615356445,17352600,181.74119567871094,2812500,36.27312469482422,9439300,214.31581115722656,70766600,10.109999656677246,0
2017-07-28,71.89012145996094,9351900,19.41582679748535,50143400,50.356040954589844,13604500,41.37522888183594,32590600,183.48904418945312,2483200,35.941898345947266,7959600,214.0644073486328,50088400,10.289999961853027,0
2017-07-31,72.29966735839844,11520300,19.488542556762695,62272000,51.117774963378906,23059300,41.87205123901367,20378100,184.90040588378906,1994900,36.12678146362305,6764600,213.9430389404297,65838700,10.260000228881836,0
2017-08-01,73.26837158203125,12523700,19.75518226623535,52782500,51.97658920288086,22974700,41.98072814941406,19350300,186.27073669433594,2986800,36.36555862426758,6330000,214.419921875,55050400,10.09000015258789,0
2017-08-02,73.33140563964844,10165600,19.868301391601562,55317100,51.8421516418457,19095600,41.92599105834961,19422100,185.6717071533203,1863300,36.458003997802734,6020000,214.52394104003906,47211200,10.279999732971191,0
2017-08-03,72.85098266601562,11078800,19.69053840637207,53210600,51.114418029785156,20937900,41.753971099853516,19374700,183.8008575439453,2106400,36.40407180786133,6479300,214.1077880859375,40856000,10.4399995803833,0
2017-08-04,73.76456451416016,14324000,20.17532730102539,105206600,51.75212860107422,18148400,41.31609344482422,44664600,188.5601348876953,3400300,37.03572463989258,8906800,214.49795532226562,60191800,10.029999732971191,0
2017-08-07,74.04808044433594,7978300,20.16724395751953,41860900,51.797149658203125,12961100,41.08152389526367,22673700,191.1285858154297,3809800,37.212890625,7761600,214.89674377441406,31995000,9.930000305175781,0
2017-08-08,73.78031921386719,13745400,20.1187686920166,73399300,51.6771125793457,16645900,41.21445083618164,24877800,190.41468811035156,3322500,36.92017364501953,7771800,214.3678741455078,61719400,10.960000038146973,0
2017-08-09,73.66217803955078,11214400,19.989490509033203,56910400,51.33949279785156,19195700,41.277008056640625,14631600,189.56124877929688,2571100,36.70450973510742,8282900,214.35919189453125,62632600,11.109999656677246,0
2017-08-10,72.6068344116211,13252300,19.488542556762695,78023700,50.431697845458984,19147200,40.620201110839844,18373000,185.0399169921875,3325500,35.66459655761719,10099800,211.3334503173828,120479500,16.040000915527344,0
2017-08-11,72.00038146972656,10679500,19.278467178344727,68157400,50.11659622192383,15172800,40.61238479614258,14714500,183.93209838867188,2956600,35.16390609741211,13505800,211.6455841064453,74869900,15.510000228881836,0
2017-08-14,72.84310150146484,10994800,19.73093605041504,54989500,50.934349060058594,15120200,41.31609344482422,16313200,186.566162109375,2266100,35.82636260986328,7136300,213.74365234375,73291900,12.329999923706055,0
2017-08-15,73.03211975097656,8812700,19.771333694458008,45143200,50.99439239501953,15472000,41.323909759521484,11028100,186.7549285888672,1867000,35.76472854614258,7663000,213.7176055908203,55242700,12.039999961853027,0
2017-08-16,72.52806854248047,11085400,19.54509925842285,59188900,50.799312591552734,15064500,41.198822021484375,11224400,185.13015747070312,2393900,35.44121170043945,8350800,214.0904083251953,56715500,11.739999771118164,0
2017-08-17,71.39395141601562,13837500,19.100711822509766,78969300,49.96653366088867,14487900,40.50291061401367,16814300,181.69198608398438,3460300,34.732540130615234,9426800,210.7525634765625,128490400,15.550000190734863,0
2017-08-18,71.46485900878906,13040700,19.084552764892578,60461200,49.951541900634766,13628900,40.409080505371094,17130600,182.2909698486328,3149300,34.9636344909668,7284000,210.42311096191406,136748000,14.260000228881836,0
2017-08-21,71.37822723388672,11502100,18.890636444091797,70124800,49.47887420654297,15791100,40.51854705810547,13503100,181.1750030517578,2203300,34.41672897338867,8501900,210.5878448486328,65469700,13.1899995803833,0
2017-08-22,72.11064910888672,9211800,19.254226684570312,59228600,50.15410232543945,13247000,40.83132553100586,12984100,183.4644012451172,2021300,35.1022834777832,7130700,212.7899932861328,63140100,11.350000381469727,0
2017-08-23,72.19728088378906,8811300,19.19766616821289,39825500,50.43918991088867,10031600,40.6827507019043,10019500,182.7751007080078,2568000,35.27944564819336,5464800,212.0270233154297,50203800,12.25,0
2017-08-24,72.07913970947266,8623200,19.262304306030273,39178700,50.784305572509766,11524800,40.784400939941406,12345000,182.98025512695312,2263000,35.43350601196289,6640700,211.5328369140625,50741700,12.229999542236328,0
2017-08-25,72.37055969238281,11794600,19.205745697021484,43511900,50.90434646606445,11883100,40.479461669921875,15307800,182.55355834960938,2232500,35.38729476928711,5659400,212.0270233154297,64445900,11.279999732971191,0
2017-08-28,72.14215850830078,7292900,19.165348052978516,37155000,50.87434768676758,10797600,40.369991302490234,12425900,180.81393432617188,2641600,35.03294372558594,6526700,212.03567504882812,40565600,11.319999694824219,0
2017-08-29,71.74836730957031,10886100,19.052227020263672,60897200,50.62677001953125,12448000,40.205787658691406,10715500,181.11038208007812,2369100,34.932823181152344,8776100,212.27845764160156,51135700,11.699999809265137,0
2017-08-30,71.91376495361328,9165300,19.38519859313965,58412900,51.024391174316406,9152000,40.158870697021484,11427500,183.1358642578125,2411400,35.17161560058594,5672900,213.2841339111328,62030800,11.220000267028809,0
2017-08-31,71.5829849243164,13217400,19.40143585205078,62362400,51.03938674926758,12439300,39.93212890625,25231100,184.2227325439453,2240600,35.04835891723633,7890800,214.5672607421875,103803900,10.59000015258789,0
2017-09-01,72.22091674804688,9815800,19.563861846923828,56233900,51.452030181884766,10720600,39.85393524169922,16217700,185.98475646972656,2346900,35.57986068725586,7024700,214.87071228027344,62007000,10.130000114440918,0
2017-09-05,70.49613189697266,16897300,18.930410385131836,108605400,50.386680603027344,17649500,39.173667907714844,31251300,179.31536865234375,5646200,34.57848358154297,8735700,213.32749938964844,91398800,12.229999542236328,0
2017-09-06,70.96867370605469,11845700,19.011629104614258,64188900,50.506736755371094,11849400,39.00164794921875,26854000,180.179931640625,3613600,34.717132568359375,6313200,214.05572509765625,57916900,11.630000114440918,0
2017-09-07,69.72428894042969,14592300,18.654293060302734,103501200,49.56139373779297,20307800,38.84525680541992,23367300,177.718017578125,3594600,33.94683837890625,11538300,214.02975463867188,58034700,11.550000190734863,0
2017-09-08,69.63765716552734,14242200,18.58932113647461,68365000,49.643924713134766,13438000,38.76707458496094,18975700,178.84608459472656,3120900,33.9006233215332,8739800,213.77833557128906,63832800,12.119999885559082,0
2017-09-11,70.71663665771484,13219000,18.97101402282715,73741000,50.799312591552734,17287000,39.61155319213867,17987100,182.01605224609375,2971500,34.78646469116211,8017000,216.05845642089844,71364800,10.729999542236328,0
2017-09-12,71.5829849243164,14003800,19.450166702270508,99658500,51.609588623046875,15495400,40.32308578491211,17129500,186.04241943359375,3745800,35.240936279296875,8010200,216.7866973876953,56896000,10.579999923706055,0
2017-09-13,71.78775024414062,12485400,19.75877571105957,86339800,52.05974578857422,17467300,40.23706817626953,12617300,186.544677734375,2383500,35.60297775268555,6637900,216.89077758789062,59228000,10.5,0
2017-09-14,71.64598083496094,10562800,19.685678482055664,70051000,51.94719314575195,15022100,40.10414505004883,13739400,186.78343200683594,1986600,35.75702667236328,7414100,216.82139587402344,95446300,10.4399995803833,0
2017-09-15,72.15789794921875,18171800,19.79937744140625,85937600,51.797149658203125,18360900,40.393455505371094,28494300,185.4413299560547,4365800,35.89567947387695,9113100,217.11325073242188,95432400,10.170000076293945,0
2017-09-18,73.1817398071289,11318700,20.059249877929688,68076400,52.967525482177734,18027800,41.21445083618164,20943400,187.34335327148438,2466800,36.450286865234375,7938000,217.5750274658203,46235200,10.149999618530273,0
2017-09-19,73.98506927490234,12626100,20.189193725585938,56218100,53.38016128540039,15466000,41.72269821166992,17047000,188.47958374023438,1858000,36.71989059448242,7999600,217.79287719726562,47108100,10.180000305175781,0
2017-09-20,74.50489807128906,15311600,20.35161590576172,82289900,53.61273956298828,19788100,42.02764129638672,21560400,189.20413208007812,2682300,36.889366149902344,8673600,217.8712921142578,59574100,9.779999732971191,0
2017-09-21,74.84355163574219,10851500,20.432828903198242,57864000,53.83782196044922,11509200,42.27003479003906,16210900,190.439208984375,1800800,37.17437744140625,9503600,217.2875213623047,48211400,9.670000076293945,0
2017-09-22,74.6860122680664,8358300,20.319135665893555,61446000,53.5677375793457,10446600,42.4185905456543,18047800,190.22518920898438,1861800,37.1435661315918,6050000,217.3311004638672,51214000,9.59000015258789,0
2017-09-25,74.12686157226562,10463400,20.107986450195312,62361700,53.147586822509766,10762800,42.2465705871582,11595900,189.5911102294922,2261800,36.77382278442383,7205200,216.88674926757812,57064400,10.210000038146973,0
2017-09-26,73.79605102539062,9358100,20.148584365844727,53012700,53.22262191772461,11553800,42.066734313964844,12052500,189.32766723632812,1770000,36.558143615722656,7146100,217.01742553710938,54082000,10.170000076293945,0
2017-09-27,74.961669921875,15090200,20.635854721069336,92877400,54.22795486450195,18092200,42.387306213378906,15840800,193.29635620117188,3072100,37.02802658081055,10314600,217.86256408691406,81001400,9.869999885559082,0
2017-09-28,75.11920928955078,10270400,20.668346405029297,64991400,54.50553894042969,13845900,42.4185905456543,14531700,193.88095092773438,2121800,37.089637756347656,5960700,218.12399291992188,44778800,9.550000190734863,0
2017-09-29,75.22158813476562,11438400,20.579008102416992,66232600,54.57306671142578,12777300,43.122314453125,20872300,195.29713439941406,1902300,37.10505676269531,5200500,218.8906707763672,85578000,9.510000228881836,0
2017-10-02,76.26905059814453,13797200,20.8064022064209,54001400,55.36832809448242,13386300,43.372528076171875,11764400,198.1460723876953,2501300,37.68276596069336,6096900,219.8404083251953,59023000,9.449999809265137,0
2017-10-03,76.67072296142578,9633500,21.001310348510742,55946900,55.61589431762695,11925100,43.458534240722656,17405100,198.94473266601562,2010800,37.96006774902344,6432400,220.31088256835938,66810200,9.510000228881836,0
2017-10-04,75.89103698730469,12166600,20.879487991333008,53402800,55.56338882446289,12904100,42.97374725341797,14697800,197.8661346435547,1840400,37.75209045410156,5372900,220.57229614257812,55953600,9.630000114440918,0
2017-10-05,76.91291809082031,14236200,21.2205753326416,62636900,56.808815002441406,19701200,43.309959411621094,14560700,202.60055541992188,3521300,38.22967529296875,11491100,221.87918090820312,63522800,9.1899995803833,0
2017-10-06,76.77826690673828,10231900,21.285547256469727,53900600,56.74876022338867,16119900,43.458534240722656,11151200,202.56759643554688,2396100,38.329795837402344,5159400,221.62648010253906,80646000,9.649999618530273,0
2017-10-09,76.37425994873047,7765100,20.993188858032227,55172500,56.56122589111328,12830800,43.11449432373047,11377000,199.9163360595703,2165200,38.037105560302734,6333800,221.26052856445312,35803100,10.329999923706055,0
2017-10-10,76.9446029663086,10631500,21.058155059814453,46133800,56.40366744995117,13866600,43.481990814208984,12800500,199.75169372558594,2187100,38.121826171875,5903500,221.84426879882812,43057400,10.079999923706055,0
2017-10-11,76.71488189697266,14283600,20.97694969177246,51652300,56.22362518310547,18597900,43.52108383178711,12843100,199.5869903564453,2175700,37.88304901123047,5364600,222.1927947998047,47674300,9.850000381469727,0
2017-10-12,76.04153442382812,18251600,20.668346405029297,71770000,54.295467376708984,40166300,43.169227600097656,15067500,197.44619750976562,2148200,37.42857360839844,6915100,221.8617401123047,47065100,9.90999984741211,0
2017-10-13,75.93855285644531,13190600,20.97694969177246,104196900,54.100399017333984,30907300,41.98072814941406,35310000,196.40052795410156,2491000,37.205177307128906,7224500,222.13182067871094,54800400,9.609999656677246,0
2017-10-16,77.50706481933594,12434000,21.309911727905273,71927200,53.845314025878906,21169200,42.066734313964844,22802400,199.59519958496094,2969200,37.69817352294922,8178900,222.4280242919922,38221700,9.90999984741211,0
2017-10-17,77.3327865600586,10335700,21.277429580688477,48644400,54.160423278808594,15743800,41.58976364135742,18614700,194.3914337158203,7088400,37.83681869506836,15535000,222.5849151611328,31561000,10.3100004196167,0
2017-10-18,77.62590026855469,10158600,21.504817962646484,55382500,54.858158111572266,15126700,41.76178741455078,21604000,199.28233337402344,4235900,38.630218505859375,12094900,222.80267333984375,40888300,10.069999694824219,0
2017-10-19,77.720947265625,9133900,21.58603286743164,54542700,54.67810821533203,12322700,42.02764129638672,12669700,197.60264587402344,2710900,38.35293197631836,10053100,222.8637237548828,61903800,10.050000190734863,0
2017-10-20,78.83004760742188,15326600,22.0651798248291,83764700,55.165748596191406,15634600,42.94245910644531,28407700,201.50543212890625,3022800,39.038475036621094,8454500,224.0137481689453,89176400,9.970000267028809,0
2017-10-23,78.69534301757812,9238600,22.05706214904785,69607700,55.165748596191406,10821500,42.934654235839844,18102100,199.36465454101562,1963300,38.984561920166016,6265800,223.14247131347656,63915300,11.069999694824219,0
2017-10-24,79.94696807861328,13000800,22.479354858398438,90346500,55.698429107666016,15260200,43.33341598510742,18779400,201.59603881835938,2285300,39.33889389038086,7849700,223.5345458984375,66935900,11.15999984741211,0
2017-10-25,80.02619934082031,14632700,22.438749313354492,81265300,55.233272552490234,17188100,43.20050048828125,17096900,199.01882934570312,2904300,38.92293930053711,9645800,222.4280242919922,103715300,11.229999542236328,0
2017-10-26,80.59659576416016,13054400,22.52808380126953,55342500,55.36082077026367,13213100,43.489803314208984,15979200,199.02708435058594,1948800,39.10781478881836,9715700,222.71556091308594,69798000,11.300000190734863,0
2017-10-27,80.6203384399414,10400400,22.576812744140625,58856700,55.42084503173828,11309900,43.6852912902832,17258600,199.01882934570312,2111500,39.40822219848633,9261100,224.53651428222656,85562500,9.800000190734863,0
2017-10-30,80.33517456054688,8839500,22.414392471313477,51357600,55.35331344604492,10556900,43.669654846191406,12249200,198.34368896484375,1764400,39.05988693237305,9020900,223.70018005371094,54285700,10.5,0
2017-10-31,79.70140075683594,8690200,22.243844985961914,50311200,55.143245697021484,11733500,43.896392822265625,14619200,199.65284729003906,2658700,38.70382308959961,9283000,224.04859924316406,60304800,10.180000305175781,0
2017-11-01,79.94696807861328,8418200,22.357542037963867,46527700,55.54088592529297,11361900,43.95113754272461,11678300,201.11846923828125,2969600,38.41740417480469,7842900,224.34486389160156,54202700,10.199999809265137,0
2017-11-02,80.47773742675781,8731800,22.6336612701416,59692000,56.07355499267578,12997500,44.470802307128906,15630000,203.2757110595703,2509100,39.028926849365234,7902300,224.43203735351562,56449500,9.930000305175781,0
2017-11-03,80.33517456054688,7103500,22.593050003051758,37816100,55.79477310180664,10692600,44.36844253540039,10049200,201.2337646484375,1954600,38.71929168701172,5916800,225.1812744140625,59589700,9.140000343322754,0
2017-11-06,79.8360824584961,8121500,22.536205291748047,37261000,55.606407165527344,12636600,44.234588623046875,10414900,200.48448181152344,1744800,38.812191009521484,4844200,225.5298614501953,49652600,9.399999618530273,0
2017-11-07,78.22796630859375,18822600,22.073307037353516,68342100,54.78511428833008,17255700,43.3448600769043,18679100,197.45445251464844,2483900,38.231624603271484,8823800,225.37295532226562,57502200,9.890000343322754,0
2017-11-08,77.34864044189453,18524700,21.756574630737305,83128200,54.506324768066406,18710600,42.72282791137695,24047100,198.6400909423828,2349800,37.9607048034668,8435700,225.75631713867188,50469600,9.779999732971191,0
2017-11-09,77.3406982421875,13697800,21.512939453125,95448600,54.574134826660156,15496600,42.51811599731445,24438800,198.26132202148438,2122400,37.790401458740234,6189500,224.9373321533203,95085500,10.5,0
2017-11-10,77.24565887451172,9314000,21.5291805267334,61105300,54.43851852416992,12853100,42.36851501464844,13671700,197.73435974121094,1845600,37.74396896362305,5436500,224.8676300048828,59984700,11.289999961853027,0
2017-11-13,77.52291107177734,9303100,21.439849853515625,55902200,54.24260711669922,13500600,42.29765701293945,13447000,197.8332061767578,1953900,37.64333724975586,5730400,225.0767364501953,50228600,11.5,0
2017-11-14,77.05553436279297,11043800,21.309911727905273,61596800,53.89601516723633,13188900,42.54961395263672,20830100,195.3383331298828,3000200,37.4498176574707,5968500,224.55398559570312,61315200,11.59000015258789,0
2017-11-15,77.78433227539062,15384100,21.756574630737305,98274900,54.046730041503906,17541800,42.32126998901367,18238600,195.6429901123047,2564100,37.233070373535156,9749600,223.4300079345703,80811500,13.130000114440918,0
2017-11-16,78.00614166259766,9808000,21.732213973999023,54565200,54.001502990722656,12415600,42.990543365478516,26361800,197.09210205078125,2304300,37.620094299316406,7789000,225.32940673828125,67777000,11.760000228881836,0
2017-11-17,77.7447280883789,9017900,21.61851692199707,48420700,53.74532699584961,11813000,42.63623046875,15814800,195.9805450439453,2826400,37.6975212097168,4992600,224.667236328125,75756800,11.430000305175781,0
2017-11-20,78.43392944335938,9483200,21.715970993041992,46328800,54.28782272338867,10000000,42.5574836730957,16943100,196.07113647460938,2000700,38.014896392822266,4574600,225.05062866210938,48075500,10.649999618530273,0
2017-11-21,78.37054443359375,13389400,21.70785140991211,57749100,54.536460876464844,9632100,42.927547454833984,13757000,195.9805450439453,2223800,38.2238883972168,6037000,226.52304077148438,69176800,9.729999542236328,0
2017-11-22,78.14081573486328,7342200,21.650999069213867,38103200,54.4460563659668,9146200,42.565364837646484,11421700,194.67138671875,2177200,37.99940872192383,3785900,226.32266235351562,45033400,9.880000114440918,0
2017-11-24,77.8873062133789,3680000,21.594154357910156,14273600,54.26520919799805,4676100,42.5889892578125,5386500,194.27615356445312,1268500,37.97617721557617,2692900,226.84539794921875,27856500,9.670000076293945,0
2017-11-27,77.578369140625,13076200,21.594154357910156,44828600,53.790550231933594,12615200,42.478759765625,11066800,193.5845947265625,1999600,37.92973709106445,5025600,226.73219299316406,52274900,9.869999885559082,0
2017-11-28,80.29553985595703,16773000,22.44687271118164,99765000,55.53105163574219,18048300,43.75429153442383,25685200,197.1250762939453,3212900,39.01344299316406,9001200,229.03236389160156,98971700,10.029999732971191,0
2017-11-29,82.17304992675781,21105500,22.966629028320312,119728400,56.540706634521484,21876400,44.6282844543457,29631800,199.3551483154297,4500000,39.72559356689453,9441100,228.89291381835938,77512100,10.699999809265137,0
2017-11-30,82.79883575439453,23945900,22.974782943725586,122131900,56.887332916259766,23179600,44.46293258666992,30984400,204.542236328125,6364600,39.950077056884766,12158200,230.89688110351562,127894400,11.279999732971191,0
2017-12-01,83.01274108886719,19683500,22.917694091796875,137774800,56.89484786987305,18269800,44.250328063964844,31242400,205.6242218017578,4765400,40.21326446533203,10014000,230.41769409179688,164390900,11.430000305175781,0
2017-12-04,84.72386932373047,23576600,23.700647354125977,145661700,58.09286117553711,23151400,45.18730545043945,28720400,207.02841186523438,3326100,40.7783317565918,10640100,230.1388702392578,94040600,11.680000305175781,0
2017-12-05,83.74945831298828,17193900,23.59461784362793,91349800,57.670936584472656,16045900,46.10065460205078,39754900,205.11215209960938,2526800,40.259700775146484,7959700,229.3110809326172,77994500,11.329999923706055,0
2017-12-06,83.12362670898438,15476200,23.358102798461914,74593800,56.84210205078125,16612500,46.11641311645508,26758300,203.1463623046875,2331400,40.012001037597656,7701600,229.354736328125,75898600,11.020000457763672,0
2017-12-07,82.8780746459961,13371800,23.472286224365234,80706100,56.49549865722656,19173400,46.73841857910156,32990600,205.3021240234375,2667000,40.52287673950195,8765600,230.07786560058594,77218600,10.15999984741211,0
2017-12-08,83.91582489013672,13506900,23.692485809326172,60991300,57.045536041259766,12460900,46.69906997680664,22017100,206.78060913085938,1959100,40.940895080566406,6488900,231.33250427246094,76563900,9.579999923706055,0
2017-12-11,83.67025756835938,10591200,23.6027774810791,54001900,57.151023864746094,10461700,46.35261917114258,15876600,206.59889221191406,1494200,40.84799575805664,6316900,232.029541015625,83077500,9.34000015258789,0
2017-12-12,84.64462280273438,15508800,23.912691116333008,76017200,57.37708282470703,18381900,47.5021858215332,25040400,212.8349609375,3464200,41.68400955200195,8152000,232.4390411376953,85195800,9.920000076293945,0
2017-12-13,83.58311462402344,15020300,23.52121925354004,79980600,56.61606216430664,20231600,46.769935607910156,18227000,211.0839080810547,3482300,41.165374755859375,10568400,232.41290283203125,102905400,10.180000305175781,0
2017-12-14,82.90975952148438,13034200,23.43150520324707,60615800,55.69682312011719,24778500,46.628211975097656,14731000,211.01783752441406,3353200,40.74737548828125,8190100,231.46324157714844,100666700,10.489999771118164,0
2017-12-15,84.0821762084961,29350600,23.684337615966797,129859400,56.33727264404297,37121100,47.139991760253906,36467500,212.41375732421875,5283400,41.10344314575195,12708000,233.3906707763672,144610300,9.420000076293945,0
2017-12-18,84.73177337646484,12713100,24.043190002441406,70548600,57.01539611816406,16449300,47.96674346923828,19970900,214.76766967773438,2575600,41.211830139160156,8443000,234.87063598632812,83653600,9.529999732971191,0
2017-12-19,84.37531280517578,12149900,24.018714904785156,67984100,56.284523010253906,17655100,47.52580642700195,17062700,211.8437957763672,2195500,40.971866607666016,7630600,233.96868896484375,82382900,10.029999732971191,0
2017-12-20,84.0821762084961,13091500,24.043190002441406,81271200,56.25440216064453,17644000,47.35258102416992,16544500,210.77005004882812,2052400,40.6467399597168,6435100,233.84608459472656,76751500,9.720000267028809,0
2017-12-21,85.4209976196289,12323700,24.320484161376953,72953200,57.128414154052734,14085700,48.5100212097168,22130700,215.58538818359375,3337800,40.93315887451172,11350600,234.3277587890625,67032300,9.619999885559082,0
2017-12-22,85.11993408203125,14573400,24.36941909790039,54203000,56.8797721862793,12006600,48.46278762817383,11653200,213.9004669189453,2100600,40.809295654296875,6153800,234.26638793945312,78720900,9.899999618530273,0
2017-12-26,84.779296875,7403700,24.28786277770996,42371200,56.34482192993164,10882100,48.132080078125,11662800,212.86798095703125,1289300,40.615779876708984,3313800,233.9862060546875,45244400,10.25,0
2017-12-27,84.93772888183594,9496500,24.247081756591797,35111800,56.42769241333008,10845100,47.99036407470703,10010800,211.40603637695312,1567900,40.69319534301758,5786800,234.10003662109375,57751000,10.470000267028809,0
2017-12-28,85.38928985595703,7440600,24.304174423217773,37914900,56.57086181640625,8759800,48.26592254638672,10550900,211.86029052734375,1301000,40.75511932373047,3736700,234.58160400390625,45116100,10.180000305175781,0
2017-12-29,84.71591186523438,8925700,24.075809478759766,40672000,56.06603240966797,10074900,47.769893646240234,10711400,210.42308044433594,2519300,40.615779876708984,5804600,233.6971435546875,96007400,11.039999961853027,0
2018-01-02,85.51602935791016,13578800,24.385730743408203,57121600,56.028350830078125,15819800,48.100589752197266,13819300,211.1747283935547,2258300,40.399044036865234,6644600,235.3698272705078,86655700,9.770000457763672,0
2018-01-03,85.60316467285156,11901000,24.304174423217773,57865700,56.20164108276367,14657900,48.47065734863281,14203700,209.2089385986328,2988200,40.507415771484375,6955500,236.85853576660156,90070400,9.149999618530273,0
2018-01-04,86.82948303222656,12953700,24.622243881225586,76512500,56.89484786987305,16864900,49.076934814453125,18740500,212.13287353515625,2583200,41.12666702270508,8678800,237.85694885253906,80636400,9.220000267028809,0
2018-01-05,86.2720718383789,14155000,24.736419677734375,56445200,56.81950378417969,15300500,49.407623291015625,14217900,211.05087280273438,2594700,41.1111946105957,6476000,239.44192504882812,83524000,9.220000267028809,0
2018-01-08,86.39949035644531,12466500,24.56515884399414,42914800,56.156436920166016,14215700,48.848602294921875,15569400,207.98654174804688,2940500,40.940895080566406,6681400,239.8798828125,57319200,9.520000457763672,0
2018-01-09,86.83745574951172,13292300,24.687488555908203,69479100,56.744144439697266,14209500,49.02181625366211,15766500,209.74583435058594,2637300,41.258270263671875,6622700,240.42279052734375,57254000,10.079999923706055,0
2018-01-10,87.79303741455078,15834500,24.91585350036621,63532800,57.00035858154297,14008000,49.6989631652832,18107500,210.0679168701172,2927200,41.745933532714844,11028800,240.05502319335938,69574300,9.819999694824219,0
2018-01-11,88.2628402709961,13676800,25.00556755065918,59318300,56.93251419067383,15459900,49.61235809326172,22075000,210.72874450683594,2422400,41.95492935180664,8310000,241.80641174316406,62361500,9.880000114440918,0
2018-01-12,89.72006225585938,18884200,25.437824249267578,66371600,57.896976470947266,16946700,49.250160217285156,25886100,212.29803466796875,2849200,42.66707992553711,8998000,243.38279724121094,90816100,10.15999984741211,0
2018-01-16,89.40157318115234,22703300,25.478607177734375,104467900,58.100399017333984,26181400,49.210784912109375,17907800,213.4791717529297,4445500,42.26456832885742,11168500,242.55076599121094,106555100,11.65999984741211,0
2018-01-17,89.97491455078125,14940300,25.429670333862305,124382900,58.37165451049805,20958400,50.29735565185547,23892900,209.5063018798828,8608100,42.84511947631836,11905200,244.86270141601562,113258800,11.90999984741211,0
2018-01-18,90.18991088867188,14572900,25.674341201782227,76463800,58.31138229370117,15420800,50.352474212646484,16305900,207.29269409179688,4984500,43.224422454833984,13953900,244.45120239257812,100728000,12.220000267028809,0
2018-01-19,89.99083709716797,18785500,25.87008285522461,66491000,58.997032165527344,17814000,50.56507110595703,16524000,211.54640197753906,4643400,44.478424072265625,15124200,245.56329345703125,140920100,11.270000457763672,0
2018-01-22,91.04195404052734,12475700,26.049509048461914,53848800,59.21554946899414,11561100,50.966636657714844,12245200,216.0066375732422,5264700,44.401023864746094,16858300,247.55996704101562,91322400,11.029999732971191,0
2018-01-23,90.9464111328125,12320800,26.03319549560547,56531400,59.18540954589844,10080000,50.77764892578125,12937100,214.8255157470703,4003600,44.05268096923828,9372200,248.08544921875,97084700,11.100000381469727,0
2018-01-24,92.10902404785156,15904500,26.171844482421875,81585000,59.86354064941406,18108600,51.557159423828125,20180300,219.44265747070312,4314000,44.30812454223633,8403600,247.9890594482422,134816100,11.470000267028809,0
2018-01-25,92.13288879394531,13510000,26.171844482421875,62265800,59.855995178222656,16178800,51.691001892089844,17568700,222.20965576171875,5055000,43.975276947021484,9463800,248.0941162109375,84587300,11.579999923706055,0
2018-01-26,92.62661743164062,13883900,26.26155662536621,52699900,60.338233947753906,12807800,51.91147994995117,16251900,221.47454833984375,3535400,44.5867919921875,8382200,250.966552734375,107743100,11.079999923706055,0
2018-01-29,92.53105926513672,11679900,26.326799392700195,59126500,60.24782180786133,14611100,51.82487106323242,16105200,225.0592498779297,3881100,44.47068786621094,7493500,249.30262756347656,90118300,13.84000015258789,0
2018-01-30,91.66307067871094,14279100,26.000568389892578,60555800,59.23816680908203,15816900,51.39967727661133,16158900,222.1352996826172,3970400,44.004215240478516,7321200,246.7455596923828,131796400,14.789999961853027,0
2018-01-31,92.10902404785156,13141400,26.098438262939453,65734100,59.132659912109375,16266300,51.793357849121094,18147900,221.26809692382812,3710200,43.965328216552734,7193100,246.86817932128906,108364800,13.539999961853027,0
2018-02-01,93.0645980834961,13800600,26.506229400634766,62367400,59.67518615722656,12437200,51.888427734375,15717600,224.85272216796875,3388200,44.665061950683594,7474400,246.58792114257812,90102500,13.470000267028809,0
2018-02-02,91.00214385986328,16477300,26.057666778564453,96971900,58.26801681518555,18561200,50.74783706665039,18905300,214.78421020507812,5913900,43.133453369140625,9783700,241.21966552734375,173174800,17.309999465942383,0
2018-02-05,86.63838195800781,30097600,24.679338455200195,155908300,55.4310188293457,31087800,46.06671905517578,103394400,205.7564239501953,6528500,40.85548400878906,13439000,231.13131713867188,294681800,37.31999969482422,0
2018-02-06,89.274169921875,33114800,25.44597625732422,165878400,56.603660583496094,32116700,45.36969757080078,83076900,213.6774444580078,6739900,42.23937225341797,17628700,235.68508911132812,355026800,29.979999542236328,0
2018-02-07,89.87934875488281,21878300,25.486759185791016,101180500,56.73225784301758,18908400,45.57563781738281,45551000,212.35594177246094,4125000,42.41041946411133,11541700,234.40650939941406,167376100,27.729999542236328,0
2018-02-08,85.90576934814453,27425800,24.255239486694336,128981300,54.37187957763672,24941100,43.880611419677734,43569700,203.4767303466797,4166200,40.264625549316406,14073100,225.61422729492188,246449500,33.459999084472656,0
2018-02-09,87.62580108642578,28188000,24.736419677734375,143071100,55.7411994934082,26616500,44.45882034301758,48904600,205.91329956054688,5978600,40.5367317199707,15736400,229.00326538085938,283565300,29.059999465942383,0
2018-02-12,88.97952270507812,18043300,25.3807315826416,95055100,56.55826187133789,16677700,44.75187683105469,24401300,209.10159301757812,3692500,41.53966522216797,11712900,232.3660888671875,143736000,25.610000610351562,0
2018-02-13,89.52897644042969,16358200,25.429670333862305,76727300,56.876007080078125,11749100,45.939971923828125,24234200,211.0591583251953,2700500,41.50856018066406,8659500,232.9440460205078,81223600,24.969999313354492,0
2018-02-14,91.59938049316406,15186900,26.098438262939453,97251500,58.03350830078125,16261300,47.16768264770508,23681800,216.8821563720703,3793800,42.79914474487305,10536300,236.087890625,120735700,19.260000228881836,0
2018-02-15,91.98160552978516,12130200,26.269712448120117,68117400,58.31340789794922,11066400,47.53996276855469,22397300,221.0945587158203,3523100,43.071250915527344,7769900,239.1004638671875,111200300,19.1299991607666,0
2018-02-16,91.32066345214844,13214300,26.073972702026367,62137800,58.11671829223633,11644900,47.48451232910156,18661900,221.04502868652344,2602500,42.86912155151367,7448200,239.1704864501953,160420100,19.459999084472656,0
2018-02-20,91.34455108642578,13461500,26.041349411010742,58573900,57.844356536865234,12040900,47.48451232910156,18517600,218.79014587402344,2618400,42.80691909790039,7709400,237.67298889160156,86369700,20.600000381469727,0
2018-02-21,91.7267837524414,14212500,25.99241828918457,72210300,58.25288772583008,15888800,47.310245513916016,19987800,217.55946350097656,3017900,42.83802032470703,8363000,236.49078369140625,98883700,20.020000457763672,0
2018-02-22,91.55955505371094,17070400,25.845613479614258,64749700,57.70062255859375,16049500,46.58155059814453,17948600,215.9323272705078,2678900,42.65142822265625,6111600,236.79721069335938,110511300,18.719999313354492,0
2018-02-23,93.4149398803711,12162500,26.122907638549805,53626300,58.31340789794922,12481200,46.86668395996094,21099200,220.3429718017578,2507100,43.59215545654297,6687100,240.57168579101562,92766400,16.489999771118164,0
2018-02-26,94.57754516601562,16511200,26.440982818603516,61796300,58.744632720947266,17288300,47.500362396240234,16478300,224.05157470703125,2751400,44.322967529296875,7795800,243.36521911621094,86491400,15.800000190734863,0
2018-02-27,93.45476531982422,17563300,26.36758041381836,69235500,57.7838249206543,19977200,46.89839172363281,17024400,221.3010711669922,3140600,44.09750747680664,11757700,240.32647705078125,99099200,18.59000015258789,0
2018-02-28,91.97366333007812,17735600,26.18000602722168,72044000,57.11052322387695,19329900,46.26472473144531,17869100,217.78082275390625,3104300,43.553287506103516,9599100,237.8919677734375,121907800,19.850000381469727,0
2018-03-01,90.32527923583984,18690000,25.770681381225586,90547100,55.72607421875,23803200,45.39345169067383,28491000,212.68690490722656,3483500,42.36376953125,12093900,234.43272399902344,176855100,22.469999313354492,0
2018-03-02,90.23770141601562,18353700,25.893474578857422,82739100,55.7411994934082,21061200,45.47266387939453,22428500,213.79685974121094,3122800,42.55813980102539,12154100,235.6412353515625,139083200,19.59000015258789,0
2018-03-05,91.62324523925781,13933000,26.30278968811035,70543100,56.301021575927734,16814600,45.615230560302734,20560900,217.9382781982422,2445800,43.141231536865234,7598500,238.36485290527344,97307400,18.729999542236328,0
2018-03-06,91.7029037475586,10674400,26.286422729492188,50832600,56.028682708740234,14891200,45.20336151123047,23975900,221.093994140625,2217300,43.97310256958008,9762300,238.96902465820312,79213200,18.360000610351562,0
2018-03-07,91.36048889160156,13006500,26.343721389770508,52763900,55.922786712646484,14654900,44.831077575683594,24788700,219.78530883789062,2509400,44.221900939941406,8181000,238.8815155029297,87063500,17.760000228881836,0
2018-03-08,91.36846923828125,11173700,26.36009979248047,53139800,56.0665168762207,10878600,44.9261360168457,16828400,220.6053009033203,2565400,44.28408432006836,7553500,240.03736877441406,66901200,16.540000915527344,0
2018-03-09,93.99626159667969,15366600,26.78578758239746,73905800,57.579586029052734,15939200,46.12214660644531,19051500,224.27467346191406,4410600,45.613548278808594,10536000,244.21466064453125,113625300,14.640000343322754,0
2018-03-12,93.69366455078125,12339300,26.884023666381836,60322800,57.51148986816406,13398200,45.9558219909668,12414800,226.43641662597656,3065600,45.800132751464844,8123200,243.90814208984375,71924800,15.779999732971191,0
2018-03-13,92.57087707519531,13312300,26.49108123779297,63347500,56.6717414855957,12636600,45.59146499633789,13810600,222.41925048828125,2288100,45.115970611572266,6031100,242.3318328857422,91968900,16.350000381469727,0
2018-03-14,91.53569030761719,12905100,26.310976028442383,58011400,55.58233642578125,18485700,44.854854583740234,12212900,219.02330017089844,2478700,44.30742645263672,8384300,241.08834838867188,105895100,17.229999542236328,0
2018-03-15,91.7666015625,8748000,26.278242111206055,41964200,55.48398208618164,13334000,45.01326370239258,13277700,220.8289794921875,2255200,44.48623275756836,5648700,240.82569885253906,83433000,16.59000015258789,0
2018-03-16,91.92585754394531,19888900,26.335538864135742,83447600,55.58233642578125,33033700,44.276634216308594,37095000,221.64903259277344,4114400,44.7116813659668,9144800,241.08676147460938,100343700,15.800000190734863,0
2018-03-19,91.20120239257812,13214900,26.17999839782715,57363200,54.99980163574219,15131400,43.9439582824707,17982200,217.4495849609375,2426900,44.27632141113281,8117800,237.82479858398438,109208400,19.020000457763672,0
2018-03-20,91.288818359375,9921200,26.17999839782715,44784500,55.166236877441406,13113500,43.48457336425781,26874600,217.9962158203125,1514800,44.680599212646484,8426700,238.22930908203125,59757300,18.200000762939453,0
2018-03-21,91.36846923828125,13633000,26.08995246887207,64546300,55.468841552734375,16374700,43.3974494934082,18997300,216.8863525390625,2817600,44.40071105957031,8676000,237.77197265625,78709600,17.860000610351562,0
2018-03-22,87.55413055419922,22550400,25.009347915649414,110271900,53.19170379638672,27652300,41.607364654541016,32656300,209.2246856689453,4489300,42.480377197265625,14900500,231.82839965820312,148785900,23.34000015258789,0
2018-03-23,85.21297454833984,23081500,23.879627227783203,115740200,51.36846923828125,31458900,40.379661560058594,30975800,203.1450958251953,3634200,40.48231887817383,16707800,226.88706970214844,183534800,24.8700008392334,0
2018-03-26,87.84080505371094,20217500,24.91929817199707,83297000,52.790733337402344,19156100,41.41726303100586,26718000,211.11317443847656,3787200,42.21604537963867,11913700,233.09445190429688,141956100,21.030000686645508,0
2018-03-27,86.13668823242188,18039900,24.166152954101562,85821800,51.65593338012695,21610800,40.474708557128906,23669300,204.80166625976562,2981500,41.32196807861328,12389400,229.129150390625,129941400,22.5,0
2018-03-28,86.00132751464844,19189300,24.05972671508789,79396100,51.640811920166016,21712000,40.77570343017578,23342500,206.54934692382812,2660200,41.13538360595703,11262300,228.45211791992188,146452300,22.8700008392334,0
2018-03-29,87.5700454711914,13274600,24.550912857055664,65678300,51.06584548950195,22621300,41.512325286865234,17706800,208.6117706298828,3073900,41.95170974731445,7349200,231.3711700439453,111601600,19.969999313354492,0
2018-04-02,85.88188171386719,18822500,23.99424171447754,86644200,51.22471618652344,29975600,40.672725677490234,23359800,204.87619018554688,3429900,40.9876708984375,9311000,226.37710571289062,186286300,23.6200008392334,0
2018-04-03,87.06043243408203,14050700,24.223459243774414,69698700,51.807247161865234,18822600,41.25094223022461,16646400,207.55154418945312,2488200,41.3375129699707,10335800,229.278564453125,119956900,21.100000381469727,0
2018-04-04,88.38229370117188,15302600,24.460861206054688,66640800,52.43516540527344,15651300,41.908355712890625,15952700,209.24122619628906,2853200,41.726253509521484,6692100,231.73171997070312,123715300,20.059999465942383,0
2018-04-05,89.54279327392578,16627000,24.821060180664062,55765500,53.12361145019531,16120700,42.18557357788086,16488800,211.88348388671875,1924800,42.65142822265625,9968200,233.56048583984375,82652600,18.940000534057617,0
2018-04-06,87.30980682373047,18906000,24.256202697753906,79687600,51.89802551269531,21543500,41.369754791259766,22943800,207.04629516601562,3621900,41.2364501953125,9578500,228.35540771484375,179521200,21.489999771118164,0
2018-04-09,88.35828399658203,15974300,24.452678680419922,65917500,52.533512115478516,17036500,41.38557815551758,17032000,208.88510131835938,3256700,41.47747039794922,8111600,229.48081970214844,105442900,21.770000457763672,0
2018-04-10,90.04700469970703,13951400,24.952041625976562,60540500,53.34300231933594,16022300,41.678653717041016,14594700,212.5130157470703,3113900,42.09165954589844,8836300,233.12962341308594,103529000,20.469999313354492,0
2018-04-11,88.53433990478516,14503300,24.477235794067383,62211500,52.87394332885742,15645500,41.13212966918945,14673200,209.50634765625,3322000,41.00321960449219,12121200,231.90757751464844,91140200,20.239999771118164,0
2018-04-12,90.73530578613281,16435500,25.091205596923828,57989100,54.56858825683594,24488100,41.74201583862305,19967800,215.01441955566406,3059100,41.8661994934082,9315200,233.81549072265625,68890500,18.489999771118164,0
2018-04-13,88.27822875976562,39152800,24.395374298095703,99254500,53.72127151489258,31356000,40.30836486816406,32054900,211.974609375,3026200,41.18980407714844,12364000,233.12962341308594,85079200,17.40999984741211,0
2018-04-16,88.20622253417969,16580500,24.50179672241211,110588900,53.01012420654297,18877000,40.23708724975586,31879100,213.5980224609375,3257400,41.516334533691406,7282200,235.0464324951172,63405300,16.559999465942383,0
2018-04-17,88.20622253417969,15501400,24.591842651367188,83475900,52.760475158691406,18233400,40.05491256713867,25507100,210.07785034179688,10134400,41.391944885253906,14505300,237.56105041503906,64682000,15.25,0
2018-04-18,87.493896484375,16081400,24.174339294433594,79743200,52.18551254272461,15382900,39.9123420715332,21055700,210.38430786132812,4524800,41.40748596191406,17524000,237.73684692382812,57303900,15.600000381469727,0
2018-04-19,89.41471099853516,17911000,24.706451416015625,80902600,53.169002532958984,15531600,40.82322311401367,23678400,210.5251007080078,3990000,42.52703094482422,13873700,236.41802978515625,77655900,15.960000038146973,0
2018-04-20,89.21465301513672,15584400,24.771944046020508,65554600,52.95718002319336,17629900,41.631126403808594,31149300,208.6946258544922,2930600,42.34044647216797,10183600,234.413330078125,99953100,16.8799991607666,0
2018-04-23,88.78246307373047,11285800,24.821060180664062,50686300,52.56376647949219,11596400,41.67073440551758,17723900,204.3129425048828,3775900,41.70292663574219,8523600,234.37818908691406,65558000,16.34000015258789,0
2018-04-24,88.36627960205078,16453100,24.714635848999023,81486800,52.29143524169922,16233700,41.59151840209961,23052100,200.85073852539062,4705100,41.25977325439453,10742700,231.2217254638672,112885500,18.020000457763672,0
2018-04-25,88.0301284790039,13548200,24.673704147338867,65893500,52.472991943359375,16059700,42.066768646240234,20978500,198.15052795410156,5041400,40.45900344848633,12623000,231.7932586669922,103840900,17.84000015258789,0
2018-04-26,88.11814880371094,10299500,24.61639976501465,45936700,52.336822509765625,13829700,41.53607940673828,17025800,198.86288452148438,2891100,40.58339309692383,14668900,234.14964294433594,67731900,16.239999771118164,0
2018-04-27,87.55792236328125,9384000,24.68189239501953,47411200,52.19306182861328,10420100,41.472713470458984,12304300,198.62266540527344,2136800,40.513084411621094,7784500,234.369384765625,57053600,15.40999984741211,0
2018-04-30,87.06170654296875,13744900,24.493602752685547,55153900,51.64836120605469,12237900,41.1558837890625,17050500,197.4050750732422,2790500,40.325584411621094,8209700,232.5669708251953,82182300,15.930000305175781,0
2018-05-01,87.06170654296875,10503400,24.51816749572754,52871700,51.63324737548828,11602700,41.631126403808594,13903800,196.03012084960938,3269800,40.4740104675293,8498300,232.9801788330078,74203400,15.489999771118164,0
2018-05-02,86.37339782714844,12162100,24.21526527404785,68234600,51.43653106689453,15287300,41.338069915771484,16397200,193.86004638671875,3710900,40.388092041015625,8931000,231.4151153564453,86368900,15.970000267028809,0
2018-05-03,85.82917785644531,15379100,23.904190063476562,110672700,51.39870834350586,16325500,41.13058090209961,19216100,193.3299102783203,4511400,39.90373229980469,11438000,230.9051971435547,136311500,15.899999618530273,0
2018-05-04,86.78160095214844,11967900,23.986047744750977,58281900,51.641944885253906,12512000,41.82486343383789,16660500,194.59718322753906,2622300,40.15373229980469,10368700,233.89456176757812,91222100,14.770000457763672,0
2018-05-07,87.53392028808594,9356700,24.264389038085938,46765200,52.067623138427734,11801800,42.02436828613281,16259100,196.46910095214844,1979400,40.9271125793457,6576100,234.68592834472656,55304900,14.75,0
2018-05-08,88.83048248291016,12543200,24.50179672241211,65119800,53.9679069519043,23603200,42.447330474853516,20786200,196.303466796875,3267000,41.70051193237305,11578100,234.68592834472656,67499200,14.710000038146973,0
2018-05-09,90.76730346679688,11368100,25.148517608642578,72266500,54.68999099731445,15900700,42.902198791503906,16286700,200.2212677001953,2434000,42.294212341308594,7114800,236.95433044433594,59666100,13.420000076293945,0
2018-05-10,91.4716567993164,9159700,25.287681579589844,54773200,55.161277770996094,11488900,43.612457275390625,20699000,201.63760375976562,2599000,42.99729919433594,8208600,239.1699676513672,72063900,13.229999542236328,0
2018-05-11,91.12747192382812,10253000,25.312240600585938,42024800,55.3817024230957,11531400,43.452850341796875,14424000,201.2069091796875,1540100,43.12228775024414,6063100,239.89987182617188,59871500,12.649999618530273,0
2018-05-14,91.15948486328125,8710700,25.475969314575195,41791600,55.19927215576172,12615500,43.47678756713867,12809100,202.0269012451172,1928500,43.13791275024414,5816000,240.01412963867188,54790600,12.930000305175781,0
2018-05-15,90.46317291259766,11536200,25.55783462524414,64433500,55.2448844909668,12483300,43.69225311279297,14991100,200.0804443359375,2165700,42.84886932373047,7523400,238.36111450195312,87036100,14.630000114440918,0
2018-05-16,90.71129608154297,7571100,25.426847457885742,43590100,54.68999099731445,11796000,43.9236946105957,16450200,199.5834503173828,1965200,42.9426155090332,4517700,239.36343383789062,53942600,13.420000076293945,0
2018-05-17,90.40715026855469,8617200,25.22219467163086,45981500,54.3935546875,14876000,43.26930236816406,21622400,198.0428924560547,2462700,42.864479064941406,4576800,239.16119384765625,56536400,13.430000305175781,0
2018-05-18,88.9425277709961,11806300,24.771944046020508,58641700,53.1773796081543,16160700,42.85432434082031,21492700,196.303466796875,2699000,42.12236404418945,6702400,238.56332397460938,64368000,13.420000076293945,0
2018-05-21,89.7588882446289,9441900,25.009347915649414,34983300,53.53463363647461,9798500,43.524662017822266,11491400,196.88327026367188,1951700,42.46608352661133,5901700,240.35702514648438,58025900,13.079999923706055,0
2018-05-22,90.44718933105469,11507600,25.287681579589844,61103000,54.02869415283203,14147100,44.09925079345703,17398200,197.1317596435547,2551500,42.87230682373047,5930400,239.68881225585938,52966400,13.220000267028809,0
2018-05-23,90.031005859375,11453900,24.91929817199707,73893100,53.39022445678711,13626700,44.83344650268555,23566100,196.97438049316406,3114000,42.45826721191406,6529700,240.34817504882812,64694200,12.579999923706055,0
2018-05-24,89.0225601196289,14084800,24.73101234436035,62146200,52.68330383300781,16553700,43.628414154052734,24673400,195.55801391601562,2308700,42.184852600097656,6637300,239.8558349609375,76043800,12.529999732971191,0
2018-05-25,88.5663833618164,8283500,24.690074920654297,44166700,52.022010803222656,16008700,43.81196212768555,17741900,194.6551513671875,1985600,41.411460876464844,10152800,239.28433227539062,56374800,13.220000267028809,0
2018-05-29,84.7807388305664,30643800,23.707712173461914,135895000,49.94690704345703,37721400,42.255802154541016,31604000,188.04542541503906,5323600,39.028785705566406,26605100,236.53233337402344,115908600,17.020000457763672,0
2018-05-30,86.71755981445312,17490800,24.141592025756836,79435300,50.68421936035156,19040500,43.27729415893555,16416200,190.48089599609375,3348600,39.81780242919922,11542600,239.68881225585938,69678400,14.9399995803833,0
2018-05-31,85.64509582519531,19808200,23.870342254638672,97509300,50.69181823730469,22633000,43.08575439453125,17515900,187.75450134277344,5334900,39.16940689086914,15150400,238.2203369140625,93519900,15.430000305175781,0
2018-06-01,86.75760650634766,13594200,24.16625213623047,64796600,51.140281677246094,14914400,43.644371032714844,14100200,189.8076171875,3330900,40.00529098510742,10003900,240.5592041015625,71258400,13.460000038146973,0
2018-06-04,86.79759216308594,9415400,24.16625213623047,43777000,51.18589401245117,10468900,43.756107330322266,10593700,191.08767700195312,2133600,40.270904541015625,5523800,241.7022705078125,45385200,12.739999771118164,0
2018-06-05,86.30937194824219,10415200,23.93610191345215,47690800,50.74502944946289,14072700,43.49273681640625,11883900,189.79930114746094,1986200,39.66938018798828,9136000,241.8780975341797,51135000,12.399999618530273,0
2018-06-06,88.3262710571289,15453600,24.692317962646484,74995800,51.86240005493164,14862400,44.35462188720703,15848200,193.03273010253906,2566400,40.55215072631836,7945800,243.90028381347656,62732200,11.640000343322754,0
2018-06-07,88.67839813232422,13444400,24.733421325683594,68402700,52.02961349487305,16505300,44.39453125,17299600,194.04684448242188,2905000,40.731815338134766,8477600,243.87396240234375,72969400,12.130000114440918,0
2018-06-08,88.9265365600586,10383200,24.667654037475586,49572900,52.04481506347656,11609500,44.43442916870117,12965900,193.99693298339844,2253100,40.55215072631836,6412900,244.59500122070312,72139700,12.180000305175781,0
2018-06-11,88.70243072509766,12642900,24.708755493164062,46732800,51.771175384521484,13941500,44.29875946044922,13518400,194.57876586914062,1936800,40.4505729675293,6810400,244.9202117919922,58892500,12.350000381469727,0
2018-06-12,88.19022369384766,15294100,24.57724380493164,49644600,51.3911247253418,13737100,44.19501876831055,13608300,193.36524963378906,2080000,40.09123611450195,8953300,245.23678588867188,72329000,12.34000015258789,0
2018-06-13,88.01411437988281,14979700,24.527921676635742,68900200,51.147891998291016,17531500,44.019447326660156,14901100,194.36265563964844,3637400,40.309967041015625,7981400,244.45419311523438,79070600,12.9399995803833,0
2018-06-14,86.46146392822266,20487300,24.248451232910156,77863200,50.28895568847656,24035400,43.68427658081055,18189100,194.2130126953125,2899600,40.08342361450195,8620700,245.0697479248047,77097600,12.119999885559082,0
2018-06-15,86.35741424560547,26028600,24.067609786987305,105079500,50.42577362060547,29314800,43.87580108642578,35715800,192.77508544921875,4738100,39.96624755859375,11505700,244.75701904296875,120041600,11.979999542236328,0
2018-06-18,86.58149719238281,9786800,24.16625213623047,52644100,50.7374267578125,13680800,43.95560836791992,17856700,192.33453369140625,2327500,39.66157531738281,7493900,244.25355529785156,52917600,12.3100004196167,0
2018-06-19,86.07730102539062,12707200,24.051177978515625,65466200,50.760223388671875,16892800,43.95560836791992,16654800,189.78269958496094,3326600,38.99755096435547,12490100,243.31744384765625,97531500,13.350000381469727,0
2018-06-20,86.06928253173828,8876900,24.034738540649414,52256500,51.21630096435547,16697100,43.47678756713867,16545600,189.36708068847656,2678300,38.9741096496582,6570800,243.7326202392578,53785500,12.789999961853027,0
2018-06-21,86.0452651977539,11048700,24.07583999633789,68322600,51.40632629394531,16545800,43.38900375366211,21191600,188.66885375976562,3094600,38.895999908447266,11018400,242.2046356201172,71061400,14.640000343322754,0
2018-06-22,84.63666534423828,19478900,23.829242706298828,76079200,51.079471588134766,16059900,43.04584503173828,24015000,187.87088012695312,2731800,38.19291687011719,12896400,242.64614868164062,54898500,13.770000457763672,0
2018-06-25,83.86835479736328,16907600,23.41002655029297,73616400,49.9773063659668,21426600,43.06180953979492,21069600,184.14703369140625,3817700,37.44295883178711,14684200,239.3431396484375,137854200,17.329999923706055,0
2018-06-26,83.92434692382812,17086800,23.459346771240234,56369300,50.40296936035156,22613700,42.638851165771484,14409100,184.18032836914062,2692900,37.33359146118164,12097800,239.87307739257812,68547400,15.920000076293945,0
2018-06-27,82.62779235839844,16276800,23.21275520324707,61764400,49.75688171386719,20917500,42.51914596557617,19520900,183.01661682128906,3104200,36.864864349365234,11635900,237.88589477539062,105110700,17.90999984741211,0
2018-06-28,83.98037719726562,14491300,23.566204071044922,71292100,50.83624267578125,19860100,42.7984619140625,13837300,185.7097625732422,3072600,37.72419738769531,14183300,239.24598693847656,76650500,16.850000381469727,0
2018-06-29,83.39612579345703,18972400,23.171648025512695,102307600,50.866641998291016,24193900,44.242897033691406,43888500,183.34080505371094,3393700,37.028926849365234,13592200,239.59039306640625,97592500,16.09000015258789,0
2018-07-02,84.10047149658203,11130000,23.245637893676758,52534300,51.049076080322266,12699100,44.945167541503906,21204900,185.57676696777344,1723200,37.278907775878906,8655100,240.1026153564453,63554800,15.600000381469727,0
2018-07-03,82.9239273071289,8311700,22.83464241027832,40599000,50.21293640136719,12346000,44.338653564453125,12830400,183.18287658691406,1204400,36.7320671081543,5037800,239.25486755371094,42187100,16.139999389648438,0
2018-07-05,83.46305084228516,10723400,22.949716567993164,44506800,50.592987060546875,12359000,44.08329391479492,16788600,183.48208618164062,2218200,36.48208236694336,10577300,241.20669555664062,56925900,14.970000267028809,0
2018-07-06,83.7366714477539,12173700,23.040143966674805,39424900,51.033878326416016,13174900,44.60200881958008,12389100,184.35484313964844,1846400,36.7867431640625,7269300,243.24681091308594,66493700,13.369999885559082,0
2018-07-09,86.32779693603516,13900800,23.878559112548828,61758900,52.40205764770508,15148500,45.30427932739258,16684000,189.50839233398438,2743900,37.817935943603516,9412500,245.4370880126953,50550400,12.6899995803833,0
2018-07-10,85.79666900634766,14575900,23.697717666625977,58858400,51.86240005493164,17057700,45.184574127197266,15581400,188.56085205078125,2524800,37.57576370239258,9238800,246.32029724121094,51966800,12.640000343322754,0
2018-07-11,85.61161804199219,10186500,23.574430465698242,50218900,51.61914825439453,13262800,44.74566650390625,15641400,187.57164001464844,2527000,37.30234146118164,6089500,244.5186767578125,77054700,13.630000114440918,0
2018-07-12,85.98177337646484,12456800,23.64840316772461,51700700,52.07521438598633,13345200,44.713741302490234,18236100,188.8683624267578,2223100,37.513267517089844,7774700,246.7353973388672,60124700,12.579999923706055,0
2018-07-13,85.58747100830078,21289100,23.467565536499023,75178000,50.927452087402344,34054000,44.179054260253906,34323400,188.19509887695312,2541500,37.56013870239258,9747600,246.9297332763672,48216000,12.180000305175781,0
2018-07-16,88.98328399658203,24662600,24.478605270385742,129172000,52.79732131958008,26659900,45.4798469543457,25538700,192.37606811523438,3271200,38.20072555541992,8724000,246.70887756347656,48201000,12.829999923706055,0
2018-07-17,88.9189224243164,14821900,24.667654037475586,87778900,52.713722229003906,17262800,45.13670349121094,21649000,192.02694702148438,9280200,38.41945266723633,11138300,247.7069091796875,52315500,12.0600004196167,0
2018-07-18,89.74773406982422,14244900,24.766300201416016,59109200,53.09376525878906,16321200,45.14467239379883,19913900,192.20986938476562,6149900,39.49751281738281,18407300,248.22801208496094,44593500,12.100000381469727,0
2018-07-19,88.42805480957031,16775300,24.388185501098633,59260600,52.440067291259766,14833900,44.95315170288086,22219400,190.87155151367188,4638500,38.942867279052734,11363600,247.2918243408203,61412100,12.869999885559082,0
2018-07-20,89.54656982421875,13578100,24.766300201416016,80432700,52.61488342285156,12017500,45.01699447631836,17250400,192.5839080810547,2683500,39.27096939086914,8910000,247.00921630859375,82337700,12.859999656677246,0
2018-07-23,91.21226501464844,18140000,25.275922775268555,74080200,53.36739730834961,15764000,46.28586196899414,24584100,194.3044891357422,2788500,39.63814163208008,7728900,247.46849060058594,47047600,12.619999885559082,0
2018-07-24,91.85604095458984,14000400,25.34168243408203,64761500,54.02110290527344,21883800,46.5651741027832,27245000,196.06668090820312,2887400,39.82563018798828,7254900,248.7137451171875,68026900,12.40999984741211,0
2018-07-25,92.68486785888672,13329100,25.53896141052246,57644100,54.51517868041992,14232700,46.46940612792969,15531100,196.73995971679688,2181500,39.872493743896484,7483100,250.83340454101562,78882900,12.289999961853027,0
2018-07-26,92.4193344116211,11897800,25.432106018066406,46215000,54.22634506225586,11169200,46.53324508666992,14165300,197.0890655517578,1885500,39.833438873291016,5524900,250.24160766601562,57919500,12.140000343322754,0
2018-07-27,93.3688735961914,12802700,25.530736923217773,57198900,54.492366790771484,11194100,46.78862380981445,17662900,197.52960205078125,1998200,39.88030242919922,7252100,248.54598999023438,76768700,13.029999732971191,0
2018-07-30,93.9321517944336,13411600,25.736236572265625,58721000,54.94844055175781,16339100,46.67689514160156,22699900,198.6185302734375,2454100,39.99817657470703,10123700,247.2476348876953,63742500,14.260000228881836,0
2018-07-31,92.49983215332031,15843800,25.382780075073242,64066000,54.64440155029297,13608100,45.71925354003906,21633800,197.35504150390625,2503700,39.730995178222656,9714900,248.46640014648438,68570500,12.829999923706055,0
2018-08-01,93.0711441040039,13531600,25.686920166015625,69070700,54.6747932434082,13612200,46.006561279296875,19192700,196.19969177246094,2510500,39.43238830566406,9194600,248.05130004882812,53853300,13.149999618530273,0
2018-08-02,93.46543884277344,11058100,25.711576461791992,46427200,54.606388092041016,13248600,46.51728820800781,13489100,194.4956817626953,2579700,39.14163589477539,7882500,249.40257263183594,63426400,12.1899995803833,0
2018-08-03,94.22186279296875,11016100,25.900632858276367,50153800,55.371307373046875,13680000,46.94822311401367,13720400,194.57876586914062,3053100,39.22020721435547,5426100,250.4713134765625,53935400,11.640000343322754,0
2018-08-06,94.24600982666016,9857400,25.908849716186523,41261500,55.378936767578125,10121400,46.99611282348633,13360500,196.10824584960938,2259600,39.2830810546875,5086900,251.3897247314453,39400900,11.270000457763672,0
2018-08-07,94.59204864501953,10562100,25.900632858276367,43946200,55.386600494384766,12991100,46.940250396728516,13810900,197.68753051757812,2399500,39.393104553222656,5632300,252.21994018554688,43196600,10.930000305175781,0
2018-08-08,94.7851333618164,8997100,26.13900375366211,43689600,55.75373458862305,10178900,47.23552322387695,13778600,196.47396850585938,2522400,39.38523864746094,5884100,252.11402893066406,42114600,10.850000381469727,0
2018-08-09,94.0528564453125,9694200,25.974613189697266,38219100,55.057674407958984,11044200,46.97827911376953,15859500,194.32113647460938,2951900,38.85088348388672,7583400,251.7696075439453,35717000,11.270000457763672,0
2018-08-10,93.12747192382812,12630600,25.637603759765625,55679800,53.7420539855957,20240100,46.66476058959961,16170100,190.8549346923828,3863400,38.02577590942383,14321600,250.08267211914062,77076000,13.15999984741211,0
2018-08-13,91.64683532714844,10336300,25.053991317749023,63960600,52.9006462097168,16926100,46.311065673828125,19541100,188.5691375732422,2662700,37.208518981933594,11445900,249.14649963378906,65732900,14.779999732971191,0
2018-08-14,92.2583999633789,10597600,25.308805465698242,42521200,53.550838470458984,12668200,46.68084716796875,14860400,190.8134002685547,2359000,37.609283447265625,8695500,250.7362518310547,43842000,13.3100004196167,0
2018-08-15,91.49392700195312,10152100,24.955354690551758,59747900,52.51055145263672,18952300,46.616546630859375,17378400,190.55572509765625,3218500,37.2870979309082,9496100,248.86378479003906,102925400,14.640000343322754,0
2018-08-16,92.35497283935547,10118600,25.251272201538086,44015400,53.206607818603516,13439600,47.15512466430664,19992500,193.6727294921875,2438300,37.955047607421875,8264500,250.87745666503906,69967900,13.449999809265137,0
2018-08-17,92.35497283935547,8505100,25.26770782470703,39843500,53.290748596191406,10329600,47.31590270996094,13737600,193.98863220214844,2107200,38.010047912597656,5854500,251.7606658935547,65618500,12.640000343322754,0
2018-08-20,92.23426818847656,8618700,25.374570846557617,40011000,53.94856643676758,11233300,47.45256805419922,11403400,195.9835662841797,2604900,37.94719696044922,7898200,252.29946899414062,39807500,12.489999771118164,0
2018-08-21,92.79752349853516,10976700,25.49786376953125,53510600,54.491661071777344,12261100,47.39628982543945,17943500,198.369140625,2437300,38.14365005493164,9632000,252.89122009277344,67272000,12.859999656677246,0
2018-08-22,92.51591491699219,8314700,25.464975357055664,33062900,54.399879455566406,7297600,47.56509780883789,20829600,198.9426727294922,1870900,38.19078826904297,4952000,252.7410888671875,44993300,12.25,0
2018-08-23,92.3227767944336,9265400,25.349903106689453,38259100,54.162723541259766,8310000,47.12297439575195,19655600,196.4490203857422,2064700,37.82146453857422,7699300,252.4053955078125,49204900,12.40999984741211,0
2018-08-24,92.28253173828125,8845700,25.391000747680664,43585000,54.055660247802734,8760000,47.17926025390625,14366600,195.42666625976562,1948100,37.82932662963867,5620600,253.92459106445312,57487400,11.989999771118164,0
2018-08-27,93.91606140136719,13768000,25.736236572265625,47729300,55.371307373046875,13545300,47.50883865356445,19915200,201.6524200439453,4106900,39.204498291015625,13317400,255.92929077148438,57072400,12.15999984741211,0
2018-08-28,93.45740509033203,8302600,25.703357696533203,38539000,55.363643646240234,9688600,47.48472213745117,19330200,201.4612579345703,2951000,39.29093933105469,7419100,256.0530700683594,46943500,12.5,0
2018-08-29,93.15160369873047,7221700,25.596500396728516,46401800,55.478370666503906,7146800,47.39628982543945,14436600,201.31944274902344,1911700,39.25165939331055,7856700,257.4307861328125,61485500,12.25,0
2018-08-30,92.69293212890625,8991800,25.489633560180664,47358900,54.65992736816406,13197700,46.99435806274414,14800900,199.65151977539062,1963700,38.74087142944336,11399900,256.3886413574219,61229500,13.529999732971191,0
2018-08-31,92.20205688476562,13065700,25.423879623413086,49266000,54.491661071777344,11898200,47.010433197021484,16720200,198.3255615234375,1965500,38.37153244018555,7698400,256.3974914550781,66140800,12.859999656677246,0
2018-09-04,92.6607666015625,10174200,25.596500396728516,44745600,54.61404037475586,10108500,47.26766586303711,19003700,198.200439453125,2083500,38.277244567871094,8548700,255.95584106445312,57594400,13.15999984741211,0
2018-09-05,92.21012115478516,11462400,25.629379272460938,48516700,54.43809509277344,13138100,47.38825988769531,22332300,198.1170196533203,2092000,38.28509521484375,5527500,255.2670135498047,72452400,13.90999984741211,0
2018-09-06,91.8158187866211,9877600,25.4807071685791,42666000,53.6273078918457,15207100,46.56831359863281,20756900,195.58180236816406,2651400,37.6642951965332,7990500,254.49859619140625,65909900,14.649999618530273,0
2018-09-07,91.99285125732422,10955600,25.488969802856445,49103800,53.2678108215332,15180600,46.14225387573242,21482400,195.07308959960938,1952900,37.892189025878906,7285200,254.00393676757812,73524800,14.880000114440918,0
2018-09-10,91.50199127197266,8276900,25.455928802490234,34156200,53.2601432800293,12353600,46.190486907958984,15623000,193.40512084960938,1948100,37.67215347290039,4925000,254.4456329345703,50210900,14.15999984741211,0
2018-09-11,92.08135986328125,9333800,25.4807071685791,53071000,53.107181549072266,12650000,46.12617492675781,22160300,191.9873809814453,2719400,37.609283447265625,5011700,255.28465270996094,50530500,13.220000267028809,0
2018-09-12,90.99501037597656,10800800,25.133806228637695,59482300,53.93327331542969,17434900,44.96860122680664,23868800,190.26943969726562,3577700,37.31067657470703,6231800,255.34645080566406,59810800,13.140000343322754,0
2018-09-13,91.34910583496094,12470800,24.894275665283203,59219500,53.65790557861328,13569000,44.21295928955078,26954800,190.4195556640625,3003600,37.4992790222168,8380100,256.856689453125,51034200,12.369999885559082,0
2018-09-14,91.3330078125,10337900,25.084243774414062,33743900,53.95622634887695,9653300,43.99592208862305,20997600,191.17845153808594,2228300,37.868614196777344,6955500,256.9007568359375,55079900,12.069999694824219,0
2018-09-17,91.6065902709961,9561300,25.009916305541992,35026600,54.21628189086914,11323000,43.658287048339844,21959500,190.0525665283203,1918800,37.467838287353516,6726500,255.54080200195312,68244000,13.680000305175781,0
2018-09-18,91.97676086425781,7944200,24.95209312438965,49921700,54.58344650268555,11457100,43.81102752685547,22055200,190.8865509033203,2498100,37.60143280029297,7082500,256.9273986816406,61930400,12.789999961853027,0
2018-09-19,94.64836120605469,16052800,25.60460090637207,92666300,56.38861083984375,21766100,44.389808654785156,17046200,196.46580505371094,3716500,38.583709716796875,12489100,257.20111083984375,49080600,11.75,0
2018-09-20,95.4610824584961,15590000,25.761533737182617,83357400,57.20705795288086,23550500,44.65509796142578,20308000,197.98362731933594,2503000,39.19663619995117,11810000,259.28546142578125,100360600,11.800000190734863,0
2018-09-21,94.83345031738281,24788200,25.629379272460938,85992100,56.71751403808594,28874700,44.20492935180664,36158500,196.265625,3760300,38.82730484008789,21450400,259.04852294921875,105479700,11.680000305175781,0
2018-09-24,93.92413330078125,12492500,25.38985252380371,45587700,56.480403900146484,14023100,43.618099212646484,19604700,194.23074340820312,2057000,38.15937423706055,7917600,258.18804931640625,53409600,12.199999809265137,0
2018-09-25,93.65856170654297,9308300,25.332035064697266,40949900,56.22798156738281,12324300,43.5939826965332,15207400,193.89715576171875,2003200,37.9393310546875,9007500,257.948486328125,44370000,12.420000076293945,0
2018-09-26,92.55612182617188,14023600,24.886014938354492,57882400,55.41718292236328,15060000,42.73383712768555,22025100,190.87820434570312,2372700,37.48356246948242,8443100,257.1766052246094,79739700,12.890000343322754,0
2018-09-27,92.1537857055664,13283000,24.72908592224121,45879700,55.79963684082031,11420600,42.460514068603516,19991000,189.92752075195312,2451500,37.53856658935547,12204900,257.8951721191406,59249500,12.40999984741211,0
2018-09-28,90.8019027709961,15815100,24.332630157470703,74707600,54.87409973144531,14341900,42.25151443481445,18588600,187.0086212158203,3097800,36.5955924987793,14187300,257.921875,70091400,12.119999885559082,0
2018-10-01,91.3330078125,10146300,24.489564895629883,53900900,55.01942443847656,11263700,42.00231170654297,17209000,187.91761779785156,2451300,36.64273452758789,9710100,258.8179016113281,62078900,12.0,0
2018-10-02,91.7112045288086,13753100,24.43174171447754,42940300,54.91999816894531,12746900,41.905845642089844,17509600,188.53477478027344,2272700,36.64273452758789,9589100,258.6671447753906,47258200,12.050000190734863,0
2018-10-03,92.57221221923828,17142000,24.778642654418945,61080300,55.34833908081055,11977900,42.32386779785156,18444900,189.96083068847656,2573900,37.01992416381836,8985300,258.8089904785156,64694600,11.609999656677246,0
2018-10-04,93.40686798095703,16357400,25.133806228637695,72325700,55.547210693359375,18956800,43.01518630981445,21417500,189.71060180664062,2903600,37.14565658569336,7722200,256.7862243652344,111545900,14.220000267028809,0
2018-10-05,92.88015747070312,13777600,24.96861457824707,51931000,55.39421844482422,11481400,42.75795364379883,14793000,188.2345428466797,1722400,36.73702621459961,7938900,255.3489990234375,105951700,14.819999694824219,0
2018-10-08,93.44738006591797,14370900,25.001657485961914,47471600,55.524261474609375,11958200,43.1438102722168,12858200,187.93431091308594,2522900,36.94920349121094,7054500,255.3489990234375,87742200,15.6899995803833,0
2018-10-09,92.79911041259766,14069500,24.762123107910156,58868600,54.988853454589844,15654500,43.03126907348633,15918300,185.89942932128906,1862900,36.273399353027344,9999500,254.976318359375,74339000,15.949999809265137,0
2018-10-10,90.32762145996094,23086400,24.150920867919922,88454400,53.504920959472656,23679600,42.147003173828125,21875900,179.21102905273438,3955500,35.063232421875,14143800,246.9029998779297,214731000,22.959999084472656,0
2018-10-11,87.62110900878906,33705600,23.424081802368164,111417300,52.304019927978516,28890800,41.35117721557617,33147900,177.6098175048828,6217400,34.175262451171875,21746900,241.4645538330078,274840500,24.979999542236328,0
2018-10-12,86.6648941040039,32075700,23.506671905517578,102279200,53.42078399658203,29024200,41.8897705078125,32067300,178.36036682128906,4161300,34.128108978271484,16049300,244.818115234375,183186500,21.309999465942383,0
2018-10-15,86.17061614990234,18903200,23.06065559387207,114636100,52.938899993896484,17661300,42.79814529418945,34118900,179.4862060546875,3333800,34.1595458984375,11986800,243.44297790527344,102263700,21.299999237060547,0
2018-10-16,88.0181655883789,19302800,23.564485549926758,87887800,53.321353912353516,15453500,43.192047119140625,28227200,184.8903350830078,5924200,36.10050964355469,24174900,248.76612854003906,118255800,17.6200008392334,0
2018-10-17,88.99866485595703,18794500,23.87009620666504,79068700,53.42078399658203,16774200,43.778873443603516,23524200,190.37782287597656,4953700,37.08278274536133,22121900,248.81051635742188,110626000,17.399999618530273,0
2018-10-18,87.58866119384766,17582500,23.333223342895508,77369200,52.48760986328125,18168500,42.68560028076172,22533300,187.60072326660156,2995400,36.171241760253906,14873900,245.2174072265625,134557500,20.059999465942383,0
2018-10-19,87.44284057617188,15234500,23.391040802001953,64305400,52.671180725097656,16721900,42.51678466796875,19521000,189.27699279785156,2759100,36.47770690917969,14931200,245.0843048095703,139901600,19.889999389648438,0
2018-10-22,86.18681335449219,16199100,22.614639282226562,89942900,50.93484878540039,17890900,41.51998519897461,17621500,184.8069305419922,2736800,35.448280334472656,11166700,243.98422241210938,82415800,19.639999389648438,0
2018-10-23,85.28736877441406,21407500,22.317296981811523,102392500,50.27704620361328,32809200,41.4476432800293,25529800,182.2716827392578,3318200,34.98465347290039,15095300,242.7421417236328,146352700,20.709999084472656,0
2018-10-24,83.6990966796875,23168900,21.631755828857422,86386600,48.80077362060547,23420600,40.34633255004883,31161500,174.44908142089844,4152700,34.175262451171875,15067400,235.3874053955078,177806700,25.229999542236328,0
2018-10-25,84.9713134765625,17464700,21.96213722229004,73780400,49.695709228515625,19510300,41.68880844116211,29366100,178.47711181640625,3179700,35.00822448730469,13838500,239.6103515625,138061500,24.219999313354492,0
2018-10-26,83.80445098876953,19174900,21.79694366455078,91103500,49.1143798828125,24066300,41.198448181152344,30053800,177.10110473632812,3557900,34.55246353149414,12997100,235.39630126953125,201574600,24.15999984741211,0
2018-10-29,84.96320343017578,18445200,21.978662490844727,89367000,49.22146987915039,20036800,41.98623275756836,30541300,178.87744140625,3278200,34.536739349365234,12869800,234.092041015625,160749100,24.700000762939453,0
2018-10-30,86.46232604980469,18019700,22.11907196044922,79004800,49.359161376953125,19951900,42.356014251708984,24910900,182.87213134765625,3897400,35.209266662597656,14780300,237.56105041503906,157116000,23.350000381469727,0
2018-10-31,88.34228515625,20860000,22.713756561279297,92296300,50.070518493652344,20450300,42.79010772705078,23667400,187.95098876953125,4369600,36.12708282470703,16928300,240.098388671875,128296300,21.229999542236328,0
2018-11-01,88.30988311767578,13065000,22.969799041748047,49827300,50.3535270690918,17744100,43.055381774902344,17654800,189.28533935546875,2557600,36.30908203125,8679900,242.65345764160156,99495000,19.34000015258789,0
2018-11-02,87.82369995117188,19009200,23.03587532043457,69010200,50.76941680908203,21214800,43.095584869384766,18285600,191.5537109375,3699000,36.35654067993164,10478800,241.21620178222656,122634100,19.510000228881836,0
2018-11-05,88.39901733398438,10276400,23.176292419433594,41103100,51.83224868774414,14823900,43.13576126098633,18990000,190.74473571777344,2565200,36.253692626953125,12318900,242.54702758789062,65622500,19.959999084472656,0
2018-11-06,88.81229400634766,10825000,23.300180435180664,43514400,51.354759216308594,17049600,43.04734802246094,20696800,190.31109619140625,2275600,36.17456817626953,10737300,244.08181762695312,60085900,19.90999984741211,0
2018-11-07,90.33570861816406,12679600,23.572751998901367,56679200,52.57162094116211,15529300,43.07146453857422,20668500,192.87974548339844,3514300,36.878746032714844,9951200,249.3072967529297,102752100,16.360000610351562,0
2018-11-08,91.06500244140625,11662500,23.84531593322754,49421200,52.20192337036133,18908100,43.07957077026367,22429200,193.18824768066406,2404800,36.736331939697266,9484100,248.85484313964844,65584900,16.719999313354492,0
2018-11-09,90.1817398071289,10432200,23.556232452392578,43270600,50.64620590209961,27125800,42.98232650756836,18972200,185.6825714111328,3721700,36.182472229003906,10017900,246.42396545410156,98812600,17.360000610351562,0
2018-11-12,88.28556060791016,13279700,22.920244216918945,50307500,49.452430725097656,16424200,42.42317199707031,19003300,171.8387451171875,11019400,34.91653060913086,14302000,241.8195343017578,99673600,20.450000762939453,0
2018-11-13,88.80416107177734,13746100,22.928508758544922,57423400,49.891422271728516,14121300,42.739219665527344,28102000,171.00477600097656,6984800,35.3516960144043,12346100,241.36703491210938,98176600,20.020000457763672,0
2018-11-14,86.97284698486328,18361400,22.474231719970703,69213300,48.90562057495117,19754600,42.26107406616211,24788400,168.8698272705078,5742500,34.69498062133789,13265200,239.71685791015625,125335900,21.25,0
2018-11-15,89.19314575195312,19100000,23.044137954711914,66174800,49.7527961730957,19202300,42.80403518676758,23220100,169.91229248046875,4260000,35.05103302001953,14057400,242.21871948242188,135101400,19.979999542236328,0
2018-11-16,89.12831115722656,13798600,22.920244216918945,52456100,50.022361755371094,15995200,42.901275634765625,18872500,168.56126403808594,2829600,34.91653060913086,9775000,242.84866333007812,126668000,18.139999389648438,0
2018-11-19,89.80899810791016,13987000,22.920244216918945,46000000,49.76820373535156,12227400,43.209232330322266,20215500,165.30882263183594,3419100,35.138065338134766,9856700,238.74099731445312,103061700,20.100000381469727,0
2018-11-20,87.88040161132812,18936200,22.614639282226562,92330600,48.158565521240234,21024000,42.57712936401367,22999200,159.5710906982422,5513800,34.101558685302734,16035600,234.32273864746094,136021300,22.479999542236328,0
2018-11-21,87.2240219116211,10619600,22.523792266845703,40364400,48.42041015625,12380200,42.48799133300781,16946300,160.62193298339844,4111700,34.60003662109375,7961900,235.12124633789062,75563700,20.799999237060547,0
2018-11-23,86.42180633544922,6488400,22.2760066986084,22974100,47.55782699584961,7316500,42.00176239013672,11139400,157.70301818847656,1862600,34.08574676513672,4822400,233.55093383789062,42807900,21.520000457763672,0
2018-11-26,88.53678131103516,13948300,22.76331329345703,53210700,49.082759857177734,19065100,42.85266876220703,20581700,162.07298278808594,3143300,35.03520584106445,8862900,237.3214111328125,79981400,18.899999618530273,0
2018-11-27,88.9095230102539,9238200,22.9119873046875,43617100,48.87480926513672,12867900,43.10387420654297,18044600,161.49755859375,2345400,34.853214263916016,8035900,238.1199188232422,75502400,19.020000457763672,0
2018-11-28,89.89811706542969,13977300,23.481891632080078,61388100,50.5075569152832,17719000,44.04391860961914,23713300,165.41720581054688,3762900,35.850162506103516,12380800,243.60269165039062,127629600,18.489999771118164,0
2018-11-29,89.18505096435547,11144300,23.159772872924805,46824600,49.983856201171875,12914200,43.792701721191406,14978400,163.15638732910156,2665700,35.21718978881836,9202900,243.07040405273438,82346400,18.790000915527344,0
2018-11-30,90.1007308959961,18652700,23.457117080688477,64284600,49.89912796020508,14207800,43.9871826171875,18939000,159.67300415039062,6220000,35.12223815917969,11282500,244.55198669433594,98204200,18.06999969482422,0
2018-12-03,90.9515609741211,16034500,23.572751998901367,59908700,50.18409729003906,14255500,43.954769134521484,21261700,160.46011352539062,4017000,35.92927932739258,15437000,247.7902374267578,103176300,16.440000534057617,0
2018-12-04,86.89183044433594,23555900,22.292516708374023,103565700,47.95060729980469,27104500,41.961246490478516,33280500,154.33082580566406,5797500,34.11739730834961,18401400,239.76116943359375,177986000,20.739999771118164,0
2018-12-06,85.23873901367188,27213900,21.827402114868164,133294200,46.25624084472656,37802600,41.40208053588867,40310200,154.1465606689453,5275500,33.71387481689453,17552400,239.3974609375,204185400,21.190000534057617,0
2018-12-07,83.6990966796875,19248600,21.121417999267578,107477600,44.93925857543945,24282100,40.72948455810547,28510500,150.44554138183594,3921200,32.69320297241211,15499400,233.83485412597656,161018900,23.229999542236328,0
2018-12-10,82.13519287109375,23636400,20.564939498901367,110166900,43.95344161987305,30695800,39.546329498291016,34524600,149.7421112060547,4528300,32.21055603027344,16323200,234.2783966064453,151445900,22.639999389648438,0
2018-12-11,81.33293914794922,16860700,20.41543197631836,78545000,43.29879379272461,23712500,38.703521728515625,32388600,148.0424041748047,4713900,32.13934326171875,13619400,234.3316192626953,121504400,21.760000228881836,0
2018-12-12,81.85966491699219,22621500,20.365598678588867,87191800,43.11396026611328,24941600,38.68733596801758,42820000,147.95864868164062,3677300,32.2896842956543,14207600,235.51162719726562,97976700,21.459999084472656,0
2018-12-13,81.940673828125,17250900,20.265928268432617,64860100,42.95222091674805,27670700,38.11195755004883,35227100,147.3054656982422,4008600,32.12351989746094,15964600,235.43174743652344,96662700,20.649999618530273,0
2018-12-14,81.26810455322266,19879500,20.33237075805664,92762600,42.374603271484375,22839300,37.714881896972656,25913000,144.6678466796875,5078300,31.363950729370117,17332200,231.0845947265625,116961100,21.6299991607666,0
2018-12-17,80.23088836669922,25113500,20.324068069458008,98602800,41.781558990478516,26212500,37.7716064453125,29443300,140.6820831298828,8395800,31.33229637145996,15786300,226.55105590820312,165492300,24.520000457763672,0
2018-12-18,79.85002136230469,20837200,20.324068069458008,89046300,41.53512191772461,27302000,37.69866180419922,26740000,143.6044158935547,5150800,31.561756134033203,14538300,226.3026580810547,134515100,25.579999923706055,0
2018-12-19,78.83712768554688,28767900,20.08319854736328,121887600,40.68022155761719,31483100,37.009857177734375,34287600,141.72039794921875,5316100,31.094932556152344,19412300,222.91360473632812,214992800,25.579999923706055,0
2018-12-20,78.15644073486328,31825200,20.025062561035156,112594000,40.25664138793945,39800000,37.3096923828125,43969900,141.01707458496094,6488200,30.78635025024414,27520300,219.28500366210938,252053400,28.3799991607666,0
2018-12-21,76.3088607788086,41313900,19.410446166992188,160800400,38.693199157714844,52323000,36.56414031982422,55577900,134.0167999267578,8960000,29.813152313232422,21528400,214.79197692871094,255345600,30.110000610351562,0
2018-12-24,74.66389465332031,17009300,18.878870010375977,64859100,37.93843460083008,21970800,35.332366943359375,18049900,130.91864013671875,3783500,29.28303337097168,11444400,209.11659240722656,147311600,36.06999969482422,0
2018-12-26,77.7593765258789,22542900,20.025062561035156,100877800,39.617393493652344,32005600,36.94501876831055,27770000,136.42832946777344,7054700,31.094932556152344,16814200,219.68212890625,218485400,30.40999984741211,0
2018-12-27,78.63452911376953,20304700,20.241008758544922,91575400,39.87154769897461,28573400,36.89640808105469,27005300,138.50502014160156,4973000,31.37977409362793,13897900,221.3687286376953,186267300,29.959999084472656,0
2018-12-28,78.46437072753906,17963300,20.25762176513672,78693800,39.91777038574219,23176900,37.098995208740234,23635000,136.51214599609375,4110500,31.15032196044922,12854200,221.0831298828125,153100200,28.34000015258789,0
2018-12-31,79.10452270507812,13237200,20.465269088745117,56257300,40.09490966796875,19317500,37.342105865478516,16544500,139.8782196044922,4550000,31.37186050415039,9518100,223.01956176757812,144299400,25.420000076293945,0
2019-01-02,80.47398376464844,15670900,20.731042861938477,71836300,41.2270393371582,21646300,38.03903579711914,20295200,144.0482177734375,3999400,31.96527862548828,10648000,223.25161743164062,126925200,23.219999313354492,0
2019-01-03,79.33031463623047,16286400,20.398822784423828,66599600,40.479984283447266,21183000,37.73918151855469,22262000,141.9381103515625,4060200,31.395591735839844,13034500,217.9241943359375,144140700,25.450000762939453,0
2019-01-04,82.25484466552734,16935200,21.246004104614258,83829100,42.459320068359375,24205100,38.857513427734375,23343600,146.57699584960938,3788300,32.6773681640625,14371600,225.22369384765625,142628800,21.3799991607666,0
2019-01-07,82.31202697753906,15430700,21.229387283325195,57016300,42.82899856567383,20634100,38.60628890991211,21858000,147.3892059326172,3152100,33.001773834228516,11812400,226.99952697753906,103139100,21.399999618530273,0
2019-01-08,82.15682983398438,13578800,21.1878604888916,67339400,42.71346664428711,18840100,38.5252571105957,19702900,146.84495544433594,2692700,32.79606246948242,11398200,229.1322479248047,102512600,20.469999313354492,0
2019-01-09,82.01795196533203,14230300,21.395498275756836,69707200,43.422035217285156,19359100,38.7359504699707,18837700,147.76600646972656,3321400,33.0255012512207,9223000,230.20309448242188,95006600,19.979999542236328,0
2019-01-10,82.00977325439453,14376100,21.370590209960938,65235800,43.46824264526367,16910000,38.695438385009766,16208400,147.37249755859375,2808700,32.96221160888672,7560800,231.0151824951172,96823900,19.5,0
2019-01-11,81.61767578125,15439900,21.61975860595703,63476000,43.66078186035156,23087500,38.79267883300781,20006900,148.15121459960938,3182700,33.0255012512207,8191900,231.1044158935547,73858100,18.190000534057617,0
2019-01-14,82.45907592773438,21258500,21.902149200439453,76715400,45.38595199584961,34783400,39.23838806152344,23827600,149.6500701904297,3361700,33.61100769042969,12336300,229.69447326660156,70908200,19.06999969482422,0
2019-01-15,83.06358337402344,26504900,22.051654815673828,80625500,47.27286911010742,42694200,38.63060760498047,27447600,150.64646911621094,2911800,33.92750549316406,11737000,232.326904296875,85208300,18.600000381469727,0
2019-01-16,83.73345947265625,18533000,23.629745483398438,163131700,47.89670181274414,27628900,39.6597785949707,32026400,165.0236358642578,15194200,35.20136260986328,30530400,232.88912963867188,77636700,19.040000915527344,0
2019-01-17,84.07655334472656,14247600,24.0782527923584,107428800,48.112342834472656,22728900,39.89479064941406,25738800,166.70675659179688,8177000,33.65056610107422,47037200,234.656005859375,96118400,18.059999465942383,0
2019-01-18,85.44080352783203,16428700,24.335721969604492,97928200,48.61295700073242,19947300,40.52688217163086,36380300,169.59555053710938,5650900,34.56837844848633,20614400,237.77926635742188,127900300,17.799999237060547,0
2019-01-22,84.0928955078125,17083700,24.16131019592285,84861400,47.63484191894531,24608700,40.40533447265625,33975200,165.52609252929688,4648500,33.555625915527344,20202400,234.5666961669922,115531200,20.799999237060547,0
2019-01-23,83.88052368164062,12146700,24.02010726928711,79425900,47.85048294067383,16819800,40.61602783203125,16806700,164.87294006347656,3410700,33.34990692138672,15583900,235.05755615234375,86030300,19.520000457763672,0
2019-01-24,83.92952728271484,11296800,24.152996063232422,59492300,48.297183990478516,14962200,40.50257873535156,17862100,165.62657165527344,2631800,33.270790100097656,13421600,235.1824493408203,59204100,18.889999389648438,0
2019-01-25,84.46051788330078,14369400,24.568286895751953,72182100,49.30609893798828,15827200,40.6241340637207,20183400,168.08834838867188,3275000,34.00662612915039,13422700,237.1724090576172,96883400,17.420000076293945,0
2019-01-28,84.86079406738281,12283100,24.60981559753418,59963800,49.17517852783203,12683500,40.37291717529297,19913100,167.2342987060547,2369600,33.745521545410156,10396600,235.369873046875,85613700,18.8700008392334,0
2019-01-29,85.09768676757812,9743300,24.41046905517578,51451900,48.682273864746094,13472000,40.397216796875,11927600,167.8873748779297,2694100,33.61891555786133,9916400,235.05755615234375,66136300,19.1299991607666,0
2019-01-30,85.29375457763672,12526300,24.144697189331055,66475800,49.460140228271484,15929600,40.591705322265625,16885100,169.54530334472656,2773300,34.09702682495117,12347900,238.77870178222656,92473700,17.65999984741211,0
2019-01-31,84.55037689208984,17520600,23.646347045898438,100201200,49.644981384277344,19442600,39.99477767944336,24934700,165.80239868164062,5604500,33.706573486328125,11163400,240.87576293945312,104012100,16.56999969482422,0
2019-02-01,84.86079406738281,13000800,23.57159996032715,64244100,49.381282806396484,16991700,39.99477767944336,21123500,164.5714874267578,3174200,33.32408905029297,13322100,240.9917449951172,85782500,16.139999389648438,0
2019-02-04,85.1630630493164,9871500,23.98688507080078,55195900,49.683753967285156,11515500,40.117431640625,17547800,165.55955505371094,2400200,33.834075927734375,8715300,242.68724060058594,60744800,15.729999542236328,0
2019-02-05,84.78728485107422,12763000,23.903825759887695,46622600,49.489864349365234,13310900,40.289161682128906,14784900,165.80239868164062,2601000,33.826107025146484,9971500,243.70458984375,79552800,15.569999694824219,0
2019-02-06,84.74641418457031,8745000,23.862302780151367,35606900,49.551910400390625,13774300,40.24828338623047,12145700,164.6384735107422,2063100,33.770328521728516,9744000,243.38330078125,58347800,15.380000114440918,0
2019-02-07,83.63542938232422,13177500,23.4553165435791,62289200,48.71427917480469,17922400,39.316070556640625,24189700,161.66590881347656,2948800,33.053165435791016,12745400,241.0631866455078,95482000,16.3700008392334,0
2019-02-08,82.80217742919922,12892600,23.496850967407227,50031300,48.09380340576172,15770800,38.964447021484375,20641200,160.49363708496094,2757500,32.519290924072266,13993900,241.35760498046875,75788900,15.720000267028809,0
2019-02-11,82.41007995605469,10978500,23.596511840820312,47724400,47.78357696533203,14614100,38.964447021484375,15995900,160.20895385742188,2056500,32.04116439819336,17058300,241.491455078125,68021400,15.970000267028809,0
2019-02-12,83.81514739990234,12852300,23.829076766967773,49178100,48.60569763183594,14347400,40.109249114990234,22033000,162.85494995117188,2392900,32.79020690917969,12400800,244.59690856933594,72270200,15.430000305175781,0
2019-02-13,84.21543884277344,10754100,23.837385177612305,48951200,48.89265823364258,10710500,40.08472442626953,13770900,163.0224151611328,2757300,32.82208251953125,9528300,245.3910675048828,65277200,15.649999618530273,0
2019-02-14,83.6681137084961,11518500,23.57990264892578,47756600,48.41180419921875,12855300,39.675865173339844,16456500,161.21376037597656,2865000,32.447566986083984,10414200,244.84681701660156,83234400,16.219999313354492,0
2019-02-15,86.22504425048828,14716900,24.177913665771484,65867000,49.84663009643555,17908900,40.24828338623047,19346200,166.2126922607422,3065400,33.45955276489258,13289700,247.51495361328125,97088700,14.90999984741211,0
2019-02-19,85.92279815673828,12764900,24.194530487060547,40841300,49.93194580078125,11013900,40.37910461425781,15121700,166.3550262451172,2558200,33.59501647949219,9401700,247.94326782226562,59120800,14.880000114440918,0
2019-02-20,86.33940124511719,10030300,24.427087783813477,42806300,50.13359451293945,10545000,40.73072814941406,16742600,166.29641723632812,2266000,33.80219650268555,10031600,248.44305419921875,76610800,14.020000457763672,0
2019-02-21,86.15968322753906,8400100,24.32741928100586,42754100,49.885406494140625,10696100,40.526302337646484,16938800,164.42080688476562,2785900,33.435646057128906,9603600,247.55953979492188,64214700,14.460000038146973,0
2019-02-22,85.7757339477539,10647300,24.152996063232422,47887800,49.74579620361328,14003800,40.08472442626953,15848200,164.1193389892578,2626600,33.300174713134766,10132100,249.0944366455078,78114600,13.510000228881836,0
2019-02-25,86.67434692382812,11230700,24.31081199645996,61227400,50.04828643798828,12853000,40.60806655883789,16564100,166.33831787109375,3032200,33.61891555786133,10804700,249.4335479736328,69030700,14.850000381469727,0
2019-02-26,86.01264953613281,15465400,24.32741928100586,53153200,49.73029327392578,12912800,40.55082702636719,16997800,166.54762268066406,2499800,33.79423141479492,10404400,249.25506591796875,56844100,15.170000076293945,0
2019-02-27,85.90644073486328,9968800,24.526756286621094,48128600,49.94745635986328,13495700,40.804325103759766,17455000,166.54763793945312,1804200,33.913753509521484,6916600,249.14801025390625,56921600,14.699999809265137,0
2019-02-28,85.25289154052734,15156900,24.276308059692383,62358100,49.62171173095703,14209300,40.7961540222168,17786600,165.37062072753906,2964300,33.45159149169922,12299900,248.6838836669922,69268300,14.779999732971191,0
2019-03-01,85.31011962890625,13813300,24.468320846557617,45771500,50.001747131347656,14376000,40.91062927246094,19051400,166.63169860839844,2580500,33.865936279296875,12336100,250.2366180419922,78880500,13.569999694824219,0
2019-03-04,85.1140365600586,12466300,24.234569549560547,56893200,49.44332504272461,15786600,40.976043701171875,16697000,164.7653045654297,2683600,33.4675178527832,12115100,249.32640075683594,106494600,14.630000114440918,0
2019-03-05,85.0486831665039,10856600,24.276308059692383,39932500,48.807350158691406,18754900,40.7961540222168,14235400,164.78208923339844,2338600,33.38783645629883,10449100,248.98727416992188,59114600,14.739999771118164,0
2019-03-06,84.73009490966797,9070800,24.075956344604492,41672000,48.48160934448242,12711200,40.73891067504883,14211000,163.72280883789062,2247500,33.16472244262695,7062700,247.47930908203125,75039800,15.739999771118164,0
2019-03-07,84.11742401123047,12705700,23.8338623046875,53908600,48.00849151611328,15788900,40.624427795410156,19047300,162.06655883789062,3567800,32.806129455566406,12502100,245.40895080566406,94885100,16.59000015258789,0
2019-03-08,84.15008544921875,10582400,23.917343139648438,40860700,48.13259506225586,14304400,40.722557067871094,17400000,164.1431884765625,3162700,32.957542419433594,11748400,244.91815185546875,85795800,16.049999237060547,0
2019-03-11,85.24474334716797,9763200,24.159440994262695,40709300,48.32649230957031,14167600,40.6898307800293,19471500,164.7568817138672,2669000,33.34800338745117,7191600,248.46974182128906,65098900,14.329999923706055,0
2019-03-12,84.99149322509766,10219100,24.159440994262695,34450000,48.71427917480469,14772000,40.59989929199219,18299300,165.31173706054688,1977400,33.491424560546875,7204400,249.40673828125,79667500,13.770000457763672,0
2019-03-13,85.27742767333984,13022200,24.451623916625977,54683300,49.36576461791992,13781100,40.820674896240234,21647300,165.83302307128906,1904500,33.79423141479492,9269000,251.05760192871094,80639200,13.40999984741211,0
2019-03-14,86.05348205566406,10926500,24.593536376953125,45219100,49.7225341796875,12193600,41.17229461669922,20160700,166.01797485351562,1482300,34.01734924316406,8351200,250.89703369140625,67518400,13.5,0
2019-03-15,87.0419692993164,24811700,24.45996856689453,82346200,50.56016540527344,37840300,41.4257926940918,46117300,166.68212890625,2985200,34.52732849121094,18992600,252.13661193847656,81309000,12.880000114440918,0
2019-03-18,87.56477355957031,12935500,24.894071578979492,58568600,51.134090423583984,15601100,42.300758361816406,23843300,170.22161865234375,3354900,35.08512496948242,10305900,253.0508575439453,62199800,13.100000381469727,0
2019-03-19,87.24617767333984,12889300,24.75215721130371,55455100,50.90141677856445,12723600,42.0390739440918,19911900,169.08660888671875,3284900,35.02137756347656,12548500,253.11354064941406,90268100,13.5600004196167,0
2019-03-20,85.38362121582031,14920700,23.908992767333984,81689900,49.869895935058594,17494000,41.21317672729492,20632400,163.36968994140625,5033500,34.288272857666016,15078500,252.35171508789062,84609200,13.90999984741211,0
2019-03-21,84.03572082519531,19751000,23.524980545043945,77444400,49.56740951538086,18638300,40.77162170410156,24132800,163.5883026123047,4031500,34.36796188354492,14576200,255.2019500732422,79550400,13.630000114440918,0
2019-03-22,81.49510955810547,31115200,22.548254013061523,118851600,47.29496383666992,27527400,39.504150390625,27975800,158.86341857910156,5703100,33.244407653808594,25416800,250.29026794433594,122659300,16.479999542236328,0
2019-03-25,80.81708526611328,21032300,22.40633201599121,65568000,46.790836334228516,20899300,39.316070556640625,17227600,158.4850616455078,3751000,32.86988830566406,14504100,250.10198974609375,85575200,16.329999923706055,0
2019-03-26,81.6258316040039,15987100,22.71521759033203,59878500,47.48110580444336,14740300,40.0765495300293,16989600,160.31784057617188,2910100,33.37190246582031,9615400,251.96620178222656,68125900,14.680000305175781,0
2019-03-27,81.34807586669922,12753200,22.5649471282959,57621700,47.101070404052734,16359600,39.88029479980469,16912000,159.76296997070312,2343800,32.96551513671875,11251600,250.648681640625,72224700,15.149999618530273,0
2019-03-28,82.27118682861328,12454100,22.815393447875977,45872300,48.07054901123047,12081000,40.141963958740234,15881600,160.72982788085938,2343400,33.41173553466797,8397000,251.59884643554688,56238500,14.430000305175781,0
2019-03-29,82.69600677490234,14523400,23.032442092895508,83446300,48.256690979003906,13406300,39.51231384277344,53590800,161.41082763671875,2632800,33.62689208984375,11811400,253.1853485107422,82186800,13.710000038146973,0
2019-04-01,85.4816665649414,17499300,23.825519561767578,91751100,49.91642761230469,17736300,39.91301345825195,42015500,165.4042510986328,3562600,34.68668746948242,25813300,256.18780517578125,77617900,13.399999618530273,0
2019-04-02,85.89012145996094,10295400,24.10099983215332,66694000,49.962955474853516,9915800,39.4223747253418,35393600,166.04319763183594,2247000,34.82215881347656,13101200,256.3132629394531,40070400,13.359999656677246,0
2019-04-03,86.06165313720703,11499200,24.075956344604492,63110600,50.45933151245117,11560800,39.953880310058594,30366300,168.86798095703125,3227900,35.364017486572266,11712100,256.7167053222656,68243200,13.739999771118164,0
2019-04-04,86.89303588867188,11952100,24.334753036499023,53712100,51.048770904541016,11915700,40.20738220214844,19260100,170.01983642578125,2582300,35.802276611328125,9119900,257.3977966308594,48997500,13.579999923706055,0
2019-04-05,86.687255859375,9933700,24.276308059692383,46383400,50.83938217163086,11062400,39.88847351074219,23734900,170.1459503173828,2447100,35.778385162353516,8633900,258.6437072753906,58621700,12.819999694824219,0
2019-04-08,86.96714782714844,8056300,24.3514461517334,35272800,51.24266052246094,10466400,39.970252990722656,18875200,170.2804412841797,1891500,35.84212875366211,10898900,258.84088134765625,53566300,13.180000305175781,0
2019-04-09,86.3250732421875,9092200,24.117694854736328,40535300,50.56791687011719,10221000,39.36513900756836,22903500,168.66629028320312,2400900,35.26839065551758,7436200,257.5143127441406,66142300,14.279999732971191,0
2019-04-10,86.71194458007812,10882300,24.267967224121094,42669700,50.816097259521484,12293300,39.078922271728516,30977800,170.65036010742188,1907100,35.419795989990234,6703400,258.3927001953125,52601500,13.300000190734863,0
2019-04-11,87.444580078125,11183800,24.267967224121094,50440100,51.11859130859375,11358700,39.038047790527344,33662700,170.5242919921875,2802100,35.69869613647461,7872700,258.3210144042969,55093100,13.020000457763672,0
2019-04-12,91.54390716552734,25834100,25.18625831604004,100192000,52.289710998535156,19238700,38.01588439941406,70271400,174.736328125,5096600,37.20472717285156,21641900,260.0688171386719,69727800,12.010000228881836,0
2019-04-15,90.49849700927734,15163800,24.910764694213867,57438800,52.258689880371094,19493900,38.24484634399414,34954000,168.06932067871094,6617200,36.71865463256836,11669000,259.89849853515625,49596700,12.319999694824219,0
2019-04-16,91.45337677001953,11583200,24.944162368774414,105168400,53.75556182861328,18635700,38.964447021484375,25217100,169.6919708251953,4852600,37.467689514160156,13358600,260.0688171386719,52153200,12.180000305175781,0
2019-04-17,94.08749389648438,17791900,25.069381713867188,94831600,54.562164306640625,20509000,38.88267135620117,25144000,174.78671264648438,4195300,38.455772399902344,19610000,259.43243408203125,58268300,12.600000381469727,0
2019-04-18,93.39603424072266,12501900,25.069381713867188,61796600,54.03476333618164,13513800,38.90721130371094,22416800,173.11366271972656,2874300,37.890018463134766,19906500,259.943359375,68708500,12.09000015258789,0
2019-04-22,93.51126098632812,7975900,25.086078643798828,34763400,53.58493423461914,13195600,38.645530700683594,15972600,172.01231384277344,1591400,37.682830810546875,7042100,260.1673889160156,40160100,12.420000076293945,0
2019-04-23,93.62652587890625,9193100,25.1027774810791,41889700,53.67024230957031,13205000,38.71913146972656,16434300,171.62562561035156,2120900,37.730648040771484,8163700,262.5067138671875,52246600,12.279999732971191,0
2019-04-24,93.47013092041016,9245700,25.061037063598633,40078100,53.3832893371582,9699900,38.82543182373047,17831800,168.59898376464844,4606100,37.754554748535156,9042500,261.92413330078125,50392900,13.140000343322754,0
2019-04-25,93.5195083618164,9311800,25.11112403869629,43243800,53.30573272705078,8913600,38.8499641418457,23042800,169.32205200195312,2075300,37.682830810546875,5585900,261.7627258300781,57770900,13.25,0
2019-04-26,94.22742462158203,7889300,25.33652114868164,40627500,53.91069030761719,10692700,39.21794891357422,13035500,170.7344512939453,1543100,38.160953521728516,7661100,262.981689453125,50916400,12.729999542236328,0
2019-04-29,95.58565521240234,14242200,25.687145233154297,68408600,55.08955764770508,16491400,39.471435546875,16918700,173.96286010742188,2997000,38.85857009887695,9702200,263.39410400390625,57197700,13.109999656677246,0
2019-04-30,95.5280532836914,11389100,25.52853012084961,47764200,54.83361053466797,11122000,39.58591842651367,18525100,173.12210083007812,1833000,38.69017791748047,8104600,263.5284423828125,81111700,13.119999885559082,0
2019-05-01,94.79542541503906,10412900,25.261390686035156,56161000,54.25968933105469,13261700,39.4387321472168,17542100,172.1216278076172,1981800,38.1448974609375,9056300,261.547607421875,71671900,14.800000190734863,0
2019-05-02,95.00121307373047,8613300,25.46173858642578,40634100,54.56991958618164,12186700,39.4959602355957,16883000,172.3402557373047,1514700,38.33735656738281,7680500,260.98297119140625,65030200,14.420000076293945,0
2019-05-03,95.58565521240234,8185400,25.637052536010742,35256100,55.16314697265625,11486700,39.78215789794922,16571300,174.46728515625,1897600,38.537818908691406,5829700,263.53741455078125,56543700,12.869999885559082,0
2019-05-06,94.73780059814453,9387000,25.43670082092285,39882000,54.960208892822266,12004000,39.60227584838867,19279900,173.5508575439453,1927800,38.257171630859375,6310000,262.4529724121094,107198100,15.4399995803833,0
2019-05-07,93.19023132324219,15017700,24.977554321289062,58528400,53.203914642333984,17673400,38.57194900512695,23919100,170.35610961914062,2839500,37.45529556274414,10365100,258.07000732421875,144729900,19.31999969482422,0
2019-05-08,92.69633483886719,9575800,24.87737464904785,39903400,53.250755310058594,9470500,38.432926177978516,19814400,168.9437255859375,1817600,37.31096267700195,7340300,257.7115173339844,91568300,19.399999618530273,0
2019-05-09,92.62226104736328,12205900,24.80224609375,44173500,52.79021453857422,16994200,38.589786529541016,23246900,169.51541137695312,2333400,37.24681091308594,8102300,256.9317932128906,103471100,19.100000381469727,0
2019-05-10,92.61402893066406,13189000,24.69371795654297,59649900,53.0009765625,12318700,38.92831039428711,19983400,169.86846923828125,2089400,37.15859603881836,9749200,258.22247314453125,112429300,16.040000915527344,0
2019-05-13,90.09515380859375,13783700,23.583415985107422,72547000,50.25333786010742,23494400,38.25129318237305,23304700,163.9161376953125,3605600,35.42656707763672,16506200,251.73318481445312,127290500,20.549999237060547,0
2019-05-14,90.8113021850586,10503600,23.892303466796875,52216100,50.94025421142578,15096400,38.38338851928711,21267600,165.0175018310547,2463300,35.29024887084961,17302200,254.0098876953125,77003200,18.059999465942383,0
2019-05-15,90.46560668945312,10142000,23.6168155670166,51973200,50.635826110839844,14570900,37.84674072265625,20123300,165.11837768554688,2271100,35.20204544067383,10703100,255.49766540527344,73956400,16.440000534057617,0
2019-05-16,91.62623596191406,9672700,23.867252349853516,42791500,51.50226974487305,10573100,37.896270751953125,20764100,167.42196655273438,2008100,35.50674819946289,9305000,257.8638916015625,76749600,15.289999961853027,0
2019-05-17,91.1817398071289,9570100,23.70863914489746,43772500,50.79194259643555,11503500,37.731143951416016,22273500,165.98435974121094,1928300,35.1860237121582,8411700,256.1968078613281,100353000,15.960000038146973,0
2019-05-20,91.6591567993164,8518200,23.70863914489746,41717600,50.70606231689453,11605900,37.52474594116211,18854000,165.82464599609375,2483400,35.17799377441406,8951600,254.50277709960938,62877600,16.309999465942383,0
2019-05-21,91.97197723388672,7967900,23.950735092163086,39258700,51.580326080322266,11051500,38.25129318237305,18416300,167.39675903320312,2327600,35.594966888427734,5936200,256.7973327636719,46847100,14.949999809265137,0
2019-05-22,91.22291564941406,7918900,23.78377342224121,29177600,50.47190856933594,12564900,38.061397552490234,13155000,164.3785858154297,2427200,34.8732795715332,10109600,256.0085754394531,49482500,14.75,0
2019-05-23,89.42838287353516,14558000,23.174360275268555,59772900,49.87867736816406,15042200,37.615562438964844,17643700,161.39401245117188,3184100,34.24781799316406,13128900,252.8805389404297,98733800,16.920000076293945,0
2019-05-24,90.3091812133789,8537300,23.524980545043945,35524400,50.26115417480469,9715400,38.11919021606445,13425500,162.25994873046875,1637200,34.44828796386719,6172300,253.4542236328125,55268100,15.850000381469727,0
2019-05-28,89.32963562011719,11665500,23.291236877441406,44273400,49.79281234741211,14727400,37.64032745361328,19984600,159.26695251464844,3040000,33.814815521240234,10539500,251.09686279296875,70029400,17.5,0
2019-05-29,89.08267974853516,9966400,23.166013717651367,49818900,49.7303581237793,13836300,37.54951858520508,16058800,158.81094360351562,2815800,33.83085250854492,9808700,249.411865234375,104972900,17.899999618530273,0
2019-05-30,88.12776947021484,10367800,22.67347526550293,58649300,49.652305603027344,13570900,37.19448471069336,13775900,158.23663330078125,1919300,33.54217529296875,7797200,250.0930938720703,62523800,17.299999237060547,0
2019-05-31,87.22230529785156,10952800,22.205978393554688,68304200,48.512664794921875,19968900,36.633056640625,17540500,154.11541748046875,2640100,32.62804412841797,11328600,246.72296142578125,86862800,18.709999084472656,0
2019-06-03,87.63389587402344,11680700,22.27276611328125,50109900,48.871734619140625,19636800,36.75691604614258,20172500,154.70660400390625,2857800,32.66012954711914,10133200,246.09552001953125,96428000,18.860000610351562,0
2019-06-04,90.3338623046875,12858600,23.30792808532715,58426400,51.42420959472656,17743100,37.714637756347656,21082000,160.35635375976562,2420800,34.06339645385742,11860900,251.43743896484375,77231900,16.969999313354492,0
2019-06-05,90.6549072265625,8340500,23.299583435058594,44874400,51.346153259277344,12536300,37.86324691772461,13705400,159.14028930664062,1967800,34.02330017089844,6421300,253.61553955078125,71169700,16.09000015258789,0
2019-06-06,90.85247039794922,8726700,23.400304794311523,38633600,51.88475036621094,10868900,37.91278839111328,16020500,160.29725646972656,1653500,34.32801055908203,5741500,255.26461791992188,69430400,15.930000305175781,0
2019-06-07,89.85645294189453,10618900,23.106538772583008,51317200,51.27589797973633,11674200,37.673343658447266,14979900,160.29725646972656,1838600,34.239810943603516,7546200,257.8190612792969,74272200,16.299999237060547,0
2019-06-10,90.82776641845703,11380600,23.559770584106445,48305800,52.392112731933594,10994700,38.201751708984375,15242700,163.9370880126953,2372000,34.71290969848633,8693100,259.002197265625,60799100,15.9399995803833,0
2019-06-11,91.10765075683594,9847700,23.702455520629883,38691800,52.98535919189453,9800900,38.1934928894043,15078300,164.4522705078125,1632200,35.01762008666992,10654600,258.939453125,58641300,15.989999771118164,0
2019-06-12,89.94697570800781,9670500,23.459056854248047,33528900,52.150142669677734,9878300,37.07889938354492,22470400,160.6435089111328,2059400,34.175655364990234,8073800,258.482421875,47096300,15.90999984741211,0
2019-06-13,90.16925811767578,8406900,23.450660705566406,33404200,52.360904693603516,9453600,37.392642974853516,15629400,161.68226623535156,1411400,34.44027328491211,7530900,259.5489501953125,48945200,15.819999694824219,0
2019-06-14,90.39971160888672,9077400,23.534595489501953,37322100,52.673126220703125,8901900,37.64032745361328,16147500,161.85963439941406,1403900,34.33602523803711,7102600,259.26214599609375,52324700,15.279999732971191,0
2019-06-17,89.90583801269531,8128600,23.4422664642334,33410100,51.939388275146484,8135900,37.37613296508789,13420400,161.1586456298828,1155600,34.087432861328125,5658700,259.3606872558594,39205700,15.350000381469727,0
2019-06-18,91.1323471069336,11057300,24.021406173706055,60170700,53.063411712646484,12199100,38.061397552490234,18611100,164.66342163085938,2363000,34.75300216674805,10094500,262.07647705078125,85434800,15.149999618530273,0
2019-06-19,90.47380065917969,13126500,23.76960563659668,61953500,52.75897979736328,12334800,37.68986511230469,17787600,165.2207794189453,2196800,34.59263229370117,8034300,262.6680603027344,78674400,14.329999923706055,0
2019-06-20,90.70429992675781,13638000,23.727642059326172,60887200,53.15708541870117,15557100,37.86324691772461,19205200,165.2714080810547,2749300,34.84921646118164,9922800,265.17767333984375,116570000,14.75,0
2019-06-21,90.08692932128906,27089500,23.601736068725586,69444000,53.05562210083008,19502500,38.713645935058594,39186200,165.47409057617188,3365500,34.94545364379883,18450800,264.79217529296875,83309500,15.399999618530273,0
2019-06-24,89.44485473632812,13039600,23.484235763549805,40046400,52.61849594116211,11223700,38.201751708984375,21854400,166.78311157226562,2069800,34.53649139404297,8141400,264.4679870605469,47582700,15.260000228881836,0
2019-06-25,88.70402526855469,18660100,23.29958152770996,46901300,51.939388275146484,14205600,38.09442138671875,20814000,165.5754852294922,1828300,34.207725524902344,10232900,261.87396240234375,82028700,16.280000686645508,0
2019-06-26,89.29672241210938,10324600,23.42548179626465,42312300,52.47019577026367,13654100,37.813697814941406,17106800,166.37777709960938,1649900,34.472347259521484,7826400,261.6129150390625,51584900,16.209999084472656,0
2019-06-27,89.59302520751953,10906600,23.677276611328125,35575600,53.19611358642578,11989100,38.21826171875,13391600,168.32859802246094,2239200,34.8732795715332,7459800,262.54052734375,40355200,15.819999694824219,0
2019-06-28,92.02957153320312,21634700,24.340343475341797,101856900,54.663597106933594,20388700,39.068660736083984,31030900,172.78758239746094,4854900,35.1298828125,15445600,263.8915710449219,59350900,15.079999923706055,0
2019-07-01,93.5771255493164,12724500,24.692855834960938,48029900,55.21780014038086,13573600,39.374141693115234,15089100,174.69622802734375,2465700,35.24213790893555,12197700,266.2872619628906,78705600,14.0600004196167,0
2019-07-02,93.67591857910156,10174900,24.466243743896484,32263500,54.98362350463867,10272200,38.99435806274414,12107200,173.95301818847656,1621400,35.145912170410156,8234800,266.9808349609375,61504500,12.930000305175781,0
2019-07-03,93.52668762207031,6849400,24.38231086730957,26642300,55.30364990234375,7632400,39.349365234375,10438400,174.00372314453125,978800,35.274208068847656,4470800,269.1153564453125,40898900,12.569999694824219,0
2019-07-05,94.08212280273438,7929400,24.558568954467773,33092000,55.73299789428711,9107300,39.4401969909668,10801600,175.5745391845703,1511400,35.45061492919922,6276000,268.8091125488281,51677300,13.279999732971191,0
2019-07-08,93.56814575195312,6917200,24.508207321166992,30924400,55.522212982177734,10196000,39.24205017089844,13189300,173.75881958007812,1853900,34.8732795715332,7060200,267.3320617675781,45841800,13.960000038146973,0
2019-07-09,93.96602630615234,8947300,24.63409996032715,28750100,55.857872009277344,9477700,39.4897346496582,12595000,175.46473693847656,1812100,35.105812072753906,5941900,267.6653137207031,41101300,14.09000015258789,0
2019-07-10,93.69249725341797,9242300,24.357128143310547,40574800,55.522212982177734,12153200,38.92831039428711,12784900,173.9446563720703,1779800,34.72894287109375,5311000,268.9442443847656,58448500,13.029999732971191,0
2019-07-11,94.58779907226562,11595200,24.64249610900879,37376800,55.89688491821289,10739400,38.92005157470703,19751400,178.48812866210938,3691600,35.42656707763672,8799200,269.57470703125,50826100,12.930000305175781,0
2019-07-12,95.58260345458984,10783400,24.718036651611328,29632900,56.02178955078125,15355700,39.10169219970703,12792600,180.67544555664062,2626000,35.9798583984375,9565700,270.7815246582031,40326000,12.390000343322754,0
2019-07-15,94.4220199584961,12946600,24.524991989135742,46462100,55.974952697753906,23365800,38.565032958984375,21338400,178.6823272705078,2600200,35.62704086303711,7870700,270.87164306640625,33900000,12.680000305175781,0
2019-07-16,95.43336486816406,16945000,24.331953048706055,54920400,55.670536041259766,16516600,37.4008903503418,37548300,182.0097198486328,5283700,35.62704086303711,10170900,269.9979553222656,36650100,12.859999656677246,0
2019-07-17,94.49662017822266,13120900,24.49981689453125,84958300,55.28023910522461,12278200,37.32658004760742,24502100,180.13491821289062,2583500,35.097801208496094,9131800,268.16064453125,36036300,13.970000267028809,0
2019-07-18,95.0603256225586,9397200,24.74321937561035,49468800,56.03739547729492,13407400,37.83021545410156,19409100,181.16517639160156,2858100,35.62704086303711,11185800,269.1423645019531,51392600,13.529999732971191,0
2019-07-19,94.12358856201172,10402800,24.676071166992188,44863200,55.35829544067383,11184600,38.00360870361328,21847900,180.32069396972656,1822300,35.594966888427734,10083600,267.64727783203125,58678600,14.449999809265137,0
2019-07-22,94.72872924804688,9061100,24.818761825561523,31224300,55.50661087036133,7930600,38.3751335144043,17972100,180.72608947753906,1907100,35.683162689208984,7091800,268.3047180175781,43638100,13.529999732971191,0
2019-07-23,96.46131896972656,12752200,25.389493942260742,64030300,56.193511962890625,11804300,38.96958541870117,21150200,185.31178283691406,3330600,36.1642951965332,9859600,270.2231750488281,44564500,12.609999656677246,0
2019-07-24,96.85094451904297,10011000,25.74201011657715,53171900,56.98970413208008,12512900,40.00162124633789,29357200,187.50750732421875,3180000,36.48503494262695,8092200,271.49310302734375,47213200,12.069999694824219,0
2019-07-25,95.92247009277344,10138400,25.46503448486328,43251900,55.725181579589844,15698300,39.70439529418945,20562000,185.7762451171875,2776700,35.9798583984375,8733800,270.19610595703125,55394100,12.739999771118164,0
2019-07-26,96.34526062011719,12800400,25.825944900512695,46978800,56.32621383666992,10625900,40.703399658203125,21641500,187.6004180908203,2304500,36.677490234375,8321000,272.0064697265625,45084100,12.15999984741211,0
2019-07-29,96.03852081298828,8500400,25.616111755371094,39176700,56.01398849487305,8561200,39.861263275146484,19148600,186.06344604492188,1372800,36.268531799316406,8667000,271.510986328125,38126500,12.829999923706055,0
2019-07-30,95.822998046875,7121100,25.926660537719727,37598300,55.974952697753906,9208300,40.08417892456055,14207000,186.9754638671875,1644600,36.098819732666016,7339100,270.84466552734375,45849000,13.9399995803833,0
2019-07-31,96.16288757324219,13648000,25.750402450561523,60607600,55.54564666748047,13617300,39.96860122680664,23422800,185.90296936035156,1991100,36.00992965698242,8317100,267.88140869140625,104245200,16.1200008392334,0
2019-08-01,93.62618255615234,15664500,24.751611709594727,76913400,53.352237701416016,22571000,38.854000091552734,22668600,178.69923400878906,3070100,34.692691802978516,12963900,265.5486755371094,142646600,17.8700008392334,0
2019-08-02,93.61787414550781,11025500,24.659282684326172,57492300,53.17133331298828,14771400,39.16773986816406,20159000,176.81594848632812,2503000,34.03811264038086,16089900,263.54931640625,116749700,17.610000610351562,0
2019-08-05,90.83247375488281,15855300,23.568157196044922,96207700,51.260292053222656,21144800,38.09442138671875,27113500,170.3216094970703,2794200,32.72086715698242,15311100,255.62359619140625,178745400,24.59000015258789,0
2019-08-06,91.54540252685547,10203500,23.853534698486328,65115800,52.10178756713867,12411500,38.74666213989258,19446100,173.97842407226562,2349400,33.31081008911133,10481200,259.20806884765625,120711700,20.170000076293945,0
2019-08-07,89.55583953857422,17320900,23.40869140625,75388500,51.22883224487305,18418300,37.82196807861328,27830000,173.7503662109375,2454200,32.77744674682617,14108500,259.36126708984375,140572300,19.489999771118164,0
2019-08-08,91.07288360595703,10903300,23.819963455200195,53141900,52.487144470214844,13577900,38.74039077758789,20671300,174.81446838378906,2342200,33.35120391845703,9884400,264.4499816894531,87713900,16.90999984741211,0
2019-08-09,90.97339630126953,9980800,23.77799415588379,53499600,51.94450759887695,13604600,38.656890869140625,19786100,174.7300262451172,1790100,33.53707504272461,11011400,262.6486511230469,93730000,17.969999313354492,0
2019-08-12,89.26569366455078,9393700,23.198867797851562,55674700,50.521034240722656,13039500,37.930511474609375,17364400,170.18655395507812,1479300,32.615821838378906,8775000,259.4512939453125,65527600,21.09000015258789,0
2019-08-13,90.64179229736328,12124700,23.266008377075195,69919200,50.98503875732422,19056700,38.37302017211914,16649100,172.3738250732422,2115900,32.882503509521484,10896700,263.4862365722656,94299800,17.520000457763672,0
2019-08-14,86.87820434570312,19491800,22.17489242553711,106591700,48.2953987121582,29370700,36.71152114868164,28786700,165.1532440185547,3025100,31.78345489501953,17133400,255.69549560546875,135622100,22.100000381469727,0
2019-08-15,87.20978546142578,13365600,22.032211303710938,70192000,48.22461700439453,16340400,36.218929290771484,27900000,165.67681884765625,1981900,31.597578048706055,10818600,256.3710632324219,99556600,21.18000030517578,0
2019-08-16,89.29883575439453,11830600,22.68687629699707,70841700,49.92333984375,16450700,37.062191009521484,21196600,168.41302490234375,1878700,32.276405334472656,9742800,260.15386962890625,83018300,18.469999313354492,0
2019-08-19,90.10297393798828,8265400,22.888320922851562,44964800,50.57608413696289,13312700,37.78022003173828,15378100,170.76080322265625,1646100,32.6239013671875,7803000,263.2880554199219,53571800,16.8799991607666,0
2019-08-20,88.95896911621094,8374000,22.426685333251953,47665000,49.87614822387695,9815800,37.3043098449707,13345800,168.885986328125,1545600,32.244083404541016,11350000,261.2706604003906,51596400,17.5,0
2019-08-21,89.2076644897461,8189300,22.60294532775879,47785400,49.742469787597656,14692900,37.57149124145508,13513700,169.4771270751953,1160800,32.276405334472656,9876100,263.3961181640625,49524700,15.800000190734863,0
2019-08-22,90.12784576416016,9343400,22.8211669921875,49353700,50.26150894165039,9718500,38.089141845703125,14703900,170.94659423828125,1275900,32.543087005615234,8126000,263.3150939941406,51666400,16.68000030517578,0
2019-08-23,87.88957214355469,14762300,22.216861724853516,81880700,48.72008514404297,17997900,37.08723831176758,21152500,165.6937255859375,2200500,31.78345489501953,12310800,256.5513000488281,149161500,19.8700008392334,0
2019-08-26,88.59422302246094,8209500,22.477048873901367,41499100,49.325645446777344,10628800,37.55479049682617,15973100,168.60728454589844,1441900,32.454193115234375,10408600,259.3882751464844,72423800,19.31999969482422,0
2019-08-27,87.65744018554688,14331800,22.216861724853516,52517000,48.49201583862305,17219300,37.362762451171875,15038200,167.27297973632812,1513300,32.155181884765625,8742900,258.3706359863281,66668900,20.309999465942383,0
2019-08-28,88.53617095947266,10585500,22.535802841186523,45897900,49.04252624511719,12343500,37.96390151977539,14740000,169.25755310058594,1437800,32.631988525390625,9881900,260.1899108886719,59696700,19.350000381469727,0
2019-08-29,90.54234313964844,10002200,22.938674926757812,55432900,50.25364303588867,11478200,38.5650520324707,16196600,172.88626098632812,1816800,33.36737060546875,12191900,263.5132751464844,57899400,17.8799991607666,0
2019-08-30,91.07288360595703,10170300,23.089752197265625,41326200,50.60753631591797,11844600,38.88230895996094,15250600,173.28567504882812,1529600,33.52899932861328,7427000,263.3961181640625,62901200,18.979999542236328,0
2019-09-03,89.99519348144531,9868800,22.703659057617188,50743100,49.87614822387695,11991500,38.4815559387207,17224200,169.08761596679688,2633600,33.124935150146484,8675300,261.8560791015625,69101400,19.65999984741211,0
2019-09-04,91.08116912841797,6929200,23.072965621948242,40862500,50.552490234375,9689800,38.82387924194336,17123100,171.43309020996094,1720600,33.561309814453125,6829900,264.8282470703125,46887300,17.329999923706055,0
2019-09-05,93.15364837646484,13224700,23.757295608520508,63413700,52.17256546020508,14723500,39.75898361206055,19243400,175.95407104492188,2237900,34.32094955444336,8101600,268.232666015625,83258100,16.270000457763672,0
2019-09-06,93.35260009765625,7836600,23.427806854248047,56054100,51.88158416748047,10476000,39.366573333740234,18846100,176.09005737304688,1438800,34.08660888671875,7012700,268.4398193359375,49584300,15.0,0
2019-09-09,95.66549682617188,13985100,24.188173294067383,68629300,54.09934997558594,20193300,40.41857147216797,27651400,180.14369201660156,2734500,34.8381462097168,11888800,268.5749816894531,51260300,15.270000457763672,0
2019-09-10,96.88410186767578,14333100,24.796463012695312,71066200,54.2487678527832,18146200,40.3350830078125,25822400,183.24549865722656,2615800,35.21796798706055,12292700,268.5118713378906,57947100,15.199999809265137,0
2019-09-11,97.14937591552734,9919200,24.8893985748291,53982200,54.18586349487305,11858800,40.785945892333984,19190000,184.2398223876953,1886300,35.50889205932617,9877900,270.4212646484375,68821100,14.609999656677246,0
2019-09-12,97.74625396728516,12283500,25.06682586669922,72943900,54.50044631958008,15528700,40.618953704833984,24305900,185.888427734375,2913800,35.81598663330078,13254300,271.3580322265625,72908700,14.220000267028809,0
2019-09-13,99.66951751708984,16257200,25.48925018310547,79657000,55.35765838623047,14313100,40.84437942504883,25142400,186.87420654296875,2722400,36.49478530883789,11364500,271.1777648925781,62104800,13.739999771118164,0
2019-09-16,98.78250122070312,11993900,25.45545196533203,43391300,54.9172477722168,12063700,40.89447784423828,17759700,184.5966796875,2205500,36.163475036621094,6289800,270.34033203125,58191200,14.670000076293945,0
2019-09-17,98.29338836669922,10735400,25.29492950439453,48284900,54.64198684692383,10916900,40.7108039855957,18346100,183.4834747314453,2429100,35.72708511352539,9768500,271.0247802734375,41475500,14.4399995803833,0
2019-09-18,99.27987670898438,10665600,25.345619201660156,66640400,55.12172317504883,11234500,40.85272979736328,20511700,184.47769165039062,2474900,35.84830856323242,8283800,271.1868591308594,73375800,13.949999809265137,0
2019-09-19,98.9648666381836,9382600,25.193544387817383,43035700,54.83860397338867,10069100,40.836036682128906,16887500,182.9055938720703,1596200,35.57355499267578,6403500,271.1688232421875,76560500,14.050000190734863,0
2019-09-20,98.56697082519531,21862800,24.999235153198242,167269000,54.539756774902344,26002100,40.602256774902344,30229400,181.63938903808594,5458900,35.29069900512695,22404600,269.8876037597656,89565000,15.319999694824219,0
2019-09-23,98.55036926269531,9135100,24.940092086791992,52048300,54.69704055786133,9546300,40.877784729003906,20603400,181.40139770507812,1485500,35.201812744140625,7114600,269.82427978515625,43476800,14.90999984741211,0
2019-09-24,97.26543426513672,11696500,24.450077056884766,64806900,53.39942169189453,16801900,40.618953704833984,21629300,176.5489501953125,2837600,34.37752914428711,11246400,267.70703125,94869400,17.049999237060547,0
2019-09-25,97.82086944580078,9389400,24.711986541748047,45807700,54.56333923339844,12243000,41.12824630737305,21313100,178.48655700683594,1593400,34.78158187866211,6909400,269.2904052734375,71854000,15.960000038146973,0
2019-09-26,97.0167465209961,9899200,24.6106014251709,33198100,54.35100173950195,8555500,40.80263137817383,19984000,176.94839477539062,1685500,34.442176818847656,5343800,268.7293701171875,56179700,16.06999969482422,0
2019-09-27,97.5887451171875,10207800,24.796463012695312,41336600,54.62626266479492,11559700,42.33889389038086,59467400,177.58575439453125,1530900,34.61996078491211,8005200,267.2817077636719,84746600,17.219999313354492,0
2019-09-30,97.56388092041016,9755000,24.644392013549805,39191000,54.327423095703125,8661000,42.113468170166016,26897100,176.10702514648438,1794500,34.482574462890625,6213700,268.52130126953125,51662400,16.239999771118164,0
2019-10-01,95.78984832763672,11250300,24.027647018432617,49434400,53.59602355957031,12428500,40.961280822753906,27249300,172.2489013671875,3156200,33.44010543823242,13437200,265.3273010253906,88242400,18.559999465942383,0
2019-10-02,93.8831558227539,12548700,23.520736694335938,52293100,52.109642028808594,14760900,40.468666076660156,23515900,168.4757537841797,3386800,32.51076126098633,12052500,260.6405029296875,122539500,20.559999465942383,0
2019-10-03,93.74946594238281,12735200,23.495389938354492,53015800,52.4556770324707,12646100,40.47700881958008,20212200,167.61746215820312,2914500,32.526920318603516,12293600,262.7758483886719,85278800,19.1200008392334,0
2019-10-04,95.78005981445312,9453100,23.968515396118164,42641800,53.61960983276367,10977100,41.08650588989258,15779500,170.64273071289062,3021100,32.95522689819336,5631400,266.3316955566406,65091200,17.040000915527344,0
2019-10-07,95.5711441040039,6771600,23.917823791503906,36742400,53.59602355957031,7835500,40.75254440307617,15691900,170.30282592773438,2202200,32.87442398071289,6323600,265.1825866699219,59610500,17.860000610351562,0
2019-10-08,93.44026947021484,10806300,23.343318939208984,58201100,52.21975326538086,13500700,39.92597198486328,19734000,167.72789001464844,2654900,32.17942428588867,8309000,261.06561279296875,95708100,20.280000686645508,0
2019-10-09,94.11715698242188,7273700,23.562976837158203,37511400,53.029781341552734,8357800,40.20149230957031,13467800,167.28598022460938,2443500,32.68046188354492,8955700,263.5447692871094,62359400,18.639999389648438,0
2019-10-10,95.43741607666016,10994100,24.036104202270508,48239300,53.96564865112305,9817000,40.618953704833984,18267800,169.85243225097656,2108000,33.17342758178711,8207100,265.3273010253906,55296300,17.56999969482422,0
2019-10-11,97.05020904541016,15076500,24.42473030090332,70008600,55.12958908081055,14921700,41.08650588989258,23024600,173.9400177001953,3334300,33.88457107543945,14914600,268.07794189453125,98720400,15.579999923706055,0
2019-10-14,97.30924987792969,8779000,24.61904525756836,36040100,55.23969650268555,11398600,41.13661193847656,16870500,174.90884399414062,2286100,34.14317321777344,6644500,267.7793884277344,40394800,14.569999694824219,0
2019-10-15,100.24231719970703,23379000,25.117509841918945,78656000,56.01039123535156,22030100,41.837947845458984,38478400,175.45274353027344,8241900,34.369449615478516,10112800,270.4304504394531,46754500,13.539999961853027,0
2019-10-16,100.00834655761719,11087700,25.48925018310547,87131700,54.6577262878418,17295400,41.403785705566406,23728400,176.26852416992188,3405800,34.579551696777344,10088900,269.9961853027344,48928200,13.680000305175781,0
2019-10-17,100.56822204589844,10818500,25.565288543701172,55575900,54.73637008666992,11382800,41.42048263549805,20560100,175.45274353027344,2876500,35.104827880859375,17965100,270.79241943359375,45736600,13.789999961853027,0
2019-10-18,100.74369049072266,10417400,25.641321182250977,48872900,54.84646224975586,10413600,41.72105026245117,21199500,175.5037078857422,2207000,35.28261947631836,10493900,269.6071472167969,64304000,14.25,0
2019-10-21,103.24223327636719,12714600,26.20737648010254,61087400,56.47439193725586,13080600,42.13016128540039,19409100,177.82366943359375,1934900,36.34933853149414,14244800,271.4348449707031,39048600,14.0,0
2019-10-22,104.27841186523438,12549100,26.35944938659668,58662100,56.670997619628906,11052300,42.26375198364258,18526900,178.12115478515625,1868000,36.672584533691406,12366600,270.5480651855469,48594700,14.460000038146973,0
2019-10-23,104.55418395996094,8828300,26.545320510864258,47771200,56.977718353271484,10327000,42.522579193115234,14173700,179.58285522460938,1574500,37.10090637207031,8328000,271.33538818359375,34352200,14.010000228881836,0
2019-10-24,104.47897338867188,8020500,26.494625091552734,39491000,56.85976028442383,7445700,42.66450500488281,16695400,179.3533172607422,1266500,36.97967529296875,7469800,271.77862548828125,35453100,13.710000038146973,0
2019-10-25,105.31459045410156,9055700,26.79877281188965,43702000,57.543968200683594,10497600,43.056922912597656,17433300,182.05580139160156,2602100,37.47263717651367,9576400,272.8916015625,45205400,12.649999618530273,0
2019-10-28,105.71571350097656,9522200,26.900150299072266,58790300,57.874271392822266,13086900,43.123722076416016,23914800,185.047119140625,2707800,37.852447509765625,10276000,274.42974853515625,42147000,13.109999656677246,0
2019-10-29,105.64885711669922,9797300,27.094472885131836,48266600,57.481048583984375,9592300,43.5578727722168,21063000,184.95364379882812,2030800,37.844364166259766,7773600,274.3482971191406,44284900,13.199999809265137,0
2019-10-30,105.06388854980469,8513700,26.71428871154785,45262400,57.38665771484375,12431500,43.44099044799805,16155900,183.3984832763672,1584900,37.66524124145508,7101400,275.1898193359375,49643900,12.329999923706055,0
2019-10-31,104.38704681396484,11589100,26.4185848236084,49430900,56.513729095458984,16864000,43.10702896118164,18814700,181.33343505859375,1876200,37.4942626953125,9414100,274.4569091796875,69053800,13.220000267028809,0
2019-11-01,106.79365539550781,11682600,26.866363525390625,41985300,58.4859619140625,12935200,43.566226959228516,16359300,184.7411651611328,2112300,38.53644943237305,9765900,276.99951171875,71141500,12.300000190734863,0
2019-11-04,107.6460189819336,9159900,27.373273849487305,54228600,59.52356719970703,12585200,44.01708221435547,17559900,186.84872436523438,2538100,39.75775146484375,15965900,278.1123352050781,60606900,12.829999923706055,0
2019-11-05,107.87997436523438,13747600,27.728107452392578,68785600,59.270111083984375,14403200,44.501346588134766,25965300,185.8034210205078,2525100,39.69261932373047,13894100,277.8047180175781,42933200,13.100000381469727,0
2019-11-06,108.04711151123047,11231100,27.70276641845703,47524500,58.94536590576172,12629200,44.91879653930664,22051100,185.61648559570312,1863000,39.53792190551758,7872400,277.8680725097656,46487100,12.619999885559082,0
2019-11-07,108.6320571899414,13528900,28.07450294494629,68310700,60.04632568359375,14340500,45.51726150512695,23452500,189.75509643554688,3748600,39.61934280395508,14501500,278.84527587890625,54272300,12.729999542236328,0
2019-11-08,108.9496078491211,9293400,28.09984588623047,38724000,60.29187774658203,7927100,45.6015625,14722100,189.4321746826172,1610800,40.018314361572266,7966500,279.5330505371094,49032100,12.069999694824219,0
2019-11-11,108.56520080566406,8679000,28.032262802124023,27784000,59.879981994628906,6020300,45.559417724609375,10659400,186.13490295410156,2754500,39.96944808959961,7107500,278.99908447265625,35797300,12.6899995803833,0
2019-11-12,107.93013000488281,9099000,27.956218719482422,37282200,59.460182189941406,11066600,45.70270919799805,15187600,187.30760192871094,1891600,39.904319763183594,6400700,279.587158203125,46484600,12.680000305175781,0
2019-11-13,107.36187744140625,8023300,27.70276641845703,48887800,58.54140853881836,14040700,44.91880798339844,16846800,186.3813018798828,1756000,39.39950180053711,7022000,279.6777648925781,53917700,13.0,0
2019-11-14,107.46217346191406,8483400,27.626731872558594,35554600,58.4859619140625,9446800,45.0873908996582,16491400,186.4747772216797,1483100,39.57863998413086,5836600,280.0848388671875,51219900,13.050000190734863,0
2019-11-15,108.23931884765625,10163600,27.821046829223633,36398300,58.929534912109375,10294000,45.34868240356445,15225300,187.17164611816406,1693100,39.888031005859375,6439000,282.1116027832031,62023600,12.050000190734863,0
2019-11-18,109.15015411376953,8749300,27.846391677856445,31133700,58.929534912109375,8525700,45.51726150512695,14374600,186.72975158691406,1603400,39.92060089111328,6446900,282.3197021484375,49228000,12.460000038146973,0
2019-11-19,109.11669921875,8824500,27.82949447631836,33183700,59.26217269897461,9095500,45.54254913330078,14434100,186.99319458007812,1817100,40.164859771728516,6980100,282.23822021484375,67804700,12.859999656677246,0
2019-11-20,108.32286834716797,11782800,27.6182804107666,43612200,58.54140853881836,12799900,45.1295280456543,14994700,185.18307495117188,2177700,39.97758865356445,9138700,281.1886901855469,79406200,12.779999732971191,0
2019-11-21,108.57354736328125,7705500,27.745010375976562,42787600,58.53348922729492,8585100,45.14638900756836,16186100,185.45501708984375,1677700,39.76590347290039,8353600,280.7362976074219,54664700,13.130000114440918,0
2019-11-22,109.29219818115234,8167900,28.032262802124023,38783900,59.30177307128906,7910700,45.75328063964844,13823400,187.19715881347656,1529100,40.09972381591797,6609800,281.36065673828125,44850200,12.34000015258789,0
2019-11-25,109.87716674804688,10068500,28.277267456054688,50238800,59.94335174560547,11497700,45.694278717041016,15561000,189.29617309570312,2181800,40.67781448364258,8461000,283.5412292480469,48647200,11.869999885559082,0
2019-11-26,110.02758026123047,10490700,28.175884246826172,50626600,59.76910400390625,11306000,45.35711669921875,18078900,189.0412139892578,1926300,40.230003356933594,10360600,284.18359375,37569000,11.539999961853027,0
2019-11-27,110.35345458984375,6607900,28.23502540588379,32097700,59.97503662109375,7592100,45.803871154785156,16352900,189.4661865234375,1614600,40.531253814697266,8614000,285.4503479003906,44444600,11.75,0
2019-11-29,110.10276794433594,5712000,28.150541305541992,19503400,59.49979782104492,6246900,45.9050178527832,10508600,189.16705322265625,770400,40.286991119384766,4138400,284.3916931152344,36592700,12.619999885559082,0
2019-12-02,109.8604507446289,8615600,28.24346923828125,47158800,59.024559020996094,11085300,45.19696044921875,20252700,185.99644470214844,2118500,39.96131134033203,8117100,281.9759216308594,75767800,14.90999984741211,0
2019-12-03,108.44821166992188,10361300,27.745010375976562,58745100,58.082000732421875,13559400,44.320343017578125,25560700,181.38160705566406,3207100,39.171531677246094,12217700,280.0848388671875,73941700,15.960000038146973,0
2019-12-04,110.58741760253906,10318200,28.00691795349121,46637900,58.79487609863281,8266400,44.87665939331055,18867400,184.54367065429688,1583600,39.76590347290039,8608400,281.81298828125,49080000,14.800000190734863,0
2019-12-05,111.18907928466797,9587400,28.108848571777344,38304500,59.175052642822266,9581200,44.868221282958984,13499700,185.56915283203125,1329300,39.95317459106445,6680700,282.3197021484375,40709000,14.520000457763672,0
2019-12-06,112.8436279296875,10170600,28.601533889770508,50908500,60.04632568359375,9877800,45.82915496826172,18325700,191.9530487060547,4229400,40.54753875732422,9487300,284.8984375,48927000,13.619999885559082,0
2019-12-09,112.31718444824219,8498200,28.46562385559082,32974500,59.6661262512207,8817100,45.44983673095703,15070800,189.5602264404297,2134600,40.38469696044922,6382300,284.0027160644531,34838500,15.859999656677246,0
2019-12-10,112.39240264892578,7532900,28.482614517211914,41960100,60.02257537841797,13019600,45.2559700012207,15959100,189.62002563476562,1854100,40.441688537597656,10009600,283.68597412109375,52649800,15.680000305175781,0
2019-12-11,112.12499237060547,9011900,28.576045989990234,43107800,59.84038543701172,10484900,44.817649841308594,16834200,189.0303497314453,1778600,40.26256561279297,6296300,284.4913635253906,53429100,14.989999771118164,0
2019-12-12,115.33383178710938,13717400,29.459508895874023,64942500,61.028480529785156,15829000,45.82072067260742,19119500,193.1837158203125,2974300,41.272186279296875,11553400,286.94329833984375,96389600,13.9399995803833,0
2019-12-13,114.32270812988281,10592100,29.25562858581543,48539600,60.505733489990234,13447000,45.34026336669922,19179300,192.2863311767578,1908200,40.905799865722656,10191200,287.115234375,81503900,12.630000114440918,0
2019-12-16,114.76559448242188,11372000,29.47648811340332,50777100,60.9176139831543,13967200,45.70270919799805,19793500,194.88436889648438,3218400,41.296600341796875,11007500,289.0877380371094,82749700,12.140000343322754,0
2019-12-17,115.46754455566406,11546800,29.765308380126953,50840500,61.57501220703125,14409200,45.803871154785156,16723400,197.5421600341797,3590000,41.44316864013672,10446000,289.151123046875,61097700,12.289999961853027,0
2019-12-18,115.35052490234375,10381500,29.824771881103516,48757900,61.71759033203125,12643000,45.23910140991211,18857000,196.94390869140625,2280800,41.24776840209961,9513000,289.1691589355469,48133000,12.579999923706055,0
2019-12-19,114.7739486694336,9350400,29.68885612487793,45409500,61.93935775756836,13006200,45.20540237426758,18133300,196.50811767578125,2418100,41.41059875488281,9222000,290.3544616699219,85310500,12.5,0
2019-12-20,114.68203735351562,29992600,29.69734764099121,109395500,62.18488311767578,32019400,44.95252227783203,66318000,195.6449432373047,3715500,41.272186279296875,18742900,291.6274108886719,147142100,12.510000228881836,0
2019-12-23,114.64860534667969,9738400,29.875734329223633,33995400,62.3829231262207,9256500,45.35711669921875,17637700,195.78170776367188,1670400,41.296600341796875,6547600,292.0729064941406,52990000,12.609999656677246,0
2019-12-24,114.96614074707031,3324300,29.9182071685791,13805400,62.248252868652344,4576200,45.36555862426758,4635500,196.48248291015625,467700,41.272186279296875,2087800,292.08203125,20270000,12.670000076293945,0
2019-12-26,116.18616485595703,6770900,30.17305564880371,26992100,63.23041915893555,11992800,45.643714904785156,12517100,197.593505859375,1704000,41.61415100097656,5517400,293.6369323730469,30911200,12.649999618530273,0
2019-12-27,116.26970672607422,7868200,30.02863883972168,28111300,63.10369110107422,10867900,45.44983673095703,9892000,197.12342834472656,1343900,41.597869873046875,4116900,293.5641174316406,42528800,13.430000305175781,0
2019-12-30,115.84355926513672,6963000,29.858755111694336,30705100,62.97694778442383,10084900,45.18009948730469,10900500,196.38848876953125,1494500,41.49202346801758,4532800,291.9456787109375,49729100,14.819999694824219,0
2019-12-31,116.48697662353516,7201600,29.9182071685791,29630100,63.2779426574707,8031200,45.34868240356445,12566000,196.49954223632812,1447200,41.62228775024414,5131600,292.6549072265625,57077300,13.779999732971191,0
2020-01-02,117.8991928100586,10803700,30.274986267089844,37614200,64.33931732177734,12728900,45.30653762817383,16803100,200.25125122070312,3736300,42.37136459350586,7808000,295.3918151855469,59151200,12.470000267028809,0
2020-01-03,116.34334564208984,10386800,29.64638328552246,50357900,63.12745666503906,12437400,45.028377532958984,15608800,197.90963745117188,2274500,41.68741989135742,6706000,293.1549377441406,77709700,14.020000457763672,0
2020-01-06,116.2508316040039,10259000,29.60390281677246,42185000,62.9294319152832,10059500,44.7586555480957,13200300,199.93505859375,3329300,41.540870666503906,7476700,294.2734069824219,55653900,13.850000381469727,0
2020-01-07,114.2745132446289,10531300,29.408527374267578,34149000,62.3829231262207,10469100,44.38776397705078,13278600,201.25115966796875,5255200,41.45944595336914,4538100,293.4459228515625,40496400,13.789999961853027,0
2020-01-08,115.16596984863281,9695300,29.705841064453125,45311600,62.85814666748047,11292400,44.52263259887695,16585600,203.1911163330078,3564700,41.98868179321289,6185200,295.00982666015625,68296000,13.449999809265137,0
2020-01-09,115.58646392822266,9469000,29.756811141967773,39861600,63.42844772338867,12895900,44.44677734375,20817400,207.32742309570312,3980700,42.38765335083008,7308000,297.0102233886719,48473300,12.539999961853027,0
2020-01-10,114.43429565429688,10190900,29.510469436645508,39730400,62.77101135253906,10062100,44.252899169921875,13777600,206.90866088867188,2248100,42.50978088378906,7686800,296.15557861328125,53029300,12.5600004196167,0
2020-01-13,115.38463592529297,12355200,29.782302856445312,37956100,63.879913330078125,16566300,43.924163818359375,25197600,209.55795288085938,3359200,42.97386932373047,8334200,298.1922912597656,47086800,12.319999694824219,0
2020-01-14,116.730224609375,24906000,30.003154754638672,66719300,64.87789154052734,24971800,41.55558395385742,56668300,209.94252014160156,4302800,43.03900909423828,9602000,297.7376403808594,62832800,12.390000343322754,0
2020-01-15,114.9809341430664,16293400,29.451005935668945,74745500,64.34723663330078,16063600,40.729530334472656,47148000,209.55795288085938,5411200,43.10414123535156,11342500,298.4105529785156,72056600,12.420000076293945,0
2020-01-16,115.42667388916016,10783800,29.49348258972168,50368500,64.15713500976562,10426000,41.51343536376953,37020200,213.41220092773438,3968400,45.95387649536133,34590700,300.8927917480469,54050300,12.319999694824219,0
2020-01-17,116.22560119628906,14697700,29.484981536865234,54156100,64.252197265625,12413100,41.454437255859375,29669200,213.19003295898438,3108400,46.8250732421875,15403900,301.8293762207031,95846000,12.100000381469727,0
2020-01-21,115.08183288574219,8474200,29.102725982666016,50811000,63.285865783691406,10522000,41.252132415771484,30858300,209.9767303466797,2492400,45.53049087524414,20833900,301.23834228515625,77742400,12.850000381469727,0
2020-01-22,114.94729614257812,7549100,29.18767547607422,38879700,63.44429016113281,8045600,40.93183517456055,20367700,211.13040161132812,2030900,45.48164749145508,10276800,301.2746276855469,48914900,12.90999984741211,0
2020-01-23,114.82955932617188,9345700,28.98380470275879,45717100,63.20667266845703,11618200,40.64523696899414,17297900,209.87416076660156,2806800,45.21294403076172,10064500,301.6202087402344,51963000,12.979999542236328,0
2020-01-24,111.97856903076172,15166400,28.491107940673828,47797200,62.11360168457031,15036100,40.09733581542969,21239600,206.7462615966797,2877400,44.41503143310547,9752000,298.9378662109375,87578400,14.5600004196167,0
2020-01-27,111.03666687011719,12860500,27.904977798461914,57096200,60.759178161621094,15859600,39.701171875,18156200,203.51588439941406,2506200,43.242557525634766,10649100,294.1460876464844,84062500,18.229999542236328,0
2020-01-28,113.05504608154297,13062800,28.236270904541016,38834600,61.17896270751953,10960200,39.92876434326172,16673300,207.31031799316406,3123000,43.983497619628906,9232900,297.228515625,63834000,16.280000686645508,0
2020-01-29,112.88688659667969,9326000,28.040895462036133,37414700,60.577030181884766,9478900,39.84447479248047,16166300,205.20799255371094,3711600,43.706668853759766,9027800,296.98297119140625,53888900,16.389999389648438,0
2020-01-30,114.28292846679688,9048900,28.440147399902344,50542800,61.32947540283203,12498200,40.38393020629883,14760200,208.6349639892578,3261700,44.10824203491211,8685900,297.94677734375,75491800,15.489999771118164,0
2020-01-31,111.31422424316406,12785200,27.887989044189453,54845300,59.328208923339844,17101200,39.566307067871094,23080400,203.18258666992188,3482800,42.82974624633789,11286900,292.5367126464844,113845600,18.84000015258789,0
2020-02-03,112.16360473632812,10021100,28.006919860839844,48485500,59.90228271484375,11096500,39.71803283691406,15471100,204.25936889648438,2733000,43.1083869934082,8375100,294.7099304199219,69083000,17.969999313354492,0
2020-02-04,113.77830505371094,9157100,28.559070587158203,45061600,60.99458694458008,12173200,39.83604049682617,14973300,206.7633819580078,3052500,44.272151947021484,9375100,299.20166015625,62573200,16.049999237060547,0
2020-02-05,115.71260070800781,10150700,29.484981536865234,54604800,62.8682861328125,13070400,40.72110366821289,20141800,208.78024291992188,3126600,45.0671272277832,8237500,302.6567077636719,65951100,15.149999618530273,0
2020-02-06,115.72941589355469,8992300,29.451005935668945,39511500,62.96395492553711,12826400,40.87443923950195,18259200,206.66085815429688,2225600,45.08350372314453,6976900,303.6752014160156,50359700,14.960000038146973,0
2020-02-07,115.35939025878906,6379800,29.400039672851562,31263000,62.74068832397461,8341700,40.75517654418945,13174600,203.39625549316406,3006500,45.09989547729492,7588000,302.05670166015625,64139400,15.470000267028809,0
2020-02-10,115.83873748779297,5960700,29.46799659729004,24373800,62.57328796386719,8418300,40.69554901123047,18124800,202.84930419921875,2591300,45.362159729003906,5115100,304.3115234375,42070000,15.039999961853027,0
2020-02-11,116.05744171142578,6578600,29.53595542907715,32476300,63.059654235839844,9437200,40.88296890258789,13686100,202.08013916015625,2238800,45.71455383300781,7120800,304.8389892578125,54864500,15.180000305175781,0
2020-02-12,116.05744171142578,7958000,29.663373947143555,36656700,63.25101089477539,9484100,40.71257400512695,16668100,203.95172119140625,2119200,46.042381286621094,7130000,306.80303955078125,43992700,13.739999771118164,0
2020-02-13,115.95648956298828,7447500,29.654882431030273,31775100,62.98787307739258,8946200,40.993709564208984,12530000,203.69537353515625,1461300,45.837501525878906,5718400,306.47564697265625,54501900,14.149999618530273,0
2020-02-14,115.603271484375,6627600,29.60390281677246,26447700,62.82046127319336,9056600,41.07890319824219,15526400,202.60997009277344,1718700,45.76373291015625,4579300,306.9665832519531,64582200,13.680000305175781,0
2020-02-18,114.07266998291016,8996400,29.11122703552246,40318000,61.855709075927734,10343500,40.031063079833984,22423800,199.30264282226562,2736500,45.50147247314453,6897800,306.1755676269531,57226200,14.829999923706055,0
2020-02-19,115.6285171508789,7071200,29.49348258972168,29632100,62.23042297363281,9145200,40.116249084472656,15602500,202.82362365722656,2207100,46.148921966552734,6075300,307.6394958496094,48814700,14.380000114440918,0
2020-02-20,115.6285171508789,7422800,29.60390281677246,42604100,62.36598205566406,11763400,40.3292236328125,15965500,198.8925018310547,3183700,44.050872802734375,58533500,306.3756408691406,74163400,15.5600004196167,0
2020-02-21,114.21562194824219,9772800,29.18767547607422,46675500,60.94675064086914,14020000,40.63590621948242,21729100,197.08921813964844,3081600,42.96087646484375,29536400,303.22052001953125,113788200,17.079999923706055,0
2020-02-24,111.14599609375,13618400,27.80303955078125,79159600,57.829254150390625,21096200,39.519920349121094,23075900,191.89321899414062,4139400,40.715301513671875,28670400,293.1640625,161088400,25.030000686645508,0
2020-02-25,106.18414306640625,20797200,26.401416778564453,91586800,55.35758590698242,27451000,38.4379997253418,31110100,185.97085571289062,5343100,39.363040924072266,25568400,284.2806396484375,218913200,27.850000381469727,0
2020-02-26,106.50371551513672,24825600,26.019163131713867,80012800,54.36094284057617,25552100,37.603126525878906,27372600,184.4068603515625,4171100,38.715599060058594,22286100,283.2349853515625,194773800,27.559999465942383,0
2020-02-27,102.07167053222656,23005500,24.744958877563477,121148300,51.38694763183594,34656800,36.18043899536133,41180000,175.78395080566406,5848200,37.215816497802734,26815200,270.5143127441406,284353500,39.15999984741211,0
2020-02-28,97.64802551269531,45931400,24.20979118347168,171198800,50.59760665893555,46013200,34.80035400390625,71703000,172.6283416748047,6727100,36.90439224243164,36978800,269.3778381347656,384975800,40.11000061035156,0
2020-03-02,102.19782257080078,27355400,24.948835372924805,147776300,53.890506744384766,29006400,36.00153350830078,44231200,180.10885620117188,5285500,38.09273910522461,23234100,281.0436706542969,238703600,33.41999816894531,0
2020-03-03,98.36287689208984,32547700,23.572694778442383,138698500,51.8653450012207,29547700,34.52774429321289,45091000,174.91546630859375,5677200,36.3880729675293,30206600,272.99664306640625,300139100,36.81999969482422,0
2020-03-04,100.79336547851562,25795900,24.116357803344727,111239800,53.731056213378906,24188500,35.2689094543457,33881500,179.481201171875,3520400,37.07649230957031,21938100,284.4715270996094,176613400,31.989999771118164,0
2020-03-05,95.84829711914062,25025600,22.893871307373047,110878700,50.621517181396484,27277600,33.13914489746094,45037900,170.92584228515625,4151500,34.90468978881836,23950200,275.01513671875,186366800,39.619998931884766,0
2020-03-06,90.89483642578125,38159400,21.979143142700195,119121200,48.85946273803711,29916600,31.59718894958496,56766500,165.8184814453125,5071900,34.29002380371094,30898400,270.4689025878906,228667200,41.939998626708984,0
2020-03-09,78.5826416015625,40352000,18.74766731262207,145196000,40.958065032958984,35625600,27.669904708862305,53277200,148.58746337890625,6443000,30.73317527770996,28177500,249.34674072265625,309417300,54.459999084472656,0
2020-03-10,84.68828582763672,31102700,20.183879852294922,134863600,44.31475830078125,32527500,29.88486099243164,40078700,158.50991821289062,6803900,32.37227249145508,27111000,262.2491455078125,276444100,47.29999923706055,0
2020-03-11,80.70195007324219,38127000,19.380285263061523,127347000,40.49563217163086,36709000,27.542118072509766,44769500,147.79640197753906,5314000,30.21685028076172,27376200,249.46495056152344,255316300,53.900001525878906,0
2020-03-12,74.0496826171875,49725200,17.53373146057129,139552600,34.49184036254883,45941600,23.171836853027344,68447600,129.5593719482422,8357700,25.660144805908203,27964600,225.59690856933594,392220700,75.47000122070312,0
2020-03-13,87.38788604736328,38543300,20.654062271118164,128357400,40.69495391845703,40519800,26.31536865234375,78365700,152.33633422851562,6368400,30.73317527770996,33305100,244.88230895996094,329566100,57.83000183105469,0
2020-03-16,74.31038665771484,38589700,17.473888397216797,121688800,32.84140396118164,35133800,22.57550048828125,57466700,132.98150634765625,6888000,25.93879508972168,26789900,218.08639526367188,297240000,82.69000244140625,0
2020-03-17,78.85176849365234,35239800,18.7904109954834,120065700,32.0919189453125,51650000,25.241973876953125,58112800,136.42941284179688,6876300,27.69263458251953,27047400,229.861328125,262070500,75.91000366210938,0
2020-03-18,70.55113983154297,41525600,17.773099899291992,148272500,29.046188354492188,48351400,23.95559310913086,51904100,120.39356994628906,9543200,25.201200485229492,27603000,218.22274780273438,327597100,76.44999694824219,0
2020-03-19,71.73695373535156,32175100,18.123598098754883,122461300,31.605566024780273,43397100,24.10041618347168,53123500,128.53619384765625,6548200,25.34052085876465,23929600,218.6864776611328,289322000,72.0,0
2020-03-20,70.22314453125,30150800,16.815622329711914,150910400,30.34581184387207,38163900,22.57550048828125,73915800,119.00924682617188,7561300,24.316082000732422,27472500,209.26239013671875,347158800,66.04000091552734,0
2020-03-23,66.46390533447266,32536600,15.456350326538086,181898500,28.21697425842285,33013300,21.510623931884766,47064100,116.05140686035156,5472600,22.791719436645508,26401000,203.9119110107422,326025200,61.59000015258789,0
2020-03-24,74.3692626953125,34363200,17.978271484375,147882400,32.4188346862793,34100600,24.637115478515625,48630300,132.07009887695312,6647400,27.225494384765625,25905500,222.38697814941406,235494500,61.66999816894531,0
2020-03-25,77.14453125,38111700,18.03811264038086,146991300,33.37560272216797,38211100,24.67971420288086,53341100,133.38563537597656,8587800,27.85654067993164,27198500,225.7161407470703,299430300,63.95000076293945,0
2020-03-26,82.51850891113281,29826300,19.423025131225586,116111400,36.69243240356445,31528600,26.32389259338379,45494700,142.55142211914062,6762200,29.26616668701172,26422500,238.89564514160156,257632800,61.0,0
2020-03-27,76.63995361328125,30041500,18.46555519104004,91522800,34.922401428222656,25484500,25.795711517333984,38942800,136.14569091796875,4186700,27.872928619384766,33375400,231.78001403808594,224341200,65.54000091552734,0
2020-03-30,78.63311767578125,21656900,18.841699600219727,80449100,35.14564514160156,27459000,25.489023208618164,41232800,137.2462615966797,4152800,28.55316162109375,18046400,239.30723571777344,171369500,57.08000183105469,0
2020-03-31,75.71484375,23379300,18.149246215820312,95213700,33.582908630371094,26219100,24.4497013092041,36920300,132.92132568359375,3588200,27.86473846435547,17122600,235.74024963378906,194881100,53.540000915527344,0
2020-04-01,70.9464111328125,28029600,16.90110969543457,83961300,30.704601287841797,29219500,22.63513946533203,48497400,124.92488861083984,4689100,25.91420555114746,23755100,225.1307830810547,189554600,57.060001373291016,0
2020-04-02,73.59555053710938,24018000,17.585025787353516,70007400,31.27866554260254,29532100,23.188875198364258,33113500,128.91452026367188,4446900,27.78278160095215,21656000,230.32574462890625,177660400,50.90999984741211,0
2020-04-03,71.42022705078125,21199400,17.123384475708008,68293500,29.89133644104004,25327100,22.345491409301758,32735800,126.33500671386719,2801600,27.741811752319336,16926500,226.99656677246094,135561200,46.79999923706055,0
2020-04-06,76.01728057861328,26820800,18.286029815673828,97766200,32.785587310791016,30064700,24.39006233215332,36056100,136.05111694335938,4689400,30.33159065246582,18788700,242.2430877685547,188061200,45.2400016784668,0
2020-04-07,77.01998138427734,22563800,18.927194595336914,94560300,32.88924026489258,35220700,24.50933265686035,39229900,142.7492218017578,4953500,30.27421760559082,19536700,242.49005126953125,201427200,46.70000076293945,0
2020-04-08,80.12999725341797,22903300,20.04709815979004,81212300,35.289154052734375,32944800,25.795711517333984,42213700,152.15576171875,5194800,32.265724182128906,15376700,250.63003540039062,153774500,43.349998474121094,0
2020-04-09,87.31877136230469,42055900,21.252487182617188,125275700,37.800689697265625,43637200,28.283273696899414,62462000,158.43252563476562,6445800,33.66716766357422,21902200,254.4440155029297,189999200,41.66999816894531,0
2020-04-13,83.43547821044922,26911900,20.448888778686523,83164700,37.21865463256836,27944300,26.77539825439453,36068900,154.06455993652344,4774300,32.43783187866211,13369900,252.12095642089844,114839100,41.16999816894531,0
2020-04-14,81.14968872070312,46151300,20.286462783813477,88991100,36.214046478271484,40466200,25.710519790649414,64267100,153.24771118164062,4149600,32.66731262207031,14471900,259.55670166015625,134143400,37.7599983215332,0
2020-04-15,77.14742279052734,30118600,18.969940185546875,99082200,34.17292404174805,32249000,24.22820281982422,41883900,153.49708557128906,6042700,31.47075653076172,15590100,254.04153442382812,121775000,40.84000015258789,0
2020-04-16,74.20734405517578,32449600,18.311674118041992,89213300,32.30720520019531,37756000,22.90774917602539,52962100,152.2245330810547,4662200,31.437978744506836,27913000,255.26719665527344,131798300,40.11000061035156,0
2020-04-17,80.8777847290039,30191900,19.901763916015625,92800300,36.237972259521484,41252900,24.17708969116211,46985000,157.7704620361328,5426700,32.0362548828125,25074500,262.16326904296875,146684800,38.150001525878906,0
2020-04-20,77.92918395996094,23679400,19.234954833984375,74446300,35.0898323059082,33471900,23.580759048461914,45441600,155.11355590820312,4674800,31.437978744506836,16573800,257.5445861816406,100109300,43.83000183105469,0
2020-04-21,75.66890716552734,23035000,18.499752044677734,78871300,33.14439010620117,35336200,22.86515235900879,41918700,149.44725036621094,3819000,30.28241729736328,14134900,249.72457885742188,126385700,45.40999984741211,0
2020-04-22,75.91534423828125,16662400,18.636531829833984,49669500,33.6785888671875,21888100,22.83107566833496,28043300,151.3131103515625,2314500,30.98723602294922,10449000,255.26719665527344,92951600,41.97999954223633,0
2020-04-23,75.95779418945312,16638800,18.696372985839844,50614800,33.854000091552734,23970700,22.601064682006836,38331500,150.51345825195312,2013300,30.70858383178711,8694800,255.2488250732422,104709700,41.380001068115234,0
2020-04-24,77.07943725585938,15809200,18.961393356323242,47633500,34.3642692565918,26282100,22.933305740356445,35135900,152.1901397705078,2024400,31.118356704711914,8567500,258.8067321777344,85063200,35.93000030517578,0
2020-04-27,80.40193939208984,22870200,20.064186096191406,66916700,37.122982025146484,30929200,24.2026424407959,39606100,157.8134307861328,2743100,32.216556549072266,11619400,262.538330078125,77896600,33.290000915527344,0
2020-04-28,80.97125244140625,20238900,20.42324447631836,65504900,37.6412467956543,28973300,24.594524383544922,35188000,160.7970428466797,3344700,32.88860321044922,12778400,261.3310241699219,105270000,33.56999969482422,0
2020-04-29,83.15506744384766,20462600,21.184099197387695,73493900,40.07305145263672,32941100,25.557174682617188,38515200,163.39373779296875,3086300,33.72361755371094,15880400,268.1722717285156,118745600,31.229999542236328,0
2020-04-30,81.3706283569336,19127600,20.56002426147461,55244100,38.717613220214844,28687000,24.747867584228516,29506100,157.71026611328125,2695400,32.59921646118164,13431700,265.6753234863281,122901700,34.150001525878906,0
2020-05-01,79.23778533935547,18547700,19.73078727722168,51772600,36.67900848388672,28078900,23.50408172607422,35197600,152.276123046875,2650200,31.74765968322754,12806200,258.64208984375,125180000,37.189998626708984,0
2020-05-04,78.2945785522461,15725900,19.602556228637695,45886100,36.356689453125,26340200,23.29962921142578,34343900,151.3561248779297,2990100,31.491365432739258,13985100,259.35546875,80873200,35.970001220703125,0
2020-05-05,78.17562866210938,18064100,19.371734619140625,45691900,35.41392135620117,27342900,22.422163009643555,56753400,153.30792236328125,3272600,31.400413513183594,8951200,261.7517395019531,79569900,33.61000061035156,0
2020-05-06,76.70556640625,20978000,19.106719970703125,53874600,34.6081428527832,25028000,21.81731414794922,57732900,152.12135314941406,2408700,30.838211059570312,7817800,259.9774475097656,73632600,34.119998931884766,0
2020-05-07,77.50431060791016,16771900,19.52561378479004,51884300,35.969913482666016,29849100,21.930309295654297,52387000,156.76446533203125,2480100,32.08662033081055,9348900,263.1144714355469,75250400,31.440000534057617,0
2020-05-08,78.77042388916016,20487800,20.149681091308594,45181000,37.32361602783203,22905200,22.104150772094727,53725300,159.4041290283203,2277500,33.13662338256836,12096400,267.468017578125,76452400,27.979999542236328,0
2020-05-11,76.45066833496094,31907600,19.3033390045166,68951800,35.510623931884766,34765200,21.53915786743164,51444200,157.48666381835938,2212200,32.92992401123047,10106400,267.52288818359375,79514200,27.56999969482422,0
2020-05-12,73.95242309570312,27962900,18.696372985839844,69588700,34.12468338012695,33328300,20.89594078063965,53560500,152.37071228027344,3549200,31.764188766479492,13605600,262.1907043457031,95870800,33.040000915527344,0
2020-05-13,71.4032211303711,35451600,17.841489791870117,112113400,32.714569091796875,35350600,19.58342170715332,90209900,147.71902465820312,3445300,30.581920623779297,11565900,257.55364990234375,144721100,35.279998779296875,0
2020-05-14,74.36878204345703,35152500,18.559593200683594,88359100,33.89100646972656,40976400,20.91332244873047,87965500,149.99755859375,4176700,31.259862899780273,14986600,260.6358642578125,121977900,32.61000061035156,0
2020-05-15,72.99224090576172,26099000,18.328765869140625,64484000,33.7781982421875,28494900,20.30487632751465,51616700,147.7791748046875,2867800,30.829952239990234,9175800,261.8340148925781,111146300,31.889999389648438,0
2020-05-18,76.8585205078125,30504400,19.602556228637695,86589400,36.799869537353516,39383300,22.086761474609375,55684400,156.38616943359375,4505800,33.301963806152344,14722400,269.8094482421875,119703800,29.299999237060547,0
2020-05-19,75.34599304199219,19597300,18.98703384399414,62179000,35.80070114135742,27271600,20.81770896911621,48234300,152.90382385253906,2210500,32.516544342041016,8895500,267.0381774902344,95189300,30.530000686645508,0
2020-05-20,77.60629272460938,20552400,19.58545684814453,59789500,36.638710021972656,23841300,21.31316566467285,45297100,156.0078125,2599900,33.94683837890625,12031600,271.57464599609375,85861700,27.989999771118164,0
2020-05-21,76.6205825805664,14621400,19.5769100189209,57726000,36.259986877441406,21698300,21.261011123657227,28376500,154.85562133789062,2153500,33.318511962890625,9654200,269.69970703125,78293900,29.530000686645508,0
2020-05-22,76.02578735351562,13557900,19.371734619140625,48107000,35.5348014831543,22631700,21.008934020996094,30415300,154.70947265625,2176400,33.177947998046875,6468900,270.2117919921875,63958200,28.15999984741211,0
2020-05-26,81.42159271240234,41233900,20.756654739379883,119485500,38.81431579589844,34429300,22.82559585571289,57720300,168.57855224609375,5971200,36.12122344970703,19709900,273.5409851074219,88951400,28.010000228881836,0
2020-05-27,86.13763427734375,39402000,22.20995330810547,117672700,42.10993576049805,43660500,24.294578552246094,61963000,180.27223205566406,8182100,38.74205780029297,25892400,277.61102294921875,104817400,27.6200008392334,0
2020-05-28,84.85452270507812,24713900,21.252487182617188,84340800,39.612030029296875,37972800,23.660043716430664,51490200,173.01524353027344,4886100,36.70822525024414,17615900,277.098876953125,90405200,28.59000015258789,0
2020-05-29,82.68772888183594,26526400,20.619871139526367,113811100,38.60480499267578,35873400,23.008132934570312,51336900,170.00437927246094,3822600,36.542877197265625,13102100,278.3335876464844,119090800,27.510000228881836,0
2020-06-01,83.78388214111328,15176800,21.038761138916016,58375500,39.845706939697266,22860100,23.547046661376953,34201700,172.9806365966797,2230800,36.956260681152344,8649500,279.4585876464844,55758300,28.229999542236328,0
2020-06-02,84.06427764892578,21195000,21.23538589477539,71118100,40.965728759765625,27651300,23.81650733947754,39058000,176.62318420410156,4128700,37.68380355834961,11179200,281.7724609375,74267200,26.84000015258789,0
2020-06-03,88.60184478759766,25941100,22.218507766723633,86744600,42.98017501831055,33341800,25.059480667114258,50814000,182.1864013671875,3471900,38.78340148925781,11253500,285.5223693847656,92567600,25.65999984741211,0
2020-06-04,90.44579315185547,26784700,23.05353546142578,94545300,44.84152603149414,33083500,26.26769256591797,61839200,185.86358642578125,3522300,40.25503158569336,15279600,284.77239990234375,75794400,25.809999465942383,0
2020-06-05,94.51600646972656,42231000,24.198461532592773,118767900,47.428077697753906,44648500,27.52805519104004,107651200,188.54574584960938,4737600,40.94951629638672,17976100,292.07098388671875,150524700,24.520000457763672,0
2020-06-08,96.40242004394531,24881800,24.568628311157227,79598500,49.345829010009766,32587100,28.962263107299805,69051300,191.046142578125,3260300,41.46210861206055,12150300,295.601318359375,73641200,25.809999465942383,0
2020-06-09,93.92970275878906,17031100,24.29315757751465,77773400,47.94377136230469,30422900,28.362503051757812,51480400,188.70143127441406,2478400,41.66880798339844,15090400,293.3971862792969,77479200,27.56999969482422,0
2020-06-10,90.12287902832031,24913300,22.898576736450195,90415300,45.010746002197266,36743700,25.824392318725586,82090000,184.7388153076172,3091200,40.25503158569336,14770900,291.75994873046875,95000800,27.56999969482422,0
2020-06-11,82.60273742675781,36259200,20.600112915039062,149875500,38.991580963134766,62098600,23.28628921508789,75621300,167.9624481201172,4923400,36.848785400390625,17961900,274.9402770996094,209243600,40.790000915527344,0
2020-06-12,84.86304473876953,24856800,21.331836700439453,73729700,42.10188674926758,39040000,24.31195640563965,51301200,174.58128356933594,3380800,38.26253890991211,14093100,278.2329406738281,194678900,36.09000015258789,0
2020-06-15,86.03565979003906,22153600,21.650346755981445,76538900,42.69009780883789,36592100,24.52056884765625,48311400,178.5006561279297,3467400,39.18851852416992,14758800,280.8304443359375,135782700,34.400001525878906,0
2020-06-16,86.72394561767578,22193600,22.20989990234375,96796500,43.87459182739258,37638700,24.790023803710938,52985600,181.3385467529297,3099100,40.147560119628906,13551500,286.2358093261719,137627500,33.66999816894531,0
2020-06-17,84.5316162109375,15639800,21.52121925354004,58349500,42.70621871948242,23727300,23.859968185424805,38660800,178.39686584472656,1798300,39.48615264892578,8674400,285.0467834472656,83398900,33.470001220703125,0
2020-06-18,84.07279968261719,16591900,21.55565643310547,53419000,42.73845291137695,22280600,23.946884155273438,33670200,176.36358642578125,2051700,39.33732986450195,9825200,285.15655517578125,80828700,32.939998626708984,0
2020-06-19,83.11257934570312,40371200,21.736433029174805,127563600,42.641754150390625,50379300,23.99034309387207,71903000,174.45155334472656,4962400,38.799930572509766,20962700,283.5269470214844,135549600,35.119998931884766,0
2020-06-22,82.21185302734375,16216900,21.1940975189209,55484300,41.94878005981445,22642100,23.773046493530273,32808300,176.000244140625,1806900,39.171974182128906,11657400,285.3457946777344,74649400,31.770000457763672,0
2020-06-23,83.21453094482422,15381400,21.340436935424805,46108300,42.66592788696289,22092600,23.66873550415039,47279100,177.17689514160156,2451800,39.593624114990234,9672600,286.6594543457031,68471200,31.3700008392334,0
2020-06-24,80.43592071533203,22919800,20.496810913085938,75437100,40.94156265258789,27207700,22.70391082763672,57380900,171.3280792236328,2756700,38.816463470458984,12806200,279.34710693359375,132813500,33.84000015258789,0
2020-06-25,83.24002838134766,25743600,21.280179977416992,65031900,42.448368072509766,28112400,23.79043197631836,45102200,179.18417358398438,3466500,40.337711334228516,15014300,282.34185791015625,89468000,32.220001220703125,0
2020-06-26,78.67694854736328,41896300,19.92864990234375,118139200,39.950462341308594,35426200,22.025915145874023,81172300,163.6883544921875,9530700,38.89915084838867,20082500,275.63580322265625,127961000,34.72999954223633,0
2020-06-29,79.02536010742188,18499700,20.13525390625,66269200,40.52255630493164,22578600,22.33884048461914,43769200,167.3914337158203,3736000,39.05623245239258,9380800,279.6869812011719,79773300,31.780000686645508,0
2020-06-30,79.92607879638672,19137000,20.445158004760742,61716200,41.17523193359375,23360400,22.251914978027344,46610000,170.98202514648438,3102800,39.932594299316406,11894300,283.2696838378906,113394800,30.43000030517578,0
2020-07-01,79.24627685546875,18755700,20.023344039916992,57379900,40.570899963378906,19206900,21.80861473083496,37509300,170.9387969970703,2620100,39.36213302612305,11363800,285.2538757324219,72396500,28.6200008392334,0
2020-07-02,79.50370025634766,27845600,20.049171447753906,56000200,40.7320556640625,22042700,22.025915145874023,37013300,170.79168701171875,2699400,39.51095199584961,7488800,286.8248596191406,69344200,27.68000030517578,0
2020-07-06,81.5114517211914,18625300,20.36768341064453,59589000,41.87626647949219,22613100,22.15630340576172,46983100,179.4091033935547,3567700,40.36251449584961,10649600,291.25262451171875,61713800,27.940000534057617,0
2020-07-07,79.21195220947266,25757200,19.808130264282227,60645800,40.54671859741211,21235300,21.261011123657227,36920500,172.4874725341797,2853500,39.2629280090332,8750700,288.2486267089844,82910000,29.43000030517578,0
2020-07-08,80.05281066894531,18762200,19.88560676574707,52922600,40.99796676635742,19115300,21.3392391204834,38413400,174.98794555664062,2789700,40.43693161010742,12322200,290.4533996582031,54638600,28.079999923706055,0
2020-07-09,78.31963348388672,25600800,19.60152816772461,79385900,39.845706939697266,24263900,20.89594078063965,38118900,170.2985382080078,3160100,39.27945327758789,9119900,288.7998046875,83354200,29.260000228881836,0
2020-07-10,82.60111999511719,28954200,20.67759132385254,81142900,42.4241943359375,28027800,22.138916015625,56483300,177.85174560546875,4414800,41.17274475097656,13386000,291.74871826171875,57550400,27.290000915527344,0
2020-07-13,83.7851791381836,32079200,20.82393455505371,73598100,42.061607360839844,27151800,22.086761474609375,51038800,180.72425842285156,4449600,41.51998519897461,14904000,289.2223815917969,102997500,32.189998626708984,0
2020-07-14,84.26567077636719,42731700,20.780893325805664,67423100,40.40975570678711,35814400,21.078475952148438,118952600,185.16273498535156,5202000,41.75148010253906,16075600,292.970458984375,93657000,29.520000457763672,0
2020-07-15,85.56986236572266,22508400,21.1768856048584,57384400,41.77151870727539,27676300,22.034610748291016,61714300,187.66319274902344,12516700,42.45423126220703,17424200,295.6620178222656,87196500,27.760000228881836,0
2020-07-16,85.81008911132812,16886900,20.600112915039062,78067100,41.46531295776367,18824000,22.130224227905273,48676800,185.7337646484375,5769600,43.52074432373047,25026800,294.68829345703125,54622500,28.0,0
2020-07-17,84.22276306152344,16137700,19.98891258239746,66659100,40.466156005859375,19747400,21.686925888061523,39184100,182.91322326660156,3614300,43.330596923828125,16263800,295.5426025390625,62774900,25.68000030517578,0
2020-07-20,83.48487854003906,14458100,20.29882049560547,61114000,40.40169143676758,23472600,21.356618881225586,38682200,183.17279052734375,2268700,42.87586212158203,10423600,297.9309997558594,56308800,24.459999084472656,0
2020-07-21,85.29529571533203,17798100,21.02192497253418,75499300,41.68288040161133,21943200,22.773447036743164,58395200,183.44097900390625,3393500,43.305782318115234,11951200,298.5649719238281,57292200,24.84000015258789,0
2020-07-22,84.6775131225586,14271200,20.927236557006836,52193700,41.6264762878418,17873400,22.82559585571289,41030500,178.23245239257812,4978400,42.16485595703125,13604000,300.2643737792969,57792900,24.31999969482422,0
2020-07-23,84.92633819580078,12870200,21.125228881835938,61047600,41.964900970458984,17090400,22.903827667236328,50791000,175.65414428710938,4088600,41.801082611083984,13527000,296.6816711425781,75738000,26.079999923706055,0
2020-07-24,84.32573699951172,12744200,20.961671829223633,50217600,41.63452911376953,16258900,22.82559585571289,39357000,174.3130645751953,3191500,41.486907958984375,6860800,294.7710266113281,73766600,25.84000015258789,0
2020-07-27,83.14165496826172,11959100,20.780893325805664,54721300,41.32832336425781,13991400,22.15630340576172,34761000,175.65414428710938,2601200,42.429420471191406,12087100,296.92059326171875,48293000,24.739999771118164,0
2020-07-28,83.50203704833984,11754300,20.970279693603516,48406500,41.312217712402344,13121400,22.191068649291992,30505200,174.44284057617188,2139600,41.55305480957031,7287900,295.03741455078125,57495000,25.440000534057617,0
2020-07-29,85.52696228027344,12743500,21.753650665283203,71393500,42.31943893432617,16991000,22.40837287902832,31442100,175.27346801757812,2635000,41.825889587402344,8074300,298.6659851074219,48454200,24.100000381469727,0
2020-07-30,83.24462127685547,14834800,21.383481979370117,61755900,40.989906311035156,24154600,21.426164627075195,51019200,172.63453674316406,3057900,40.751930236816406,9410100,297.600341796875,61861700,24.760000228881836,0
2020-07-31,82.91858673095703,14535000,21.417919158935547,61955800,40.70503616333008,22485800,21.087167739868164,45537900,171.2761993408203,2399700,40.693660736083984,9669900,299.9520568847656,84986800,24.459999084472656,0
2020-08-03,82.45526123046875,12962800,21.512615203857422,58284000,41.01432800292969,15856600,21.11324691772461,27863700,172.51344299316406,2294600,41.176517486572266,9912400,302.03729248046875,53077900,24.280000686645508,0
2020-08-04,81.98334503173828,13366200,21.529829025268555,37985300,40.81084442138672,16230800,21.052398681640625,28106900,174.46017456054688,1944700,41.01000213623047,6445200,303.2039794921875,41917900,23.760000228881836,0
2020-08-05,83.40765380859375,15260900,21.856950759887695,51322600,41.54338455200195,16412400,21.20885467529297,32935400,176.9519500732422,2232400,41.434593200683594,6636100,305.08721923828125,42697700,22.989999771118164,0
2020-08-06,83.43341064453125,10482100,21.925817489624023,51999700,41.421302795410156,11025000,21.1564884185791,44670300,176.7183074951172,1882400,41.168190002441406,5701100,307.1265563964844,43679400,22.649999618530273,0
2020-08-07,85.26954650878906,14743700,22.476760864257812,63354500,42.42244338989258,21499100,21.880908966064453,46272400,180.19647216796875,3075000,41.91746520996094,6225900,307.3470458984375,57308300,22.209999084472656,0
2020-08-10,86.35066223144531,14989900,22.8641414642334,64051100,43.024757385253906,16850400,21.5579776763916,50602600,181.15682983398438,2432800,42.10895538330078,6518300,308.2657165527344,44282100,22.1299991607666,0
2020-08-11,89.07913970947266,31518600,23.174053192138672,81441000,43.757293701171875,25256500,22.099105834960938,55000100,182.6103973388672,4042700,43.10797119140625,11792600,305.7210693359375,69601100,24.030000686645508,0
2020-08-12,88.32408905029297,19240800,23.010486602783203,61971300,43.423583984375,19337900,21.985647201538086,42868500,183.53616333007812,2439400,43.60747146606445,8949400,309.9834899902344,53774400,22.280000686645508,0
2020-08-13,87.83502197265625,13598600,22.683366775512695,55955500,43.04916763305664,13815300,21.837270736694336,27387800,180.30027770996094,2219900,43.44097137451172,5728700,309.4230651855469,41816100,22.1299991607666,0
2020-08-14,87.86933898925781,12134400,22.78666877746582,50931900,43.08173370361328,13861300,22.081649780273438,26743400,179.93692016601562,2287600,43.54087829589844,5782300,309.43231201171875,47260400,22.049999237060547,0
2020-08-17,85.55270385742188,14988000,22.295982360839844,57518700,41.85267639160156,19788700,21.35723304748535,36661700,175.69741821289062,3922600,42.691707611083984,7333000,310.415283203125,35481000,21.350000381469727,0
2020-08-18,84.36006927490234,13246500,21.977468490600586,45850100,40.973628997802734,17100800,20.981937408447266,29680700,174.1746368408203,3067900,42.39200210571289,6450000,311.08587646484375,38733900,21.510000228881836,0
2020-08-19,84.55740356445312,13533000,21.95164680480957,59856000,40.93293380737305,20837300,21.00811195373535,33667800,175.65414428710938,2458500,42.766639709472656,5957600,309.79058837890625,68054200,22.540000915527344,0
2020-08-20,83.54492950439453,13672600,21.607303619384766,49403700,40.355045318603516,15920900,20.72882080078125,36022100,174.64187622070312,1764200,42.2921028137207,5186300,310.7551574707031,42207800,22.719999313354492,0
2020-08-21,83.50203704833984,12228300,21.50400161743164,55010700,40.127140045166016,17416000,20.632810592651367,27198000,175.14361572265625,1780900,42.54185104370117,6408500,311.8575439453125,55106600,22.540000915527344,0
2020-08-24,85.85301208496094,17898300,22.11520767211914,54579500,41.55967712402344,19745100,21.374683380126953,36906700,179.39183044433594,3097400,43.59915542602539,7728500,315.0176696777344,48588700,22.3700008392334,0
2020-08-25,86.23052215576172,13648900,22.382070541381836,57304700,42.039886474609375,17244800,21.479421615600586,35077300,178.23245239257812,2627600,43.33274459838867,8425500,316.1199035644531,38463400,22.030000686645508,0
2020-08-26,85.02073669433594,12052400,22.0032958984375,39478000,41.38873291015625,14541600,20.981937408447266,28348200,179.28799438476562,2563200,43.04969024658203,5920800,319.289306640625,50790200,23.270000457763672,0
2020-08-27,87.81785583496094,22163900,22.425111770629883,52934800,42.09687042236328,19393500,21.46196746826172,36706600,181.8230743408203,3692400,43.79895782470703,8910100,319.98748779296875,58034100,24.469999313354492,0
2020-08-28,88.17822265625,13756700,22.640323638916016,46466400,42.552669525146484,16990300,21.549245834350586,25797300,179.7119598388672,3697400,44.03207015991211,8743800,322.0543518066406,48588900,22.959999084472656,0
2020-08-31,85.96453857421875,14219400,22.15825080871582,49416200,41.608497619628906,16280100,21.077943801879883,27615500,178.32791137695312,3046200,43.50757598876953,8026600,320.8876647949219,66099200,26.40999984741211,0
2020-09-01,85.92164611816406,11595600,22.13242530822754,46109200,41.673614501953125,16903400,20.990657806396484,30508800,178.84152221679688,2457000,43.773983001708984,5568800,323.9099426269531,54908700,26.1200008392334,0
2020-09-02,87.21725463867188,14475700,22.3992862701416,57300900,42.2840690612793,15348600,21.44451141357422,40334000,182.82814025878906,3565200,44.331783294677734,7547100,328.59503173828125,69540000,26.56999969482422,0
2020-09-03,86.94267272949219,23281200,22.24325180053711,86192500,41.91781234741211,25003200,21.40087127685547,42349300,180.66944885253906,3533500,43.91550827026367,11029600,317.2866516113281,148011100,33.599998474121094,0
2020-09-04,88.8217544555664,26325500,23.006080627441406,99621400,42.74801254272461,25124000,21.63652992248535,48745000,183.6115264892578,3668900,43.88220977783203,9413000,314.6960754394531,139156300,30.75,0
2020-09-08,85.73286437988281,22108600,22.087221145629883,74978600,41.54338455200195,28128600,20.920835494995117,49082900,176.2476043701172,4574700,41.76761245727539,10946600,306.09771728515625,114465300,31.459999084472656,0
2020-09-09,86.5479965209961,13434000,22.11322784423828,53822700,41.836402893066406,19193900,20.807373046875,49427900,176.02127075195312,4681400,42.508548736572266,8808100,312.142333984375,91462300,28.809999465942383,0
2020-09-10,85.6556396484375,15922800,21.79249382019043,56609600,41.470130920410156,22324400,20.903379440307617,54211700,174.0975799560547,2510300,41.86750793457031,8609100,306.72235107421875,90569500,29.709999084472656,0
2020-09-11,86.71957397460938,13784300,22.104555130004883,47708300,41.510833740234375,21033200,21.18267250061035,34861100,174.88966369628906,2376400,41.91746520996094,8969700,306.8785705566406,84680200,26.8700008392334,0
2020-09-14,87.92081451416016,19017400,22.321271896362305,47802400,39.19110107421875,58798300,21.653980255126953,49787100,175.25527954101562,2756900,42.5834846496582,8812200,310.9205322265625,65605700,25.850000381469727,0
2020-09-15,85.1837387084961,23683000,21.913856506347656,63820200,36.47254943847656,84689700,21.715076446533203,41954800,172.34800720214844,3717600,41.950767517089844,7660100,312.4913635253906,52920900,25.59000015258789,0
2020-09-16,85.54411315917969,19270600,22.19124412536621,64598600,37.45742416381836,45484600,22.43949317932129,51768200,174.6807861328125,3571400,42.5834846496582,8699700,311.2512512207031,82096000,26.040000915527344,0
2020-09-17,84.56597137451172,18290100,21.974531173706055,48862000,37.058597564697266,28741600,21.91581916809082,51531300,169.58868408203125,4274800,41.83420181274414,7533700,308.5137023925781,91523300,26.459999084472656,0
2020-09-18,84.38579559326172,20121600,21.853174209594727,94055800,36.513248443603516,33201700,21.933273315429688,115153200,169.6147918701172,9066300,41.69268798828125,10743900,304.96185302734375,105877900,25.829999923706055,0
2020-09-21,81.77742004394531,28378800,21.211706161499023,75218600,35.75628662109375,33469700,20.981937408447266,56188400,168.86619567871094,4871300,40.2607421875,12909900,301.5678405761719,99450800,27.780000686645508,0
2020-09-22,80.88510131835938,19257000,20.752281188964844,68665300,35.235374450683594,25799200,20.64154624938965,39839500,166.79454040527344,3355800,39.65300750732422,11164400,304.6391296386719,63612100,26.860000610351562,0
2020-09-23,79.57232666015625,19952700,20.162822723388672,59950300,34.063289642333984,28780200,19.925857543945312,45697700,162.00714111328125,3116100,38.64564514160156,8248100,297.5741882324219,93112200,28.579999923706055,0
2020-09-24,79.50370025634766,18366500,20.232173919677734,53570700,34.340030670166016,31259200,20.353515625,43329100,169.83241271972656,5114600,38.8038330078125,9832700,298.3674011230469,76681300,28.510000228881836,0
2020-09-25,80.19868469238281,13293100,20.362199783325195,42111300,34.20166778564453,26917200,20.632810592651367,30229900,169.6931610107422,3106000,39.16181945800781,9816000,303.1910705566406,71069400,26.3799991607666,0
2020-09-28,82.50674438476562,20894100,20.882305145263672,47996900,35.27606201171875,21204600,20.7899169921875,41103500,173.27932739257812,3280100,40.27738571166992,9466200,308.2268371582031,64584600,26.190000534057617,0
2020-09-29,81.81172943115234,12848200,20.604915618896484,45695200,34.52724838256836,20694300,20.3011531829834,38416300,171.2947235107422,2400000,39.32831954956055,11355600,306.5482482910156,51304000,26.270000457763672,0
2020-09-30,82.60111999511719,16400600,20.882305145263672,56226100,35.08885192871094,22533400,20.519351959228516,43071500,174.9332275390625,3075800,40.252418518066406,15047300,308.87249755859375,104081100,26.3700008392334,0
2020-10-01,83.20172119140625,15778700,20.890974044799805,44782200,35.35745620727539,21900500,20.562990188598633,38879800,172.8267364501953,2288700,39.344966888427734,25275400,310.85552978515625,88698700,26.700000762939453,0
2020-10-02,83.99113464355469,15149600,20.986326217651367,51682100,35.536529541015625,23899200,20.938291549682617,26238600,174.0018310546875,2541200,39.93605422973633,12681800,307.90399169921875,89431100,27.6299991607666,0
2020-10-05,85.76636505126953,13871900,21.341739654541016,44396800,36.5539436340332,24170600,21.339773178100586,22607500,175.65570068359375,2551600,40.46055603027344,19140100,313.36419677734375,45713100,27.959999084472656,0
2020-10-06,84.88306427001953,19220400,21.125022888183594,67541100,36.14697265625,29505900,21.104127883911133,30991300,175.0376434326172,2833100,39.74458312988281,22980200,308.9093322753906,90128900,29.479999542236328,0
2020-10-07,86.3638916015625,16358500,21.567115783691406,47648000,36.496978759765625,22135800,21.653980255126953,34647300,177.2225341796875,2326600,40.55213165283203,12019100,314.28643798828125,56999600,28.059999465942383,0
2020-10-08,88.1391372680664,15659000,21.879180908203125,52080600,36.39929962158203,28630700,22.081649780273438,26483400,181.0350341796875,2330600,40.79355239868164,23836600,317.07183837890625,45242500,26.360000610351562,0
2020-10-09,87.6368637084961,13689100,21.98320198059082,44511500,36.57023239135742,25595600,22.081649780273438,28211300,180.65200805664062,3040900,40.65203094482422,11381800,319.9033508300781,59528600,25.0,0
2020-10-12,88.710693359375,16058000,22.260591506958008,48362900,37.34347152709961,24070200,22.41331672668457,25855600,186.3795623779297,3474200,42.24213790893555,17615000,325.0498046875,80388500,25.06999969482422,0
2020-10-13,87.27314758300781,21697300,21.627796173095703,61186900,35.55280303955078,49899100,21.592884063720703,29939600,183.49838256835938,3317300,41.99238204956055,17448000,322.928466796875,73255500,26.06999969482422,0
2020-10-14,86.7882080078125,15204100,20.474889755249023,127409500,35.023746490478516,30260500,20.292423248291016,75388100,183.8639678955078,7550100,42.16722106933594,20330100,320.8994445800781,57727900,26.399999618530273,0
2020-10-15,88.08717346191406,17171200,20.934324264526367,66832400,35.49583435058594,26408000,20.03058624267578,60328600,181.57470703125,4325700,42.733333587646484,21059700,320.5028076171875,60357700,26.969999313354492,0
2020-10-16,87.90532684326172,13275000,21.012332916259766,58357700,35.153961181640625,25998000,19.952037811279297,43141200,179.4943389892578,3244500,43.16625213623047,16923300,320.3091735839844,89501900,27.40999984741211,0
2020-10-19,86.42449951171875,11725700,20.56157875061035,51377900,34.917930603027344,22793600,19.672740936279297,37423600,179.04168701171875,3235300,42.41697311401367,12677000,315.4394226074219,68425600,29.18000030517578,0
2020-10-20,86.91812133789062,11257100,20.925647735595703,62476400,35.42258071899414,21255900,19.908401489257812,34751200,181.07855224609375,3335500,42.849876403808594,11177600,316.7029113769531,60051900,29.350000381469727,0
2020-10-21,86.05211639404297,10730500,20.847633361816406,41564900,35.00746154785156,19816300,19.812387466430664,29528300,176.62185668945312,3083600,41.94243621826172,18583200,316.1033935546875,63575000,28.649999618530273,0
2020-10-22,89.0916976928711,14837200,21.55844497680664,55402000,35.77256774902344,21341200,20.292423248291016,32238300,178.78927612304688,2136900,43.09964370727539,13264400,317.8372802734375,55399300,28.110000610351562,0
2020-10-23,89.8970718383789,15087600,21.584455490112305,51007400,35.77256774902344,18486500,20.3186092376709,24558300,178.47592163085938,2110200,43.18288803100586,11538500,318.91644287109375,49143900,27.549999237060547,0
2020-10-26,87.6715087890625,12410700,21.27238655090332,59450200,35.21094512939453,24928100,19.812387466430664,34034100,175.08120727539062,3249700,41.892494201660156,15561400,313.02288818359375,91473000,32.459999084472656,0
2020-10-27,86.01750183105469,10391700,20.67426300048828,55009300,34.087711334228516,24251700,19.04433250427246,49636500,170.3285675048828,3430400,40.452232360839844,11593300,311.9438171386719,65994100,33.349998474121094,0
2020-10-28,83.6014175415039,16389500,20.344863891601562,81942500,33.477256774902344,27485000,18.48574447631836,54835900,165.1842041015625,4214600,39.60305404663086,13622800,301.2818908691406,127094300,40.279998779296875,0
2020-10-29,84.14696502685547,14208800,20.405546188354492,57490400,33.90864562988281,23351000,18.450830459594727,46184000,165.33221435546875,3581200,40.35786819458008,10887800,304.3439636230469,90597700,37.59000015258789,0
2020-10-30,84.90040588378906,15194500,20.54423713684082,66453400,34.13113021850586,26962800,18.721397399902344,34592400,164.5487823486328,3658800,40.38304138183594,14907400,301.1711730957031,120287300,38.02000045776367,0
2020-11-02,86.81419372558594,15011600,20.873638153076172,59756400,34.78211975097656,24310800,19.11415672302246,38401200,165.55850219726562,2459600,41.414634704589844,16337800,304.5468444824219,86068300,37.130001068115234,0
2020-11-03,89.55069732666016,17482600,21.402414321899414,65106200,35.86983108520508,29985200,19.279991149902344,38427000,172.2870635986328,4545500,42.92427444458008,13142200,309.9239807128906,93294200,35.54999923706055,0
2020-11-04,86.81419372558594,18886500,20.526899337768555,88845500,34.67499923706055,25956400,19.09670066833496,47203200,172.23483276367188,3868500,43.133941650390625,17378000,316.8504943847656,126959700,29.56999969482422,0
2020-11-05,90.36469268798828,17837400,21.333070755004883,74722600,35.490779876708984,24945100,19.578935623168945,38319700,176.66542053222656,2892800,43.77974319458008,9444300,323.0299377441406,82039700,27.579999923706055,0
2020-11-06,89.1609878540039,12552800,21.07301139831543,55454500,35.194122314453125,17705200,19.210681915283203,29502900,175.1855926513672,2475100,43.36040115356445,6453900,322.9561767578125,74973000,24.860000610351562,0
2020-11-09,101.23271942138672,47792400,24.063631057739258,178378800,39.25657653808594,56895200,21.236093521118164,102118900,187.08457946777344,6960500,46.983543395996094,24243300,327.01434326171875,172304200,25.75,0
2020-11-10,100.90363311767578,20539300,23.97694969177246,77694600,39.264827728271484,33275800,21.20979118347168,49029100,189.2955780029297,4166500,46.75709533691406,15502900,326.53472900390625,85552000,24.799999237060547,0
2020-11-11,99.3968505859375,14443400,23.699556350708008,48360900,40.31956100463867,29719600,21.20979118347168,38309200,189.8004150390625,2680700,47.251930236816406,9731600,328.9604187011719,58649000,23.450000762939453,0
2020-11-12,98.17581176757812,22063000,23.1361083984375,67912600,39.7839469909668,28457400,20.876598358154297,34505900,186.71900939941406,3005500,46.589359283447266,9889500,325.7691650390625,67546200,25.350000381469727,0
2020-11-13,98.7906723022461,11847900,23.40482521057129,52421000,40.09707260131836,18632500,21.104570388793945,30056100,190.6969451904297,2832100,47.478370666503906,9919100,330.2793273925781,62892200,23.100000381469727,0
2020-11-16,101.57910919189453,19858600,23.9075984954834,57396700,41.5308837890625,26699400,21.832313537597656,36954800,193.56942749023438,3004700,48.736419677734375,12201400,334.40203857421875,74541100,22.450000762939453,0
2020-11-17,100.54859161376953,14553200,23.8815975189209,46402300,41.80281066894531,18970000,21.95506477355957,29490400,195.54530334472656,2722900,49.323486328125,9599100,332.6035461425781,66111000,22.709999084472656,0
2020-11-18,99.80384826660156,12571200,23.38749122619629,54416700,42.066497802734375,25824000,21.97260284423828,44318300,195.24066162109375,2856200,49.323486328125,11536700,328.6007080078125,70591300,23.84000015258789,0
2020-11-19,100.07230377197266,10202500,23.38749122619629,46423000,42.96469497680664,20262400,22.937084197998047,44560000,195.47569274902344,1505200,49.17253112792969,7220200,329.9841613769531,59940900,23.110000610351562,0
2020-11-20,99.2149887084961,12718900,23.24012565612793,40538000,42.5609130859375,15471100,22.340858459472656,38469100,194.41375732421875,1848100,48.48480987548828,7739900,327.72442626953125,70417300,23.700000762939453,0
2020-11-23,102.07271575927734,13209200,23.742897033691406,45421200,43.92055892944336,28923200,23.05984115600586,40691400,199.1837921142578,3371300,50.54798889160156,12647400,329.6889953613281,63230600,22.65999984741211,0
2020-11-24,106.79226684570312,20121600,25.121183395385742,80387800,47.01889419555664,32890900,25.085243225097656,80523400,206.7305450439453,3915200,53.340824127197266,22357700,335.00152587890625,62415900,21.639999389648438,0
2020-11-25,105.6751708984375,11715600,25.164525985717773,57249900,47.01889419555664,28250500,25.067707061767578,38875500,205.89492797851562,2272800,53.24018859863281,11509700,334.4849853515625,45330900,21.25,0
2020-11-27,104.97371673583984,5983600,25.129852294921875,25971600,46.6975212097168,14267100,24.953720092773438,20281400,204.90261840820312,1050400,53.54212188720703,5581500,335.41656494140625,28514100,20.84000015258789,0
2020-11-30,102.08135986328125,14411800,24.410369873046875,63567900,45.379093170166016,23359300,23.980470657348633,48211000,200.70704650878906,2705400,51.856346130371094,15610700,333.9316101074219,83872700,20.56999969482422,0
2020-12-01,103.69208526611328,12668900,24.869794845581055,50255100,45.70870590209961,23497900,24.603002548217773,41924200,203.1138458251953,2577600,53.07244873046875,15857200,337.5839538574219,74231400,20.770000457763672,0
2020-12-02,105.68382263183594,10811300,25.19053077697754,45257500,47.134254455566406,26796800,25.313213348388672,35508000,207.98863220214844,2136300,53.693077087402344,10790700,338.2941589355469,45927000,21.170000076293945,0
2020-12-03,104.99105072021484,12904400,25.216697692871094,54013700,46.62335968017578,18776100,25.56748390197754,41264600,206.08074951171875,2142600,53.726627349853516,11757900,338.2020263671875,62882000,21.280000686645508,0
2020-12-04,105.94361877441406,13583700,25.548152923583984,66188200,48.304386138916016,24696000,25.90943145751953,47168800,209.6777801513672,2373000,54.51499938964844,10169700,341.1164855957031,50749900,20.790000915527344,0
2020-12-07,105.54527282714844,9724300,25.373703002929688,42197800,47.90060043334961,21280900,25.725305557250977,31713000,208.6887969970703,1788600,53.894371032714844,10402100,340.41552734375,48944300,21.299999237060547,0
2020-12-08,105.64920043945312,9592100,25.234140396118164,33869100,48.09012985229492,15511700,25.37458610534668,32209500,209.03012084960938,1371800,53.60082244873047,6386200,341.4115905761719,42458900,20.68000030517578,0
2020-12-09,104.8265151977539,13073900,25.12074851989746,54886300,48.576297760009766,27278200,25.47103500366211,35276000,212.51336669921875,3552300,53.986629486083984,10145500,338.3495178222656,74098300,22.270000457763672,0
2020-12-10,104.15105438232422,13668400,25.391149520874023,58859600,49.85354232788086,25866600,25.856826782226562,31730200,213.8961639404297,2541700,54.04533386230469,8888000,338.2388000488281,57735400,22.520000457763672,0
2020-12-11,103.53620910644531,9981600,24.920129776000977,40538400,48.55982208251953,20960000,25.49734115600586,29779100,210.0365753173828,2077300,53.10600280761719,9034200,337.84222412109375,57698600,23.309999465942383,0
2020-12-14,102.44508361816406,12112400,24.61484146118164,40267100,48.403263092041016,19688300,25.11154556274414,28378000,208.1111602783203,1927800,51.898284912109375,10236600,336.32958984375,69216200,24.719999313354492,0
2020-12-15,104.19434356689453,12590200,24.981191635131836,43672700,49.16959762573242,16044400,26.067256927490234,38866200,212.1720428466797,2348000,53.634376525878906,9718800,340.87664794921875,63865300,22.889999389648438,0
2020-12-16,104.4974365234375,11169400,25.05097007751465,42463200,49.23552322387695,14988300,25.997116088867188,35204800,213.34478759765625,2400900,53.86922073364258,8806400,341.4115905761719,58420500,22.5,0
2020-12-17,103.6314697265625,11618000,25.14691925048828,43182700,49.48273468017578,18229900,25.83928871154785,42870500,213.92237854003906,2983600,54.23823928833008,7197500,343.32073974609375,64119500,21.93000030517578,0
2020-12-18,103.12055206298828,28954800,25.00735855102539,82817200,48.66694641113281,28712700,25.435964584350586,53716400,211.90945434570312,4088100,53.827266693115234,15499800,341.949951171875,136542300,21.56999969482422,0
2020-12-21,106.991455078125,28323600,25.940664291381836,93397400,50.45508575439453,31906100,25.90943145751953,52731600,224.90603637695312,7408500,56.88850402832031,14787800,340.727294921875,96386700,25.15999984741211,0
2020-12-22,105.36341857910156,11788200,25.47836685180664,39054300,48.83174514770508,17851600,25.392120361328125,25655900,218.8759765625,3599800,55.89046096801758,9807000,340.1529846191406,47949000,24.229999542236328,0
2020-12-23,108.30772399902344,14973200,26.211061477661133,52537200,50.084266662597656,16579100,26.61087417602539,38383700,224.4421844482422,3376100,57.20720672607422,8772500,340.4585876464844,46201400,23.309999465942383,0
2020-12-24,107.83143615722656,4164900,26.132556915283203,22632300,49.911224365234375,6824400,26.163707733154297,14443700,224.18838500976562,968100,57.1065559387207,3126700,341.7831726074219,26457900,21.530000686645508,0
2020-12-28,108.54156494140625,8072600,26.280841827392578,32861200,50.3726806640625,14414600,26.242618560791016,21658500,227.19027709960938,2793400,57.072998046875,7417100,344.7193603515625,39000400,21.700000762939453,0
2020-12-29,108.25577545166016,8389200,26.17617416381836,33291900,50.1913948059082,10800400,26.111099243164062,19584400,225.80752563476562,1430900,56.78785705566406,4701300,344.0617370605469,53680500,23.079999923706055,0
2020-12-30,108.55887603759766,7398000,26.15000343322754,26370100,50.15019226074219,10770700,26.084796905517578,18519300,227.06777954101562,1566500,56.89688491821289,5283200,344.5526428222656,49455300,22.770000457763672,0
2020-12-31,110.0396957397461,8580200,26.437847137451172,28716000,50.809425354003906,12500700,26.461814880371094,21081200,230.79605102539062,2043100,57.4755859375,5297400,346.30322265625,78520700,22.75,0
2021-01-04,109.00051879882812,16819900,26.193613052368164,51483900,49.55689239501953,21286200,26.040956497192383,31421600,231.92506408691406,3572000,57.307861328125,14014600,341.5887451171875,110210800,26.969999313354492,0
2021-01-05,109.59364318847656,13731200,26.394227981567383,48507000,50.84237289428711,20213100,26.768701553344727,37360000,237.11488342285156,4207100,58.28072738647461,11120400,343.9413146972656,66426200,25.34000015258789,0
2021-01-06,114.73970031738281,24909100,28.042783737182617,107002800,53.76765823364258,38106600,28.662586212158203,73507500,249.91017150878906,6383500,61.79484939575195,18334300,345.9975891113281,107997700,25.06999969482422,0
2021-01-07,118.50767517089844,21940400,28.662078857421875,74358500,54.40216064453125,24161000,29.31142234802246,50634100,255.24880981445312,4009700,62.85160827636719,13530400,351.13824462890625,68766800,22.3700008392334,0
2021-01-08,118.63851165771484,12035100,28.37423324584961,44641400,53.86655044555664,20747800,29.100990295410156,32324700,253.8748016357422,2800800,63.111595153808594,12896700,353.1390075683594,71677200,21.559999465942383,0
2021-01-11,120.40911102294922,15937900,28.845243453979492,51868200,54.74825668334961,20454000,29.14483070373535,33739300,257.1567077636719,2649700,63.79094314575195,9077500,350.758544921875,51034700,24.079999923706055,0
2021-01-12,122.30179595947266,18033500,29.359878540039062,68166200,54.937774658203125,20162800,29.75858497619629,59146400,264.4908447265625,4814400,63.5728759765625,11831100,350.8325500488281,52547700,23.329999923706055,0
2021-01-13,122.41519165039062,14816800,29.185420989990234,43172800,55.09434127807617,18541900,29.63582992553711,35734800,265.1297302246094,2413800,63.3715934753418,9852200,351.77734375,45303600,22.209999084472656,0
2021-01-14,123.1303482055664,18565600,29.64771842956543,48483500,56.866004943847656,29108900,30.46879005432129,55856900,269.4443664550781,3192200,64.13479614257812,9854300,350.54541015625,49989100,23.25,0
2021-01-15,120.9236831665039,27881000,28.792911529541016,57684300,52.927162170410156,38295300,28.09266471862793,91993100,263.4405517578125,3863700,63.103214263916016,12882600,347.989013671875,107160000,24.34000015258789,0
2021-01-19,120.40036010742188,19843800,28.58357048034668,78130200,52.482181549072266,27022400,28.60997772216797,43806800,257.4806213378906,6727800,62.8935432434082,14897700,350.721435546875,51233300,23.239999771118164,0
2021-01-20,118.59485626220703,16028800,28.208511352539062,53920000,52.11960983276367,17448900,28.460918426513672,29949800,254.21612548828125,4792600,62.76773452758789,16133000,355.5749816894531,61836100,21.579999923706055,0
2021-01-21,117.60054016113281,13411700,27.711328506469727,49626600,50.98245620727539,19394600,28.057594299316406,28240600,253.25340270996094,2516000,62.65031051635742,13591300,355.89910888671875,47840100,21.31999969482422,0
2021-01-22,116.69345092773438,12933200,27.519433975219727,45314500,50.53749465942383,24740400,27.969913482666016,24476100,253.2709197998047,2568800,62.17227554321289,15460000,354.6394348144531,52860500,21.90999984741211,0
2021-01-25,115.2368392944336,14212800,27.179256439208984,48078400,49.902976989746094,25754100,28.26802635192871,28515500,247.71351623535156,4575000,60.70456314086914,15933100,356.0380859375,70402000,23.190000534057617,0
2021-01-26,114.76587677001953,11307800,26.987363815307617,36373000,50.1913948059082,18760900,27.513975143432617,28026500,246.5931854248047,3296800,59.72327423095703,10899700,355.4823303222656,42665300,23.020000457763672,0
2021-01-27,111.52122497558594,17603900,26.019166946411133,63809200,48.94710922241211,24657200,26.453052520751953,45074900,239.21539306640625,3891800,57.383323669433594,17002600,346.794189453125,123351100,37.209999084472656,0
2021-01-28,113.48371124267578,13761800,26.446565628051758,51223300,49.721702575683594,19986200,27.014204025268555,28770200,240.69442749023438,3778700,58.437076568603516,14986200,349.7767333984375,94198100,30.209999084472656,0
2021-01-29,112.22771453857422,14808100,25.862159729003906,64019100,48.19256591796875,27078300,26.198772430419922,39500800,237.3249969482422,3412000,56.52347183227539,17566100,342.7742614746094,126765100,33.09000015258789,0
2021-02-01,113.0562973022461,11080700,26.132556915283203,40985300,48.55823516845703,16073000,26.295223236083984,23713400,240.44058227539062,2324100,57.04611587524414,11961600,348.4799499511719,75817600,30.239999771118164,0
2021-02-02,116.53644561767578,12253600,27.065868377685547,53527000,49.513938903808594,18693400,26.961589813232422,25302900,251.15298461914062,5195500,59.81117248535156,13893900,353.40753173828125,64450700,25.559999465942383,0
2021-02-03,117.87095642089844,10600800,27.54559898376465,49404900,50.77713394165039,18730600,27.7945613861084,28507800,252.5357208251953,2712800,59.51612854003906,8014300,353.6854248046875,52427100,22.90999984741211,0
2021-02-04,120.5835189819336,12419500,28.348066329956055,51751900,51.865806579589844,16612900,28.726905822753906,30825400,257.08673095703125,2994700,60.940818786621094,8889400,357.7052307128906,47142600,21.770000457763672,0
2021-02-05,120.34801483154297,10051300,28.234676361083984,42008800,52.00708770751953,13493800,28.63894271850586,24908100,256.8679504394531,2938100,61.72481155395508,8832200,359.1131286621094,48669800,20.8700008392334,0
2021-02-08,122.23200988769531,10136400,28.86269187927246,46014100,52.89631271362305,15055400,29.377788543701172,29223800,262.68798828125,2826200,62.57624435424805,9018100,361.7066955566406,38365200,21.239999771118164,0
2021-02-09,121.74358367919922,8614800,28.740575790405273,35868600,52.45585632324219,12336900,29.2546443939209,23539800,262.9591979980469,2071700,62.58466720581055,7429900,361.4659118652344,35551100,21.6299991607666,0
2021-02-10,121.8133316040039,10323200,28.766746520996094,45031900,52.87137985229492,12680700,29.201873779296875,22687000,266.3024597167969,3213700,62.6605224609375,7465900,361.3083801269531,59154400,21.989999771118164,0
2021-02-11,121.47317504882812,9201000,28.679521560668945,29479900,52.52233123779297,12108300,28.779680252075195,22393200,264.587158203125,2159900,62.14630889892578,6972900,361.891845703125,42913300,21.25,0
2021-02-12,123.20014190673828,8324600,29.106922149658203,37468300,52.87968063354492,12174600,29.492136001586914,34473100,268.087890625,1977300,62.89656448364258,7281200,363.6795959472656,50593300,19.969999313354492,0
2021-02-16,126.16568756103516,12130600,29.891952514648438,52802600,53.28690719604492,19065400,30.60039710998535,36468200,273.02392578125,2792200,64.11050415039062,8550600,363.3646545410156,50972400,21.459999084472656,0
2021-02-17,126.55819702148438,10810100,30.014060974121094,45455300,53.81877517700195,20279600,32.18362808227539,80157700,273.7065124511719,2333100,63.60469436645508,7807200,363.4480285644531,52290600,21.5,0
2021-02-18,126.9855728149414,10587800,29.82216453552246,37541700,52.755027770996094,14833200,32.509071350097656,43334700,271.22100830078125,2093300,63.08204650878906,7155800,361.9011535644531,59712800,22.489999771118164,0
2021-02-19,129.1050262451172,11969800,30.127460479736328,54514100,54.66644287109375,20456200,33.27430725097656,39023000,276.22711181640625,2749500,64.068359375,7685300,361.2620849609375,83241000,22.049999237060547,0
2021-02-22,130.3173828125,11488400,30.659526824951172,56783400,54.450374603271484,23120700,32.77294921875,34690000,277.321044921875,3162300,65.24858856201172,11193700,358.4832763671875,67414200,23.450000762939453,0
2021-02-23,131.36404418945312,16234400,30.982254028320312,67440700,55.46426010131836,26712100,32.66739273071289,36792500,279.3689880371094,2942500,65.33284759521484,12174600,358.91864013671875,107284100,23.110000610351562,0
2021-02-24,133.67543029785156,15061400,31.73238754272461,58139500,57.010013580322266,20752900,33.678916931152344,42764300,289.3724365234375,3934400,67.33920288085938,12681500,362.87371826171875,72433900,21.34000015258789,0
2021-02-25,131.86122131347656,18127700,31.33987808227539,74762000,56.02104949951172,25206100,33.03681945800781,37233100,286.8519287109375,4244000,66.11685180664062,11674600,354.13006591796875,146670500,28.889999389648438,0
2021-02-26,128.3636474609375,19829200,30.275737762451172,70933300,54.74955368041992,24182200,31.8142032623291,39468000,279.6053466796875,3732200,64.80176544189453,30392200,352.30523681640625,152701600,27.950000762939453,0
2021-03-01,131.2681121826172,14845500,31.217763900756836,45901700,57.79118347167969,28054600,32.6234130859375,28066100,289.87652587890625,2957800,66.73223876953125,11450000,360.8453063964844,105348800,23.350000381469727,0
2021-03-02,130.8407440185547,14221700,30.990982055664062,41167400,57.26763916015625,19200600,32.66739273071289,19701200,290.7727355957031,2850300,68.1063461303711,11955500,358.0295104980469,79595300,24.100000381469727,0
2021-03-03,133.37014770507812,14324100,31.76728630065918,66047000,58.4892692565918,25157600,33.151161193847656,35365100,293.8391418457031,3606300,69.17696380615234,13053000,353.287109375,119940200,26.670000076293945,0
2021-03-04,131.32049560546875,20093900,31.995189666748047,96512800,58.01557922363281,28518400,32.68498611450195,42932500,289.322998046875,3647600,68.3760986328125,15809900,348.91522216796875,183433000,28.56999969482422,0
2021-03-05,131.62576293945312,18465100,32.37211990356445,74292300,58.3646240234375,25406800,32.92247772216797,34558300,287.6360168457031,3740200,68.17378234863281,16362500,355.3341064453125,152039600,24.65999984741211,0
2021-03-08,133.37014770507812,17133300,32.54743957519531,65335500,60.01840591430664,27351100,34.01314163208008,38255200,293.6282653808594,2998000,68.36766815185547,10151900,353.5650634765625,123149200,25.469999313354492,0
2021-03-09,132.42816162109375,16238800,31.837404251098633,63946000,58.996219635009766,24194900,33.53818130493164,35854100,290.4651184082031,3324800,68.15693664550781,11588700,358.6130065917969,113633600,24.030000686645508,0
2021-03-10,135.30648803710938,14342200,32.75782012939453,53365600,61.2899169921875,21331100,34.813560485839844,38437200,300.50787353515625,3153100,70.04525756835938,10775800,360.8453063964844,109899400,22.559999465942383,0
2021-03-11,134.59999084472656,11771500,32.64385986328125,45834000,60.92424392700195,17499200,34.19784927368164,30598700,300.5781555175781,2756600,70.18014526367188,8951500,364.5038757324219,86245000,21.90999984741211,0
2021-03-12,136.1961212158203,12849500,33.25746154785156,46069600,62.47832107543945,17210600,35.156593322753906,28754000,306.4737548828125,2436700,71.09901428222656,8691300,364.99481201171875,64653600,20.690000534057617,0
2021-03-15,135.5158233642578,12101100,33.090919494628906,50131600,61.68050003051758,18918100,34.91910934448242,25892200,304.0487976074219,2276200,70.69436645507812,9018400,367.1714172363281,73427200,20.030000686645508,0
2021-03-16,133.8935089111328,12805600,32.99449920654297,50300400,60.94086456298828,15834800,34.61125183105469,24668300,300.2355651855469,2332600,69.58160400390625,9472000,366.7083435058594,73722500,19.790000915527344,0
2021-03-17,135.2716064453125,13952400,33.266231536865234,63796000,61.165245056152344,19337500,35.042240142822266,33537000,303.082275390625,2710900,70.69436645507812,8049300,367.95880126953125,97959300,19.229999542236328,0
2021-03-18,137.50445556640625,21898500,34.13404846191406,95439700,61.364715576171875,23857900,35.89543533325195,57420600,305.7620544433594,3713000,70.7618179321289,10227400,362.60516357421875,115349100,21.579999923706055,0
2021-03-19,135.315185546875,54418800,33.77464294433594,106252700,60.6749267578125,24079400,34.8575325012207,60291800,302.4233093261719,3513000,69.91881561279297,11557600,361.9341735839844,113624500,20.950000762939453,0
2021-03-22,131.67807006835938,19944800,33.01202392578125,54701300,59.80233383178711,15040000,34.27701950073242,32206000,298.1443786621094,2094500,69.05894470214844,7169900,364.82421875,73778600,18.8799991607666,0
2021-03-23,130.36105346679688,17076300,32.345821380615234,49838000,58.929725646972656,16238700,33.63493728637695,32494400,291.5019836425781,2457500,66.69853973388672,10235500,361.95269775390625,90686600,20.299999237060547,0
2021-03-24,131.372802734375,13079800,32.345821380615234,43896800,58.23997116088867,17089600,33.52937316894531,24201700,288.7605895996094,3332200,66.87556457519531,8459000,360.1127624511719,97588600,21.200000762939453,0
2021-03-25,133.05615234375,15608300,33.01202392578125,47517900,59.60287857055664,18357300,34.5672721862793,28773000,290.42999267578125,2804700,67.54996490478516,11363800,362.138671875,116128600,19.809999465942383,0
2021-03-26,135.2716064453125,16754400,33.9061279296875,66846000,60.68323516845703,15716600,34.97188186645508,29156100,287.65350341796875,3082600,67.42351531982422,11107400,367.9744873046875,114409100,18.860000610351562,0
2021-03-29,133.16957092285156,17570300,33.581809997558594,45680000,59.486541748046875,17822300,33.81084060668945,38426900,286.1950378417969,4533200,65.65319061279297,21931700,367.7886657714844,108107600,20.739999771118164,0
2021-03-30,134.7395477294922,13184300,34.177879333496094,56705900,60.63337707519531,15615900,34.64644241333008,36134200,291.7127990722656,2717300,66.67324829101562,12063000,366.8128356933594,76262200,19.610000610351562,0
2021-03-31,132.77706909179688,16736700,33.9149055480957,49270000,60.45886993408203,15224800,34.36497116088867,25832800,287.3109130859375,2624500,65.46774291992188,12085500,368.2997131347656,112734200,19.399999618530273,0
2021-04-01,134.0679473876953,16561500,34.61618423461914,65587000,60.78296661376953,15251300,34.8575325012207,22706900,287.87322998046875,2659000,65.93981170654297,13195600,372.2770080566406,99682900,17.329999923706055,0
2021-04-05,134.77859497070312,13508000,34.88790512084961,50328500,60.45886993408203,16128400,34.72560119628906,21293400,284.2708740234375,3235000,65.75437927246094,10458800,377.6203308105469,91684800,17.90999984741211,0
2021-04-06,133.8310546875,13071600,34.7914924621582,42590100,60.334190368652344,12908400,35.05104446411133,20969600,287.3636779785156,1801700,66.67324829101562,9445000,377.3973388671875,62021000,18.1200008392334,0
2021-04-07,135.92791748046875,16903500,35.107051849365234,43136400,60.409000396728516,14081400,35.17418670654297,19393200,286.91558837890625,2157300,66.63109588623047,8329300,377.8341064453125,55836300,17.15999984741211,0
2021-04-08,136.09461975097656,12335500,34.80025100708008,45285900,60.10981369018555,13677100,35.20936965942383,20845000,290.9484558105469,2402800,67.60895538330078,9352700,379.6275939941406,57863100,16.950000762939453,0
2021-04-09,137.11233520507812,12122400,35.05445861816406,45872900,60.184600830078125,14586400,35.62277603149414,28363600,290.6585388183594,2347100,68.0473403930664,10693500,382.3874206542969,61104600,16.690000534057617,0
2021-04-12,136.82281494140625,12273400,35.115821838378906,45544600,60.409000396728516,12002400,35.860252380371094,21093000,291.5635070800781,2318800,67.59211730957031,8939700,382.52691650390625,56704900,16.90999984741211,0
2021-04-13,135.19093322753906,16113600,34.46715545654297,46770400,59.88544464111328,16150000,34.998260498046875,29333200,287.9083251953125,3575900,67.04418182373047,7085200,383.6606140136719,56551000,16.649999618530273,0
2021-04-14,132.66419982910156,19939600,34.95803451538086,52023800,60.59183120727539,19476600,36.93334197998047,64926900,294.6474914550781,9876800,68.1063461303711,10585500,382.35040283203125,61659900,16.989999771118164,0
2021-04-15,133.50643920898438,17694100,33.95873260498047,118128900,60.28434753417969,31333400,37.15322494506836,44146300,297.4590148925781,4354800,68.13163757324219,9930800,386.4577331542969,60229800,16.56999969482422,0
2021-04-16,134.49786376953125,13773400,34.31813049316406,60633400,60.20954132080078,28478400,38.56053924560547,57060200,300.7626647949219,4231900,66.25172424316406,29086400,387.74945068359375,82037300,16.25,0
2021-04-19,133.92759704589844,11900200,34.335670471191406,42321100,59.943607330322266,19964800,38.595733642578125,39124200,301.4480285644531,3228200,67.46568298339844,15151000,385.8444519042969,78498500,17.290000915527344,0
2021-04-20,130.96212768554688,13716700,33.38019943237305,50834100,57.99895477294922,22013000,37.41710662841797,29734000,291.5986328125,3662300,65.15583801269531,13052800,383.01947021484375,81851800,18.68000030517578,0
2021-04-21,132.07632446289062,12236700,33.94121170043945,37851800,58.71365737915039,16334800,38.03280258178711,27258000,294.5771484375,2733300,66.80812072753906,11075900,386.6436462402344,66793000,17.5,0
2021-04-22,129.295166015625,15256100,33.62563705444336,48093400,58.01557922363281,16037600,37.557838439941406,24638300,290.6936340332031,2165200,65.99884796142578,9871700,383.1123046875,97582800,18.709999084472656,0
2021-04-23,131.76931762695312,14041900,34.34443283081055,48674100,59.32032012939453,18876100,38.57813262939453,28024200,298.1619567871094,2163800,68.24122619628906,12002000,387.2662658691406,73209200,17.329999923706055,0
2021-04-26,132.0939178466797,10799100,34.54603958129883,34699800,60.00178909301758,13098600,38.82442092895508,24606600,301.8257751464844,2171500,68.72175598144531,8033500,388.0747375488281,52182400,17.639999389648438,0
2021-04-27,132.69924926757812,12821200,34.95803451538086,34304800,60.658321380615234,13357500,39.66001510620117,29130200,304.55841064453125,2088600,69.09265899658203,7057400,387.9910583496094,51303100,17.559999465942383,0
2021-04-28,133.55906677246094,8943700,35.08952713012695,34084400,60.59183120727539,14420400,39.65121078491211,20795100,305.8587646484375,2140900,69.74178314208984,7228200,387.8795471191406,51238900,17.280000686645508,0
2021-04-29,136.156005859375,12976900,36.03622817993164,44008700,61.364715576171875,20628400,40.6715202331543,26880700,310.1288757324219,2584400,70.80847930908203,9974800,390.35137939453125,78544300,17.610000610351562,0
2021-04-30,134.9453125,11705100,35.527809143066406,39203400,59.615726470947266,23669300,39.62483215332031,34176500,306.15740966796875,2101100,69.88571166992188,9298600,387.78656005859375,85527000,18.610000610351562,0
2021-05-03,134.5504913330078,11801100,35.55410385131836,41940500,60.009033203125,16026100,40.003047943115234,16522700,307.6599426269531,1871700,69.80950927734375,6759000,388.6229248046875,68128300,18.309999465942383,0
2021-05-04,136.4104766845703,12977700,35.939796447753906,53880000,60.52786636352539,23071400,40.23173904418945,26137600,307.37872314453125,2831400,69.96188354492188,8802700,386.2253723144531,101591200,19.479999542236328,0
2021-05-05,138.2002716064453,10506700,36.281673431396484,37471100,61.68269729614258,19427200,40.40764617919922,19620200,314.2144470214844,2786800,71.54500579833984,9424400,386.34619140625,60162200,19.149999618530273,0
2021-05-06,140.98143005371094,13542400,36.82514953613281,39044400,62.57811737060547,19621800,41.104026794433594,34271500,321.551025390625,3048700,73.50908660888672,11887900,389.4314270019531,74321400,18.389999389648438,0
2021-05-07,141.46401977539062,14257800,36.974178314208984,39249200,62.82915496826172,16937400,41.02470016479492,25140400,325.87384033203125,3378100,74.24560546875,9947600,392.26580810546875,67733800,16.690000534057617,0
2021-05-10,141.4464874267578,14014300,36.86021423339844,41271500,62.871009826660156,19628200,41.07758331298828,28193100,323.93206787109375,3396300,73.20431518554688,9344500,388.38140869140625,81852400,19.65999984741211,0
2021-05-11,139.0951690673828,15451700,36.439456939697266,42964700,62.653438568115234,21534800,40.30187225341797,31478500,316.2353210449219,3734300,71.89210510253906,10397800,384.9151611328125,116888000,21.84000015258789,0
2021-05-12,138.13885498046875,14381700,36.09758377075195,47533000,62.11785125732422,19791300,40.23135757446289,33392900,311.3852844238281,3309800,70.84232330322266,12602200,376.7374572753906,134811000,27.59000015258789,0
2021-05-13,141.69210815429688,15395000,36.6761360168457,42026100,63.00489044189453,18622300,40.90129089355469,23553400,315.2599792480469,2673900,71.84131622314453,8639700,381.2630920410156,106394000,23.1299991607666,0
2021-05-14,143.8942413330078,10584000,37.1319580078125,30932600,64.06765747070312,14122700,41.394920349121094,17078500,324.0111083984375,2732300,73.94931030273438,7755900,387.1175537109375,82201600,18.809999465942383,0
2021-05-17,144.4733428955078,9886800,37.465049743652344,32656400,64.7873306274414,14676300,42.22352981567383,25212800,324.432861328125,1826100,74.57577514648438,7157900,386.1324768066406,65129200,19.719999313354492,0
2021-05-18,142.43785095214844,11098100,36.95663833618164,37880300,64.11786651611328,13729600,41.3067741394043,24126000,320.3121032714844,2018600,73.62760925292969,6631700,382.8057556152344,59810200,21.34000015258789,0
2021-05-19,141.34996032714844,13278900,36.79008483886719,42672800,63.98396301269531,23283600,40.698551177978516,28911100,314.8822326660156,3696000,72.84874725341797,10165600,381.8020935058594,106467100,22.18000030517578,0
2021-05-20,141.10426330566406,10426000,36.702423095703125,36871100,63.766395568847656,15244300,40.31068801879883,26107000,316.1122741699219,1919600,73.20431518554688,7722100,385.9095153808594,78022200,20.670000076293945,0
2021-05-21,142.70985412597656,10249000,37.167015075683594,40243800,64.97980499267578,18544500,40.44291305541992,27312700,321.8057861328125,2657500,74.78742980957031,9326800,385.59356689453125,76578700,20.149999618530273,0
2021-05-24,143.48190307617188,9440300,37.368629455566406,31390800,65.29780578613281,16750200,40.760250091552734,25707400,323.5894470214844,1834300,75.93032836914062,7788800,389.5244445800781,51376700,18.399999618530273,0
2021-05-25,141.99920654296875,12609100,36.82514953613281,52657700,64.6701889038086,20015800,40.62803649902344,29415300,320.2682189941406,2631000,75.22765350341797,10599600,388.66009521484375,57451400,18.84000015258789,0
2021-05-26,141.98167419433594,13058300,36.85145950317383,41332800,64.87100982666016,15243400,40.90129089355469,26170600,322.8074035644531,2121200,75.64248657226562,8665200,389.4314270019531,43088600,17.360000610351562,0
2021-05-27,144.19256591796875,15707500,37.298500061035156,52981100,65.90869140625,17467000,41.218624114990234,42572900,326.2955627441406,3897000,76.4467544555664,21840900,389.6358642578125,56707700,16.739999771118164,0
2021-05-28,144.0960693359375,10291300,37.15825271606445,38509700,65.8668441772461,14392800,41.18336868286133,15760100,327.9705505371094,2169700,76.99703216552734,9484800,390.3328552246094,58520200,16.760000228881836,0
2021-06-01,145.68405151367188,9445400,37.622840881347656,42890700,66.74551391601562,15450500,41.65937042236328,17878600,337.1568298339844,3644000,77.97905731201172,9576400,389.989013671875,54216600,17.899999618530273,0
2021-06-02,145.69281005859375,10498600,37.6403694152832,34180500,66.82920837402344,15285600,41.26270294189453,18492600,338.03839111328125,2809700,78.52933502197266,6878400,390.602294921875,49097100,17.479999542236328,0
2021-06-03,145.7893524169922,13354400,38.07170486450195,46981200,66.63673400878906,22255800,40.95417785644531,20206400,342.6932067871094,3003900,79.0288314819336,7926800,389.1526794433594,58138800,18.040000915527344,0
2021-06-04,146.02622985839844,8510800,38.08930206298828,37192600,66.51956939697266,13807000,41.394920349121094,18190300,345.1000061035156,2514100,79.54524230957031,6406800,392.7117919921875,55938800,16.420000076293945,0
2021-06-07,145.34188842773438,7267200,37.9572639465332,28401900,66.36894989013672,12670100,41.52715301513672,16644300,342.19952392578125,2188700,78.91030883789062,6773800,392.3306884765625,51555000,16.420000076293945,0
2021-06-08,144.7628173828125,10370700,37.746002197265625,41871400,66.1764907836914,15399100,41.086395263671875,21271700,339.14923095703125,2452600,78.55475616455078,7036300,392.4144287109375,47134300,17.06999969482422,0
2021-06-09,142.9554901123047,12377400,37.2530517578125,42366300,65.38984680175781,13778400,40.47816848754883,22617500,337.4565734863281,2025900,78.45316314697266,7811700,391.8288879394531,48436300,17.889999389648438,0
2021-06-10,140.72703552246094,12119400,36.698482513427734,40123600,64.34381103515625,15277400,39.746543884277344,21640000,329.6632995605469,3900800,77.61502838134766,6584900,393.6503601074219,51020100,16.100000381469727,0
2021-06-11,140.6305389404297,13683800,36.848121643066406,31203600,64.00071716308594,18043500,40.26662063598633,19389300,333.2866516113281,2117300,77.92826843261719,6509400,394.3008117675781,45570800,15.649999618530273,0
2021-06-14,138.2441864013672,19917900,36.40799331665039,36050700,62.8961181640625,18304400,39.79941940307617,25452300,328.76416015625,2560500,76.80231475830078,10163100,395.1837158203125,42358500,16.389999389648438,0
2021-06-15,136.14727783203125,24485500,36.43439865112305,39247900,61.77475357055664,25191700,40.07267761230469,23865400,327.33587646484375,2302900,76.7853775024414,7459000,394.45880126953125,51508500,17.020000457763672,0
2021-06-16,137.1035919189453,25321200,36.63685989379883,63859100,59.79983139038086,53319800,40.16964340209961,38287700,327.0713195800781,3264200,77.12399291992188,11370300,392.2564392089844,80386100,18.149999618530273,0
2021-06-17,133.146728515625,29722400,35.03476333618164,80728200,57.624088287353516,48523000,37.71910858154297,48910400,318.6962585449219,4146300,74.42340850830078,11131600,392.1263732910156,90949700,17.75,0
2021-06-18,129.77769470214844,43595700,34.13689422607422,102774200,56.578041076660156,44582900,36.80235290527344,61292200,307.5263671875,6290100,71.18942260742188,22453900,386.8363952636719,118676300,20.700000762939453,0
2021-06-21,131.9798583984375,18664800,34.99075698852539,48119400,57.28097915649414,30266600,38.151023864746094,26444700,315.205078125,2717300,72.75563049316406,10672700,392.37432861328125,72822000,17.889999389648438,0
2021-06-22,131.786865234375,14251200,35.184425354003906,44113200,57.70775604248047,21564600,38.38022232055664,26455200,315.1962890625,1870800,72.55244445800781,9664100,394.4720153808594,57700300,16.65999984741211,0
2021-06-23,132.585205078125,12733300,35.386871337890625,32039900,58.28517150878906,19672700,38.75044631958008,18778500,318.29949951171875,1713100,72.69636535644531,7139000,393.99664306640625,49445400,16.31999969482422,0
2021-06-24,133.80474853515625,13733200,35.94145202636719,37161800,59.68267822265625,23900400,39.82586669921875,27951000,325.0877380371094,2716600,73.7207260131836,7953500,396.327392578125,45110300,15.970000267028809,0
2021-06-25,135.15586853027344,15484900,36.63685989379883,53178800,59.87514877319336,26727400,40.88365936279297,49074700,325.1053771972656,2782400,74.8382339477539,11139000,397.7351379394531,58129500,15.619999885559082,0
2021-06-28,135.40150451660156,14125800,36.58405303955078,34416500,59.84168243408203,17660900,40.36357879638672,27127500,325.0525817871094,1833400,74.24560546875,6174600,398.53692626953125,53159600,15.760000228881836,0
2021-06-29,135.23483276367188,14528700,35.9942626953125,38519600,58.31028366088867,28696900,39.482086181640625,39534000,328.49951171875,2365900,76.73457336425781,15413700,398.75140380859375,35970500,16.020000457763672,0
2021-06-30,136.46311950683594,12531000,36.293556213378906,29159800,59.20567321777344,18502300,39.92284393310547,18168100,334.5914001464844,2238400,77.62348937988281,9780300,399.0869445800781,64827900,15.829999923706055,0
2021-07-01,137.81423950195312,10479400,36.56644058227539,28045100,59.42326354980469,12584800,40.02861022949219,18658000,330.58892822265625,2571000,77.90287780761719,6792200,401.2966003417969,53441000,15.479999542236328,0
2021-07-02,137.68185424804688,11424000,36.22313690185547,28980800,58.9211540222168,13222700,39.72889709472656,13218500,329.8572082519531,1598900,77.91133117675781,4818000,404.3638916015625,57697700,15.069999694824219,0
2021-07-06,135.36997985839844,15083400,35.27244186401367,47578700,57.08014678955078,24672200,38.336143493652344,25486900,326.06634521484375,2162900,76.37054443359375,6701200,403.6273498535156,68710400,16.440000534057617,0
2021-07-07,135.5287628173828,12271800,34.99075698852539,43499900,56.845829010009766,19342700,38.25681686401367,21884000,324.1357116699219,2012800,76.21817016601562,6771600,405.0538635253906,63549500,16.200000762939453,0
2021-07-08,133.19046020507812,17834600,34.13689422607422,52793100,55.84162902832031,24763600,37.3047981262207,29148700,316.4393615722656,2940500,74.1948013305664,8778800,401.75341796875,97595200,19.0,0
2021-07-09,137.45242309570312,13694500,35.246028900146484,43887200,57.28097915649414,18872600,38.70636749267578,25055900,327.7414245605469,2641800,76.4721450805664,7306500,406.0420837402344,76238600,16.18000030517578,0
2021-07-12,139.42019653320312,19940400,35.7653923034668,42624500,58.10944366455078,19600600,38.926734924316406,17618900,335.44647216796875,4135900,78.5208740234375,11951100,407.4964904785156,52889600,16.170000076293945,0
2021-07-13,137.3465576171875,22671700,35.087581634521484,54338100,57.214046478271484,18962400,38.10694885253906,25387800,331.4617004394531,6466800,78.91030883789062,12280100,406.1072998046875,52911300,17.1200008392334,0
2021-07-14,136.8788604736328,14622800,34.20732116699219,105651700,57.04667663574219,36287800,39.62311935424805,49618000,330.0687561035156,3295700,78.27536010742188,12572000,406.7133483886719,64130400,16.329999923706055,0
2021-07-15,137.17889404296875,11539300,34.180908203125,54697300,57.28097915649414,18897200,39.667198181152344,33388100,329.1430969238281,2183900,78.41927337646484,12465900,405.32421875,55126400,17.010000228881836,0
2021-07-16,134.04637145996094,14002700,33.379859924316406,60469700,55.98388671875,19289000,39.032527923583984,27838200,321.60546875,2583300,77.25099182128906,12595400,402.1449890136719,75874700,18.450000762939453,0
2021-07-19,129.687255859375,22172900,32.508392333984375,83251500,54.46086120605469,33318600,37.94828414916992,43362200,312.7190246582031,4394600,75.64248657226562,14043000,396.2061767578125,147987000,22.5,0
2021-07-20,132.10508728027344,15385200,33.17740249633789,59462900,55.473419189453125,20577900,39.52616882324219,34556200,321.5702209472656,2937900,78.15682220458984,11522300,401.8839416503906,99608200,19.729999542236328,0
2021-07-21,134.88462829589844,12356700,33.85520553588867,49907400,56.81235122680664,23393200,40.37239456176758,29654600,329.2753601074219,2398800,81.00137329101562,14116900,405.1376953125,64724400,17.90999984741211,0
2021-07-22,133.1815948486328,9913300,33.41506576538086,52715600,56.00899124145508,16524900,39.69364547729492,23309500,328.5788879394531,1887100,80.90824890136719,9235300,405.9861755371094,47878500,17.690000534057617,0
2021-07-23,132.92568969726562,9666100,33.18619918823242,48659400,55.82489013671875,13443300,39.305782318115234,23946500,329.76019287109375,1706900,80.04475402832031,13222800,410.1629943847656,63766600,17.200000762939453,0
2021-07-26,133.81692504882812,8208000,33.56472396850586,32258000,56.71192932128906,16434000,39.676002502441406,22976700,331.3911437988281,1559100,81.72945404052734,11420600,411.16986083984375,43719200,17.579999923706055,0
2021-07-27,133.64044189453125,11218700,33.43267822265625,39121400,56.887664794921875,17127700,39.79060363769531,22124500,330.45672607421875,1791800,81.67865753173828,8972900,409.2958984375,67397100,19.360000610351562,0
2021-07-28,133.861083984375,9217300,33.56472396850586,43331100,56.98808288574219,20275900,40.11676025390625,23252800,329.9189453125,1668900,81.33155822753906,10054000,409.1280212402344,52472400,18.309999465942383,0
2021-07-29,135.00820922851562,9063500,34.04886245727539,43039100,57.58222579956055,22261700,40.989437103271484,24487400,332.84576416015625,1296600,82.10758972167969,9016200,410.8248291015625,47435300,17.700000762939453,0
2021-07-30,133.93165588378906,9805200,33.767173767089844,46210100,57.008941650390625,18078200,40.49580001831055,25794000,330.4919738769531,1474900,81.85176086425781,8320800,408.8297424316406,68951200,18.239999771118164,0
2021-08-02,133.39337158203125,10203200,33.41506576538086,49894000,57.10167694091797,16616700,40.36357879638672,23960700,333.4100341796875,2383200,82.0649642944336,9409600,407.9719543457031,58783300,19.459999084472656,0
2021-08-03,134.91110229492188,10394800,33.93442916870117,39680600,58.071224212646484,21041500,41.280330657958984,24050300,335.3231201171875,1494600,82.38047790527344,7044800,411.2910461425781,58053900,18.040000915527344,0
2021-08-04,133.4551239013672,10155000,33.687950134277344,42289800,57.7677116394043,14416300,40.68091583251953,22178000,333.1191101074219,1460500,82.11612701416016,7137500,409.2679138183594,46732200,17.969999313354492,0
2021-08-05,135.1405487060547,9151500,34.34816360473633,34754500,58.75410842895508,14361600,41.601646423339844,28092600,338.7965087890625,1583800,83.42943572998047,5675000,411.85968017578125,38969700,17.280000686645508,0
2021-08-06,138.97900390625,13328800,35.342864990234375,58022300,59.91755294799805,23915400,43.17754364013672,33583900,350.7774658203125,3655800,85.04975891113281,9317900,412.54034423828125,46930000,16.149999618530273,0
2021-08-09,138.82901000976562,9516900,35.80061340332031,56340100,60.296966552734375,15619800,43.07130432128906,29795200,352.53179931640625,3319100,85.91108703613281,8297700,412.2046813964844,41222600,16.719999313354492,0
2021-08-10,140.53204345703125,8667000,36.46961212158203,44987300,61.52784729003906,17920100,43.93891906738281,28708100,359.66387939453125,3152300,87.01972198486328,8490500,412.7174377441406,43339300,16.790000915527344,0
2021-08-11,142.20864868164062,9156500,36.92734909057617,58458200,62.64069366455078,18676100,44.8508186340332,29203900,364.8829650878906,3000500,88.58887481689453,8793200,413.7430419921875,44034300,16.170000076293945,0
2021-08-12,142.76449584960938,8844200,37.1034049987793,37400100,62.49736022949219,14181400,45.28464126586914,21729900,365.8615417480469,2312800,89.2625961303711,6302100,414.9829406738281,38909400,15.59000015258789,0
2021-08-13,141.16737365722656,8980900,36.64566421508789,41344900,61.63744354248047,13362800,44.59407043457031,15843300,362.14117431640625,1980000,88.64002990722656,8312200,415.73822021484375,39470300,15.449999809265137,0
2021-08-16,140.2408447265625,8755800,36.346378326416016,38599100,60.785919189453125,15532800,43.744163513183594,22615500,359.9989013671875,1590700,88.45243072509766,6540300,416.7171630859375,73740000,16.1200008392334,0
2021-08-17,138.546630859375,9347200,36.17032241821289,43526900,60.381248474121094,14623000,43.124420166015625,16887000,357.01910400390625,2077400,87.72755432128906,6492900,413.9855041503906,92673900,17.90999984741211,0
2021-08-18,137.28477478027344,8065500,35.90623474121094,50342500,59.959716796875,13970600,42.46929168701172,16319300,351.5797119140625,2187800,86.35454559326172,7839800,409.45440673828125,89351900,21.56999969482422,0
2021-08-19,136.13763427734375,9517700,35.378082275390625,51883900,58.88056564331055,21047300,41.831844329833984,20259400,346.96893310546875,2241500,85.04975891113281,10644700,410.08831787109375,92812200,21.670000076293945,0
2021-08-20,136.5259246826172,6974100,35.53652572631836,40415000,59.226234436035156,14028800,41.98235321044922,15357400,348.9966125488281,1612100,85.8428726196289,6496900,413.3514099121094,72008700,18.559999465942383,0
2021-08-23,138.27304077148438,7934600,36.011878967285156,35364500,59.76579666137695,13079500,42.15055847167969,15551900,353.9159240722656,1857600,87.12206268310547,5430700,416.9874572753906,54973000,17.149999618530273,0
2021-08-24,139.1290283203125,7670900,36.51361846923828,35579300,60.73537063598633,12669300,42.8145637512207,15109100,360.18402099609375,1958400,87.91514587402344,5339700,417.6494445800781,38744700,17.219999313354492,0
2021-08-25,141.996826171875,11335000,37.1034049987793,51219900,61.69644546508789,17766600,43.637916564941406,21357400,364.20404052734375,1845300,88.76795959472656,5612100,418.5257873535156,40529700,16.790000915527344,0
2021-08-26,142.729248046875,11027500,37.0065803527832,41184500,61.07258224487305,14135600,43.42543029785156,21627600,363.5782470703125,2076500,88.55474090576172,6882800,416.0551452636719,57829600,18.84000015258789,0
2021-08-27,143.87635803222656,8780200,37.4026985168457,46468600,61.536293029785156,13669400,44.09829330444336,16873300,369.9962463378906,2174500,89.92777252197266,5900600,419.7751159667969,77235100,16.389999389648438,0
2021-08-30,141.57327270507812,7937600,36.67206573486328,44855600,60.42341995239258,12687400,42.85882568359375,16054100,364.6272888183594,2089400,88.76795959472656,6459700,421.62103271484375,48357400,16.190000534057617,0
2021-08-31,141.14089965820312,12340800,36.75128936767578,54654600,60.625762939453125,17285900,40.459590911865234,73514300,366.3193054199219,1958100,89.05789947509766,7215100,420.9964904785156,59300200,16.479999542236328,0
2021-09-01,140.9379425048828,8729900,36.25834655761719,52361900,60.119903564453125,15114800,38.467586517333984,84960500,366.45220947265625,1680400,88.95557403564453,5762400,421.22021484375,48721400,16.110000610351562,0
2021-09-02,141.5909423828125,8813300,36.293731689453125,44538900,60.28010559082031,13533400,39.459163665771484,37629000,367.1963806152344,1830400,89.39903259277344,5708400,422.51617431640625,42501000,16.40999984741211,0
2021-09-03,140.73500061035156,7959700,36.32027816772461,41812400,60.001869201660156,13683300,39.10502624511719,21687500,364.3703918457031,1373600,88.9044189453125,7195400,422.41351318359375,47170500,16.40999984741211,0
2021-09-07,140.48794555664062,9285600,36.559165954589844,43748600,59.706787109375,14663600,39.228965759277344,19733500,363.4933166503906,1557000,88.8447036743164,6792100,420.90325927734375,51671500,18.139999389648438,0
2021-09-08,139.8614044189453,7852700,36.08137893676758,36064400,59.049190521240234,14861800,38.7951545715332,21252400,358.780517578125,1646200,88.32449340820312,5601000,420.39044189453125,56181900,17.959999084472656,0
2021-09-09,140.47027587890625,7904300,36.214107513427734,36266400,59.40327453613281,14212900,39.27324676513672,19776900,358.408447265625,2424600,88.55474090576172,6145700,418.59100341796875,57970400,18.799999237060547,0
2021-09-10,138.85545349121094,8311600,35.63015365600586,40514700,58.652950286865234,15422800,39.24668502807617,23367400,357.4339599609375,1956000,88.36714172363281,5958600,415.2906799316406,89948200,20.950000762939453,0
2021-09-13,141.06149291992188,10052800,36.22295379638672,42036300,59.453857421875,16337300,40.5126953125,28027200,362.5543212890625,1802800,89.03231048583984,6112200,416.35345458984375,83738600,19.3700008392334,0
2021-09-14,138.59959411621094,11685600,35.24969482421875,53820400,57.986900329589844,26568900,40.769447326660156,36053200,357.62005615234375,3263200,86.90885162353516,8400600,414.1066589355469,78197100,19.459999084472656,0
2021-09-15,139.56138610839844,11691500,35.51512145996094,52358200,59.39484405517578,22392100,41.29179763793945,31535600,356.07855224609375,3199800,87.87252044677734,6691900,417.5655822753906,78792200,18.18000030517578,0
2021-09-16,139.49961853027344,10880900,35.7894172668457,42922000,59.01546096801758,19245400,40.97307205200195,24102400,351.40997314453125,2882900,87.38642883300781,5881600,416.90362548828125,77786700,18.690000534057617,0
2021-09-17,139.13784790039062,25581600,35.833648681640625,92746000,58.98173904418945,30768300,41.14128875732422,34912100,346.7856750488281,3843700,86.77239990234375,17485600,412.8424987792969,118425000,20.809999465942383,0
2021-09-20,134.97288513183594,15819900,34.60380172729492,67566200,56.739166259765625,36955400,40.55696487426758,30603100,334.9769287109375,3834500,84.11164855957031,15443800,405.95867919921875,166445500,25.709999084472656,0
2021-09-21,134.9905242919922,8999900,34.621498107910156,38271100,56.43564987182617,21169900,40.5923957824707,23049100,332.94830322265625,2377300,83.83024597167969,8985600,405.57525634765625,92526100,24.360000610351562,0
2021-09-22,137.57601928710938,11236200,35.51512145996094,46261400,57.53165817260742,21160200,41.681331634521484,29430700,341.47930908203125,2991300,85.9622573852539,9497700,409.5314636230469,102350100,20.8700008392334,0
2021-09-23,142.2262420654297,12336100,36.886539459228516,49779800,59.75736618041992,21451500,42.31877517700195,21852800,347.1400146484375,2518000,88.30745697021484,6087900,414.5072937011719,76396000,18.6299991607666,0
2021-09-24,143.86753845214844,10102400,37.284690856933594,39042300,60.01029968261719,15788400,42.42500686645508,20384700,346.2453308105469,1789700,87.76165771484375,5529300,415.1900634765625,62094800,17.75,0
2021-09-27,147.34422302246094,13220900,38.27565002441406,49755400,60.92083740234375,19857500,42.106292724609375,48927500,354.1827392578125,2788500,89.62928009033203,8195200,414.0023193359375,61371100,18.760000228881836,0
2021-09-28,146.55007934570312,13387900,38.18717575073242,60781200,60.170494079589844,20835000,40.654354095458984,49349100,345.0494384765625,2609000,87.01972198486328,14183500,405.65936279296875,130436300,23.25,0
2021-09-29,146.4353485107422,7777100,38.1075439453125,44260200,60.30537796020508,13683900,41.6370735168457,21730200,340.965576171875,1955000,84.89624786376953,11543000,406.34222412109375,82329200,22.559999465942383,0
2021-09-30,144.44110107421875,13161200,37.558982849121094,47410800,59.16721725463867,22090900,41.08816146850586,22947500,334.8883361816406,2665700,82.98597717285156,12258400,401.3757629394531,140506000,23.139999389648438,0
2021-10-01,147.4765625,11285000,38.116397857666016,40987100,60.01029968261719,23701900,41.62821960449219,18021700,336.6335144042969,2382300,84.46986389160156,7912700,406.1456604003906,129240100,21.100000381469727,0
2021-10-04,147.3177490234375,14120000,38.346431732177734,48273400,60.10303497314453,18957200,41.62821960449219,22315200,331.4512023925781,2895600,82.84951782226562,9482100,400.9080505371094,128570000,22.959999084472656,0
2021-10-05,149.72344970703125,12292900,39.12504577636719,54070700,61.14845275878906,15587200,42.46043014526367,20250500,341.78045654296875,2508100,84.59777069091797,8850300,405.0794677734375,90682500,21.299999237060547,0
2021-10-06,150.0430145263672,8692600,39.14273452758789,47031700,61.05570983886719,15997200,42.3807487487793,17425700,343.7648620605469,2111800,84.5124740600586,6912700,406.76300048828125,113032200,21.0,0
2021-10-07,150.992919921875,10195400,39.03656768798828,46258800,60.8618278503418,15349900,42.28336715698242,19272300,346.04156494140625,2348000,84.25664520263672,7959600,410.27978515625,72437500,19.540000915527344,0
2021-10-08,151.10829162597656,8190100,39.231201171875,39389400,60.996707916259766,11960700,42.49583435058594,14295400,347.9815979003906,1446700,85.31411743164062,5301100,409.5314636230469,74557400,18.770000457763672,0
2021-10-11,147.93026733398438,12154700,38.73573684692383,36283500,60.43183517456055,14985500,41.85839080810547,15387900,341.27557373046875,1787400,82.96892547607422,7003900,406.5666198730469,65233300,20.0,0
2021-10-12,146.7939910888672,13032600,38.52338790893555,36898300,59.555049896240234,17593400,41.30065155029297,18995700,342.4183654785156,2088200,83.38678741455078,7913300,405.5658874511719,71181200,19.850000381469727,0
2021-10-13,142.92347717285156,22753500,38.16947555541992,43908000,59.23466110229492,23451900,40.769447326660156,24150300,342.2234802246094,2391600,84.06048583984375,10170900,407.0249328613281,72974000,18.639999389648438,0
2021-10-14,145.1162109375,15176800,39.877105712890625,82201000,59.68992233276367,24707900,40.11429977416992,53257700,346.5553283691406,3380900,86.14132690429688,14766800,413.87127685546875,70236800,16.860000610351562,0
2021-10-15,147.9036407470703,14267400,41.027320861816406,64264900,60.94612121582031,21884500,42.83226776123047,60096600,359.7283935546875,6451400,87.1050033569336,11678100,417.02325439453125,66260200,16.299999237060547,0
2021-10-18,147.85040283203125,12672900,40.94768524169922,49542500,60.372825622558594,15026100,43.761863708496094,33842700,366.4788513183594,3832300,86.48245239257812,8924300,418.2579650878906,62213200,16.309999465942383,0
2021-10-19,149.64356994628906,8053900,41.12464904785156,32515500,60.49928665161133,15173900,44.567508697509766,26500300,365.1234436035156,2568300,86.77239990234375,6189500,421.4847106933594,46996800,15.699999809265137,0
2021-10-20,151.65870666503906,8185600,41.66436004638672,40411000,60.54986572265625,14350400,44.40814971923828,24227900,361.3407287597656,2453400,85.8428726196289,7426900,423.1401672363281,49571600,15.489999771118164,0
2021-10-21,150.4691619873047,8415200,41.434326171875,36848600,59.445430755615234,18519000,44.55866622924805,20448300,361.0749206542969,2162100,85.518798828125,5931400,424.2437438964844,41305400,15.010000228881836,0
2021-10-22,152.49317932128906,8817900,42.08905029296875,36225600,60.170494079589844,14625100,44.8508186340332,21517200,367.03692626953125,2411000,86.81505584716797,6761500,423.8042297363281,58845100,15.430000305175781,0
2021-10-25,151.74746704101562,10159200,42.03596878051758,31679500,59.71524429321289,15103000,44.81540298461914,19330300,367.41778564453125,1824700,86.90885162353516,3836000,426.07696533203125,45214500,15.239999771118164,0
2021-10-26,152.15585327148438,8015100,42.434112548828125,35674800,59.56346893310547,18647900,44.82426071166992,18196300,369.9513854980469,1843300,88.23922729492188,7649500,426.4604797363281,56075100,15.979999542236328,0
2021-10-27,148.98666381835938,9847000,41.6201286315918,45790800,59.27683639526367,25475900,44.31077194213867,21988300,364.0869140625,2067200,86.87474060058594,7542400,424.5711669921875,72438000,16.979999542236328,0
2021-10-28,151.2325897216797,7212900,42.27485275268555,37209600,59.75736618041992,16367800,45.470550537109375,26785500,367.47979736328125,1444700,88.01681518554688,6663000,428.6678771972656,51437900,16.530000686645508,0
2021-10-29,150.8153839111328,8140100,42.27485275268555,31756200,58.729854583740234,22403000,45.293479919433594,19788500,366.1776123046875,2061700,88.25724792480469,8056900,429.53765869140625,70162400,16.260000228881836,0
2021-11-01,150.73550415039062,7435500,42.336795806884766,36937200,59.11198806762695,19106600,45.78041458129883,18699000,369.145263671875,1820800,89.30487060546875,5432400,430.2765197753906,48433600,16.40999984741211,0
2021-11-02,151.3302459716797,7173800,42.36333465576172,36283400,58.25432205200195,25539000,45.41742706298828,21672500,375.47930908203125,3000800,89.8716049194336,7191700,432.0162353515625,48908400,16.030000686645508,0
2021-11-03,151.38352966308594,8402700,42.796875,42553000,58.593990325927734,21755600,46.03715515136719,24225700,370.208251953125,3542400,88.11127471923828,9009000,434.65374755859375,52509800,15.100000381469727,0
2021-11-04,149.39503479003906,9574200,41.87670135498047,47646300,56.89561462402344,32148900,44.98843765258789,32005700,361.5001525878906,3802300,85.68974304199219,14823800,436.7020263671875,52847100,15.4399995803833,0
2021-11-05,149.1819610595703,7975600,41.55818557739258,38271200,56.887123107910156,20902600,44.828460693359375,23443200,360.62310791015625,2105600,85.75843048095703,8449600,438.21722412109375,66390600,16.479999542236328,0
2021-11-08,150.07858276367188,6413700,41.885562896728516,33815500,58.12694549560547,25122000,45.21061706542969,19509500,361.7393493652344,1728400,85.93017578125,7332000,438.59136962890625,50405200,17.219999313354492,0
2021-11-09,148.94223022460938,7990300,41.47855758666992,36900300,57.736305236816406,18513000,44.339656829833984,28324800,359.090576171875,2246900,85.62104034423828,8756900,437.1416320800781,51149100,17.780000686645508,0
2021-11-10,148.8002471923828,6999200,41.788230895996094,39385600,57.923133850097656,19290200,44.75736999511719,19827800,353.571533203125,2243900,83.95515441894531,9191500,433.6249084472656,69429700,18.729999542236328,0
2021-11-11,148.79136657714844,5815300,42.01827621459961,31194800,58.48360824584961,20296200,44.96177673339844,16069700,356.4241027832031,1252400,84.9083251953125,6249600,433.7652587890625,34848500,17.65999984741211,0
2021-11-12,148.12554931640625,8113400,41.50509262084961,44268500,58.729854583740234,13867400,45.29060745239258,17124700,358.7008056640625,1360100,85.74126434326172,7270300,437.0387268066406,53466700,16.290000915527344,0
2021-11-15,147.8592529296875,6492500,41.62897491455078,35335500,58.373207092285156,12965100,45.39726257324219,20110200,358.6121826171875,1436500,86.0503921508789,5652200,437.18841552734375,46980500,16.489999771118164,0
2021-11-16,146.7939910888672,9706100,41.655517578125,35120800,57.52401351928711,19042800,44.76625061035156,19244900,357.0884704589844,1311000,86.46256256103516,6448500,438.91876220703125,48857500,16.3700008392334,0
2021-11-17,146.00390625,9909600,41.15119171142578,32963700,56.76823806762695,16468300,44.29521560668945,17802700,346.8654479980469,2927000,83.87788391113281,9670700,437.85247802734375,47858300,17.110000610351562,0
2021-11-18,144.74334716796875,8122500,40.98308181762695,30639000,56.989017486572266,14994700,44.34853744506836,19198200,346.7059631347656,1847400,83.87788391113281,6850200,439.3396301269531,50625600,17.59000015258789,0
2021-11-19,142.85250854492188,12193600,40.16908645629883,48429500,56.335140228271484,19766900,43.38869857788086,30548400,343.1802062988281,2610400,83.21666717529297,9923400,438.5539245605469,57315600,17.90999984741211,0
2021-11-22,145.8974151611328,14549900,40.94768524169922,53697100,56.9295768737793,24020500,44.739585876464844,28549400,350.9493103027344,3058700,85.2861557006836,10430400,437.3193664550781,72762000,19.170000076293945,0
2021-11-23,149.38613891601562,12354400,42.02712631225586,49362900,57.804229736328125,18142200,45.681663513183594,28024400,359.9676208496094,2402300,87.46723937988281,8559200,437.89923095703125,73206500,19.3799991607666,0
2021-11-24,148.21434020996094,9629800,42.14213943481445,40060000,57.133384704589844,14975500,45.60167694091797,18901900,353.63360595703125,2186300,86.8318099975586,7146400,439.06842041015625,61858800,18.579999923706055,0
2021-11-26,143.7490692138672,13619300,40.487606048583984,55110100,55.62183380126953,24542000,43.04206848144531,29919300,344.951904296875,2687900,84.09255981445312,11738200,429.2757568359375,112669600,28.6200008392334,0
2021-11-29,143.12770080566406,12104400,40.33718490600586,50231100,55.231201171875,24340700,43.690860748291016,27677000,342.4271545410156,2883400,83.49146270751953,13793400,434.54150390625,86268800,22.959999084472656,0
2021-11-30,140.99713134765625,18922600,39.34623718261719,77193600,54.093292236328125,35574000,42.46438980102539,40671700,337.5106506347656,4570400,81.42200469970703,20586200,426.08636474609375,148559600,27.190000534057617,0
2021-12-01,140.16273498535156,12253400,38.788814544677734,60601600,53.09124755859375,27379200,41.95780563354492,29365100,335.2753601074219,2476000,81.79983520507812,11708200,421.35369873046875,131939200,31.1200008392334,0
2021-12-02,143.1099090576172,12969900,39.90901184082031,57821400,54.186710357666016,24890700,43.46867752075195,29184900,345.1247863769531,3343700,84.89114379882812,10685800,427.807373046875,127637800,27.950000762939453,0
2021-12-03,140.51776123046875,12681800,39.00218200683594,74605300,53.29505157470703,25458700,42.4377326965332,29221900,340.84130859375,2807500,84.3329849243164,9811800,424.0848083496094,137331600,30.670000076293945,0
2021-12-06,142.17784118652344,11186500,39.25111770629883,48193100,53.09124755859375,25105500,43.37980270385742,31650100,346.6921691894531,1990200,85.24321746826172,9624500,429.1074523925781,98977500,27.18000030517578,0
2021-12-07,144.31727600097656,9851600,39.74897766113281,40740800,53.4139404296875,28301200,44.659603118896484,28370200,356.319091796875,2441000,88.01681518554688,10674400,437.9833679199219,95484700,21.889999389648438,0
2021-12-08,142.66610717773438,11705700,39.260009765625,50560300,53.04029083251953,20697200,43.91305923461914,19990300,353.8343811035156,1635200,86.94344329833984,9089700,439.1431884765625,72238800,19.899999618530273,0
2021-12-09,142.44418334960938,11189600,39.55339431762695,37316700,52.768558502197266,29960500,44.161903381347656,16927200,353.09527587890625,2111500,86.36811828613281,7749600,436.17828369140625,61272600,21.579999923706055,0
2021-12-10,141.87600708007812,10405400,39.58006286621094,37700200,51.5542106628418,39726500,44.615169525146484,20040900,348.259521484375,1893800,84.52190399169922,10429000,440.2842712402344,77159800,18.690000534057617,0
2021-12-13,140.18931579589844,12069000,38.74436950683594,38653900,51.104148864746094,20489500,43.157615661621094,19598900,342.542236328125,2313300,83.43994140625,10057100,436.3840637207031,87724700,20.309999465942383,0
2021-12-14,141.26348876953125,12563600,39.233341217041016,47099400,51.494773864746094,19571100,43.45090866088867,17602900,346.2646789550781,2788500,84.85679626464844,11105900,433.3817443847656,97264100,21.889999389648438,0
2021-12-15,140.20706176757812,14014200,39.06441879272461,60057100,51.155094146728516,33861300,43.49534606933594,20284300,347.2354431152344,2802300,85.380615234375,7055000,440.1532897949219,116899300,19.290000915527344,0
2021-12-16,142.3997802734375,19542800,40.00680923461914,69487200,51.85993194580078,25688300,44.70402908325195,32781100,353.87896728515625,3578200,86.12767028808594,7889900,436.2718505859375,116568600,20.56999969482422,0
2021-12-17,139.15957641601562,28082000,39.01108169555664,124242400,50.560672760009766,47383500,42.615482330322266,74833400,340.0130615234375,7058600,83.40559387207031,20851400,431.628662109375,135511600,21.56999969482422,0
2021-12-20,136.65615844726562,15148000,38.37097930908203,56455200,49.490692138671875,31619600,41.637855529785156,29134900,330.9383544921875,3735600,81.89427947998047,11931400,427.0389404296875,107134800,22.8700008392334,0
2021-12-21,138.56475830078125,11291300,39.28668212890625,47845600,50.424800872802734,23175100,42.49105453491211,21249400,338.6950988769531,2942800,83.95515441894531,8235100,434.62274169921875,69806300,21.010000228881836,0
2021-12-22,139.1062774658203,7273000,39.36669921875,35715700,50.61161422729492,14760600,42.686580657958984,15688000,340.48504638671875,1487900,84.41028594970703,4798400,438.9683837890625,58890200,18.6299991607666,0
2021-12-23,139.60342407226562,8055200,39.49115753173828,34053500,51.12962341308594,15223300,42.9798698425293,16025600,342.8984069824219,1624000,85.3033218383789,4482200,441.69964599609375,56439700,17.959999084472656,0
2021-12-27,140.4023895263672,6188100,39.68674850463867,33879200,51.503257751464844,14035400,43.34425354003906,11900400,345.570068359375,1430400,86.21355438232422,4196000,447.9507141113281,56808600,17.68000030517578,0
2021-12-28,140.82852172851562,6342300,39.74008560180664,32492400,51.477787017822266,12697900,43.033199310302734,14320500,345.1871337890625,1528200,85.84430694580078,4269700,447.58465576171875,47274600,17.540000915527344,0
2021-12-29,140.75747680664062,6398900,39.6778564453125,25294900,51.40985107421875,13284000,43.05986404418945,14390700,343.9315185546875,1327800,84.77950286865234,6923100,448.1571960449219,54503000,16.950000762939453,0
2021-12-30,140.68641662597656,6948200,39.58895492553711,23852200,51.31644821166992,11380500,42.74878692626953,13701300,343.32586669921875,1160100,84.83963012695312,3564900,446.9182434082031,55329000,17.329999923706055,0
2021-12-31,140.571044921875,5805900,39.55339431762695,24253900,51.282474517822266,12307200,42.64214324951172,12649300,340.6808776855469,1601300,84.29004669189453,5124800,445.7919616699219,65237400,17.219999313354492,0
2022-01-03,143.544921875,13120900,41.055877685546875,58587900,53.583770751953125,30508500,45.08620071411133,38978100,352.0621643066406,3334300,86.03323364257812,8481900,448.3730163574219,72668200,16.600000381469727,0
2022-01-04,148.98666381835938,20195800,42.6650390625,74606700,53.99988555908203,30303600,46.88146209716797,43855100,362.8824768066406,3916400,89.52812194824219,8967000,448.2228698730469,71178700,16.90999984741211,0
2022-01-05,146.2628936767578,17539400,41.94491195678711,57791600,53.371482849121094,25149100,46.47265625,35072600,355.0010681152344,3469600,87.31267547607422,10288800,439.61602783203125,104538900,19.729999542236328,0
2022-01-06,147.81683349609375,14047500,42.78950119018555,52040900,55.12080764770508,33334200,47.66358184814453,29720800,353.4870910644531,2960900,88.80682373046875,10059200,439.20306396484375,86858900,19.610000610351562,0
2022-01-07,149.2813720703125,13913300,43.722999572753906,59082600,55.85960388183594,26548200,48.67673873901367,35149300,354.003662109375,2360700,89.34780883789062,6128400,437.4666748046875,85111600,18.760000228881836,0
2022-01-10,149.42428588867188,12922500,43.500732421875,66839500,56.0718994140625,28693700,49.19220733642578,34733500,355.4819641113281,3009400,89.41649627685547,8904900,436.9222717285156,119362000,19.399999618530273,0
2022-01-11,149.57606506347656,11854100,43.749664306640625,40454400,56.989017486572266,23453000,49.8232307434082,25073700,358.937255859375,1748800,90.95355987548828,7320200,440.90185546875,74303100,18.40999984741211,0
2022-01-12,150.42445373535156,12568000,43.438499450683594,41378000,57.133384704589844,27976200,50.12541198730469,34159400,347.5916442871094,4158000,88.48909759521484,10855200,442.0938415527344,67605400,17.6200008392334,0
2022-01-13,150.23695373535156,13623400,43.34959411621094,46337500,57.557979583740234,29222000,49.76991271972656,34037300,348.0279846191406,2497800,88.05976104736328,6267700,436.00244140625,91173100,20.309999465942383,0
2022-01-14,141.00286865234375,40158400,42.59391784667969,72953300,56.83616256713867,35994400,51.60072326660156,56739600,339.2471618652344,4685300,84.9083251953125,16724900,436.1808166503906,95890900,19.190000534057617,0
2022-01-18,135.0908966064453,32324800,41.12699508666992,65877400,55.451995849609375,26353600,50.38312911987305,41689600,315.61187744140625,13123500,80.72645568847656,21803100,428.4561767578125,109709100,22.790000915527344,0
2022-01-19,133.0011749267578,22380000,41.28702163696289,84451800,54.551849365234375,22817100,49.38773727416992,34970200,309.3067932128906,7426100,82.20343780517578,19716100,424.0072937011719,109357600,23.850000381469727,0
2022-01-20,131.86697387695312,14860800,40.673587799072266,46265300,54.73867416381836,22794100,48.881160736083984,26972800,310.00140380859375,4599900,85.7240982055664,22637600,419.3143615722656,122379700,25.59000015258789,0
2022-01-21,129.5629425048828,20705400,39.9356803894043,71303600,53.728145599365234,28637900,47.699119567871094,38357600,306.2699890136719,4904100,84.89114379882812,22568300,411.0829772949219,202271200,28.850000381469727,0
2022-01-24,129.44683837890625,28471400,39.606727600097656,90672700,53.244102478027344,38601700,47.388057708740234,48451400,305.8069152832031,6569800,84.22138214111328,19527300,412.8286437988281,251783900,29.899999618530273,0
2022-01-25,130.85781860351562,18915900,40.389095306396484,73555300,54.44145584106445,34371100,47.62801742553711,40858700,304.1682434082031,3959300,85.04570770263672,16060700,407.7884826660156,167997300,31.15999984741211,0
2022-01-26,132.0991973876953,20709100,40.80694580078125,63735800,54.98493576049805,31803400,48.11683654785156,39687100,305.174560546875,3745900,86.01603698730469,13344400,406.7654724121094,186391100,31.959999084472656,0
2022-01-27,129.76834106445312,17536800,40.42466354370117,63402400,54.47542190551758,24674000,47.77911376953125,34209200,303.7051696777344,2573400,86.85758209228516,17843100,404.7568359375,149878300,30.489999771118164,0
2022-01-28,130.9293212890625,14117000,40.78026580810547,51048300,54.93399429321289,20953500,48.16127014160156,35519700,309.0306701660156,3714600,88.02489471435547,14044800,414.80914306640625,164457400,27.65999984741211,0
2022-01-31,132.70648193359375,13985700,41.02031326293945,44793700,55.299129486083984,23067400,47.814659118652344,34657500,315.8612060546875,3312400,88.66475677490234,8467000,422.2802734375,152251400,24.829999923706055,0
2022-02-01,134.98373413085938,14584900,41.731536865234375,40326600,56.52196502685547,26868400,49.41440200805664,35870200,324.214599609375,3303700,89.88397216796875,7885700,425.13360595703125,123155400,21.959999084472656,0
2022-02-02,133.90313720703125,12441100,41.687095642089844,41125600,56.241737365722656,18194200,49.70769119262695,29037100,323.3240661621094,2742400,89.85802459716797,9596300,429.263427734375,117361000,22.09000015258789,0
2022-02-03,132.79574584960938,12474900,41.278133392333984,35879900,55.41802215576172,18219100,49.25238800048828,25227400,319.6015625,2372900,88.4485855102539,5986500,419.1735534667969,118024400,24.350000381469727,0
2022-02-04,136.24288940429688,16654400,42.922855377197266,60297100,56.55633544921875,23267900,50.2879753112793,33622100,327.36724853515625,3762300,90.0223159790039,7881800,421.1446228027344,118454400,23.219999313354492,0
2022-02-07,136.69839477539062,12572300,43.12733459472656,44824800,56.795989990234375,20081600,51.18071746826172,37480100,327.85693359375,2635600,90.9475326538086,9129000,419.7929992675781,84472900,22.860000610351562,0
2022-02-08,139.27035522460938,20411400,43.90080261230469,49560500,57.446441650390625,23191000,52.44839859008789,39099600,329.5935363769531,3422300,91.9592056274414,9249000,423.2471008300781,81012000,21.440000534057617,0
2022-02-09,139.85081481933594,9131100,43.8119010925293,33861100,58.06267547607422,20902700,52.72514343261719,25883100,333.5386657714844,2250400,94.01716613769531,11054300,429.4417419433594,92589900,19.959999084472656,0
2022-02-10,139.27035522460938,16455600,43.607418060302734,47082800,57.77167892456055,22522300,52.71622848510742,36092000,330.01220703125,2406200,93.01412963867188,8116200,421.7265625,140103700,23.90999984741211,0
2022-02-11,137.45748901367188,16830000,42.60280990600586,61056000,57.472129821777344,27226700,52.055599212646484,38650500,323.3240661621094,3142100,90.42005920410156,9755900,413.41058349609375,153214600,27.360000610351562,0
2022-02-14,136.18040466308594,17026500,42.15827941894531,44791900,56.88156509399414,24544000,51.64494323730469,32680500,320.8127136230469,2585600,88.69070434570312,11110300,412.0590515136719,123006300,28.329999923706055,0
2022-02-15,138.171875,9500000,42.48723220825195,42397600,57.34375,15487600,52.11808776855469,18224600,324.10772705078125,1846400,89.43433380126953,6714100,418.70428466796875,88482700,25.700000762939453,0
2022-02-16,138.4219512939453,9076500,42.38943862915039,36664600,57.30094909667969,13067400,51.90382385253906,22057200,320.6434326171875,2165300,87.46286010742188,10190700,419.1735534667969,84863600,24.290000915527344,0
2022-02-17,135.2337646484375,11367500,40.95807647705078,49442400,55.38379669189453,23150000,50.127281188964844,24946500,310.8563537597656,3102400,83.1394271850586,15620300,410.21942138671875,102259100,28.110000610351562,0
2022-02-18,135.86782836914062,11733300,40.86027908325195,37856500,54.895938873291016,18114800,49.66305160522461,22137900,308.1668395996094,2910900,82.50819396972656,16321800,407.56317138671875,132642900,27.75,0
2022-02-22,135.62669372558594,11333500,40.50467300415039,51905600,54.68197250366211,19057000,49.3505973815918,26887800,306.590576171875,2590800,81.92886352539062,9143700,403.1893615722656,124391800,28.809999465942383,0
2022-02-23,132.78684997558594,11799000,39.81121826171875,45704900,54.10852813720703,17563500,48.16325759887695,21860700,303.84771728515625,2217300,80.89125061035156,8722200,396.0374450683594,132578000,31.020000457763672,0
2022-02-24,129.089599609375,25655100,38.762149810791016,80484800,51.92603302001953,46453500,47.05625915527344,40917600,302.9571228027344,4564000,79.3866958618164,18518000,401.9973449707031,213942900,30.31999969482422,0
2022-02-25,132.1438751220703,18367700,40.02458572387695,68530700,53.0472412109375,30518900,48.306087493896484,27493500,311.8002624511719,2980500,81.75593566894531,9717400,410.8670349121094,121804500,27.59000015258789,0
2022-02-28,126.63378143310547,31315300,39.29557800292969,69955300,50.69358825683594,48212900,47.64546585083008,31094800,303.9367370605469,4245700,78.46147155761719,17955100,409.8157958984375,145615000,30.149999618530273,0
2022-03-01,121.85596466064453,36840400,37.75752639770508,74895600,50.14582061767578,51389000,44.89582824707031,54135500,294.0022277832031,5631500,75.77230834960938,18341800,403.5742492675781,137785900,33.31999969482422,0
2022-03-02,124.38331604003906,19405600,38.37097930908203,70834600,50.97602844238281,60206500,46.61881637573242,34894300,301.3299255371094,3469900,76.42082977294922,18007500,410.9984436035156,117726500,30.739999771118164,0
2022-03-03,123.4991683959961,16640800,37.96001434326172,48733800,49.31562042236328,54027300,45.74393081665039,24159700,298.67840576171875,2393700,75.90201568603516,12197100,408.9523010253906,105501700,30.479999542236328,0
2022-03-04,120.02520751953125,21016000,36.58418655395508,75572800,48.4340705871582,54263000,43.55671691894531,35871600,295.3191223144531,3293100,74.67418670654297,11950700,405.629638671875,113978200,31.979999542236328,0
2022-03-07,115.39031982421875,27560100,34.25244903564453,109779000,47.54396057128906,49710700,40.89635467529297,56332500,288.3497619628906,3689900,72.15792083740234,12680900,393.6721496582031,137896600,36.45000076293945,0
2022-03-08,114.57766723632812,19207800,34.475799560546875,76553800,46.96196365356445,43858100,41.47663497924805,60018100,287.8839416503906,3596400,72.03684997558594,11641200,390.6874694824219,164772700,35.130001068115234,0
2022-03-09,119.16790008544922,17536200,36.66460037231445,78207900,47.88631057739258,32757100,43.887027740478516,34560200,298.8306579589844,3202100,75.57343292236328,12994600,401.1620788574219,116990800,32.45000076293945,0
2022-03-10,117.75690460205078,15604200,36.33405685424805,48804400,46.97052001953125,31942500,43.75312423706055,26178800,295.525146484375,2232600,74.24181365966797,11351600,399.3505554199219,93972700,30.229999542236328,0
2022-03-11,115.10455322265625,20061800,36.030296325683594,43946600,46.35429000854492,20550900,43.271053314208984,23707100,292.92730712890625,2613500,73.6538314819336,8568100,394.2728576660156,95636300,30.75,0
2022-03-14,116.24763488769531,15786900,36.807552337646484,54262400,46.4141960144043,25046000,44.5119514465332,28166600,291.1177978515625,2342200,73.2560806274414,8280700,391.39129638671875,95729200,31.770000457763672,0
2022-03-15,118.3105697631836,15096600,37.07555389404297,41395300,47.16736602783203,20747100,44.73514175415039,25080600,294.86224365234375,2140700,74.64823150634766,8672400,399.99822998046875,106219100,29.829999923706055,0
2022-03-16,123.59738159179688,20354900,38.23696517944336,59477600,48.61380386352539,31659800,46.065311431884766,34672800,305.2535400390625,3468500,79.34346008300781,17635900,408.8678894042969,144954800,26.670000076293945,0
2022-03-17,125.16022491455078,17050500,38.442440032958984,50260200,49.033180236816406,21432300,45.95819854736328,29930300,307.5020751953125,2403500,81.15929412841797,15156800,413.983154296875,102676900,25.670000076293945,0
2022-03-18,125.11558532714844,23656500,38.32630157470703,74470600,49.084529876708984,30900500,45.90461730957031,60963400,309.39208984375,5861900,81.98938751220703,16325400,418.51751708984375,106345500,23.8700008392334,0
2022-03-21,124.71369171142578,12676100,38.27269744873047,47106400,48.76786422729492,21661200,45.65464782714844,23411500,303.67694091796875,3401200,80.07845306396484,8568700,418.3950500488281,88349800,23.530000686645508,0
2022-03-22,127.36605834960938,13548600,39.46983337402344,52360600,49.212913513183594,23407400,47.6633186340332,28625600,307.2691345214844,2840200,81.47058868408203,7565100,423.2908630371094,74650400,22.940000534057617,0
2022-03-23,124.82979583740234,12093200,38.49605178833008,48539300,48.228660583496094,23070200,45.636810302734375,27988700,300.64019775390625,2196800,79.87957000732422,7465400,417.839599609375,79426100,23.56999969482422,0
2022-03-24,125.64249420166016,10017600,38.47817611694336,30360800,48.28856658935547,16770200,45.824283599853516,19677800,301.19561767578125,1944100,79.66337585449219,6488300,424.1382141113281,64736900,21.670000076293945,0
2022-03-25,126.74092102050781,8383500,39.06782150268555,38968100,48.56245422363281,21206300,46.92234420776367,19130900,302.32427978515625,1580800,79.87957000732422,6592800,426.2096252441406,77101300,20.809999465942383,0
2022-03-28,125.80321502685547,10818100,38.90700149536133,37428600,47.860626220703125,25546300,46.2527961730957,24115400,300.3624267578125,2182600,78.91975402832031,8680800,429.24114990234375,68529800,19.6299991607666,0
2022-03-29,126.08006286621094,11316500,38.80873107910156,46355800,48.33137130737305,21463500,46.065311431884766,20915000,304.2681579589844,2378700,79.41262817382812,7431600,434.55126953125,86581500,18.899999618530273,0
2022-03-30,125.50850677490234,8771000,38.41563034057617,36601800,47.04753875732422,32222400,44.73514175415039,30913800,300.62225341796875,2650200,78.0550765991211,7289800,431.86798095703125,79666900,19.329999923706055,0
2022-03-31,121.7398910522461,17353900,36.82541275024414,67902500,45.703819274902344,29202400,43.262115478515625,31238500,295.70428466796875,2632000,75.57343292236328,8422700,425.2209777832031,121699900,20.559999465942383,0
2022-04-01,120.83788299560547,15721300,36.539527893066406,61929200,44.78804016113281,40073100,43.48530197143555,29989900,295.811767578125,2444800,75.21893310546875,8192300,426.4261169433594,89048800,19.6299991607666,0
2022-04-04,121.37371826171875,17416400,36.476993560791016,53761700,45.19029235839844,29296200,43.262115478515625,23778300,294.0111999511719,2569400,75.46967315673828,8098900,430.0791015625,59601000,18.56999969482422,0
2022-04-05,119.96125793457031,12110300,35.86054992675781,51781700,44.146121978759766,23065500,42.958580017089844,21757300,290.2041320800781,2573900,73.74028778076172,11587400,424.64666748046875,74214500,21.030000686645508,0
2022-04-06,118.29688262939453,12914700,35.467464447021484,54159800,43.2474479675293,25196600,42.75326919555664,26001200,283.3063659667969,3151300,71.8812255859375,10493200,420.40045166015625,106898000,22.100000381469727,0
2022-04-07,117.93701171875,12994200,35.190513610839844,54585000,42.819515228271484,28689900,42.61935043334961,29486500,281.4162292480469,3562600,71.8812255859375,11902900,422.5188903808594,78097200,21.549999237060547,0
2022-04-08,120.09620666503906,13126900,35.44065856933594,41018900,43.54701614379883,26853300,43.50315856933594,23659800,287.90191650390625,3294200,72.68537139892578,6937500,421.3890380859375,79272700,21.15999984741211,0
2022-04-11,119.65535736083984,10466400,35.36918258666992,34198700,43.26456832885742,20895700,44.03881072998047,27041000,287.3374938964844,2747700,72.65080261230469,8290400,414.1866149902344,89770500,24.3700008392334,0
2022-04-12,118.34185028076172,12989900,34.99396896362305,42855300,43.084835052490234,18755500,43.226409912109375,25791900,286.4595947265625,2365200,72.57296752929688,8057300,412.6519470214844,84363600,24.260000228881836,0
2022-04-13,114.52726745605469,30838000,34.6812858581543,45484200,42.9222297668457,21194200,43.33354187011719,20645300,288.4213562011719,3022900,72.74591827392578,8760300,417.37823486328125,74070400,21.81999969482422,0
2022-04-14,113.46568298339844,18835200,33.564544677734375,79032000,43.58980941772461,34043100,41.37843704223633,65583200,288.1258239746094,5460900,73.29068756103516,16348400,412.18115234375,97869500,22.700000762939453,0
2022-04-18,115.57089233398438,11834400,34.70808029174805,80080300,44.77091979980469,28396300,42.11048889160156,26120900,295.50726318359375,3653400,74.7779312133789,7897500,412.3506774902344,66002500,22.170000076293945,0
2022-04-19,117.96399688720703,15015400,35.351318359375,53714200,45.292991638183594,19996800,42.69969177246094,19753300,300.9447937011719,2774800,76.87911987304688,12637700,419.0071105957031,77821000,21.3700008392334,0
2022-04-20,118.37786102294922,13430200,35.43172836303711,47064300,45.44705581665039,20532800,43.431732177734375,25893000,305.52227783203125,3040100,78.34908294677734,11828400,418.69635009765625,65224400,20.31999969482422,0
2022-04-21,117.460205078125,12174200,34.76168441772461,46245900,45.0447998046875,15952900,42.655052185058594,19027600,299.4666442871094,3097800,76.87911987304688,9563900,412.4353332519531,85417300,22.68000030517578,0
2022-04-22,114.08644104003906,14318800,33.55561065673828,50409800,43.84657287597656,23073900,41.36951446533203,21676800,286.45068359375,3125200,73.27337646484375,11455400,401.1184387207031,132471800,28.209999084472656,0
2022-04-25,114.05046081542969,17149000,33.31440353393555,64301100,43.760990142822266,22079300,40.914215087890625,30045500,287.9287414550781,3093600,73.54143524169922,11577600,403.4439392089844,119647700,27.020000457763672,0
2022-04-26,110.67671203613281,17209500,32.56395721435547,44809900,42.990692138671875,18335800,39.79829406738281,21527400,280.4935302734375,2791700,71.22406768798828,10062000,391.7598876953125,103996300,33.52000045776367,0
2022-04-27,109.23724365234375,17215200,32.38527297973633,39824900,42.45148468017578,24707500,39.79829406738281,19520900,280.59210205078125,2469300,71.0857162475586,9522900,392.86138916015625,122030000,31.600000381469727,0
2022-04-28,110.964599609375,13015600,32.885581970214844,39567800,42.81096649169922,20112100,40.32500457763672,17431000,285.2323913574219,2176000,72.7340087890625,6974600,402.7849426269531,105449100,29.989999771118164,0
2022-04-29,107.38394165039062,14874800,31.87605094909668,47385200,41.68684768676758,21844900,38.95018768310547,27149400,273.6585998535156,3129600,70.28338623046875,8097300,387.8997802734375,145491100,33.400001525878906,0
2022-05-02,108.36457824707031,18545000,32.28700637817383,46652200,42.11920928955078,25904000,38.98589324951172,25009300,278.0749816894531,2968100,71.47817993164062,8737100,390.2347106933594,158312500,32.34000015258789,0
2022-05-03,110.68570709228516,15720900,33.171451568603516,48926000,43.32112503051758,25374500,39.423343658447266,21545300,281.8731384277344,2606200,73.03924560546875,9430500,392.02349853515625,100028200,29.25,0
2022-05-04,114.34734344482422,17128500,34.50260543823242,57860300,45.162925720214844,26643600,41.048126220703125,29468000,290.3384704589844,2629400,76.06548309326172,10495000,403.9617919921875,144247900,25.420000076293945,0
2022-05-05,111.48641204833984,15055400,33.53774642944336,48860600,44.36739730834961,25756000,40.17743682861328,29978600,280.44879150390625,2622100,74.07706451416016,8556500,389.6038513183594,172929100,31.200000762939453,0
2022-05-06,111.30648040771484,14417900,33.45734786987305,50440100,44.63546371459961,25912900,39.98893356323242,27035300,280.3502197265625,2375600,73.45787811279297,7333600,387.2783203125,151770800,30.190000534057617,0
2022-05-09,109.63311004638672,14312300,32.49248504638672,51242000,43.13954162597656,28888400,39.45933532714844,27132700,276.70428466796875,3234000,70.77175903320312,11161000,374.8787536621094,155586100,34.75,0
2022-05-10,106.96110534667969,16382400,31.94751739501953,60235300,42.15378952026367,31054700,38.66943359375,25276100,273.2734069824219,2798400,69.99557495117188,9261000,375.7449645996094,132497200,32.9900016784668,0
2022-05-11,106.2863540649414,14630300,31.777774810791016,54969300,41.21127700805664,30179000,38.211647033691406,25291600,270.1291198730469,2320600,68.80079650878906,8060000,369.7757263183594,142361000,32.560001373291016,0
2022-05-12,106.19636535644531,16318800,31.331077575683594,61231500,40.26011276245117,36301500,37.52945327758789,30171700,268.212158203125,3408300,68.53914642333984,10315600,369.3897705078125,125090800,31.770000457763672,0
2022-05-13,107.14104461669922,10443200,31.420421600341797,49117900,41.1939811706543,21739400,38.27448654174805,21253200,275.00225830078125,2152500,70.23978424072266,7948000,378.2210693359375,104174400,28.8700008392334,0
2022-05-16,106.39431762695312,10269000,31.098804473876953,39076500,41.03834533691406,16919100,37.88849639892578,16837400,271.8222961425781,1568800,69.68162536621094,5703600,376.68634033203125,78622400,27.469999313354492,0
2022-05-17,109.9209976196289,11160200,32.15299987792969,42635600,44.142581939697266,46643400,39.23493194580078,23340500,280.3592529296875,2096200,72.3241195678711,6507100,384.4350280761719,83029700,26.100000381469727,0
2022-05-18,108.04067993164062,12664900,31.16133689880371,47396900,42.646663665771484,32181600,37.79874801635742,27351300,274.7693786621094,2033200,70.37059783935547,5949400,368.9378356933594,117674500,30.959999084472656,0
2022-05-19,106.43929290771484,12765800,30.777183532714844,47002700,43.04442596435547,27279400,37.70001220703125,25211900,276.08624267578125,2108800,69.73394775390625,7852800,366.67828369140625,98510700,29.350000381469727,0
2022-05-20,105.56661224365234,13150100,30.250076293945312,62406500,43.01848602294922,29025500,37.40379333496094,35410400,274.8321228027344,2201100,69.21939849853516,8705000,366.83831787109375,131432200,29.43000030517578,0
2022-05-23,112.09818267822266,24376700,32.0457878112793,69081900,45.629852294921875,35166800,39.33366775512695,27979100,283.619873046875,2653000,71.78341674804688,7787700,373.70184326171875,76414900,28.479999542236328,0
2022-05-24,113.68160247802734,19324900,31.849245071411133,46146700,45.55203628540039,24344800,38.85793685913086,23996000,281.237060546875,1870900,71.47817993164062,6225700,370.8490905761719,91448800,29.450000762939453,0
2022-05-25,114.47331237792969,12780400,32.018985748291016,49343400,45.56932067871094,23507900,39.60294723510742,22343900,282.0880432128906,1929500,71.7136459350586,6747800,374.1255187988281,91472900,28.3700008392334,0
2022-05-26,116.45256042480469,15990900,32.760498046875,60201200,46.77125549316406,19140700,40.93143081665039,23502500,289.908447265625,2440400,74.12939453125,8573400,381.60107421875,82168300,27.5,0
2022-05-27,118.09895324707031,11177800,33.07318878173828,43365600,46.36485290527344,19509300,41.19174575805664,19482600,294.3426818847656,2106700,75.39395141601562,6300000,390.9691162109375,84768700,25.719999313354492,0
2022-05-31,118.96263122558594,17015000,33.2339973449707,71609200,46.183265686035156,25805400,41.08403396606445,40727400,294.5860900878906,2722900,75.12358856201172,10780700,388.77532958984375,95937000,26.190000534057617,0
2022-06-01,116.87541961669922,10768000,32.760498046875,35237900,45.30126953125,23902000,40.53647994995117,20417900,290.0796203613281,2330200,74.12939453125,6543900,385.63067626953125,86585800,25.690000534057617,0
2022-06-02,118.75568389892578,8374800,32.97615432739258,35341900,45.33586502075195,17473600,40.68907165527344,14633300,292.2427673339844,1957500,74.30380249023438,7468700,392.9744873046875,79609600,24.719999313354492,0
2022-06-03,117.10032653808594,8596000,32.51789855957031,25235200,44.38470458984375,16550000,40.231300354003906,12572400,287.22247314453125,1238900,73.36192321777344,5276900,386.525146484375,71874300,24.790000915527344,0
2022-06-06,116.71346282958984,11323500,32.481956481933594,40394000,44.445228576660156,18473200,40.50058364868164,11867200,288.8719177246094,1099700,74.0160140991211,4022400,387.7020568847656,57508900,25.06999969482422,0
2022-06-07,117.01934814453125,6722200,32.661659240722656,29152200,45.050506591796875,15528800,40.81474304199219,13281600,289.773193359375,2516800,74.41718292236328,4514300,391.42095947265625,59272400,24.020000457763672,0
2022-06-08,115.15704345703125,8422100,32.24834060668945,33590600,44.4538688659668,13207700,40.06074142456055,12364400,283.617431640625,1438100,72.5595932006836,6787200,387.1654052734375,64350000,23.959999084472656,0
2022-06-09,112.73695373535156,13560100,31.008359909057617,49419000,43.208717346191406,14272900,38.30140686035156,20142400,274.1898498535156,2896500,70.7804946899414,6951700,377.9574890136719,86289800,26.09000015258789,0
2022-06-10,107.55487823486328,12945200,29.804325103759766,49318200,41.2545051574707,28910800,35.97657775878906,27619300,258.6877136230469,3866900,67.50135040283203,9671600,366.99835205078125,132893900,27.75,0
2022-06-13,104.35208129882812,16805600,28.771018981933594,61216600,39.50782775878906,30308400,34.99817657470703,27553800,255.35293579101562,4218100,65.56525421142578,10446400,353.06402587890625,170004900,34.02000045776367,0
2022-06-14,102.61570739746094,13357900,28.26783561706543,49349800,39.74129104614258,25223600,33.59788513183594,36817600,254.64996337890625,2487700,65.37340545654297,7400300,352.0001525878906,104011800,32.689998626708984,0
2022-06-15,103.83027648925781,14083500,28.797971725463867,51540100,41.14209747314453,30001500,34.26212692260742,31358100,261.43670654296875,2725800,66.29781341552734,9273300,357.0184631347656,125666800,29.6200008392334,0
2022-06-16,102.0489273071289,16724900,28.61826515197754,61363400,40.54546356201172,24744900,33.79536056518555,37991500,256.84912109375,2777300,64.4925765991211,11068400,345.2024841308594,134473300,32.95000076293945,0
2022-06-17,101.6890640258789,30919900,28.68115997314453,80470300,40.225521087646484,35111400,34.54037857055664,59114300,252.17141723632812,5234400,63.57685852050781,17285900,345.9466857910156,111113900,31.1299991607666,0
2022-06-21,104.20812225341797,11680500,29.516796112060547,53537200,41.470680236816406,20289700,34.99817657470703,24884700,256.6959228515625,2506300,65.08557891845703,8063800,354.6553955078125,76811900,30.190000534057617,0
2022-06-22,103.62333679199219,9842700,29.292160034179688,38305600,40.813514709472656,19752800,34.648101806640625,18631700,256.4525451660156,2463100,64.88501739501953,6322600,354.01239013671875,90059400,28.950000762939453,0
2022-06-23,102.48978424072266,11851500,28.82493019104004,44091500,40.078521728515625,24137200,34.0197639465332,23143800,257.9217224121094,2547000,64.51000213623047,7958000,357.482666015625,79292100,29.049999237060547,0
2022-06-24,105.54862213134766,14841100,29.031591415405273,79504700,41.384212493896484,27322600,36.58696365356445,39407700,272.864990234375,3984300,67.86762237548828,10795400,368.8483581542969,98050300,27.229999542236328,0
2022-06-27,104.70294952392578,11280500,29.067529678344727,47900300,41.358272552490234,21198200,36.12020492553711,16996800,271.0894470214844,2091700,67.53622436523438,5937600,367.4395446777344,66009600,26.950000762939453,0
2022-06-28,104.19915008544922,11590900,28.986658096313477,49863800,40.82216262817383,21643600,36.06632995605469,18136600,269.92681884765625,2276600,68.1641616821289,10259100,359.93170166015625,86548900,28.360000610351562,0
2022-06-29,103.73130798339844,9338400,28.62725257873535,35149700,40.7270393371582,20981000,35.64445495605469,15778700,273.34259033203125,2475900,68.19031524658203,8534900,359.6385803222656,65676000,28.15999984741211,0
2022-06-30,101.31121063232422,15172600,27.9713191986084,46312300,39.76723861694336,21207900,35.15974426269531,20425700,267.7005920410156,2669500,66.33272552490234,10182400,356.7167663574219,112508300,28.709999084472656,0
2022-07-01,102.60671997070312,10573600,28.357688903808594,40236100,40.528175354003906,16539600,35.83296203613281,15333900,269.6924743652344,1749400,66.93446350097656,6017500,360.4896240234375,74839700,26.700000762939453,0
2022-07-05,102.21643829345703,12514200,28.070161819458008,47411800,40.30335235595703,19156800,35.994537353515625,19144500,267.86285400390625,2480900,66.37633514404297,8706900,361.17041015625,81438000,27.540000915527344,0
2022-07-06,101.55387115478516,10656200,27.8365421295166,35933700,39.90559005737305,14952800,35.455963134765625,17014100,264.762451171875,1774500,65.80072784423828,6895900,362.3901062011719,70426200,26.729999542236328,0
2022-07-07,104.12245178222656,10347400,28.62725257873535,40137900,40.580055236816406,15598900,36.012474060058594,21060400,269.1246643066406,2046500,67.14376831054688,6258300,367.81781005859375,64525900,26.079999923706055,0
2022-07-08,103.79570770263672,8807800,28.564353942871094,31153800,40.48493194580078,11789900,36.06632995605469,14437500,267.2049255371094,1438900,66.91703796386719,5890500,367.51519775390625,72397800,24.639999389648438,0
2022-07-11,102.43426513671875,7939500,28.26783561706543,29311900,39.9401741027832,12778200,35.71626663208008,13111600,264.2396240234375,1519400,66.12342071533203,4918900,363.31683349609375,58366900,26.170000076293945,0
2022-07-12,102.53411102294922,11250900,28.1779842376709,39527000,39.88829803466797,16966700,35.54571533203125,15127300,263.6538391113281,1772600,66.22806549072266,6558400,360.1019287109375,62219200,27.290000915527344,0
2022-07-13,101.57203674316406,12979900,27.71074676513672,44153700,39.343536376953125,21793600,35.069984436035156,14116800,261.5087890625,1884100,65.3908462524414,7780100,358.210693359375,84224600,26.81999969482422,0
2022-07-14,98.02323150634766,26204800,27.072792053222656,51707800,38.16755294799805,27337600,34.773773193359375,24355300,253.79371643066406,3171900,65.137939453125,13296200,357.3408508300781,89704800,26.399999618530273,0
2022-07-15,102.51596069335938,18863900,28.977676391601562,77801700,43.21735763549805,86566200,36.91908264160156,40328300,264.8615417480469,3457600,68.0682373046875,11663900,364.16790771484375,79060400,24.229999542236328,0
2022-07-18,101.46311950683594,13977900,28.986658096313477,56382900,43.29518127441406,26042500,36.97293472290039,17991300,271.5220947265625,6767900,68.77462005615234,11596800,361.1609802246094,63203600,25.299999237060547,0
2022-07-19,103.97723388671875,11862300,29.966062545776367,46874900,45.07646179199219,28113600,38.50786209106445,25724200,286.65472412109375,5641100,71.20780181884766,9952000,370.919189453125,78506000,24.5,0
2022-07-20,103.95907592773438,11667500,29.975053787231445,35514900,45.3531494140625,24546500,38.346290588378906,19111200,289.71905517578125,3489800,71.34735107421875,7653400,373.2831115722656,71843800,23.8799991607666,0
2022-07-21,104.66703033447266,11595900,30.23563003540039,31244000,45.474212646484375,18261900,38.848960876464844,17809000,294.3066711425781,2518800,72.4026107788086,9053400,377.08441162109375,64903900,23.110000610351562,0
2022-07-22,104.15874481201172,7645500,30.037944793701172,27115400,44.88621520996094,14903400,38.75020980834961,15965400,291.95428466796875,1830300,71.88805389404297,6564000,373.5857238769531,72197300,23.030000686645508,0
2022-07-25,104.5762710571289,9394000,30.307504653930664,30381000,45.10239791870117,16794700,39.04643630981445,20297900,292.12548828125,4024500,71.99271392822266,6208200,374.0396728515625,53631500,23.360000610351562,0
2022-07-26,102.94253540039062,10675100,29.696504592895508,30645700,44.445228576660156,18960800,38.50786209106445,15446700,287.1053466796875,2054700,70.45779418945312,7121600,369.6143798828125,52946400,24.690000534057617,0
2022-07-27,104.59441375732422,9337400,30.181713104248047,30344800,45.26668167114258,17087300,39.23493194580078,19498400,292.5040588378906,2081900,71.95783996582031,7751300,379.2119140625,82342100,23.239999771118164,0
2022-07-28,104.20414733886719,10384800,29.939104080200195,40176500,45.162925720214844,12729200,38.88486099243164,14527300,296.62286376953125,1820700,73.02750396728516,6324800,383.9681091308594,73966600,22.329999923706055,0
2022-07-29,104.70333862304688,12944500,30.37939453125,48152500,45.32010269165039,16783500,39.37855529785156,17512700,300.48052978515625,2112200,74.21600341796875,8597700,389.5659484863281,87003700,21.329999923706055,0
2022-08-01,103.6595687866211,14740400,30.289535522460938,32336700,45.337562561035156,13051800,39.08234405517578,13668300,299.2997741699219,1476500,74.03111267089844,5439200,388.4122619628906,69997500,22.84000015258789,0
2022-08-02,102.04399108886719,14942900,29.687515258789062,37884100,44.31589889526367,17378500,38.48991394042969,17764000,295.514404296875,1862900,73.53811645507812,7684700,385.84979248046875,63435400,23.93000030517578,0
2022-08-03,103.11498260498047,14394500,30.226634979248047,30065800,45.06687545776367,13570600,39.39649963378906,17359500,300.2821960449219,1770600,74.87629699707031,7043600,391.89202880859375,67820600,21.950000762939453,0
2022-08-04,101.98046875,18033900,30.010990142822266,28404500,44.76123809814453,10152200,38.655391693115234,15062800,299.1105041503906,1533400,75.1491928100586,5722600,391.627197265625,45656600,21.440000534057617,0
2022-08-05,105.06637573242188,14174600,30.51417350769043,35874500,45.11052703857422,13868800,39.55015563964844,16021000,301.6341552734375,1876400,75.82710266113281,6219300,390.96527099609375,56814900,21.149999618530273,0
2022-08-08,103.78663635253906,10332500,30.09186363220215,33454300,44.94461441040039,11594400,39.03498840332031,12879700,301.64306640625,1460000,75.73907470703125,5719700,390.5115051269531,53886100,21.290000915527344,0
2022-08-09,104.72148895263672,10233800,30.478229522705078,40196900,45.48601150512695,9739300,39.224788665771484,10489500,303.3916015625,1587900,76.02959442138672,4920100,388.9607849121094,44931800,21.770000457763672,0
2022-08-10,107.45342254638672,12847300,31.511539459228516,61415800,46.44655227661133,32416200,40.06532287597656,14037600,313.5671691894531,2459500,78.25695037841797,7271700,397.1304931640625,68665700,19.739999771118164,0
2022-08-11,109.0417709350586,11684900,32.26630783081055,50420800,47.15386199951172,13450300,40.89680480957031,14038800,316.96502685546875,2360800,79.41024780273438,8808100,397.1304931640625,59489700,20.200000762939453,0
2022-08-12,110.84793090820312,9906700,32.616737365722656,31821700,47.48568344116211,15493600,41.52042770385742,10706000,318.8938293457031,2369000,80.69560241699219,6259000,403.8534851074219,61694500,19.530000686645508,0
2022-08-15,111.1474609375,8456200,32.57180404663086,24908000,47.214988708496094,11595200,41.34870910644531,11070300,320.72344970703125,2045700,81.01253509521484,7348900,405.5176086425781,54048300,19.950000762939453,0
2022-08-16,112.20936584472656,9555000,32.922237396240234,31870200,47.3110466003418,14708000,41.62889099121094,12234100,319.93023681640625,1740900,80.83646392822266,5953800,406.31195068359375,59289000,19.690000534057617,0
2022-08-17,111.26544952392578,8149300,32.715572357177734,27125600,46.94428634643555,13370800,41.70119094848633,13151700,318.8216552734375,1576300,80.42268371582031,5499000,403.4279479980469,63563400,19.899999618530273,0
2022-08-18,110.40321350097656,9531800,32.59876251220703,23138300,46.76091384887695,10573300,41.70119094848633,7885900,319.524658203125,1102200,80.7572250366211,4664800,404.6004638671875,49023200,19.559999465942383,0
2022-08-19,107.6712646484375,13464500,31.87993812561035,36485400,45.940086364746094,14798800,40.987186431884766,13142900,314.7929382324219,1812300,79.24298095703125,6264100,399.1634521484375,68016900,20.600000381469727,0
2022-08-22,105.8923110961914,8967600,31.197050094604492,31210300,44.752506256103516,16749600,40.13761901855469,12391400,308.61907958984375,1723900,77.87838745117188,6452800,390.8519592285156,77695600,23.799999237060547,0
2022-08-23,104.8485336303711,7607000,30.91850471496582,26588000,44.49055480957031,11126100,40.10145950317383,10475100,306.6002197265625,1538000,77.73753356933594,7487700,389.90631103515625,49105200,24.110000610351562,0
2022-08-24,105.1026840209961,9771300,31.017345428466797,31389400,44.54293441772461,11159300,40.345497131347656,11706700,308.1865234375,1530800,78.00164794921875,5262400,391.1544494628906,49177800,22.81999969482422,0
2022-08-25,107.59866333007812,10758900,31.574438095092773,40576700,45.45982360839844,12569000,41.02334213256836,11783200,312.2873229980469,1763900,79.15496063232422,4943300,396.6766662597656,50942300,21.780000686645508,0
2022-08-26,104.07707214355469,11276200,30.577070236206055,36152600,43.468875885009766,20049700,39.73995590209961,13405200,303.1933898925781,1703900,76.4257583618164,7911500,383.2494812011719,103087000,25.559999465942383,0
2022-08-29,103.82294464111328,8117300,30.46025848388672,34931000,43.11085510253906,15103100,39.69476318359375,12504900,300.95819091796875,1835600,75.14041137695312,7505300,380.71533203125,65370800,26.209999084472656,0
2022-08-30,103.84110260009766,10745400,30.630979537963867,48194900,42.85763168334961,16735500,39.89359664916992,14365000,300.69677734375,1830300,74.33045959472656,8849400,376.5358581542969,85652400,26.209999084472656,0
2022-08-31,103.22390747070312,10738300,30.199676513671875,44917600,42.62185287475586,16582100,39.50495910644531,22609100,302.0952453613281,2488000,75.02597045898438,9223100,373.67083740234375,76029700,25.8700008392334,0
2022-09-01,103.93184661865234,9979800,30.27203941345215,32848900,42.569454193115234,14470900,39.49592208862305,13173000,302.8489990234375,1575100,75.86231231689453,7830800,374.8433532714844,78740100,25.559999465942383,0
2022-09-02,103.20576477050781,10666600,30.23585319519043,44000800,42.64804458618164,15568100,39.20670700073242,13025900,301.0146484375,2215400,76.06480407714844,9974400,370.8908386230469,99632100,25.469999313354492,0
2022-09-06,103.23298645019531,9751900,29.90121078491211,40762400,42.106651306152344,15544500,38.75481414794922,14708700,296.4832763671875,1578100,74.94672393798828,10689300,369.49139404296875,76637400,26.90999984741211,0
2022-09-07,105.19346618652344,10647900,30.36248016357422,40742600,42.464683532714844,15413900,39.622459411621094,19475800,300.1792297363281,1496600,76.46978759765625,7592700,376.1293640136719,70964200,24.639999389648438,0
2022-09-08,107.6440200805664,11435000,31.339290618896484,44361800,43.57366180419922,18088800,40.87873077392578,18500300,304.55615234375,1755600,77.86078643798828,8446700,378.5877990722656,80821700,23.610000610351562,0
2022-09-09,108.16136932373047,9299700,31.601587295532227,37295100,44.24604034423828,18711800,40.96910858154297,12875500,308.84234619140625,1445600,78.75875091552734,5976200,384.4692687988281,76706900,22.790000915527344,0
2022-09-12,109.44113159179688,8614600,31.90004539489746,30534000,44.42068099975586,13506500,41.149864196777344,12127900,311.09442138671875,1563200,79.36621856689453,8030800,388.6014099121094,69256300,23.8700008392334,0
2022-09-13,105.63818359375,12904600,30.751399993896484,40959600,42.78776168823242,22148200,39.06209945678711,21124900,298.2085876464844,2242100,76.6370620727539,7890700,371.7041015625,122947100,27.270000457763672,0
2022-09-14,105.39313507080078,9345700,30.63381576538086,32004400,42.2900276184082,25701700,39.116336822509766,15067800,297.1824951171875,1953300,76.75149536132812,8341100,373.1224365234375,85023700,26.15999984741211,0
2022-09-15,106.98148345947266,10821400,31.21266746520996,44863300,42.29875946044922,16556900,39.89359664916992,13173200,301.1417541503906,1489400,77.70231628417969,8883100,368.8862609863281,87633800,26.270000457763672,0
2022-09-16,106.26444244384766,14844100,30.85993003845215,54281800,42.01060485839844,19995600,39.712833404541016,21238800,296.22894287109375,2946800,76.97159576416016,20988900,366.0720520019531,103084800,26.299999237060547,0
2022-09-19,107.24468231201172,8201300,31.375471115112305,29782000,42.12411117553711,14716100,40.0562744140625,11324100,298.45379638671875,1652700,78.10726928710938,6011500,368.9109802246094,73278500,25.760000228881836,0
2022-09-20,105.12991333007812,9619000,30.9051513671875,33591100,41.25962829589844,16650200,39.23382568359375,19503900,293.55010986328125,1569900,76.76029205322266,8092300,364.6763000488281,77274900,27.15999984741211,0
2022-09-21,102.09845733642578,12606300,29.982614517211914,51667800,40.456268310546875,18641800,38.20349884033203,19207100,291.2345275878906,1796700,76.02959442138672,9707800,358.3150329589844,106746600,27.989999771118164,0
2022-09-22,100.93669891357422,11684500,29.39472007751465,47527500,39.80134963989258,18443100,37.52565002441406,15499000,284.1604309082031,2239900,74.62979888916016,8376300,355.3052062988281,89472600,27.350000381469727,0
2022-09-23,99.05792999267578,18138600,28.698291778564453,55316100,38.64870071411133,30918000,36.522430419921875,23316200,274.21673583984375,2918500,71.75975036621094,9990500,349.35211181640625,122346900,29.920000076293945,0
2022-09-26,96.92499542236328,15753600,28.065176010131836,40360200,37.53971862792969,23684400,36.16092300415039,21420000,267.5422668457031,2308800,70.21907806396484,8496000,345.8961181640625,92581200,32.2599983215332,0
2022-09-27,96.07185363769531,12793600,27.649126052856445,43396600,37.190425872802734,21255500,36.17899703979492,17541400,264.6000671386719,2007400,69.97257995605469,6855400,345.0130615234375,108294100,32.599998474121094,0
2022-09-28,98.01416015625,12762600,28.101346969604492,38372900,37.89773941040039,19818100,36.88394546508789,16033500,273.145263671875,2289700,71.72454071044922,6693500,351.8017272949219,110802200,30.18000030517578,0
2022-09-29,96.35321044921875,12713900,27.73052406311035,35220900,37.01578140258789,20982200,36.60377502441406,14811300,268.8952941894531,1930800,70.30711364746094,5892700,344.4529724121094,112952300,31.84000015258789,0
2022-09-30,94.84654235839844,15973400,27.31447982788086,42294100,36.387054443359375,22266400,36.35071563720703,21182200,266.1166687011719,1970800,69.55879974365234,8090900,339.12652587890625,153711200,31.6200008392334,0
2022-10-03,97.77819061279297,12248100,28.11944007873535,34591700,37.16423034667969,22001000,37.57987594604492,16827600,271.65594482421875,1938800,70.76490783691406,8169200,348.07989501953125,89756500,30.100000381469727,0
2022-10-04,102.35259246826172,16013600,29.286184310913086,39758700,38.77967834472656,20660000,39.351318359375,18601300,285.9311218261719,2399500,73.92549133300781,7875000,358.8656921386719,103602800,29.06999969482422,0
2022-10-05,101.0888671875,10943500,28.87013816833496,35791100,38.281944274902344,15458500,39.1434440612793,15873400,280.6006774902344,1992800,73.1683578491211,5956500,358.03021240234375,88065700,28.549999237060547,0
2022-10-06,99.02843475341797,11521400,28.45408821105957,40891900,37.6008415222168,17738400,38.1763801574707,15634800,276.6686706542969,1367400,71.58367156982422,6434800,354.33685302734375,82333500,30.520000457763672,0
2022-10-07,97.0504379272461,11681100,27.811925888061523,52304600,36.84113311767578,18101300,37.769676208496094,17186700,273.4085998535156,1790100,69.48837280273438,7180900,344.4529724121094,107789500,31.360000610351562,0
2022-10-10,96.14384460449219,8931700,27.73052406311035,37669100,36.325931549072266,13768800,37.46238327026367,10973700,272.9182434082031,1309600,69.03059387207031,5418000,341.82293701171875,76042800,32.45000076293945,0
2022-10-11,93.3691635131836,12739700,26.925561904907227,58124000,35.32174301147461,20176100,36.359745025634766,19135900,267.16998291015625,2392800,67.78923797607422,6271100,339.6582336425781,92482800,33.630001068115234,0
2022-10-12,94.88011932373047,13181000,27.006967544555664,36137900,35.662288665771484,20862200,36.61280822753906,16469900,268.16888427734375,1763800,67.43708038330078,6411600,338.537841796875,76991800,33.56999969482422,0
2022-10-13,100.1548080444336,22398700,28.662113189697266,67671000,37.504783630371094,27964900,38.302913665771484,23808700,278.8480529785156,2724900,69.83171081542969,11811500,347.4721984863281,147254500,31.940000534057617,0
2022-10-14,101.82147216796875,33387100,28.67115592956543,58108500,37.74928283691406,28885100,39.01690673828125,33954200,272.4187316894531,2397600,66.2926025390625,13658500,339.5538024902344,123737000,32.02000045776367,0
2022-10-17,106.09798431396484,22276300,30.407703399658203,88896800,38.063636779785156,20835400,39.73090744018555,24507000,278.52117919921875,3118600,67.91248321533203,11412400,348.2792663574219,93168200,31.3700008392334,0
2022-10-18,108.82688903808594,21539700,31.54731559753418,81937900,38.55265426635742,21302100,40.372596740722656,24810400,285.00494384765625,6428600,69.93736267089844,9767800,352.3714294433594,97162900,30.5,0
2022-10-19,106.69320678710938,17072000,30.679040908813477,43139900,37.8453369140625,15142800,39.42362594604492,17876800,283.1070251464844,2363800,68.3526840209961,7429600,349.87432861328125,79746900,30.760000228881836,0
2022-10-20,106.34522247314453,12207400,30.480058670043945,39549100,37.47859191894531,15421600,39.45073699951172,17572700,282.2442932128906,2382300,67.43708038330078,7638100,346.9405212402344,88283100,29.979999542236328,0
2022-10-21,111.93126678466797,20593300,31.610628128051758,54870300,38.64870071411133,18783600,40.517215728759766,18632800,295.2210388183594,3545700,69.7436752319336,8149000,355.3717041015625,131038400,29.690000534057617,0
2022-10-24,112.06863403320312,12624200,31.719160079956055,33765600,38.77967834472656,14392300,40.85161590576172,16154300,298.4901123046875,2232600,69.92854309082031,8143300,359.7201843261719,85436900,29.850000381469727,0
2022-10-25,112.36164855957031,11289100,32.00858688354492,37132300,39.57431411743164,20085700,41.00526428222656,16362200,301.85003662109375,1837700,70.87936401367188,8173600,365.46435546875,78846300,28.459999084472656,0
2022-10-26,113.65286254882812,11667000,32.28896713256836,41104600,39.65290451049805,16516200,41.303524017333984,15010800,304.837646484375,2176700,71.23151397705078,7733400,362.7109069824219,104087300,27.280000686645508,0
2022-10-27,114.10157775878906,10727600,32.442726135253906,35261900,39.67910385131836,15687900,41.258331298828125,14655500,306.19073486328125,1998800,71.037841796875,6466400,360.77410888671875,81971800,27.389999389648438,0
2022-10-28,115.45687866210938,11859500,32.723114013671875,31659100,40.28163146972656,13457900,41.89098358154297,14990400,310.4043273925781,1677100,73.0867919921875,7816100,369.357177734375,100302000,25.75,0
2022-10-31,115.27372741699219,13295200,32.59648895263672,32565500,40.04585266113281,15600400,41.56562423706055,14000000,312.8470458984375,2224000,73.04232788085938,9087400,366.689208984375,96631300,25.8799991607666,0
2022-11-01,117.35247802734375,13386900,32.7411994934082,29913200,40.36021423339844,15505200,42.43327331542969,22409100,316.54296875,2316600,74.420166015625,8195600,365.0846252441406,85407600,25.809999465942383,0
2022-11-02,116.27188873291016,16546100,32.64170837402344,57380600,39.7751579284668,20306800,42.37000274658203,29246700,317.64178466796875,3221200,74.99797058105469,10907500,355.9223937988281,126990400,25.860000610351562,0
2022-11-03,116.48251342773438,12474400,32.46080780029297,30046500,38.92813491821289,16025800,41.42399215698242,17140100,316.8063049316406,2515600,74.33126831054688,6447200,352.25750732421875,87100100,25.299999237060547,0
2022-11-04,119.66928100585938,14953200,33.27482604980469,39369400,39.86445999145508,15204100,42.515533447265625,27082500,325.0155029296875,3172700,75.42465209960938,6929700,357.3274841308594,103505200,24.549999237060547,0
2022-11-07,120.30115509033203,12011200,33.47380828857422,37533700,40.39445495605469,11792300,42.815711975097656,17713300,329.2381896972656,2526900,76.06466674804688,4599600,360.7456970214844,68286900,24.350000381469727,0
2022-11-08,120.37440490722656,9884100,33.56425094604492,32664300,40.73894119262695,16737100,42.915771484375,14842700,330.5639343261719,3501300,75.80686950683594,4850300,362.69195556640625,84641100,25.540000915527344,0
2022-11-09,118.80848693847656,9494000,33.03062057495117,30164400,40.067623138427734,13299000,41.81513595581055,18318700,328.7295837402344,3047200,74.18016052246094,5200800,355.21978759765625,78495500,26.09000015258789,0
2022-11-10,123.69855499267578,16351600,34.48678970336914,45702800,42.77060317993164,27915500,43.61617660522461,23091900,343.54058837890625,3790400,78.93587493896484,10013900,374.7406005859375,141455800,23.530000686645508,0
2022-11-11,123.9000473022461,10704700,34.740028381347656,35688700,44.334075927734375,26009200,43.2523307800293,18076600,349.7701416015625,3409100,80.6959228515625,9119100,378.3675537109375,93839900,22.520000457763672,0
2022-11-14,122.62713623046875,11085600,34.152137756347656,35541400,43.300594329833984,19631600,42.6337890625,13929900,347.2184143066406,2609100,79.83367919921875,4873400,375.14886474609375,71903500,23.729999542236328,0
2022-11-15,121.73888397216797,14038300,34.097877502441406,46082800,43.309417724609375,19839400,42.48824691772461,19076000,347.69061279296875,3192400,80.44701385498047,7336100,378.34844970703125,93194500,24.540000915527344,0
2022-11-16,121.90370178222656,7893400,33.79035949707031,23813000,42.7264289855957,18052100,42.033447265625,14713300,347.1911315917969,2303700,79.84254455566406,4368600,375.462158203125,68508500,24.110000610351562,0
2022-11-17,121.37256622314453,8820200,33.61851501464844,23689700,42.62042999267578,11962700,41.83333206176758,11350900,344.8754577636719,2297600,79.06920623779297,4967300,374.3133239746094,74496300,23.93000030517578,0
2022-11-18,122.56303405761719,9468500,33.63660430908203,32041800,42.98258972167969,12884300,42.29723358154297,10515300,344.3488464355469,2384500,79.29142761230469,5450700,376.01287841796875,92922500,23.1200008392334,0
2022-11-21,121.839599609375,7800500,33.74514389038086,27935700,43.17693328857422,9884100,42.606502532958984,11656800,345.26593017578125,1877500,79.18475341796875,4667100,374.6455993652344,51243200,22.360000610351562,0
2022-11-22,123.66192626953125,9185700,33.90793991088867,23499300,43.57442092895508,13132000,42.85209274291992,11684900,348.589599609375,2019400,79.70921325683594,3804100,379.687255859375,60429000,21.290000915527344,0
2022-11-23,124.98060607910156,7316200,34.0164794921875,18934700,42.611595153808594,22863300,43.05221176147461,10878500,350.7508544921875,1865400,79.94033813476562,4961400,382.0798645019531,68261600,20.350000381469727,0
2022-11-25,125.21868896484375,3220500,34.097877502441406,16118500,42.655757904052734,6823600,43.15226745605469,4913300,353.1209716796875,1129300,80.81148529052734,2450100,381.994384765625,30545400,20.5,0
2022-11-28,123.03006744384766,9906900,33.338138580322266,35428300,41.71943664550781,18987100,42.73384475708008,12492600,347.2184143066406,2232200,79.90479278564453,6147700,375.89892578125,67881600,22.209999084472656,0
2022-11-29,125.05384063720703,7925300,33.46475601196289,27048800,42.0197639465332,12224700,43.27052307128906,13344900,348.44427490234375,1746900,80.96260833740234,5307100,375.2532958984375,52310000,21.889999389648438,0
2022-11-30,126.53736114501953,14761200,34.23353958129883,51747900,42.76176452636719,23993100,43.61617660522461,26417000,352.959716796875,2964100,82.73153686523438,10520600,387.0740051269531,144566700,20.579999923706055,0
2022-12-01,124.7608413696289,8858500,33.25102996826172,46213200,42.20526123046875,19797600,42.6337890625,15980300,350.8208312988281,1706300,82.66932678222656,7310400,386.7891540527344,76398200,19.84000015258789,0
2022-12-02,123.7718276977539,8931900,32.82344436645508,42295300,41.728271484375,12745400,41.787837982177734,29820400,347.868408203125,1932300,81.8692855834961,5197800,386.3428955078125,85342700,19.059999465942383,0
2022-12-05,120.30115509033203,10154500,31.3587703704834,71386600,40.31494903564453,20397500,39.71392059326172,32574600,339.60540771484375,2329600,79.83367919921875,8272500,379.392822265625,77289800,20.75,0
2022-12-06,120.50260162353516,13966700,30.021442413330078,84085700,39.731964111328125,22160800,39.477420806884766,25961400,331.71722412109375,3081900,77.78915405273438,10424700,373.9240417480469,77972200,22.170000076293945,0
2022-12-07,120.42019653320312,11739400,29.784912109375,49234100,39.4581298828125,20233400,38.613285064697266,24114900,328.9842224121094,2128200,77.58470153808594,7066700,373.2879638671875,65927900,22.68000030517578,0
2022-12-08,121.6839370727539,8907300,29.511985778808594,45491100,39.47578811645508,15622200,38.73153305053711,17161400,327.3023986816406,1967800,78.83808898925781,6141400,376.21221923828125,60737900,22.290000915527344,0
2022-12-09,121.02460479736328,7957800,29.4574031829834,36985500,39.62595748901367,14030600,38.658756256103516,16023700,328.2712707519531,1588800,79.53144836425781,6488300,373.40185546875,81447700,22.829999923706055,0
2022-12-12,122.90185546875,8841600,29.775814056396484,41060500,40.42978286743164,19045100,38.9862174987793,18428900,331.9639587402344,1750400,80.9981689453125,7496200,378.7853088378906,75405800,25.0,0
2022-12-13,122.78282928466797,10025400,29.794008255004883,54804800,41.154109954833984,25655400,38.76791763305664,31496000,337.00042724609375,3062600,82.4115219116211,10330500,381.6526794433594,123782500,22.549999237060547,0
2022-12-14,122.16928100585938,9966100,29.366422653198242,48819500,40.61528396606445,16587500,38.367679595947266,22044400,329.4046630859375,2519700,80.44701385498047,7704600,379.21246337890625,108111300,21.139999389648438,0
2022-12-15,119.13816833496094,12087800,28.902467727661133,49027600,39.413963317871094,20201900,37.63089370727539,16766600,319.7614440917969,3163700,78.03807830810547,8795200,369.936279296875,117705900,22.829999923706055,0
2022-12-16,118.39641571044922,21133700,28.83877944946289,61795200,39.17546463012695,26955400,37.467159271240234,29836200,316.58056640625,5008800,77.21137237548828,17262000,365.5688781738281,119858000,22.6200008392334,0
2022-12-19,119.10152435302734,9017200,29.166288375854492,38374100,38.804473876953125,18019100,38.040218353271484,17454200,314.9901123046875,1646700,76.04688262939453,5129600,362.4688415527344,79878100,22.420000076293945,0
2022-12-20,119.6784439086914,8549900,29.2845516204834,35561100,38.6984748840332,14412700,37.27613830566406,25415400,314.8804626464844,1623000,75.70021057128906,5206800,362.9649658203125,74427200,21.479999542236328,0
2022-12-21,121.02460479736328,8051700,29.730327606201172,32544000,39.5817985534668,22492300,37.403480529785156,20170800,320.0630798339844,1923100,77.22025299072266,5422400,368.39215087890625,78167400,20.06999969482422,0
2022-12-22,119.6509780883789,8648200,29.466503143310547,30234400,38.85747146606445,24476100,37.00325393676758,17382700,315.8768005371094,1528900,76.77579498291016,5635200,363.1366271972656,100120900,21.969999313354492,0
2022-12-23,120.2187271118164,5091900,29.53927993774414,21378600,39.0959587097168,15143800,37.27613830566406,10167500,315.81280517578125,1062000,76.544677734375,3316100,365.2254638671875,59857300,20.8700008392334,0
2022-12-27,120.63998413085938,5411000,29.59386444091797,22776100,39.21078872680664,14777800,37.330718994140625,10297400,312.5770263671875,1035000,75.61131286621094,7064700,363.78515625,51638200,21.649999618530273,0
2022-12-28,121.29932403564453,8827700,29.81220245361328,30541000,39.413963317871094,12882200,37.403480529785156,11889400,311.5716247558594,1117200,75.07794952392578,3714900,359.26409912109375,70911500,22.139999389648438,0
2022-12-29,121.99527740478516,6585200,30.148805618286133,22252900,39.890953063964844,14124100,37.594505310058594,11597100,313.91156005859375,1273600,75.77131652832031,3461700,365.73101806640625,66970900,21.440000534057617,0
2022-12-30,122.80115509033203,9292500,30.13060760498047,28198900,39.952789306640625,11802800,37.55812454223633,10021500,313.8658142089844,1031400,75.57575225830078,4455600,364.76763916015625,84022200,21.670000076293945,0
2023-01-03,123.73519897460938,11054800,30.485410690307617,35221500,40.43862533569336,19564000,38.0129280090332,15944300,316.4617919921875,1589700,76.19800567626953,5108900,363.23193359375,74850700,22.899999618530273,0
2023-01-04,124.8890380859375,11687600,31.058551788330078,41998500,41.4809455871582,21507200,38.795204162597656,18943600,317.8145751953125,1881000,77.02469635009766,7726800,366.03619384765625,85934100,22.010000228881836,0
2023-01-05,124.8613510131836,8381300,30.994869232177734,34177000,41.29544448852539,12314900,38.585994720458984,12380700,314.213134765625,1397800,76.37577819824219,5339900,361.8584899902344,76970500,22.459999084472656,0
2023-01-06,127.2506332397461,10029100,31.304176330566406,34068700,41.79010772705078,16736300,38.931640625,15247000,318.1618957519531,3097800,77.83361053466797,5710900,370.1566467285156,104189600,21.1299991607666,0
2023-01-09,126.72480773925781,8482300,30.83110809326172,43818800,41.99327087402344,16745500,38.55870056152344,21225600,322.658935546875,1989000,77.90472412109375,5039700,369.94683837890625,73978100,21.969999313354492,0
2023-01-10,127.85948944091797,9048700,31.04035186767578,35096000,42.56743240356445,12429900,38.531410217285156,18348800,326.6442565917969,1610100,79.04252624511719,4536600,372.5412292480469,65358100,20.579999923706055,0
2023-01-11,128.80966186523438,8703700,31.276884078979492,36783700,43.026763916015625,17143700,38.8770751953125,18272100,333.1522216796875,2127000,79.49588775634766,6122600,377.2530517578125,68881100,21.09000015258789,0
2023-01-12,128.6805419921875,11001700,31.3587703704834,44230400,43.362422943115234,16287800,38.95893096923828,20940400,338.14300537109375,2103100,80.47367095947266,7895600,378.6265869140625,90157700,18.829999923706055,0
2023-01-13,131.92776489257812,20200000,32.050174713134766,89667800,44.0955810546875,28037000,40.223304748535156,41649700,341.85400390625,3310200,81.4781723022461,8414600,380.0954284667969,63903900,18.350000381469727,0
2023-01-17,129.8890380859375,14292900,31.40424346923828,56458400,44.440086364746094,28193500,40.132328033447266,25473900,319.84375,14448300,86.29608154296875,27914300,379.3992004394531,62677300,19.360000610351562,0
2023-01-18,125.98681640625,13392600,30.67646026611328,54517800,43.662757873535156,18952000,39.459224700927734,20278000,319.08514404296875,5585200,85.85165405273438,14134800,373.4091491699219,99632300,20.34000015258789,0
2023-01-19,124.3078384399414,13303400,30.230684280395508,42707100,43.60975646972656,14869100,39.068092346191406,18565300,320.6023254394531,3100400,83.69158935546875,13457100,370.69085693359375,86958900,20.520000457763672,0
2023-01-20,124.61227416992188,13092500,30.79472541809082,45004400,45.12907791137695,19957300,39.95041275024414,23237200,312.45819091796875,11247200,85.5494155883789,10785000,377.5965270996094,91806400,19.850000381469727,0
2023-01-23,126.63256072998047,10487100,31.222301483154297,33683300,45.91523361206055,18531200,40.96009063720703,19692000,319.1307678222656,4915700,86.34053802490234,8735300,382.1271057128906,84178800,19.809999465942383,0
2023-01-24,127.72113037109375,6945000,31.449739456176758,26716700,45.42056655883789,13303200,40.43251419067383,13697200,318.3904113769531,2372000,84.90049743652344,4801600,381.7169189453125,59524900,19.200000762939453,0
2023-01-25,128.33917236328125,8967000,31.72265625,28859700,45.844566345214844,20719000,41.24207305908203,17285300,319.5786437988281,1985200,85.01606750488281,5891000,381.8599853515625,84800300,19.079999923706055,0
2023-01-26,129.132568359375,7487600,32.15023422241211,30035500,46.100730895996094,22393300,41.669593811035156,16724600,324.45965576171875,1919200,85.780517578125,6085100,386.05670166015625,72287400,18.729999542236328,0
2023-01-27,129.44619750976562,7489900,32.250308990478516,29964900,45.80923843383789,18294000,41.951568603515625,18161800,323.298828125,2427400,86.10053253173828,7990800,386.94384765625,68346200,18.510000228881836,0
2023-01-30,128.34841918945312,6729300,32.11383819580078,27353500,45.71207046508789,11126200,42.10622024536133,19427400,326.7356872558594,3184500,85.98853302001953,5870100,382.08892822265625,74202000,19.940000534057617,0
2023-01-31,129.11412048339844,9188700,32.277591705322266,38917400,46.127235412597656,34823400,42.6337890625,22840400,334.367919921875,2311500,87.21617889404297,7182100,387.7068786621094,86811800,19.399999618530273,0
2023-02-01,128.7727813720703,8841800,32.677879333496094,44438700,46.06540298461914,22111900,43.05221176147461,21874600,334.2764587402344,2889400,87.98681640625,9815200,391.82733154296875,101459200,17.8700008392334,0
2023-02-02,128.17315673828125,11822100,32.86894226074219,33729100,46.127235412597656,22331700,43.235294342041016,19058000,337.71331787109375,2619600,88.90081024169922,11118900,397.53118896484375,101654500,18.729999542236328,0
2023-02-03,130.15655517578125,11501200,33.14185333251953,37411700,45.44928741455078,20050600,43.55569839477539,17346900,338.1521301269531,2243100,89.09796142578125,6948600,393.3057861328125,94736800,18.329999923706055,0
2023-02-06,130.92221069335938,8406200,33.08726501464844,29463200,45.368995666503906,16152000,43.64724349975586,15948900,338.92901611328125,1816200,88.6230239868164,4737700,390.9021911621094,60295300,19.43000030517578,0
2023-02-07,132.5181884765625,10447900,33.45116424560547,44100200,45.60984802246094,14361000,44.059173583984375,21764800,342.2196350097656,2205500,88.90978240966797,5060700,396.0146789550781,90990700,18.65999984741211,0
2023-02-08,131.58644104003906,6958000,33.20553207397461,28032800,45.62769317626953,13242300,44.16902160644531,18070500,342.859375,1893200,88.67679595947266,4705200,391.6842956542969,76227500,19.6299991607666,0
2023-02-09,129.53842163085938,6443100,32.495941162109375,35257100,44.58401107788086,16794900,43.546546936035156,17362100,336.3605651855469,2052500,87.86134338378906,4983800,388.2887268066406,78694900,20.709999084472656,0
2023-02-10,130.11041259765625,6582900,32.36857604980469,32898900,44.69997787475586,16519900,43.49161148071289,18929000,339.3677978515625,1933400,88.21082305908203,5224900,389.19482421875,70769700,20.530000686645508,0
2023-02-13,131.52186584472656,7134600,32.4322624206543,29163900,45.49388885498047,11626900,44.059173583984375,16451700,341.872314453125,1570600,89.09796142578125,4910300,393.76361083984375,64913500,20.34000015258789,0
2023-02-14,132.10304260253906,9249400,32.40496063232422,33625200,46.038028717041016,16283300,44.397884368896484,16844400,339.8248596191406,2155500,90.11052703857422,7679500,393.5823974609375,88389300,18.90999984741211,0
2023-02-15,132.65652465820312,6728300,32.350379943847656,23500100,46.2253532409668,9216600,43.91271209716797,12854000,342.16473388671875,1687200,90.35247039794922,6464200,394.8605041503906,61555700,18.229999542236328,0
2023-02-16,130.8299560546875,8165300,32.095645904541016,22681100,45.90422439575195,9398000,43.22614288330078,12631700,338.3805847167969,1947800,89.22340393066406,6051800,389.42376708984375,76431500,20.170000076293945,0
2023-02-17,131.2174530029297,7948800,32.159332275390625,28562700,45.86853790283203,12297700,43.47331619262695,13463800,336.82672119140625,1857300,89.16963195800781,8133000,388.4508972167969,89257800,20.020000457763672,0
2023-02-21,128.80966186523438,9996300,31.40424346923828,37068900,44.4591178894043,22899200,42.32903289794922,13652700,330.0810852050781,2403000,87.47604370117188,6556000,380.6581726074219,82655900,22.8700008392334,0
2023-02-22,127.82260131835938,11107500,31.195011138916016,38550400,44.637542724609375,14431500,42.11847686767578,13402900,329.870849609375,2203800,87.16240692138672,5072400,380.1336364746094,83742300,22.290000915527344,0
2023-02-23,128.8465576171875,8068000,31.16771125793457,28488000,44.94081497192383,12550700,42.33818435668945,14783600,332.2930603027344,1931400,87.76278686523438,5916100,382.15570068359375,96242400,21.139999389648438,0
2023-02-24,130.00894165039062,9126900,31.12222671508789,27046600,44.76242446899414,14547300,42.67689895629883,16040300,332.576416015625,2428600,87.54771423339844,5414200,378.0733337402344,108194400,21.670000076293945,0
2023-02-27,131.14361572265625,10014700,31.12222671508789,30137500,45.0211067199707,14190200,42.823360443115234,15468200,334.1120300292969,2842400,86.65164184570312,5645000,379.3609924316406,80444700,20.950000762939453,0
2023-02-28,132.2414093017578,11019800,31.204105377197266,32620600,45.217350006103516,12932400,42.814205169677734,18627200,321.42498779296875,4945600,86.47241973876953,6745300,377.95892333984375,96438600,20.700000762939453,0
2023-03-01,131.50338745117188,7139200,31.058551788330078,29281600,45.93990707397461,15966000,42.73181915283203,13382200,318.7369079589844,2717400,86.19461822509766,5429600,376.5090637207031,99706800,20.579999923706055,0
2023-03-02,130.13809204101562,11106800,30.664825439453125,44607200,45.8507080078125,18104500,41.926246643066406,19115000,321.3789978027344,3259800,86.0960693359375,4632400,379.437255859375,85127800,19.59000015258789,0
2023-03-03,132.52740478515625,9513100,31.278301239013672,39109100,46.6981315612793,15879900,42.8874397277832,14947200,328.7345275878906,2396200,88.11225128173828,6504000,385.5226135253906,90120000,18.489999771118164,0
2023-03-06,131.7525177001953,9261300,31.214202880859375,36646700,46.54649353027344,12693300,42.6860466003418,14236000,328.6977233886719,1614200,88.15705108642578,5215200,385.7896728515625,72795900,18.610000610351562,0
2023-03-07,127.8779525756836,11747600,30.216157913208008,52855300,45.56524658203125,30953800,40.690425872802734,24056800,318.5987548828125,2048500,86.07813262939453,5461400,379.8760986328125,108310600,19.59000015258789,0
2023-03-08,127.12147521972656,10002500,29.813276290893555,40045600,45.208431243896484,12847700,40.13203048706055,14852000,321.55389404296875,1584600,85.93476104736328,4121300,380.49603271484375,74746600,19.110000610351562,0
2023-03-09,120.23958587646484,25888100,27.96367835998535,112457900,43.35299301147461,29460100,37.6512336730957,33599800,314.9256591796875,3177800,82.61923217773438,9162400,373.4759216308594,111945300,22.610000610351562,0
2023-03-10,123.29308319091797,37599700,27.71645736694336,165330900,43.12106704711914,29770800,37.86178207397461,55435400,301.65069580078125,4559700,80.69265747070312,16206500,368.08685302734375,189253000,24.799999237060547,0
2023-03-13,121.07905578613281,42901100,26.104930877685547,218403300,39.90974044799805,50709200,35.161293029785156,78806900,290.456298828125,5660700,78.84671020507812,15175400,367.5622863769531,157790000,26.520000457763672,0
2023-03-14,124.18793487548828,29648100,26.333839416503906,154255800,42.282554626464844,42165900,36.772422790527344,52855100,296.569091796875,3785900,80.6209716796875,11089300,373.6380920410156,149752400,23.729999542236328,0
2023-03-15,118.32076263427734,34280600,26.08661460876465,131104400,39.98109436035156,41832800,35.56407165527344,47324600,287.39990234375,6596700,76.51688385009766,14814000,371.3012390136719,172996900,26.139999389648438,0
2023-03-16,120.6178207397461,24558500,26.526121139526367,108348800,40.694725036621094,28877300,35.97601318359375,40388800,290.069580078125,4399100,77.96855926513672,15342400,377.8157958984375,143254200,22.989999771118164,0
2023-03-17,116.06063842773438,38396000,25.47313690185547,130665500,39.472633361816406,37130200,34.56626510620117,47403800,279.436767578125,6369800,75.43262481689453,19935800,373.39813232421875,140553400,25.510000228881836,0
2023-03-20,117.2875747680664,22875500,25.409040451049805,81441200,39.32991409301758,31899900,34.30995559692383,34283700,284.9511413574219,3963700,76.74090576171875,8649800,376.98858642578125,93055800,24.149999618530273,0
2023-03-21,120.43331146240234,17807800,26.178180694580078,84854800,40.20410919189453,29835600,35.22537612915039,34664700,292.0857849121094,3242400,79.53670501708984,8905600,381.9386291503906,91524200,21.3799991607666,0
2023-03-22,117.324462890625,17250200,25.308317184448242,76925900,38.99093246459961,21672000,34.053627014160156,22994400,288.76239013671875,2505900,78.45243835449219,7299300,375.42791748046875,111746600,22.260000228881836,0
2023-03-23,117.01081085205078,16677600,24.69483757019043,105335900,38.75900650024414,24112600,33.51354217529297,30239900,289.8486633300781,2585900,76.92012023925781,9373000,376.44287109375,119351300,22.610000610351562,0
2023-03-24,115.23039245605469,22311100,24.850500106811523,96872700,38.45571517944336,25453900,33.165679931640625,35694800,287.7497253417969,2456700,75.22650909423828,10978700,378.9130859375,107682400,21.739999771118164,0
2023-03-27,118.532958984375,18853900,26.08661460876465,102469800,39.94541931152344,29335200,34.30079650878906,27454600,293.2364501953125,2300600,75.84481048583984,6626900,379.6216125488281,74010400,20.600000381469727,0
2023-03-28,118.89273071289062,10820500,25.747831344604492,63416500,40.33791732788086,16206000,34.03532028198242,15270000,293.1536560058594,1224300,76.05988311767578,5209900,378.76947021484375,62871700,19.969999313354492,0
2023-03-29,119.13258361816406,14595300,26.251428604125977,62666400,40.989105224609375,15047000,34.75851058959961,20789100,295.2525634765625,1475900,77.27855682373047,4873500,384.27490234375,77497900,19.1200008392334,0
2023-03-30,118.77279663085938,12134700,25.912643432617188,67427100,41.09614181518555,14226400,34.21841049194336,22340400,295.63922119140625,1456300,77.16206359863281,4113700,386.52484130859375,69840000,19.020000457763672,0
2023-03-31,120.2119140625,13105200,26.187334060668945,56482100,41.827613830566406,16009200,34.21841049194336,30287900,301.1351318359375,2281100,78.67646789550781,6142400,391.9728088378906,112062600,18.700000762939453,0
2023-04-03,120.07355499267578,11775400,26.178180694580078,51996800,41.66704559326172,16633100,34.52964782714844,21541000,300.59197998046875,1808800,78.10296630859375,7728400,393.46636962890625,67391100,18.549999237060547,0
2023-04-04,118.4683837890625,11579900,25.6196346282959,56233300,41.11398696899414,15542400,33.69661331176758,21942700,297.0293273925781,1536800,76.00611877441406,6222800,391.2834777832031,66601500,19.0,0
2023-04-05,118.64501190185547,9614700,25.308317184448242,47799400,40.82854461669922,11739100,33.769859313964844,15486900,295.9982604980469,1329300,75.11003112792969,6045400,390.25897216796875,65200200,19.079999923706055,0
2023-04-06,118.51486206054688,8760200,25.4914493560791,41216600,40.908817291259766,11918100,34.69442367553711,23484900,296.7991638183594,1311000,75.44158172607422,3877800,391.78125,63743300,18.399999618530273,0
2023-04-10,118.90535736083984,9477300,25.583017349243164,40572700,41.49755859375,11777100,35.362693786621094,27005800,299.1558532714844,1114400,75.27131652832031,6185800,392.1833801269531,63681000,18.969999313354492,0
2023-04-11,119.49109649658203,10516300,26.288055419921875,58761200,42.10414505004883,14177300,36.040096282958984,25116100,301.37451171875,1559600,76.24806213378906,5582100,392.2886657714844,59297900,19.100000381469727,0
2023-04-12,119.47250366210938,11821000,26.077455520629883,44313300,41.85437774658203,14330900,35.87531661987305,20252900,304.0165710449219,1862400,76.58856964111328,4641800,390.6898498535156,86420400,19.09000015258789,0
2023-04-13,119.92807006835938,12450200,26.150707244873047,52261400,42.19335174560547,15578900,36.305564880371094,22397800,305.75653076171875,1765500,76.78570556640625,5086000,395.8791198730469,85814800,17.799999237060547,0
2023-04-14,128.9838104248047,43931300,27.029722213745117,81110800,44.2093505859375,33064500,36.287254333496094,40963100,310.1661376953125,2275700,77.69972229003906,7865900,394.9121398925781,78161500,17.06999969482422,0
2023-04-17,130.0065155029297,16050500,27.808021545410156,83704400,44.3253059387207,19590400,37.80685806274414,31445100,312.70703125,3012100,80.01163482666016,8876900,396.3292236328125,66436400,16.950000762939453,0
2023-04-18,131.4662322998047,13760100,27.981990814208984,114498800,44.673213958740234,16616200,38.32863998413086,27892300,307.3951721191406,7549500,80.513427734375,10227600,396.5877380371094,63560000,16.829999923706055,0
2023-04-19,131.2988739013672,9158100,27.524169921875,65594200,44.95866775512695,14894000,38.66735076904297,23310500,310.13861083984375,2625400,81.05107879638672,13886200,396.52069091796875,55227300,16.459999084472656,0
2023-04-20,130.9176788330078,10586200,27.377666473388672,43193800,44.06662368774414,20410200,38.14555740356445,19265500,311.81402587890625,2217900,81.03315734863281,6776000,394.3568420410156,75840400,17.170000076293945,0
2023-04-21,130.66664123535156,11842500,27.350200653076172,44759000,43.736572265625,14377300,37.751930236816406,23975300,314.5297546386719,2278900,81.6514663696289,6531000,394.6632385253906,73457400,16.770000457763672,0
2023-04-24,130.84332275390625,7567500,27.249481201171875,28020300,43.736572265625,11208800,37.944175720214844,17327800,316.64715576171875,1966300,80.82706451416016,5004400,395.074951171875,64332100,16.889999389648438,0
2023-04-25,127.99827575683594,10629300,26.40709114074707,49718800,42.72857666015625,15374000,37.12029266357422,20728000,312.5229187011719,2138200,78.90943908691406,5806700,388.8036193847656,97766700,18.760000228881836,0
2023-04-26,125.72969055175781,14416100,26.04083251953125,45848400,41.80085372924805,16984600,36.12248611450195,26915600,309.83477783203125,2041900,79.24996948242188,6429100,387.1567077636719,80447000,18.84000015258789,0
2023-04-27,127.42183685302734,9041100,26.45287322998047,33060100,41.952491760253906,16541400,36.305564880371094,21695800,314.4744567871094,1768200,80.8808364868164,6375800,394.86431884765625,92968400,17.030000686645508,0
2023-04-28,128.52822875976562,9887300,26.809974670410156,45592500,42.4484977722168,15222100,36.38795471191406,20193000,316.1684875488281,1714100,81.31920623779297,6374500,398.2345275878906,89433100,15.779999732971191,0
2023-05-01,131.2802734375,20415800,26.590219497680664,34076800,42.6108283996582,18314800,36.973819732666016,26564300,313.5263366699219,1375000,79.47534942626953,7745400,397.8324279785156,62122300,16.079999923706055,0
2023-05-02,129.16046142578125,14113400,25.784452438354492,70797700,41.48355484008789,19450100,35.55491638183594,36239500,306.8981018066406,2397600,77.9930419921875,6319100,393.3611145019531,103998500,17.780000686645508,0
2023-05-03,126.42698669433594,12930900,25.509761810302734,51139500,41.18596267700195,14533500,35.38100051879883,25202700,302.5528869628906,1825400,76.60111236572266,6546500,390.6610412597656,91531800,18.34000015258789,0
2023-05-04,124.69770050048828,17089200,24.713151931762695,82173800,40.49155807495117,20601800,33.8771858215332,53247000,295.74969482421875,2965100,74.66687774658203,10359200,387.8940124511719,94901900,20.09000015258789,0
2023-05-05,127.13362121582031,11261400,25.372411727905273,50087100,41.77214050292969,13384500,35.00273513793945,27039700,301.0522766113281,2413400,76.71861267089844,8288000,395.074951171875,87891800,17.190000534057617,0
2023-05-08,127.4404296875,7484900,25.354101181030273,34245500,41.80821228027344,8760900,35.408668518066406,22735400,300.58282470703125,1607300,76.31188201904297,5825300,395.1802062988281,50046800,16.979999542236328,0
2023-05-09,126.82681274414062,7343600,25.326629638671875,32188800,41.952491760253906,10188800,35.5562744140625,18999100,298.98095703125,1253300,76.25765228271484,4381400,393.4472351074219,49220100,17.709999084472656,0
2023-05-10,126.89189910888672,8133400,25.01531410217285,44446400,41.81722640991211,11840000,35.316410064697266,17941600,296.9372253417969,1752200,75.67015075683594,4884900,395.2855224609375,96142900,16.940000534057617,0
2023-05-11,126.49209594726562,7057300,25.079410552978516,34897300,41.5106086730957,11222800,35.362548828125,18536200,295.2525634765625,1515200,74.6849594116211,6717800,394.59619140625,70157100,16.93000030517578,0
2023-05-12,124.6791000366211,9988600,24.804719924926758,38142000,40.98755645751953,12812800,34.58757781982422,17658600,294.12939453125,1099100,74.46802520751953,5208900,394.0791931152344,70481500,17.030000686645508,0
2023-05-15,125.72969055175781,7639500,25.317476272583008,38722800,41.528648376464844,11911300,35.76847457885742,24405800,296.495361328125,1178200,74.97418212890625,5032100,395.4387512207031,54289400,17.1200008392334,0
2023-05-16,124.8836441040039,6477200,25.05194091796875,33347500,40.834259033203125,9201200,35.41789627075195,21821200,295.3354187011719,1618900,73.9889907836914,6862900,392.796142578125,57705500,17.989999771118164,0
2023-05-17,128.72349548339844,12711500,26.159866333007812,61750400,42.457515716552734,16359100,37.327640533447266,29241600,303.9613952636719,2098100,75.8418960571289,8216700,397.56427001953125,87287000,16.8700008392334,0
2023-05-18,129.69969177246094,10999600,26.068300247192383,51146100,41.83526611328125,17618000,37.09699249267578,27213900,303.4089660644531,1645400,76.36611938476562,5367700,401.3941955566406,97177200,16.049999237060547,0
2023-05-19,129.40219116210938,13492200,25.738670349121094,50062500,41.22203063964844,15416200,36.93093490600586,19774900,300.25140380859375,1546100,74.33245086669922,11183600,400.8100891113281,103793300,16.809999465942383,0
2023-05-22,128.3330078125,11402500,25.949268341064453,36473700,41.2941780090332,14471000,37.80738067626953,27519400,299.1190185546875,1498900,74.35955810546875,5520000,400.97283935546875,60745400,17.209999084472656,0
2023-05-23,126.99413299560547,9514900,26.169021606445312,51400400,41.40239715576172,13797100,38.019569396972656,26116600,297.8762512207031,1550900,74.69400024414062,5521200,396.4727478027344,86383500,18.530000686645508,0
2023-05-24,125.83196258544922,8578000,25.72951889038086,50606900,40.1218147277832,23744900,37.705894470214844,21193700,294.4148254394531,1439100,73.4105224609375,6827800,393.6004638671875,89213700,20.030000686645508,0
2023-05-25,126.1387939453125,8472500,25.793607711791992,40517800,39.88734436035156,18109400,37.733577728271484,17691800,298.16162109375,1618500,75.0193862915039,6962700,397.0090026855469,90961600,19.139999389648438,0
2023-05-26,127.31957244873047,8579900,25.92180061340332,57879100,40.221012115478516,11962600,38.03802490234375,17399400,305.6461181640625,2718700,75.83283996582031,7411600,402.1505432128906,93830000,17.950000762939453,0
2023-05-30,127.80303192138672,7399900,25.876020431518555,41819600,40.31119155883789,12431100,37.80738067626953,14752600,304.559814453125,1998600,75.39899444580078,5876800,402.3037109375,72216000,17.459999084472656,0
2023-05-31,126.17597961425781,14219900,25.445667266845703,61905200,39.968505859375,18154100,36.72795867919922,27221100,300.4504699707031,2938000,73.89862060546875,9559200,400.07281494140625,110811800,17.940000534057617,0
2023-06-01,127.91459655761719,12248100,25.63948631286621,57426100,40.43745040893555,15757100,36.9586067199707,17079400,293.4934387207031,3339700,74.17879486083984,6857500,403.8739318847656,88865000,15.649999618530273,0
2023-06-02,130.60157775878906,12922500,26.497825622558594,66578100,41.77214050292969,19455600,38.04724884033203,16906100,300.21856689453125,3987700,76.23957061767578,6218500,409.7144470214844,91426200,14.600000381469727,0
2023-06-05,129.31851196289062,8511900,26.340927124023438,34757800,41.69999694824219,11004700,37.31840896606445,18443900,298.5118103027344,1462900,75.688232421875,6631900,408.92938232421875,65460200,14.729999542236328,0
2023-06-06,129.55096435546875,9329500,26.97776222229004,46297900,42.583778381347656,14189200,38.065704345703125,18825100,303.1405334472656,1495600,77.60437774658203,6903900,409.8197326660156,64022200,13.960000038146973,0
2023-06-07,130.8061065673828,9281400,27.208498001098633,44502600,43.296199798583984,15457400,38.812992095947266,17781800,311.4425964355469,3382700,78.18284606933594,7410800,408.4027099609375,85373300,13.9399995803833,0
2023-06-08,130.84332275390625,7368100,26.97776222229004,41483100,43.37736511230469,12058600,39.08976364135742,17157300,311.1827697753906,2009500,78.01112365722656,6795900,410.8729553222656,61952800,13.649999618530273,0
2023-06-09,131.1036376953125,7249100,27.01467514038086,32692000,43.55773162841797,11744000,38.868350982666016,11098900,311.6930236816406,1702100,77.92071533203125,6282600,411.6101379394531,85742800,13.829999923706055,0
2023-06-12,131.09432983398438,7596600,26.885465621948242,41011300,43.69300842285156,13801000,38.591575622558594,19433400,314.9117126464844,2290800,79.03245544433594,7053500,415.34429931640625,76104300,15.010000228881836,0
2023-06-13,132.0426788330078,7701600,27.13466453552246,42718800,43.90943908691406,14062700,39.34809875488281,18864000,317.7039489746094,1772400,79.79170227050781,6089200,418.08258056640625,95899700,14.609999656677246,0
2023-06-14,131.54991149902344,9068700,26.876237869262695,38322800,43.503623962402344,22053000,38.82222366333008,14826100,313.9192810058594,1819400,79.52054595947266,5772500,418.5804748535156,100612100,13.880000114440918,0
2023-06-15,133.03750610351562,9343100,27.10697364807129,42044900,43.792205810546875,14926100,39.080543518066406,14188200,315.1437072753906,3322700,80.48766326904297,8603200,423.7698669433594,110303100,14.5,0
2023-06-16,133.195556640625,13813500,26.940841674804688,53050200,43.458526611328125,18223000,38.91447830200195,36422100,313.8172302246094,4544900,79.61995697021484,13153100,422.326416015625,114165800,13.539999961853027,0
2023-06-20,132.516845703125,8428600,26.64550018310547,39040900,42.935482025146484,12777700,38.64692687988281,16679600,306.7767028808594,3208100,78.39073944091797,7382000,420.1353454589844,76160400,13.880000114440918,0
2023-06-21,132.3216094970703,9926500,26.368614196777344,39553400,42.75511169433594,10550700,38.425514221191406,11686500,301.5357971191406,2158700,78.0382080078125,6343100,417.9826354980469,76982300,13.199999809265137,0
2023-06-22,129.77410888671875,10075200,25.805614471435547,50742900,42.051700592041016,11841900,37.88119125366211,11504400,296.44317626953125,2409100,76.37515258789062,6214600,419.4914245605469,70637200,12.90999984741211,0
2023-06-23,129.0953826904297,9919500,25.611799240112305,55181100,41.5015983581543,13249100,37.46601867675781,18952000,291.92578125,2612000,75.54359436035156,10026600,416.3200988769531,92074500,13.4399995803833,0
2023-06-26,129.4114990234375,8429700,25.92559814453125,47519300,41.69999694824219,13253900,37.447574615478516,13618500,289.74591064453125,2481000,75.55264282226562,6377400,414.6191711425781,72823600,14.25,0
2023-06-27,129.42079162597656,8154000,26.06403923034668,39081800,41.84428405761719,11863300,37.7427978515625,11749600,290.7570495605469,2156800,76.31188201904297,6639900,419.1647644042969,72813700,13.739999771118164,0
2023-06-28,128.8536376953125,7558600,25.907140731811523,37803800,41.690975189208984,13394900,37.47524642944336,13959600,290.95184326171875,2423500,75.9141845703125,4781600,419.37615966796875,75636000,13.430000305175781,0
2023-06-29,133.3536376953125,15423200,26.451679229736328,68376400,41.745079040527344,18840800,39.163570404052734,23956300,299.6991271972656,3553600,77.04400634765625,9066500,421.029052734375,67882300,13.539999961853027,0
2023-06-30,135.22242736816406,14212800,26.479366302490234,50479000,41.51963424682617,15228200,39.37576675415039,20062200,299.1889343261719,2361800,77.1886215209961,6191700,425.99749755859375,104964000,13.59000015258789,0
2023-07-03,136.31019592285156,8021600,26.950069427490234,30995800,42.15090560913086,10159900,40.04002380371094,9249100,302.9642639160156,1106800,78.10150146484375,5839300,426.4875793457031,32793400,13.569999694824219,0
2023-07-05,135.40216064453125,8934900,26.83931541442871,37492000,42.20500946044922,11852900,40.11383819580078,15722200,296.879150390625,2561000,77.65860748291016,6734300,425.8533630371094,58418400,14.180000305175781,0
2023-07-06,134.06353759765625,9709500,26.10095977783203,52098000,40.924434661865234,17431400,39.56951141357422,14978600,290.3396301269531,2896900,75.31766510009766,8546800,422.5186462402344,80658300,15.4399995803833,0
2023-07-07,135.12132263183594,8981500,26.331695556640625,34288000,41.24909210205078,13160700,39.458797454833984,13506500,292.3525085449219,2903100,75.34476470947266,8217700,421.4519348144531,86134200,14.829999923706055,0
2023-07-10,135.8795928955078,9100100,26.451679229736328,36086000,41.18596267700195,14307600,39.043636322021484,16675800,293.5583801269531,1775800,75.38092803955078,6141200,422.5186462402344,62443500,15.069999694824219,0
2023-07-11,138.00462341308594,11260900,26.78394317626953,40978700,41.961517333984375,14131700,39.43112564086914,15401100,297.64910888671875,2041700,76.7909164428711,11053100,425.2095031738281,64463800,14.84000015258789,0
2023-07-12,138.68798828125,11323200,27.097745895385742,41855500,42.728065490722656,17960500,39.91086196899414,13998300,302.76947021484375,2741300,77.52304077148438,8602300,428.63067626953125,91924500,13.539999961853027,0
2023-07-13,139.3620147705078,11234900,27.38385581970215,39589000,42.99860763549805,26210700,40.32602310180664,18034800,304.8844299316406,2787800,77.92071533203125,6026500,432.03265380859375,72425200,13.609999656677246,0
2023-07-14,140.2045135498047,27028400,26.86700439453125,58720300,41.25810623168945,38634500,40.18763732910156,30897600,302.57470703125,1815200,77.5320816040039,7732700,431.7635803222656,69815800,13.34000015258789,0
2023-07-17,143.58399963378906,17262400,27.13466453552246,49477200,41.7180290222168,18521400,41.27628707885742,25173900,303.5115661621094,1777400,78.06533813476562,7911800,433.26275634765625,52680200,13.479999542236328,0
2023-07-18,143.84608459472656,13491700,28.33449363708496,98253800,42.403404235839844,24678000,42.069705963134766,24183200,312.8525390625,3887400,83.09979248046875,21630800,436.48211669921875,80668200,13.300000190734863,0
2023-07-19,144.3983917236328,12510000,29.100536346435547,70619800,42.85432052612305,15789100,42.67860412597656,18932700,315.89501953125,6037400,84.20248413085938,12004300,437.4527893066406,65891700,13.760000228881836,0
2023-07-20,146.17706298828125,9935900,29.248210906982422,42128800,42.75511169433594,17647200,43.48125457763672,18927200,325.4586181640625,3915000,84.78094482421875,9541800,434.550537109375,70591600,13.989999771118164,0
2023-07-21,145.05368041992188,10636400,29.515867233276367,70872400,42.430458068847656,18251600,42.40182876586914,16215400,326.4789733886719,3217400,84.97074890136719,6298600,434.550537109375,71275600,13.600000381469727,0
2023-07-24,147.90887451171875,14381400,30.134235382080078,64548600,42.98057174682617,19006200,42.82621383666992,12053200,332.9443664550781,3517500,85.56729125976562,7259800,436.49176025390625,54023400,13.90999984741211,0
2023-07-25,146.8042755126953,9944700,29.672767639160156,51208800,42.46653366088867,14729900,41.9589958190918,13537400,329.02069091796875,2893000,85.3413314819336,7760100,437.6833801269531,55191200,13.859999656677246,0
2023-07-26,147.68423461914062,8728600,29.912731170654297,41814600,42.82726287841797,12267900,42.844669342041016,19520900,331.6736145019531,2281600,84.54592895507812,7201100,437.7506408691406,71052900,13.1899995803833,0
2023-07-27,146.05538940429688,10778400,29.488178253173828,45529500,43.17897415161133,25162700,42.22654342651367,19509600,328.84442138671875,2010800,83.83189392089844,8427800,434.8484191894531,92194400,14.40999984741211,0
2023-07-28,146.88851928710938,9103800,29.442028045654297,33296500,42.75511169433594,20871700,42.567901611328125,12616400,327.6571044921875,1827400,83.5308609008789,5798400,439.1056213378906,80011800,13.329999923706055,0
2023-07-31,147.8714599609375,8892700,29.53432273864746,29093400,42.98057174682617,14377200,42.58634948730469,11696600,330.10589599609375,1385500,83.52174377441406,5242900,439.9418029785156,62040400,13.630000114440918,0
2023-08-01,147.1412811279297,6853900,29.183603286743164,32712000,42.4484977722168,15219100,42.17118453979492,12699200,331.822021484375,2024300,82.9561767578125,4468500,438.6828308105469,55291500,13.930000305175781,0
2023-08-02,145.47491455078125,8299400,28.786739349365234,38855100,41.763118743896484,13101100,41.60841751098633,13911700,325.6812438964844,2106600,81.4783935546875,6407400,432.5804138183594,93933400,16.09000015258789,0
2023-08-03,146.36428833007812,6084000,28.989782333374023,27933400,41.672943115234375,13467100,41.98033905029297,12145400,327.59210205078125,1840400,81.31420135498047,5137700,431.3407287597656,64276100,15.920000076293945,0
2023-08-04,146.05538940429688,6209400,28.88825798034668,30768100,41.7003059387207,18329500,41.70138931274414,10840800,327.64776611328125,1725300,80.99491882324219,6191700,429.3898620605469,100128900,17.100000381469727,0
2023-08-07,146.74807739257812,7251800,29.423568725585938,31745200,41.809783935546875,16972000,41.89665603637695,10860300,329.818359375,1260300,81.25946807861328,4663300,433.1378173828125,58357500,15.770000457763672,0
2023-08-08,145.92430114746094,8623400,28.860570907592773,45951800,41.198551177978516,18524500,41.35736846923828,14520000,323.0469665527344,1917300,80.7030258178711,6921200,431.2541809082031,71361300,15.989999771118164,0
2023-08-09,143.96775817871094,6277800,28.482166290283203,30732100,40.541709899902344,13957100,40.650718688964844,11973800,317.880126953125,1326000,79.87289428710938,5200500,428.3711853027344,78789600,15.960000038146973,0
2023-08-10,143.75245666503906,5995100,28.55600357055664,26062600,40.450477600097656,12112300,40.60423278808594,11982200,315.7558898925781,1345900,79.94587707519531,4250100,428.52496337890625,93005500,15.850000381469727,0
2023-08-11,144.5856170654297,5180700,28.879032135009766,35720700,40.660308837890625,11973200,40.6600227355957,7316000,316.0620422363281,1256800,80.00061798095703,3922300,428.2751159667969,68690900,14.84000015258789,0
2023-08-14,144.8852081298828,5044300,28.546772003173828,32563700,40.23153305053711,14280300,40.66931915283203,10677000,313.2884826660156,1347000,79.66311645507812,3637500,430.63916015625,47867400,14.819999694824219,0
2023-08-15,141.19679260253906,10300300,27.633056640625,43406100,39.41960525512695,17125100,39.730228424072266,13835900,308.1588134765625,1657800,78.59581756591797,9308700,425.62274169921875,75707500,16.459999084472656,0
2023-08-16,140.5977020263672,6978200,27.03313636779785,47220400,38.89960861206055,13963600,39.25602722167969,10076700,305.283203125,3340300,78.44075775146484,5746300,422.49945068359375,80107200,16.780000686645508,0
2023-08-17,139.13734436035156,9953900,27.023908615112305,37202200,38.73540115356445,16123600,39.48847961425781,12686000,303.8084411621094,3135200,78.25831604003906,7611200,419.2799987792969,95711300,17.889999389648438,0
2023-08-18,139.4556121826172,8517500,26.86700439453125,31430400,38.5438117980957,12908700,39.51637268066406,10797300,301.40594482421875,1730500,77.43732452392578,6650000,419.4818115234375,98852000,17.299999237060547,0
2023-08-21,139.9330291748047,8327000,26.903921127319336,34959000,38.379608154296875,14486300,39.507076263427734,12600400,298.74371337890625,1983500,76.8534927368164,5385300,422.2110900878906,68719000,17.1299991607666,0
2023-08-22,137.03103637695312,9673300,26.24863052368164,37564200,37.42171859741211,20507900,38.58657455444336,13634500,295.7104187011719,1810300,75.69499969482422,6002300,421.0674743652344,64994200,16.969999313354492,0
2023-08-23,137.95782470703125,7858000,26.25786018371582,44686600,37.4764518737793,16214500,38.6888542175293,11927400,298.9941711425781,1429000,76.06900024414062,5878600,425.7571716308594,68441000,15.979999542236328,0
2023-08-24,137.8267822265625,6534000,26.41476058959961,31934800,37.4764518737793,15579600,38.52149200439453,10363300,296.7956848144531,1185600,76.1146240234375,5023000,419.8565979003906,88517300,17.200000762939453,0
2023-08-25,137.65826416015625,6695500,26.30400848388672,34253200,37.62241744995117,16881900,38.33552551269531,12534700,296.9719543457031,1159600,75.91392517089844,5461400,422.81658935546875,102325100,15.680000305175781,0
2023-08-28,138.13568115234375,5094100,26.543975830078125,33075200,37.69540023803711,14125900,38.93989944458008,10314500,302.37060546875,1440100,76.97208404541016,6439700,425.49774169921875,61595400,15.079999923706055,0
2023-08-29,139.25900268554688,6337000,26.922380447387695,30428200,38.060306549072266,13199700,39.051475524902344,14404800,308.47418212890625,1831700,78.03937530517578,6212300,431.6482238769531,83081900,14.449999809265137,0
2023-08-30,138.69735717773438,6277300,26.802398681640625,33366400,37.74101257324219,18211400,38.6237678527832,12536300,307.3331604003906,1131500,77.77483367919922,5051800,433.4261169433594,69053900,13.880000114440918,0
2023-08-31,136.98423767089844,10933900,26.681411743164062,37243000,37.668033599853516,17795700,38.391319274902344,21534900,306.5193786621094,1271100,77.67449188232422,5581200,432.7918701171875,66084600,13.569999694824219,0
2023-09-01,137.4429168701172,7903500,26.969913482666016,35228600,37.94171142578125,12413500,38.726043701171875,12890300,306.2294006347656,1201400,78.22181701660156,4981800,433.59906005859375,58944100,13.09000015258789,0
2023-09-05,135.9263916015625,7854700,26.66280174255371,46543600,37.73188400268555,15843400,38.6237678527832,14337200,302.8154602050781,1846000,77.3917007446289,4919400,431.72515869140625,55166200,14.010000228881836,0
2023-09-06,135.70172119140625,8629200,26.420835494995117,45022600,37.74101257324219,13675200,38.14026641845703,18775400,300.3648986816406,2120800,76.77140045166016,5384000,428.8228759765625,70758500,14.449999809265137,0
2023-09-07,134.54095458984375,8373700,26.17887306213379,35023600,37.15715408325195,12406100,37.59169006347656,13801000,301.1412048339844,1471100,76.47949981689453,5504200,427.5062561035156,70355400,14.399999618530273,0
2023-09-08,134.64389038085938,7107900,26.39292335510254,36513900,37.02943420410156,15055400,38.12167739868164,13921200,304.4709777832031,2026400,77.46470642089844,6127600,428.150146484375,61659700,13.84000015258789,0
2023-09-11,135.23367309570312,6854200,26.50459861755371,34168300,37.02943420410156,11404200,38.42851638793945,15053800,303.6572265625,1283100,76.178466796875,7780900,430.9659729003906,60180100,13.800000190734863,0
2023-09-12,136.9936065673828,8363200,26.96060562133789,42284000,38.02382278442383,24774700,39.55356216430664,18393900,309.5030212402344,2054700,78.03937530517578,8942600,428.601806640625,67565400,14.229999542236328,0
2023-09-13,137.0591278076172,8325900,26.87685203552246,37215700,38.65329360961914,31031900,39.2839241027832,15274200,313.3193054199219,2165000,79.59013366699219,10617400,429.1015625,60199300,13.479999542236328,0
2023-09-14,139.71771240234375,10034900,27.174650192260742,44634800,39.355743408203125,19422800,40.02775573730469,20764500,322.2891845703125,2822700,81.2503433227539,8109600,432.8014221191406,83430800,12.819999694824219,0
2023-09-15,139.30584716796875,19863400,26.839622497558594,61661100,38.96346664428711,22983200,39.934783935546875,47371800,320.3905029296875,3063900,80.6482925415039,17629500,427.5869140625,111848900,13.789999961853027,0
2023-09-18,139.59600830078125,6512400,26.765169143676758,25752300,38.89960861206055,10467400,40.38108444213867,15849700,321.1200256347656,1356600,80.92194366455078,5501900,427.83770751953125,55752200,14.0,0
2023-09-19,139.4181671142578,7943400,26.66280174255371,34888100,38.936100006103516,11031700,40.185829162597656,15318100,319.782470703125,1660200,80.73951721191406,5769000,426.9504089355469,66514600,14.109999656677246,0
2023-09-20,138.82843017578125,7332000,26.56974220275879,26641100,38.58943557739258,11240700,39.86039733886719,16788100,314.9281005859375,1224400,79.48979187011719,5268200,423.0253601074219,82562600,15.140000343322754,0
2023-09-21,137.7425079345703,8052400,26.104421615600586,39906000,38.05118942260742,12260100,39.3490104675293,14990500,308.8857727050781,1685100,77.4281997680664,6933900,416.0334167480469,104095800,17.540000915527344,0
2023-09-22,136.4225311279297,7071700,25.722858428955078,41284400,37.33049011230469,15438200,38.33552551269531,16780300,306.6877746582031,1669100,75.9778060913086,7420600,415.09796142578125,100829700,17.200000762939453,0
2023-09-25,137.0965576171875,7044700,25.68563461303711,32749200,37.42171859741211,10866800,38.64236068725586,10624000,307.5763244628906,833300,75.74060821533203,4748800,416.8435363769531,70874500,16.899999618530273,0
2023-09-26,135.6736602783203,7468400,25.285459518432617,42237400,36.691890716552734,21786500,37.79624938964844,15219400,302.8808898925781,1481800,74.95610046386719,5557000,410.7195739746094,96168400,18.940000534057617,0
2023-09-27,136.46934509277344,6717800,25.378524780273438,38296300,36.91083908081055,15083400,37.99150085449219,11815500,301.13189697265625,1493000,74.48175048828125,5708200,410.8835144042969,104705800,18.219999313354492,0
2023-09-28,138.16378784179688,8868100,25.648406982421875,36734300,37.58592224121094,14409800,38.037994384765625,12454600,304.1717529296875,1389600,74.97437286376953,5665400,413.2655334472656,92258300,17.34000015258789,0
2023-09-29,135.7578887939453,11917800,25.48089027404785,40645900,37.52206802368164,16916100,37.99150085449219,13124500,302.6470642089844,1403900,74.50000762939453,6830500,412.2625732421875,115111300,17.520000457763672,0
2023-10-02,134.58773803710938,9170600,24.848060607910156,50388600,36.94733428955078,16178900,36.829254150390625,15102000,297.90496826171875,1303800,73.35063171386719,6722200,412.0986633300781,83798600,17.610000610351562,0
2023-10-03,133.595458984375,9431100,24.11285400390625,62144500,36.36347198486328,19283400,35.95524978637695,19252900,286.325439453125,3118600,71.17044830322266,7526800,406.58221435546875,103760600,19.780000686645508,0
2023-10-04,134.194580078125,8128700,24.140771865844727,55696400,36.3178596496582,23342000,36.23419189453125,14343500,288.6451110839844,1872000,72.1465072631836,6848700,409.5429382324219,87453000,18.579999923706055,0
2023-10-05,134.76036071777344,8576200,24.2524471282959,49044100,36.381710052490234,18734100,36.541015625,11820600,290.4222106933594,1584600,72.20124816894531,5589300,409.388671875,70142700,18.489999771118164,0
2023-10-06,136.83506774902344,10270600,24.261754989624023,58177300,37.01118850708008,17080000,36.90363693237305,13976800,292.2742004394531,1595100,73.27765655517578,6306400,414.249267578125,113273300,17.450000762939453,0
2023-10-09,136.52389526367188,6964900,24.485107421875,39953700,37.16627883911133,14859700,36.91294479370117,12096600,292.395751953125,1094400,72.89453125,5125000,416.9013366699219,80374400,17.700000762939453,0
2023-10-10,137.35374450683594,11288800,25.13655662536621,51960100,37.804874420166016,18902100,37.02451705932617,14429700,294.4160461425781,1193800,73.09521484375,6245400,419.07122802734375,78607300,17.030000686645508,0
2023-10-11,137.82522583007812,8698200,25.145864486694336,38508200,37.88697052001953,12763900,36.90363693237305,14835900,292.779296875,1672500,71.97319793701172,8928700,420.78790283203125,62451700,16.09000015258789,0
2023-10-12,137.504638671875,10484400,25.0341854095459,44249800,37.88697052001953,18112500,36.95013427734375,14878100,289.8142395019531,1727700,70.9788818359375,11654600,418.22259521484375,81154200,16.690000534057617,0
2023-10-13,139.5699005126953,29427000,24.90389633178711,55089700,37.795753479003906,32082900,38.08448791503906,28077900,289.2998046875,1785200,70.96063232421875,6442800,416.1394958496094,95143100,19.31999969482422,0
2023-10-16,139.42840576171875,12663500,25.117942810058594,56817500,37.35785675048828,25044200,38.726043701171875,18419000,294.0606994628906,2273900,71.81812286376953,7901500,420.5178527832031,75433200,17.209999084472656,0
2023-10-17,139.1266632080078,11482700,25.70424461364746,95344200,37.58592224121094,20258100,39.032875061035156,16982300,289.35595703125,4123000,73.27765655517578,12324800,420.49853515625,75324700,17.8799991607666,0
2023-10-18,137.5989532470703,9620300,25.415748596191406,68371100,36.919960021972656,23232600,38.614471435546875,16053200,282.4344787597656,3460300,68.30609893798828,34732300,414.8954162597656,93559800,19.219999313354492,0
2023-10-19,137.01425170898438,11143600,25.090024948120117,58611000,36.545921325683594,17483300,38.28903579711914,16120300,279.84356689453125,3211800,66.51818084716797,17486100,411.2499694824219,121323000,21.399999618530273,0
2023-10-20,134.80752563476562,13332900,24.485107421875,62058400,36.19925308227539,21396500,37.44292449951172,17498900,280.64794921875,2329000,66.70975494384766,11270600,406.19647216796875,123919900,21.709999084472656,0
2023-10-23,132.96861267089844,10133400,23.796436309814453,59857200,35.47856140136719,21333500,36.7083854675293,13785800,279.87164306640625,2959800,65.40528869628906,12847100,405.4924621582031,92035100,20.3700008392334,0
2023-10-24,133.12890625,8881400,23.703371047973633,55975700,35.515052795410156,17181000,36.522422790527344,15097800,279.834228515625,1697100,65.277587890625,9265500,408.5495910644531,78564200,18.969999313354492,0
2023-10-25,132.4027862548828,8242600,23.77782440185547,45522400,35.22311782836914,15570100,36.28997802734375,13849000,277.57073974609375,1809300,65.13162994384766,8461700,402.68609619140625,94223200,20.190000534057617,0
2023-10-26,132.74227905273438,9109400,24.308286666870117,60921000,35.88908386230469,25109600,36.866455078125,15480300,277.7857971191406,2011200,65.74281311035156,10903200,397.8640441894531,115156800,20.68000030517578,0
2023-10-27,127.96106719970703,17434700,23.424179077148438,64709300,34.88557815551758,20654700,36.03892517089844,13582800,271.1636047363281,2601700,64.21942901611328,11099100,396.06060791015625,107367700,21.270000457763672,0
2023-10-30,129.59249877929688,9855500,23.90811538696289,41891900,35.515052795410156,21777500,36.661895751953125,14141900,281.37750244140625,3065200,65.17971801757812,9769600,400.79583740234375,86562700,19.75,0
2023-10-31,131.1391143798828,9672500,24.51302719116211,50106700,36.02592468261719,16373100,36.97802734375,11919200,283.9777526855469,2611000,65.39209747314453,8949000,403.3128967285156,79665200,18.139999389648438,0
2023-11-01,131.0259552001953,9432000,24.56886100769043,44046300,36.126277923583984,16011000,36.829254150390625,19850300,287.2982177734375,2345400,65.51212310791016,9429000,407.6142272949219,98068100,16.8700008392334,0
2023-11-02,133.3646697998047,10186200,25.70424461364746,63278300,37.72275924682617,23283600,38.001869201660156,19998500,293.471435546875,2597000,67.82975006103516,11638000,415.4258728027344,94938900,15.65999984741211,0
2023-11-03,134.8546600341797,9538700,26.448759078979492,62613600,39.05350112915039,20287700,39.043148040771484,16147500,306.4351806640625,3742000,70.41514587402344,14951100,419.21600341796875,100167800,14.90999984741211,0
2023-11-06,135.87318420410156,7625100,26.36500358581543,45548000,38.850196838378906,20843900,38.780479431152344,15148600,302.96514892578125,2087600,70.10120391845703,8140300,420.1802978515625,67831700,14.890000343322754,0
2023-11-07,135.80714416503906,6297900,26.206789016723633,33081900,38.77627182006836,11463200,38.499053955078125,13796900,303.00250244140625,1505000,69.72262573242188,7657700,421.3761901855469,64256100,14.8100004196167,0
2023-11-08,136.47671508789062,7618200,25.95551872253418,31896000,38.646888732910156,14761600,38.44276809692383,19418700,303.5730895996094,1484400,70.14738464355469,8075200,421.684814453125,61746000,14.449999809265137,0
2023-11-09,136.07118225097656,7992500,25.62049102783203,32267900,38.351173400878906,19128400,37.898681640625,14006500,300.03741455078125,1787900,68.50379943847656,9497200,418.3961181640625,83174400,15.289999961853027,0
2023-11-10,138.08932495117188,7983300,25.76008415222168,32858500,38.88716506958008,11912500,38.35834503173828,14706600,304.4616394042969,1781400,69.55642700195312,8924000,424.9251403808594,89462200,14.170000076293945,0
2023-11-13,137.476318359375,6676300,25.778697967529297,28521800,39.460121154785156,16332100,38.24577331542969,12159700,305.7710876464844,1403300,69.28865814208984,4868400,424.5201721191406,52236100,14.760000228881836,0
2023-11-14,139.98483276367188,9927700,27.19326400756836,66676300,40.994171142578125,26218500,39.47466278076172,20183800,316.81744384765625,3592700,72.30802154541016,12287700,432.7561340332031,97176900,14.15999984741211,0
2023-11-15,141.21078491210938,8365300,27.565523147583008,46968900,41.474708557128906,18894900,40.18760299682617,17268100,315.76983642578125,2534500,73.5730209350586,9841600,433.6722717285156,77327600,14.180000305175781,0
2023-11-16,142.8233642578125,8126200,27.491073608398438,36952800,41.28064727783203,14744800,39.896793365478516,16931200,314.9000244140625,1620400,73.55455780029297,6757600,434.2027587890625,66665800,14.319999694824219,0
2023-11-17,144.11532592773438,7812400,27.900554656982422,38493300,41.91828918457031,15573100,40.30017852783203,13893800,317.25701904296875,1465200,74.12704467773438,6080700,434.7427978515625,83133200,13.800000190734863,0
2023-11-20,144.55857849121094,7019000,27.92847442626953,46783400,41.82587432861328,19670300,40.14069747924805,10369100,317.500244140625,3146000,73.59149169921875,7644600,438.0892639160156,69936200,13.40999984741211,0
2023-11-21,144.25677490234375,7083500,27.602746963500977,41611900,41.66877365112305,14466700,39.96246337890625,16078400,313.3099365234375,1900900,72.45576477050781,7394800,437.1344909667969,49244600,13.350000381469727,0
2023-11-22,144.59629821777344,5174500,27.5748291015625,41422700,41.604087829589844,9441200,40.131317138671875,11862200,316.74261474609375,1235200,72.47422790527344,4265400,438.8221740722656,59394900,12.850000381469727,0
2023-11-24,144.79432678222656,3496900,27.667892456054688,15815600,41.79815673828125,5941000,40.26265335083008,5287200,317.21966552734375,460100,72.6219711303711,2398000,439.09228515625,29737400,12.460000038146973,0
2023-11-27,144.46424865722656,6259100,27.509681701660156,42039500,41.65953826904297,14679700,40.3564567565918,15715000,315.872802734375,1250500,71.97560119628906,5237800,438.3014831542969,50506000,12.6899995803833,0
2023-11-28,144.79432678222656,6582700,27.481765747070312,29705800,41.45622253417969,14064700,40.684791564941406,15332900,315.81658935546875,1419000,70.98762512207031,9197900,438.73541259765625,62115000,12.6899995803833,0
2023-11-29,145.5299072265625,9126100,28.207664489746094,57954900,42.27870178222656,14027600,41.06940460205078,16746000,320.8711853027344,2038100,72.5296401977539,7420700,438.42681884765625,63146000,12.979999542236328,0
2023-11-30,147.1896514892578,9869800,28.60165023803711,52547700,42.60213851928711,16249000,41.829261779785156,23247500,322.0782775878906,1903600,73.25908660888672,8480500,440.1530456542969,79752700,12.920000076293945,0
2023-12-01,147.90635681152344,8916000,29.042543411254883,46133300,43.646400451660156,20053400,42.232635498046875,18116100,328.57568359375,3623300,74.69029235839844,9617100,442.7569885253906,89183400,12.630000114440918,0
2023-12-04,148.99085998535156,9607500,28.91121482849121,37811300,43.775779724121094,19351000,42.326438903808594,13424000,329.4809875488281,2178100,74.98576354980469,6713800,440.4327392578125,72430900,13.079999923706055,0
2023-12-05,148.9720001220703,9135600,28.686079025268555,45723100,43.1566162109375,14813100,41.735450744628906,14531700,322.2763366699219,2429700,74.02546691894531,6103200,440.34600830078125,69793500,12.850000381469727,0
2023-12-06,147.40655517578125,9366000,28.639175415039062,49803100,44.22860336303711,33903400,41.74482727050781,18923800,322.4837646484375,1869300,73.32372283935547,7321800,438.5714416503906,69124700,12.970000267028809,0
2023-12-07,147.8592071533203,8130900,28.76112174987793,32699600,44.82004165649414,14896800,42.589111328125,18787800,324.9828186035156,2162400,74.1916732788086,5430400,441.91790771484375,66995400,13.0600004196167,0
2023-12-08,149.49069213867188,7369400,29.042543411254883,34794300,45.180458068847656,17591600,43.245765686035156,20238400,330.83892822265625,2238800,75.9737548828125,10343400,443.81787109375,83194400,12.350000381469727,0
2023-12-11,150.03765869140625,8093900,28.939359664916992,32254000,44.49660110473633,17666000,43.15195846557617,21116900,331.7159729003906,1636000,76.47236633300781,6378100,445.54412841796875,65002200,12.630000114440918,0
2023-12-12,151.3767547607422,10223000,28.836170196533203,34566700,44.413429260253906,14735600,43.59286117553711,19787100,332.5174865722656,1597600,77.19258117675781,7395300,447.5789794921875,68327600,12.069999694824219,0
2023-12-13,151.88600158691406,12379100,30.0556583404541,60311100,45.596309661865234,22212500,44.8029899597168,26549100,342.0608215332031,2876500,79.06698608398438,10144600,453.7511901855469,93278000,12.1899995803833,0
2023-12-14,154.6490936279297,13643000,31.837980270385742,107190000,46.42802047729492,51664900,47.382728576660156,41115400,361.61907958984375,5376300,84.06233978271484,19849500,455.2074279785156,119026000,12.479999542236328,0
2023-12-15,155.81846618652344,20309300,31.5190372467041,83771800,46.049129486083984,35156100,47.19511413574219,44099200,358.8277282714844,4522300,84.56097412109375,16905700,454.4579162597656,141553700,12.279999732971191,0
2023-12-18,156.7615203857422,8469600,31.35956573486328,40694700,45.892032623291016,17871400,46.585350036621094,20531700,354.951904296875,2740900,83.8038101196289,9145500,457.0142822265625,70375300,12.5600004196167,0
2023-12-19,158.8550567626953,10345700,31.434614181518555,44534800,47.0656623840332,23161500,46.988731384277344,20556400,360.65716552734375,2091800,84.8749008178711,8114900,459.7933044433594,55761800,12.529999732971191,0
2023-12-20,157.0632781982422,10734700,30.937437057495117,44711400,46.27091979980469,17452100,46.28517150878906,20481500,356.0080871582031,1836500,84.1546859741211,10467000,453.4218444824219,102921000,13.670000076293945,0
2023-12-21,157.9591522216797,7601700,31.14381217956543,32325700,46.76070022583008,13089000,46.38835525512695,11127700,358.8843078613281,1301600,85.53048706054688,7748000,457.72113037109375,86667500,13.649999618530273,0
2023-12-22,157.86485290527344,6576300,31.35956573486328,37265900,47.000980377197266,14440600,46.135074615478516,10450400,358.9596862792969,1538200,85.32734680175781,5800800,458.6410217285156,67160400,13.029999732971191,0
2023-12-26,158.79847717285156,4683600,31.762937545776367,24845400,47.44455337524414,11501500,46.56659698486328,8856600,359.864990234375,837300,85.72439575195312,2726200,460.5776672363281,55387000,12.989999771118164,0
2023-12-27,159.7509307861328,6428600,31.744173049926758,24498600,47.555450439453125,9901300,46.275787353515625,12536700,362.57147216796875,1367200,86.48155212402344,4073200,461.410400390625,68000300,12.430000305175781,0
2023-12-28,160.5996856689453,6320100,31.78169822692871,21799600,47.61089324951172,10218500,46.41649627685547,9872600,364.3915100097656,1024700,86.46308135986328,4089500,461.584716796875,77158100,12.470000267028809,0
2023-12-29,160.4110565185547,6435100,31.58469581604004,28060700,47.53696823120117,13149400,46.17259216308594,11733600,363.7879943847656,881300,86.10296630859375,4772100,460.2484130859375,122283100,12.449999809265137,0
2024-01-02,162.27830505371094,9977400,31.80045509338379,36668600,49.015567779541016,24784900,46.275787353515625,14916000,366.1737365722656,2263100,86.7031478881836,6132200,457.67266845703125,123623700,13.199999809265137,0
2024-01-03,161.5709991455078,9852300,31.453372955322266,45988700,49.570045471191406,30897600,45.66603469848633,21653600,360.0347900390625,2265300,84.86567687988281,7487900,453.93505859375,103585900,14.039999961853027,0
2024-01-04,162.64321899414062,11972500,31.706649780273438,39834600,49.69017791748047,23714300,46.228878021240234,15917500,361.1286926269531,1618300,85.08728790283203,8735600,452.4729309082031,84232200,14.130000114440918,0
2024-01-05,163.45924377441406,10066000,32.297637939453125,49242400,50.20769500732422,17782200,46.829254150390625,15074800,364.4197998046875,2913900,86.09374237060547,6027800,453.0926208496094,86118900,13.350000381469727,0
2024-01-08,163.2220458984375,11229900,32.04435348510742,40253900,49.91196823120117,17359500,46.829254150390625,15119700,366.70184326171875,1902600,86.3430404663086,6738400,459.56097412109375,74879100,13.079999923706055,0
2024-01-09,161.9315948486328,9923600,31.547182083129883,39268800,49.422183990478516,17237400,46.238258361816406,13625200,361.8736572265625,1708800,85.0041732788086,7594100,458.86370849609375,65931400,12.760000228881836,0
2024-01-10,162.27316284179688,9670200,31.5190372467041,34904000,48.99708557128906,16532700,46.04126739501953,11849800,360.1950988769531,1547300,84.46863555908203,6929200,461.4587707519531,67310600,12.6899995803833,0
2024-01-11,161.58998107910156,11919500,31.096912384033203,48790600,48.1284065246582,25444400,46.00373840332031,21049200,358.1109924316406,2209900,83.5729751586914,9400700,461.2554626464844,77940700,12.4399995803833,0
2024-01-12,160.40391540527344,19436500,30.768587112426758,74344300,48.627437591552734,37908000,44.46527862548828,30454100,356.2250061035156,2223800,82.82506561279297,8303100,461.5750427246094,58026400,12.699999809265137,0
2024-01-16,159.3981475830078,17206400,30.130699157714844,58420800,47.934349060058594,21209400,43.92119216918945,25209900,358.7710876464844,3926600,79.38092803955078,20369000,459.88043212890625,85014900,13.84000015258789,0
2024-01-17,158.5441436767578,11107500,29.83051872253418,48811300,47.46303939819336,17393500,43.78047180175781,17445600,355.68743896484375,2415100,77.94050598144531,17198500,457.32415771484375,68843900,14.789999961853027,0
2024-01-18,158.8572998046875,9382300,29.764854431152344,35484400,47.23200988769531,15788100,43.56471252441406,17901300,355.43280029296875,1771200,77.46958923339844,15016400,461.3910827636719,91856200,14.130000114440918,0
2024-01-19,161.59945678710938,13115700,30.224512100219727,49493600,47.61089324951172,18211000,45.14070129394531,25606900,360.4214172363281,2603300,78.7992172241211,14787400,467.142822265625,110834500,13.300000190734863,0
2024-01-22,161.40968322753906,12837500,30.53407096862793,43903400,48.83074188232422,21573200,45.52531433105469,19372200,363.96710205078125,2922700,79.1593246459961,11626500,468.1305236816406,75844900,13.1899995803833,0
2024-01-23,160.34698486328125,8360800,30.740446090698242,30003400,49.25583267211914,12962500,46.07878875732422,16422100,359.0728454589844,3313300,80.0919189453125,8555700,469.49578857421875,49945300,12.550000190734863,0
2024-01-24,161.77975463867188,9967100,30.937437057495117,36403900,49.2188720703125,14402200,46.42588424682617,17776000,357.78094482421875,2235800,80.85829162597656,12480900,470.0090637207031,81765000,13.140000343322754,0
2024-01-25,164.09495544433594,8873500,31.322044372558594,46204000,49.65320587158203,15634000,46.79173278808594,17979600,360.89288330078125,2376300,81.27381134033203,8792400,472.5653381347656,72525000,13.449999809265137,0
2024-01-26,163.46873474121094,7443000,31.35956573486328,30839800,49.5977668762207,14041200,47.20448684692383,19211100,356.2626647949219,3464700,81.00604248046875,6384400,471.9649963378906,76641600,13.260000228881836,0
2024-01-29,163.8957061767578,6971200,31.52842140197754,30269300,50.00438690185547,12158300,47.23263168334961,16725200,358.8748474121094,1632300,80.90447998046875,7440300,475.70263671875,61322800,13.600000381469727,0
2024-01-30,167.2546844482422,10822100,32.63534164428711,60315700,52.758270263671875,40086100,48.02062225341797,14736800,364.8252868652344,3897900,81.69701385498047,6569300,475.3347473144531,58618400,13.3100004196167,0
2024-01-31,165.4423370361328,11521800,31.90364646911621,54716000,51.908077239990234,28967800,47.073158264160156,20394400,362.12823486328125,3421100,81.34269714355469,8414700,467.5786437988281,126011100,14.350000381469727,0
2024-02-01,164.8445587158203,9354800,31.472135543823242,57084800,51.806419372558594,21178700,46.03401184082031,27566100,361.97735595703125,2138500,80.95109558105469,8365000,473.6982727050781,91891600,13.880000114440918,0
2024-02-02,165.7934112548828,8607600,31.397090911865234,40416000,51.81575393676758,19283100,46.44023132324219,19329000,365.75885009765625,2180900,81.37066650390625,7728600,478.6851501464844,99228200,13.850000381469727,0
2024-02-05,165.57518005371094,7820200,30.946823120117188,43573000,50.845489501953125,14040600,46.00567626953125,14202700,361.19464111328125,2231100,80.08395385742188,7788700,476.94207763671875,75757100,13.670000076293945,0
2024-02-06,166.14450073242188,6764800,30.993722915649414,27188000,50.70554733276367,14832700,45.61835479736328,13926600,363.0523986816406,1487800,80.27975463867188,7335500,478.32684326171875,55918600,13.0600004196167,0
2024-02-07,166.45758056640625,7225500,31.125051498413086,29660100,50.882808685302734,13383300,45.79784393310547,15839600,364.6272277832031,1963200,80.1865234375,4952200,482.3162841796875,70556500,12.829999923706055,0
2024-02-08,165.85986328125,6060300,31.068763732910156,36852200,50.649574279785156,15822200,45.6750373840332,10839200,363.099609375,1913700,79.86019134521484,6218200,482.529296875,52343600,12.789999961853027,0
2024-02-09,166.05909729003906,6296700,31.02186393737793,36176000,50.369686126708984,13843300,45.401084899902344,16594000,362.3639831542969,2028200,80.08395385742188,5664500,485.3180236816406,63979400,12.930000305175781,0
2024-02-12,166.79917907714844,8539300,31.53780174255371,34160400,50.30437469482422,17162300,46.2135009765625,14101900,370.2664489746094,2797200,80.99771881103516,7888000,485.1050109863281,56502300,13.930000305175781,0
2024-02-13,165.34744262695312,8397600,30.721681594848633,43801500,49.222164154052734,17672100,45.57112503051758,13660100,357.16790771484375,3030800,78.29376220703125,11339400,478.42364501953125,113099200,15.850000381469727,0
2024-02-14,167.02691650390625,7056700,31.078142166137695,27833900,50.3603515625,14891900,45.8450813293457,12683400,356.4983825683594,2041300,78.32170867919922,5973700,482.77142333984375,68387800,14.380000114440918,0
2024-02-15,170.67054748535156,8723400,31.959936141967773,41683100,51.507877349853516,16865000,49.160892486572266,46473600,363.4579162597656,2218900,79.87882995605469,7993500,486.1023864746094,61683000,14.010000228881836,0
2024-02-16,169.87347412109375,8152600,31.978687286376953,33290700,51.17201232910156,11527500,49.03807830810547,24359700,362.5338134765625,2376800,80.65272521972656,9673900,483.68157958984375,75532900,14.239999771118164,0
2024-02-20,170.5376739501953,9668000,31.856740951538086,30372900,51.70379638671875,16537900,48.905826568603516,19839100,362.6091613769531,2358900,79.58045959472656,6626400,481.01873779296875,71736700,15.420000076293945,0
2024-02-21,171.64784240722656,7024000,31.61284065246582,37847100,51.61983108520508,9317200,49.74658966064453,18562500,366.1454772949219,1772500,79.68302154541016,6444000,481.4544677734375,59293400,15.34000015258789,0
2024-02-22,173.7068634033203,9296500,31.52842140197754,42756900,52.151611328125,12904800,50.41730499267578,20467900,368.22015380859375,2326800,80.0466537475586,6782100,491.41845703125,76402500,14.539999961853027,0
2024-02-23,174.57980346679688,7105800,31.8192195892334,30586000,52.17959976196289,11668900,50.88019943237305,20863500,368.7671203613281,2247400,80.69934844970703,5810100,491.7572937011719,61321800,13.75,0
2024-02-26,173.98202514648438,7145400,31.52842140197754,31129200,51.64781951904297,12307100,51.13526916503906,18099900,367.9844055175781,1797800,79.87882995605469,5608100,489.9562072753906,50386700,13.739999771118164,0
2024-02-27,174.0674285888672,5717100,32.156925201416016,40536300,51.9743537902832,11039300,51.77764129638672,19548200,368.5408020019531,1724900,79.71099090576172,8066700,490.866455078125,48854500,13.430000305175781,0
2024-02-28,174.94984436035156,6131600,32.185062408447266,39548600,51.358604431152344,13448100,51.6926155090332,20045200,373.4031982421875,2572900,80.23313903808594,5624100,490.21771240234375,56506600,13.84000015258789,0
2024-02-29,176.54391479492188,9643000,32.610172271728516,43863400,51.76911163330078,23744600,52.514488220214844,28335600,369.4809875488281,3139100,80.22380828857422,7657100,491.9800109863281,83924800,13.399999618530273,0
2024-03-01,175.81332397460938,6311800,32.4495735168457,38432300,51.87171936035156,12922400,52.01381301879883,17761000,368.5787353515625,1697700,80.63408660888672,5523700,496.598876953125,76844800,13.109999656677246,0
2024-03-04,177.13221740722656,7063600,33.20531463623047,49136400,52.37551498413086,14314700,52.722312927246094,19483500,372.52001953125,1955100,83.95342254638672,19876000,496.0663146972656,49799300,13.489999771118164,0
2024-03-05,178.90660095214844,6617800,33.43203353881836,47591600,52.48746871948242,19653900,53.46860885620117,21786100,371.2474060058594,2697800,83.10494232177734,13883600,491.10845947265625,72855600,14.460000038146973,0
2024-03-06,179.83648681640625,7572900,33.46037292480469,49149700,53.44840621948242,17845000,53.95038986206055,25418600,369.9748229980469,2692400,79.86949920654297,25614600,493.5970764160156,68382400,14.5,0
2024-03-07,178.2613525390625,7618300,33.658756256103516,35900700,53.849571228027344,14720300,53.84648132324219,18116300,368.8922119140625,2033100,80.31705474853516,9145700,498.4967346191406,58652100,14.4399995803833,0
2024-03-08,178.5934600830078,6172200,33.63041687011719,42769900,53.653648376464844,13028000,53.91260528564453,17872500,367.52459716796875,1657200,81.1562271118164,9689300,495.5047302246094,86532500,14.739999771118164,0
2024-03-11,178.65988159179688,5762600,33.90437316894531,34131500,53.56035614013672,9176900,53.93149948120117,16622000,366.736328125,1654200,81.06298065185547,4737200,495.07861328125,62557200,15.220000267028809,0
2024-03-12,180.130615234375,5708400,33.97049331665039,29260400,53.597679138183594,10954000,54.42273712158203,23622800,368.65472412109375,1703900,81.1655502319336,5110900,500.404296875,73114400,13.84000015258789,0
2024-03-13,181.5918426513672,7795500,34.0838623046875,38289600,53.88688659667969,12982800,54.62110900878906,17444900,372.5769958496094,2370600,83.31006622314453,10345800,499.62005615234375,55104100,13.75,0
2024-03-14,178.35623168945312,10310900,33.71543502807617,40178100,53.261817932128906,18833600,54.19601058959961,24851100,369.0631103515625,3029500,83.07695770263672,9235300,498.6323547363281,110171800,14.399999618530273,0
2024-03-15,180.5670928955078,17214200,33.450927734375,69646400,53.746952056884766,26164300,54.3282585144043,40782800,367.7335510253906,3763900,82.40563201904297,20363000,495.2084045410156,107646300,14.40999984741211,0
2024-03-18,182.80641174316406,9013800,34.017730712890625,50617900,54.69855499267578,13994600,54.57387924194336,16376500,365.0364074707031,2069000,82.0140380859375,5960000,498.1515197753906,88893300,14.329999923706055,0
2024-03-19,183.87857055664062,8478700,34.03662872314453,46113800,54.91313171386719,13455300,53.85593032836914,14504800,369.1106262207031,1858200,82.44292449951172,8546400,500.9197692871094,60755300,13.819999694824219,0
2024-03-20,186.2886962890625,9367000,34.716796875,40519000,56.09797286987305,20269900,54.1298828125,22841600,376.52777099609375,2157400,85.17487335205078,10811700,505.5529479980469,69594600,13.039999961853027,0
2024-03-21,188.8790740966797,11203800,35.43474578857422,43219500,57.217506408691406,17892100,54.64944839477539,18141700,392.9005432128906,4613800,87.08628845214844,13659900,507.2236633300781,60256100,12.920000076293945,0
2024-03-22,186.5638427734375,8108800,35.00019836425781,29001100,56.74169921875,16206800,53.96928405761719,13736600,386.357177734375,2190300,85.73430633544922,5909300,506.2621154785156,79070800,13.0600004196167,0
2024-03-25,184.85592651367188,8620000,34.820709228515625,30480200,56.862979888916016,12040300,53.59141540527344,15028200,384.57171630859375,1683900,84.97907257080078,3670400,504.8633728027344,48512100,13.1899995803833,0
2024-03-26,185.71934509277344,5961500,35.037986755371094,33673400,57.5253791809082,17947400,53.54418182373047,11445900,385.74932861328125,1407000,85.10960388183594,4211900,503.930908203125,65463700,13.239999771118164,0
2024-03-27,189.31553649902344,8725800,35.71815490722656,36350200,58.54228210449219,16684400,54.42273712158203,13762800,394.3631591796875,2353600,87.1795425415039,6394500,508.1658935546875,82999800,12.779999732971191,0
2024-03-28,190.05564880371094,8628300,35.82206344604492,42262500,58.999427795410156,19012000,54.753360748291016,14619000,396.68035888671875,2409700,87.79491424560547,6707700,508.0687255859375,96294900,13.010000228881836,0
2024-04-01,188.76519775390625,7309000,35.44419860839844,33908000,59.204673767089844,14223900,54.42273712158203,11039500,392.7106628417969,1863900,87.20750427246094,3416000,507.1846923828125,62477500,13.649999618530273,0
2024-04-02,188.68927001953125,7014700,35.23636245727539,34806800,58.62624740600586,16062000,54.17710876464844,14632900,389.5196838378906,1976000,86.44292449951172,5245400,503.9599609375,74230300,14.609999656677246,0
2024-04-03,188.15792846679688,9353400,35.36861801147461,33338500,57.55336380004883,18079900,53.96928405761719,13226500,393.1760559082031,1549200,86.71334075927734,4821100,504.5136413574219,59155800,14.329999923706055,0
2024-04-04,186.726318359375,9243800,34.877384185791016,42888200,56.8256721496582,13401100,53.54418182373047,12361900,385.81585693359375,1704700,86.04200744628906,5466100,498.35552978515625,96858100,16.350000381469727,0
2024-04-05,188.44424438476562,6532300,35.056880950927734,30823500,57.469398498535156,12686300,54.224342346191406,11081000,387.5443115234375,1694900,86.21914672851562,4654800,503.5617980957031,74546500,16.030000686645508,0
2024-04-08,189.42726135253906,8001000,35.4253044128418,29470300,57.59068298339844,10708300,54.592769622802734,15308800,389.8900451660156,1181900,86.90913391113281,4601900,503.8433837890625,48401800,15.1899995803833,0
2024-04-09,188.1579132080078,7351500,35.642574310302734,30967300,57.5253791809082,10301200,54.39439010620117,10643800,390.0514831542969,1247200,87.72032928466797,4951600,504.42626953125,68049200,14.979999542236328,0
2024-04-10,186.55453491210938,7681400,34.62232971191406,37610700,56.14461898803711,18088000,53.789794921875,16475200,380.60198974609375,1903300,85.45458984375,5994200,499.3753967285156,82652800,15.800000190734863,0
2024-04-11,186.51637268066406,10137700,34.33892059326172,38604000,56.639076232910156,18181900,53.55362319946289,18995600,377.4869384765625,2176200,80.96974182128906,24631800,503.14410400390625,70099000,14.90999984741211,0
2024-04-12,174.45286560058594,31532300,33.80990982055664,47126100,55.67814636230469,28561900,53.34579849243164,27876700,369.8988037109375,2815800,80.36368560791016,12789800,496.1992492675781,92561100,17.309999465942383,0
2024-04-15,174.54832458496094,14766600,33.961055755615234,44392000,54.63324737548828,19242300,53.81813430786133,19407500,380.7159423828125,6177000,81.1095962524414,9553900,489.98272705078125,92101400,19.229999542236328,0
2024-04-16,172.55364990234375,16451800,32.76131820678711,95566100,53.196510314941406,23211400,53.289119720458984,25620000,376.89813232421875,3459700,83.11427307128906,18291600,489.089111328125,73484000,18.399999618530273,0
2024-04-17,171.86647033691406,9017100,33.28089141845703,65951400,54.26940155029297,15971600,54.016517639160156,18867700,383.593505859375,4373800,83.99071502685547,9544600,486.194580078125,75910300,18.209999084472656,0
2024-04-18,172.98312377929688,9557700,33.79100799560547,44506200,54.40934371948242,12272500,55.49020767211914,24468500,382.83380126953125,2776300,84.15855407714844,6752000,485.19415283203125,74548100,18.0,0
2024-04-19,177.3255615234375,13402300,34.924625396728516,56273700,55.17435073852539,13410100,57.01113510131836,34334300,383.67901611328125,2805500,84.5315170288086,8143000,480.9591369628906,102212600,18.709999084472656,0
2024-04-22,180.77093505859375,11529700,35.642574310302734,43867100,56.862979888916016,14513100,57.71964645385742,21753400,396.3575134277344,4165600,85.86483764648438,7294400,485.38836669921875,67961000,16.940000534057617,0
2024-04-23,183.3764190673828,9144400,36.247169494628906,39180300,58.4676513671875,17427800,57.56850051879883,21731200,402.67303466796875,2662300,87.42196655273438,6393900,491.1482849121094,64633600,15.6899995803833,0
2024-04-24,184.27357482910156,6964900,36.199928283691406,28670600,58.28105926513672,10123000,57.2473030090332,19731600,401.76129150390625,1575900,87.50586700439453,5100900,490.9151611328125,55928100,15.970000267028809,0
2024-04-25,184.5503387451172,9802300,35.81261444091797,41116000,57.64665985107422,13339100,56.6143798828125,24002500,398.92169189453125,1970100,86.3030776977539,6770600,489.0502624511719,69122400,15.369999885559082,0
2024-04-26,184.6648712158203,6413700,35.73705291748047,28668700,58.45832443237305,16364100,56.59548568725586,18785900,406.0634460449219,2322700,86.55482482910156,4606100,493.6834716796875,64306100,15.029999732971191,0
2024-04-29,184.46444702148438,5387800,35.472530364990234,26438800,58.08513641357422,10857100,56.4915657043457,15338400,409.1404113769531,2453000,86.6771469116211,4416100,495.4317932128906,46415400,14.670000076293945,0
2024-04-30,182.9946746826172,8153700,34.96240997314453,30283800,57.217506408691406,11163400,56.038124084472656,18007700,405.2467041015625,1829900,85.4820556640625,5860000,487.5836181640625,77483600,15.649999618530273,0
2024-05-01,183.1092071533203,7445300,34.90572738647461,32272000,57.23616409301758,14086600,56.22705841064453,16365400,405.4746398925781,2310100,86.14078521728516,4713600,486.0003662109375,80242800,15.390000343322754,0
2024-05-02,182.91835021972656,6501700,34.839599609375,34860300,57.41341781616211,11292500,56.5199089050293,15329500,410.81195068359375,2087500,87.18531036376953,4449200,490.5460510253906,62550200,14.680000305175781,0
2024-05-03,181.82078552246094,8922800,35.18912887573242,34082700,57.89336013793945,11048900,56.62382125854492,17298500,416.1398010253906,2406300,88.11691284179688,5043500,496.6265563964844,72756700,13.489999771118164,0
2024-05-06,183.24282836914062,7911100,35.60478591918945,28422300,59.10731506347656,13386700,56.859989166259766,16240100,421.3536682128906,1914300,89.19908905029297,5105100,501.7551574707031,47264700,13.489999771118164,0
2024-05-07,183.0041961669922,7688800,35.74649429321289,29119500,58.34505844116211,10158200,56.926116943359375,16268200,421.4770812988281,2058200,90.14009857177734,7418000,502.30877685546875,52561300,13.229999542236328,0
2024-05-08,186.726318359375,9227600,35.623687744140625,32803300,59.050846099853516,9755200,57.842445373535156,18718400,424.4686584472656,2006700,89.99895477294922,4662600,502.35736083984375,42047200,13.0,0
2024-05-09,188.49195861816406,7977300,36.162139892578125,26855400,59.58724594116211,11563000,58.222496032714844,14224300,432.6455078125,2710200,92.3232650756836,6766700,505.2518615722656,43643700,12.6899995803833,0
2024-05-10,189.70404052734375,7529800,36.3227424621582,27359100,59.78486251831055,9548700,58.802059173583984,14428200,431.85736083984375,1823900,92.48323059082031,6118400,505.9027099609375,52233200,12.550000190734863,0
2024-05-13,189.66586303710938,7049200,36.09601593017578,24060600,59.66253662109375,6617900,58.2034912109375,15203500,430.74615478515625,1579600,92.74671936035156,5379000,505.9706115722656,36716400,13.600000381469727,0
2024-05-14,192.31906127929688,8596200,36.36053466796875,27594800,59.84132766723633,8322500,58.802059173583984,14499600,435.4091491699219,2412900,93.51835632324219,6216600,508.29205322265625,57535900,13.420000076293945,0
2024-05-15,192.89169311523438,8370000,36.75728988647461,34084400,60.453006744384766,9461300,59.22960662841797,17489600,442.6459045410156,2217700,94.59111785888672,6938500,514.5863647460938,59504900,12.449999809265137,0
2024-05-16,193.2352752685547,8497900,37.05014419555664,32554200,60.35890579223633,11682200,58.01347732543945,21104100,441.1549072265625,2070300,93.70655822753906,4339300,513.5275268554688,50244800,12.420000076293945,0
2024-05-17,195.44947814941406,9260500,37.116275787353516,25537300,60.293033599853516,8418400,58.032474517822266,15795800,444.1939392089844,1655900,94.3088150024414,4690800,514.2657470703125,59187600,11.989999771118164,0
2024-05-20,186.6595458984375,17373300,36.672271728515625,28369800,59.43667984008789,11792100,57.67143630981445,15029000,439.6543273925781,2591500,94.41230773925781,5690200,514.8582153320312,37764200,12.149999618530273,0
2024-05-21,190.41983032226562,14420800,37.45634841918945,31799200,60.92353439331055,11197200,58.39350891113281,18422100,446.7486267089844,2762600,95.54154205322266,8337100,516.1209716796875,33437000,11.859999656677246,0
2024-05-22,189.26498413085938,9425300,37.560264587402344,42837600,60.057769775390625,8855300,57.88995361328125,10340500,439.1225280761719,2729500,94.79814910888672,5194300,514.6348266601562,48390000,12.289999961853027,0
2024-05-23,187.93841552734375,8069400,37.002906799316406,39033900,59.304927825927734,11535000,56.702327728271484,13056100,435.10528564453125,2254500,93.08547973632812,5594500,510.8759765625,57211200,12.770000457763672,0
2024-05-24,191.55552673339844,7356200,37.50358581542969,22166300,59.8319206237793,9424600,57.20587158203125,9913000,437.9828796386719,1932200,93.13253784179688,3550500,514.2560424804688,41291100,11.930000305175781,0
2024-05-28,190.40074157714844,6910200,37.14461135864258,31217900,58.768531799316406,8404400,56.512306213378906,11276300,436.6817626953125,1930800,92.85023498535156,5541600,514.6154174804688,36269600,12.920000076293945,0
2024-05-29,189.07411193847656,6120000,36.57780456542969,26677500,58.35446548461914,7224200,55.818721771240234,12835000,434.174560546875,2315700,91.53279876708984,4679600,511.0118103027344,45190300,14.279999732971191,0
2024-05-30,190.23849487304688,6829100,36.4927864074707,50989100,58.2791862487793,10061500,56.255775451660156,13580800,430.1712646484375,2135000,91.49518585205078,4548800,507.6219177246094,46377600,14.470000267028809,0
2024-05-31,193.38800048828125,14417900,37.77754211425781,58188400,58.63678741455078,17351600,56.93035125732422,25386600,436.1809997558594,2638300,92.06918334960938,7155500,512.2453002929688,90785800,12.920000076293945,0
2024-06-03,192.6149444580078,6444300,37.673622131347656,31898600,58.269779205322266,11373900,56.37928771972656,13206500,434.7096252441406,1930700,91.66454315185547,5671200,512.6630859375,46835700,13.109999656677246,0
2024-06-04,190.0762481689453,6848300,37.48468780517578,26974200,57.43223571777344,10424200,55.77122497558594,12520700,435.01531982421875,1835000,90.88350677490234,5409600,513.2361450195312,34632700,13.15999984741211,0
2024-06-05,188.26292419433594,8351600,37.749202728271484,34140300,58.12862014770508,8780700,55.75221633911133,11199100,441.1111145019531,1678900,90.95879364013672,4499700,519.3359985351562,47610400,12.630000114440918,0
2024-06-06,187.92889404296875,7640300,37.50358581542969,38676400,58.28860092163086,8537900,54.849613189697266,18587400,437.69061279296875,1598000,91.1375732421875,4741200,519.326416015625,30808500,12.579999923706055,0
2024-06-07,190.83021545410156,6964500,37.807716369628906,25928700,58.13802719116211,8260800,55.448184967041016,14466700,434.6427307128906,1736100,91.41047668457031,4018400,518.695068359375,43224500,12.220000267028809,0
2024-06-10,190.50572204589844,6070800,37.70317077636719,37176200,57.80866241455078,9302300,55.03964614868164,12787500,433.34332275390625,1698600,90.7047119140625,4566000,520.2976684570312,35686100,12.739999771118164,0
2024-06-11,185.49517822265625,9235300,36.9333381652832,44629000,55.653656005859375,16966800,54.2795524597168,19197800,424.4767761230469,1938200,89.80133819580078,5330000,521.5505981445312,36383400,12.850000381469727,0
2024-06-12,182.79428100585938,12751300,37.45606994628906,38964700,56.47236633300781,15398500,54.44107437133789,16929800,428.70941162109375,1733000,90.00835418701172,5435700,525.834228515625,63251300,12.039999961853027,0
2024-06-13,184.82711791992188,8587800,37.31350326538086,40018700,56.67939758300781,9358200,54.412567138671875,15963700,426.464111328125,1849100,89.59430694580078,3955900,526.8929443359375,44760900,11.9399995803833,0
2024-06-14,184.94163513183594,6874000,37.29449462890625,32347900,55.83245849609375,10511000,54.53608322143555,15375400,426.5691833496094,1559100,89.86720275878906,3406600,527.2135009765625,40089900,12.65999984741211,0
2024-06-17,186.0868682861328,8725400,37.55110168457031,26135400,56.51942825317383,15527500,55.334171295166016,18361100,430.1234436035156,1531600,91.3163833618164,4874100,531.4095458984375,55839500,12.75,0
2024-06-18,188.0147705078125,9023000,38.00730895996094,30804500,57.196983337402344,15768100,56.103755950927734,15547400,437.0505065917969,1798400,91.81511688232422,4558400,532.7596435546875,41376400,12.300000190734863,0
2024-06-20,189.60858154296875,8731100,38.00730895996094,29383300,57.046409606933594,9519200,56.01824951171875,11985500,437.642822265625,2080600,91.69277954101562,3956800,531.3124389648438,70328200,13.279999732971191,0
2024-06-21,187.3466796875,20972100,37.532100677490234,72244900,56.453556060791016,18976200,55.2011604309082,62732600,430.1234436035156,3780800,90.48828125,10785300,530.60009765625,64338600,13.199999809265137,0
2024-06-24,189.8090057373047,9785900,38.03582000732422,31064900,57.723960876464844,13290500,56.06575012207031,16198300,441.50286865234375,1882200,91.37284088134766,8418200,528.8753662109375,45528700,13.329999923706055,0
2024-06-25,189.03598022460938,6862500,37.42755889892578,30596000,57.94982147216797,11643100,54.34606170654297,26726900,437.0027160644531,1555900,92.03155517578125,7439700,530.9119873046875,37936200,12.84000015258789,0
2024-06-26,188.42515563964844,7758600,37.06639099121094,44310200,57.63927459716797,12409300,54.16554260253906,30425700,435.5503845214844,2131700,91.17522430419922,6514200,531.5746459960938,38550600,12.550000190734863,0
2024-06-27,190.08580017089844,7913500,37.30400085449219,29464200,57.92158508300781,11285100,54.55508041381836,13832200,426.0914611816406,2835200,90.12127685546875,5437800,532.4125366210938,35041500,12.239999771118164,0
2024-06-28,193.03485107421875,15307600,37.798213958740234,52028200,59.718990325927734,20053200,56.426788330078125,31074500,432.16815185546875,3839700,91.45752716064453,9058800,530.3175048828125,76144500,12.4399995803833,0
2024-07-01,196.07936096191406,10205800,38.02631378173828,26770500,59.69076156616211,15334400,57.56692123413086,14470200,443.0028991699219,1850500,93.31134033203125,7420600,531.408935546875,40297800,12.220000267028809,0
2024-07-02,199.30520629882812,7802900,38.90069580078125,35626100,60.86707305908203,10965600,57.9279670715332,9543700,444.86602783203125,1491800,93.77243041992188,5570900,534.985107421875,40434800,12.029999732971191,0
2024-07-03,199.17161560058594,5560900,38.872188568115234,17100700,60.660037994384766,6574100,57.6334228515625,6698800,447.0731201171875,993900,94.28997802734375,3112000,537.37255859375,32789900,12.09000015258789,0
2024-07-05,196.532470703125,8093100,38.40647888183594,23489000,60.25539016723633,7226200,56.645320892333984,11436300,444.0443115234375,1593800,93.71595764160156,3633200,540.4713134765625,41488400,12.479999542236328,0
2024-07-08,196.8971405029297,8707000,38.60607147216797,26728500,60.92353439331055,10349000,56.06575012207031,12480000,444.1112060546875,2214300,94.65699768066406,3884400,541.094970703125,36110500,12.369999885559082,0
2024-07-09,199.25796508789062,9058900,39.36640548706055,34697200,62.62684631347656,16904300,56.89235305786133,12233800,451.764404296875,4525100,96.55784606933594,7113600,541.6212158203125,27289700,12.510000228881836,0
2024-07-10,199.4210968017578,8328500,39.6705436706543,25333400,63.031490325927734,9817100,56.740333557128906,12097200,457.55438232421875,1946000,97.35771179199219,5619000,546.980712890625,38701200,12.850000381469727,0
2024-07-11,199.085205078125,10658100,39.73707580566406,33824600,61.83634567260742,20112300,57.15837860107422,16852800,457.87921142578125,2251400,98.4681167602539,7761000,542.2642822265625,53054200,12.920000076293945,0
2024-07-12,196.67642211914062,15443400,39.527984619140625,31856600,60.71650314331055,30125400,53.718994140625,53042800,458.5002746582031,2727800,97.95054626464844,7060600,545.6846313476562,53084400,12.460000038146973,0
2024-07-15,201.58038330078125,10719700,39.81310272216797,36648100,61.299957275390625,16656600,54.849613189697266,27277300,470.3000793457031,3568200,99.05154418945312,10093900,547.185302734375,40584300,13.119999885559082,0
2024-07-16,205.00640869140625,11557000,41.942047119140625,75953300,63.30437469482422,21170200,57.23439025878906,25577300,480.6093444824219,3981700,99.95492553710938,16716400,550.4302368164062,36475300,13.1899995803833,0
2024-07-17,208.12538146972656,11572500,41.79948425292969,65713600,63.62434768676758,17215300,57.87095260620117,17371100,479.80670166015625,3908900,100.65127563476562,11412000,542.7125854492188,57119000,14.479999542236328,0
2024-07-18,201.51319885253906,12415100,40.8775749206543,48549200,61.06468963623047,15796200,56.284278869628906,17739000,464.5482482910156,3320200,98.6280746459961,9130700,538.5418701171875,56270400,15.930000305175781,0
2024-07-19,201.32125854492188,8095900,40.77302932739258,43903000,61.299957275390625,8583100,56.27477264404297,12362800,463.32525634765625,2032700,96.06851196289062,12555900,534.9656372070312,65509100,16.520000457763672,0
2024-07-22,201.8011016845703,7663200,40.202781677246094,42838300,60.69768524169922,9925100,56.189266204833984,13638600,465.3412780761719,1792500,96.39788055419922,8931200,540.4811401367188,43346700,14.90999984741211,0
2024-07-23,201.8490753173828,5557300,40.30731964111328,36705100,60.8482551574707,6961200,56.69282531738281,10927800,470.2236022949219,2020500,97.39533996582031,7400600,539.6333618164062,34439600,14.720000267028809,0
2024-07-24,200.17922973632812,7119000,40.098228454589844,36567200,59.907203674316406,11591100,56.474300384521484,10777100,465.0163879394531,1598600,95.95559692382812,7967400,527.4038696289062,74515300,18.040000915527344,0
2024-07-25,200.25599670410156,6403800,39.6135139465332,41593900,60.575347900390625,12819700,56.72132873535156,14119600,469.8031921386719,1489700,97.4518051147461,5582300,524.6559448242188,61158300,18.459999084472656,0
2024-07-26,203.68206787109375,8027800,39.60401153564453,52049300,61.33760070800781,9661300,57.37690353393555,12538900,476.79705810546875,2249700,98.0446548461914,6599600,530.5317993164062,53763800,16.389999389648438,0
2024-07-29,202.34811401367188,6533600,39.05276107788086,37133100,60.50947570800781,7901900,56.616817474365234,8986200,470.7682189941406,1599500,96.43551635742188,5183400,530.8438110351562,39515800,16.600000381469727,0
2024-07-30,206.5131072998047,8850700,39.23334503173828,44163200,61.98691940307617,13554300,57.01586151123047,11503900,483.14129638671875,2642500,97.6400146484375,6225500,528.1542358398438,46853600,17.690000534057617,0
2024-07-31,204.21951293945312,9071600,38.31143569946289,50851600,61.05528259277344,15046500,56.37928771972656,11535800,486.3515319824219,2658900,97.9960708618164,5444600,536.7391357421875,65663400,16.360000610351562,0
2024-08-01,199.5746612548828,10918600,37.541603088378906,60107800,59.54960250854492,18052700,54.042030334472656,17752700,477.8384704589844,4006800,96.61932373046875,5678100,529.138427734375,76428700,18.59000015258789,0
2024-08-02,191.11029052734375,18041700,35.716800689697266,76728000,55.296058654785156,30289300,50.60264205932617,27642600,449.67193603515625,6115500,91.00787353515625,11120700,519.2868041992188,82789100,23.389999389648438,0
2024-08-05,187.04124450683594,13927000,34.832908630371094,76075200,53.40535354614258,27977300,49.51952362060547,28594000,438.5696105957031,4177200,87.4188461303711,9659500,504.1631164550781,146267400,38.56999969482422,0
2024-08-06,192.2618865966797,10605800,35.089515686035156,40614100,53.73788833618164,16643100,49.74755096435547,18723500,449.2705993652344,2209300,88.27337646484375,6068300,508.8113098144531,84826300,27.709999084472656,0
2024-08-07,192.31947326660156,9204400,35.45067596435547,44952400,53.31034469604492,19221200,49.6810417175293,18407500,451.93634033203125,2587600,87.4568099975586,7215700,505.4104309082031,70698300,27.850000381469727,0
2024-08-08,195.8319091796875,7761200,36.31555938720703,36557800,55.10603713989258,17933300,50.12759017944336,16176000,464.1278381347656,1936400,89.8495101928711,6592300,517.0941772460938,63276600,23.790000915527344,0
2024-08-09,197.50173950195312,5540200,36.382083892822266,26411200,54.95402526855469,11421000,50.51054000854492,11669000,468.4178161621094,1622700,89.93496704101562,3542600,519.3743286132812,45619600,20.3700008392334,0
2024-08-12,197.87600708007812,6936000,36.27754211425781,33040600,54.95402526855469,15123500,49.84038162231445,18090100,463.8699035644531,1839300,90.04891204833984,4196300,519.6472778320312,42542100,20.709999084472656,0
2024-08-13,199.55545043945312,6387800,36.55316162109375,21553500,55.248558044433594,7478500,50.615840911865234,12268600,470.02294921875,1243700,91.82443237304688,5941500,528.1932373046875,52333100,18.1200008392334,0
2024-08-14,201.76272583007812,6999800,36.88581085205078,25658900,56.32217025756836,12419500,51.37216567993164,13217200,476.48187255859375,1545600,94.41653442382812,10161700,529.8594970703125,42446900,16.190000534057617,0
2024-08-15,203.0198974609375,7001000,37.09490203857422,37379800,57.50030517578125,14159000,52.24336242675781,16549400,476.7875671386719,1732300,95.55590057373047,5885100,538.9414672851562,60846800,15.229999542236328,0
2024-08-16,205.34231567382812,7931200,37.3895378112793,26886600,58.336395263671875,9939700,52.97096633911133,19173900,481.7940979003906,1587000,96.31549835205078,4159700,540.1497802734375,44430700,14.800000190734863,0
2024-08-19,206.7626190185547,6090800,37.70317077636719,27268900,58.93495559692383,8882500,54.043212890625,12792900,482.1953430175781,1027900,96.60981750488281,4070500,545.3143310546875,39121800,14.649999618530273,0
2024-08-20,205.87013244628906,5640000,36.771766662597656,44440800,58.25088119506836,8661300,53.75599670410156,12533500,475.1824035644531,2122700,95.68883514404297,3396900,544.4276123046875,33732300,15.880000114440918,0
2024-08-21,205.94691467285156,5202300,36.82878875732422,33751100,57.509803771972656,14414900,53.09541702270508,13691700,474.3415832519531,917100,95.60337829589844,3576000,546.2985229492188,41514600,16.270000457763672,0
2024-08-22,207.8950653076172,5247100,37.29449462890625,35421600,57.40529251098633,7848500,53.5740966796875,15683000,475.57415771484375,943800,95.47994232177734,2777300,542.0109252929688,56121500,17.549999237060547,0
2024-08-23,209.50730895996094,7214000,37.798213958740234,45616600,59.03947448730469,13299700,54.28254699707031,17074400,486.7242126464844,1751800,96.74274444580078,3814800,547.77001953125,50639400,15.859999656677246,0
2024-08-26,210.3326416015625,5105200,37.940773010253906,44659500,58.706932067871094,9384200,54.301700592041016,9478800,485.24322509765625,1084200,97.16053771972656,2679000,546.4641723632812,35788600,16.149999618530273,0
2024-08-27,211.30189514160156,5185200,37.70317077636719,32323900,58.602420806884766,7294800,53.86130905151367,7638500,484.66046142578125,977900,96.92314910888672,2537200,547.2145385742188,32693900,15.430000305175781,0
2024-08-28,212.36717224121094,6506400,37.96928787231445,40700500,58.507415771484375,7692900,54.63677978515625,11905200,480.905517578125,1568100,97.03709411621094,2836800,544.037841796875,41066000,17.110000610351562,0
2024-08-29,213.2500457763672,6416100,38.17837905883789,34810800,58.792442321777344,8368000,54.90483474731445,9283300,487.3738708496094,1566300,97.41688537597656,3325600,544.0865478515625,38715200,15.649999618530273,0
2024-08-30,215.73562622070312,8574100,38.7296257019043,49098200,59.514522552490234,10806500,55.97708511352539,20377300,490.4013977050781,1838900,98.37586975097656,4951400,549.2804565429688,62700100,15.0,0
2024-09-03,211.41708374023438,8956100,38.682106018066406,48489300,58.393402099609375,11055200,55.88134765625,15933600,468.49786376953125,2373600,94.25511932373047,6634000,537.9766845703125,60600100,20.719999313354492,0
2024-09-04,210.4862060546875,7389500,38.49201965332031,39629600,57.91835021972656,11436800,55.642005920410156,10985800,471.55419921875,1509400,95.09066009521484,4212500,536.8756103515625,47224900,21.31999969482422,0
2024-09-05,208.85472106933594,8067900,38.14986801147461,34214500,57.60481262207031,10243900,54.43572998046875,18301000,468.90155029296875,1828300,94.53046417236328,4462400,535.5697631835938,44264300,19.899999618530273,0
2024-09-06,203.8931884765625,7777000,37.07845687866211,47007600,56.14165115356445,14094000,51.69766616821289,21853800,460.9532470703125,1995600,91.71049499511719,9246800,526.5560302734375,68493800,22.3799991607666,0
2024-09-09,208.0677947998047,8935100,37.75766372680664,37610200,56.56919860839844,19811700,52.26251220703125,17134800,469.5647277832031,1714200,93.22017669677734,5281500,532.4514770507812,40445800,19.450000762939453,0
2024-09-10,197.2714080810547,28406900,37.575897216796875,53983900,55.05853271484375,22482300,51.64979553222656,24650000,448.958740234375,3583100,91.7389907836914,7798600,534.7706909179688,36394600,19.079999923706055,0
2024-09-11,198.87408447265625,13658700,37.308048248291016,41190000,54.44096374511719,16569400,51.43918228149414,17322000,452.8415832519531,2426500,92.1282730102539,6764100,540.2569580078125,75248600,17.690000534057617,0
2024-09-12,198.26947021484375,9054400,37.09759521484375,39921600,54.4694709777832,12937800,49.37127685546875,42594200,455.619140625,1480500,91.75798034667969,4751200,544.8076782226562,51819600,17.06999969482422,0
2024-09-13,196.08140563964844,10226700,36.973236083984375,31887300,54.79249954223633,10379400,50.52968215942383,24762000,460.35736083984375,1794500,93.28665161132812,5354800,547.653076171875,39310500,16.559999465942383,0
2024-09-16,199.4786834716797,8634900,37.40370559692383,26336400,55.476585388183594,9912700,51.49662399291992,18066200,466.287353515625,1500300,95.03367614746094,4467200,548.4619140625,36656100,17.139999389648438,0
2024-09-17,200.8126220703125,7573300,37.834190368652344,27769400,56.3316764831543,10630400,52.185916900634766,15885200,466.5084533691406,1444900,94.79631042480469,4748600,548.68603515625,49321000,17.610000610351562,0
2024-09-18,199.1619873046875,8259900,37.90114974975586,42527800,56.91123580932617,13638700,51.94657897949219,20109000,465.7299499511719,1699500,94.28359985351562,5195900,547.0586547851562,59044900,18.229999542236328,0
2024-09-19,201.99302673339844,11635200,39.096923828125,57977800,59.87556076049805,21860600,53.420921325683594,21399000,484.2311096191406,3060700,95.64136505126953,9091900,556.3939208984375,75315500,16.329999923706055,0
2024-09-20,202.5784454345703,20885000,38.522953033447266,70725000,59.03947448730469,18331800,53.89002990722656,45276000,479.0411682128906,4452600,97.29346466064453,14513400,555.43212890625,77503100,16.149999618530273,0
2024-09-23,202.91433715820312,7223500,38.14030456542969,31714800,59.457515716552734,11508200,52.760345458984375,14759300,478.06085205078125,953200,97.29346466064453,3962400,556.820068359375,44116900,15.890000343322754,0
2024-09-24,203.0582733154297,7323200,37.738529205322266,32534900,58.307891845703125,12046200,51.85084533691406,16365600,478.6471252441406,1035400,97.39790344238281,4749700,558.4132690429688,46805700,15.390000343322754,0
2024-09-25,201.7147216796875,8976500,37.547203063964844,28866000,57.367286682128906,12763800,51.32429504394531,10555700,472.0346984863281,1763900,97.1700210571289,3825100,557.1815795898438,38428600,15.40999984741211,0
2024-09-26,201.32125854492188,7807500,37.80549240112305,39601400,58.630924224853516,12844500,53.98576736450195,34463400,477.58990478515625,1378100,99.31586456298828,5183000,559.3907470703125,48336000,15.369999885559082,0
2024-09-27,202.01220703125,7032500,37.690696716308594,27861100,58.78294372558594,8144600,53.516658782958984,13530400,479.1180419921875,1420100,98.8506088256836,3113300,558.579345703125,42100900,16.959999084472656,0
2024-09-30,202.3577117919922,8663800,37.95854568481445,35055200,59.47651290893555,11316400,54.08150863647461,16284200,475.8502502441406,1602500,98.97403717041016,3378600,560.8178100585938,63557400,16.729999542236328,0
2024-10-01,198.69175720214844,8540100,37.51850509643555,26291200,58.7259407043457,13550100,53.02840042114258,11069400,471.1025085449219,1528600,99.14495086669922,5437400,555.7937622070312,72668800,19.260000228881836,0
2024-10-02,198.931640625,5810900,37.52806854248047,23302700,58.93495559692383,7380800,52.94224166870117,9007200,472.8516845703125,1445100,99.2398910522461,3293600,556.0283203125,38097800,18.899999618530273,0
2024-10-03,196.9547119140625,7251300,37.547203063964844,26030200,58.25088119506836,7939800,52.635887145996094,8135300,467.1907653808594,1290600,99.28736877441406,4587200,555.01171875,40846500,20.489999771118164,0
2024-10-04,203.94537353515625,10211700,38.36989212036133,34209900,59.514522552490234,10097900,54.53146743774414,14582800,475.8983459472656,1721600,102.43016052246094,5608900,560.0553588867188,42939100,19.209999084472656,0
2024-10-07,203.6653594970703,6718900,38.226402282714844,27177500,59.47651290893555,6954300,54.722938537597656,11177800,475.3793640136719,1173300,102.20227813720703,4439900,554.9921875,49964700,22.639999389648438,0
2024-10-08,203.49156188964844,6021800,38.19770431518555,26023600,60.0845832824707,8245700,54.856971740722656,12073000,477.2535400390625,1296700,102.05985260009766,3679400,560.2410888671875,37398700,21.420000076293945,0
2024-10-09,206.06959533691406,7024000,38.4464225769043,27421000,60.920677185058594,8636400,55.086734771728516,12415300,485.5285949707031,1695900,103.53155517578125,4445800,564.12158203125,37912200,20.860000610351562,0
2024-10-10,205.50958251953125,7927100,38.2359733581543,26182300,60.31260681152344,8708600,55.28778076171875,12744000,484.1253662109375,1309000,102.62006378173828,4065500,563.1343383789062,44138100,20.93000030517578,0
2024-10-11,214.63409423828125,18320700,40.13006591796875,50660700,62.459842681884766,15512400,58.38964080810547,37049200,496.21600341796875,2409700,104.87982177734375,5826200,566.5065307617188,42268000,20.459999084472656,0
2024-10-14,213.85198974609375,9048900,40.0918083190918,28098900,62.716373443603516,14682900,59.5097541809082,30758800,502.41510009765625,2174900,106.60787200927734,7179300,571.1395874023438,36217200,19.700000762939453,0
2024-10-15,214.7306365966797,9235800,40.311824798583984,61490000,59.514522552490234,35348100,60.34266662597656,24693400,502.0595703125,4525400,106.5509033203125,8925200,566.7021484375,54203600,20.639999389648438,0
2024-10-16,215.9376220703125,6382500,40.94319534301758,42437800,61.044185638427734,20208800,61.16600036621094,17412600,509.2485656738281,2649000,113.47264099121094,21458500,569.1651611328125,30725400,19.579999923706055,0
2024-10-17,216.6907501220703,6470200,40.75186538696289,31708600,60.77816390991211,13439600,61.635108947753906,15073500,508.42205810546875,2123500,113.40616607666016,9357200,569.214111328125,34393700,19.110000610351562,0
2024-10-18,217.60800170898438,7000500,40.4840202331543,30593500,59.71404266357422,13841200,61.615962982177734,19234000,507.94140625,1779200,114.94432830810547,6852900,571.403564453125,37416800,18.030000686645508,0
2024-10-21,215.3196563720703,5870000,39.948307037353516,26589500,58.744937896728516,12188500,61.29045486450195,15603400,497.65765380859375,1752100,112.30476379394531,7469100,570.4651489257812,36439000,18.3700008392334,0
2024-10-22,216.4010772705078,9586800,40.464881896972656,37104400,60.38861846923828,14347300,62.04677200317383,26164900,498.1382141113281,1588000,112.34275817871094,4429600,570.1621704101562,34183800,18.200000762939453,0
2024-10-23,215.71554565429688,6180500,40.503143310546875,28569400,59.951568603515625,8720500,61.807430267333984,18380900,497.0810241699219,1263200,112.30476379394531,5661600,564.9523315429688,49314600,19.239999771118164,0
2024-10-24,217.2314453125,6002200,40.79970169067383,28392000,59.85655975341797,11420300,62.64034652709961,18393300,504.0970458984375,2058200,113.14981079101562,5611800,566.1741943359375,34979900,19.079999923706055,0
2024-10-25,214.65341186523438,6369700,40.072669982910156,27466900,58.67842483520508,9697800,61.778709411621094,14855500,492.6599426269531,1633200,110.97550201416016,7271700,565.9786376953125,47268200,20.329999923706055,0
2024-10-28,217.73353576660156,6843000,40.7710075378418,24527600,60.958683013916016,14637700,62.81266784667969,16158900,503.2128601074219,1687100,113.11183166503906,5994000,567.7283325195312,30174700,19.799999237060547,0
2024-10-29,215.22308349609375,6580000,40.68490219116211,22313500,61.462242126464844,13134100,62.51588439941406,13205500,503.8856201171875,1281600,113.27324676513672,4622200,568.6470947265625,42899700,19.34000015258789,0
2024-10-30,216.68109130859375,7110900,40.47445297241211,38100500,61.281715393066406,11717600,62.621192932128906,16021700,504.0009765625,1441600,111.96295166015625,5673000,566.9268798828125,41435800,20.350000381469727,0
2024-10-31,214.27684020996094,7829900,40.005706787109375,28138200,60.968177795410156,10042800,62.15208435058594,12963200,497.6480407714844,2061700,111.25,5374600,555.813232421875,60182500,23.15999984741211,0
2024-11-01,215.26171875,6923500,39.948307037353516,31220000,60.5311279296875,11557700,61.92231750488281,13313900,499.14739990234375,1625000,111.82420349121094,4372100,558.1591186523438,45667500,21.8799991607666,0
2024-11-04,212.21055603027344,8229600,39.536964416503906,31110100,59.764312744140625,9419600,60.984100341796875,12607400,491.5738830566406,1797800,111.14473724365234,4366300,556.9568481445312,38217000,21.979999542236328,0
2024-11-05,213.86166381835938,5600700,40.063106536865234,30851400,61.02956771850586,12649800,61.33832550048828,13447200,506.46136474609375,2169900,112.74291229248047,4798400,563.69140625,39478300,20.489999771118164,0
2024-11-06,238.55099487304688,23987800,43.43996047973633,110086700,66.16728210449219,41957700,69.38018798828125,63689100,572.79638671875,8042800,125.83451843261719,22798700,577.7080078125,68182000,16.270000457763672,0
2024-11-07,228.23886108398438,16451100,42.827728271484375,48339700,65.28543853759766,18582000,66.8431625366211,18681200,559.5237426757812,4475600,122.91571044921875,7780000,582.1748657226562,47233200,15.199999809265137,0
2024-11-08,228.81814575195312,9502100,43.17211151123047,38331800,65.78387451171875,14973300,67.44015502929688,14270900,566.337890625,2714000,123.95883178710938,6979300,584.6967163085938,46444900,14.9399995803833,0
2024-11-11,231.04859924316406,9017100,44.080902099609375,43293500,66.90536499023438,19173100,69.86661529541016,17117800,578.9090576171875,2510800,127.77721405029297,6861300,585.25390625,37586800,14.970000267028809,0
2024-11-12,231.30929565429688,6861000,43.87043762207031,38155900,66.1576919555664,15766500,69.90511322021484,17848200,569.5383911132812,2392900,126.61925506591797,5683300,583.4359130859375,43006100,14.710000038146973,0
2024-11-13,232.85421752929688,11472600,43.880008697509766,36903900,66.03308868408203,10525300,70.06881713867188,18823000,571.1049194335938,1763100,127.04989624023438,6134800,583.7193603515625,47388600,14.020000457763672,0
2024-11-14,233.53973388671875,10172200,43.90870666503906,35733100,65.32379150390625,15043500,70.09770202636719,13654800,565.7131958007812,1670500,126.73408508300781,7344200,579.9658813476562,38904100,14.3100004196167,0
2024-11-15,236.86126708984375,11518800,44.721832275390625,40488900,65.90848541259766,15372900,71.58053588867188,18837000,570.4513549804688,2007700,128.29397583007812,7281900,572.537353515625,75988800,16.139999389648438,0
2024-11-18,236.59092712402344,9051400,44.6931266784668,32360300,66.13854217529297,11519000,71.33982849121094,18439600,565.1172485351562,1848900,128.02603149414062,6434100,574.8831787109375,37001700,15.579999923706055,0
2024-11-19,234.7177276611328,6792700,44.39657974243164,28534100,65.75511932373047,14428200,70.70431518554688,15412900,558.764404296875,2217400,126.55228424072266,7244800,576.9847412109375,49412000,16.350000381469727,0
2024-11-20,232.48728942871094,9015300,44.06175994873047,28021000,65.44839477539062,10495600,70.84876251220703,14415400,559.2930297851562,1528600,126.02593231201172,5125600,577.18017578125,50032600,17.15999984741211,0
2024-11-21,236.33021545410156,8783500,44.44441223144531,45336500,66.0905990600586,11390300,72.05236053466797,20068200,572.9214477539062,2281900,129.18399047851562,5547400,580.2786865234375,46750300,16.8700008392334,0
2024-11-22,239.9897003173828,7997300,44.96098327636719,37996200,66.94369506835938,16671600,73.1404037475586,14997400,579.3319702148438,1733700,128.8968963623047,6334100,582.0771484375,38226400,15.239999771118164,0
2024-11-25,241.6697540283203,10295400,45.439292907714844,42718600,67.81595611572266,19558100,74.0455093383789,28636600,579.572265625,2940800,127.91119384765625,8012300,584.0516357421875,42441400,14.600000381469727,0
2024-11-26,241.36077880859375,6212100,45.678443908691406,30301500,66.85742950439453,11605200,74.47882080078125,19139100,581.946044921875,2846500,125.63355255126953,8817300,587.1012573242188,45621300,14.100000381469727,0
2024-11-27,241.1869659423828,5472300,45.69758224487305,23278400,67.25042724609375,9736100,74.34400939941406,19793900,581.8788452148438,1424500,125.56657409667969,5507800,585.3223266601562,34000200,14.100000381469727,0
2024-11-29,241.11940002441406,5494800,45.448856353759766,23262000,67.93098449707031,8606500,73.34261322021484,9785000,584.8966674804688,1170200,125.94935607910156,4068200,588.9583129882812,30177400,13.510000228881836,0
2024-12-02,237.76890563964844,8899700,44.99924850463867,35891500,68.42941284179688,11932600,72.48565673828125,18274500,581.1685180664062,1804100,125.39430236816406,5512100,590.0139770507812,31746000,13.34000015258789,0
2024-12-03,236.38815307617188,6657700,44.78879165649414,38123800,68.45817565917969,17544200,71.3879623413086,15047900,581.52587890625,1718100,124.82969665527344,4791300,590.2876586914062,26906600,13.300000190734863,0
2024-12-04,235.0170440673828,7346300,44.358314514160156,24941300,68.53485870361328,12331900,70.34805297851562,14301100,578.27099609375,1617300,124.3990478515625,6203700,593.953125,42787600,13.449999809265137,0
2024-12-05,237.02542114257812,6572500,44.96098327636719,31572100,69.23458862304688,14307600,70.92578887939453,17766700,576.4261474609375,1672800,124.71484375,4991900,592.9757080078125,28762200,13.539999961853027,0
2024-12-06,238.84063720703125,5519700,44.970603942871094,28931700,69.15789794921875,8781100,71.57091522216797,14798100,579.2078247070312,1405700,124.3703384399414,5013200,594.0997314453125,31241500,12.770000457763672,0
2024-12-09,235.41293334960938,7076500,44.16257858276367,34660900,68.87992095947266,11957500,69.92439270019531,15517500,573.837646484375,1633200,123.04969024658203,7753900,591.0403442382812,34742700,14.1899995803833,0
2024-12-10,234.49563598632812,9108300,44.008663177490234,35665800,69.49337768554688,16833400,69.37553405761719,12277100,565.0579833984375,2600800,121.336669921875,6551300,589.2026977539062,37234500,14.180000305175781,0
2024-12-11,235.14256286621094,7884400,44.32610321044922,36790500,68.97576904296875,22533600,68.94225311279297,11867400,572.330810546875,2195300,122.10225677490234,8835400,593.7576293945312,28677700,13.579999923706055,0
2024-12-12,233.21145629882812,6113800,44.32610321044922,24017300,68.46776580810547,8893000,68.17195129394531,12446700,571.413330078125,1218400,122.40851593017578,3610500,590.6982421875,31543800,13.920000076293945,0
2024-12-13,231.67620849609375,10392700,43.931705474853516,32902300,68.06517028808594,9819900,67.8253173828125,16794500,565.4926147460938,1215000,121.9204330444336,6091500,590.5809936523438,35904700,13.8100004196167,0
2024-12-16,231.32861328125,9032000,43.73931884765625,27330400,68.52527618408203,11833800,69.30815124511719,24602500,566.3135375976562,1713300,123.48033142089844,5659700,593.1027221679688,43695200,14.6899995803833,0
2024-12-17,230.15065002441406,8083600,43.335304260253906,33054600,68.17061614990234,12639000,68.18157196044922,15595900,555.0612182617188,2314100,122.24581909179688,7141400,590.6591186523438,55773500,15.869999885559082,0
2024-12-18,222.43580627441406,11322400,41.844303131103516,41771900,65.29502868652344,18028000,66.20767211914062,21201200,531.4652709960938,3271600,115.83397674560547,7858800,573.0553588867188,108248700,27.6200008392334,0
2024-12-19,224.9366455078125,11790800,41.7288703918457,38583600,65.58258056640625,13464300,66.29432678222656,16444600,535.07763671875,2753300,115.31721496582031,8632400,572.87939453125,85919500,24.09000015258789,0
2024-12-20,229.4168243408203,32348400,42.488800048828125,74222200,66.32066345214844,27720100,67.72901916503906,50113400,546.7742309570312,4515900,118.1307601928711,14884000,579.7603759765625,125716700,18.360000610351562,0
2024-12-23,230.17959594726562,8611500,42.219451904296875,35374800,66.8765869140625,8248000,67.92160034179688,11817000,551.2943725585938,1519500,119.09730529785156,5074100,583.2320556640625,57635800,16.780000686645508,0
2024-12-24,233.964599609375,3729100,42.6908073425293,12054400,68.05559539794922,6544900,68.93260955810547,4442700,562.8944091796875,913400,121.59506225585938,2902800,589.7147216796875,33160100,14.270000457763672,0
2024-12-26,234.76600646972656,4451800,42.85433578491211,16077400,68.39107513427734,6341700,69.09632110595703,6964300,561.3876953125,1092000,122.52333068847656,3013500,589.7540283203125,41219100,14.729999542236328,0
2024-12-27,232.86387634277344,5730200,42.6523323059082,17972500,68.05559539794922,7743100,68.47044372558594,7219500,556.5100708007812,1486000,121.30796813964844,3088100,583.5458984375,64969300,15.949999809265137,0
2024-12-30,231.0775909423828,5723800,42.23870086669922,16109800,67.47088623046875,6664400,67.79643249511719,8443800,553.9697875976562,1265900,120.34141540527344,2637900,576.88671875,56578800,17.399999618530273,0
