Price,Close,Volume,Close,Volume,Close,Volume,Close,Volume,Close,Volume,Close,Volume,Close,Volume,Close,Volume
Ticker,SPY,SPY,EFA,EFA,EEM,EEM,VNQ,VNQ,GLD,GLD,TLT,TLT,IEF,IEF,^VIX,^VIX
Date,,,,,,,,,,,,,,,,
2010-01-04,84.36898040771484,118944600,34.58121109008789,18556900,30.194562911987305,70761600,23.346324920654297,2408400,109.80000305175781,16224100,55.07085037231445,2829100,60.71369171142578,619100,20.040000915527344,0
2010-01-05,84.59230041503906,111579900,34.61168670654297,14352800,30.413724899291992,50196300,23.320117950439453,2054200,109.69999694824219,14213100,55.42647171020508,2841600,60.980281829833984,1547500,19.350000381469727,0
2010-01-06,84.65185546875,116074400,34.75798416137695,11888100,30.477346420288086,50670000,23.27819061279297,2471200,111.51000213623047,24981900,54.68452835083008,4099600,60.73421096801758,365500,19.15999984741211,0
2010-01-07,85.00921630859375,131091100,34.62387466430664,10906600,30.300609588623047,41803700,23.529735565185547,2091700,110.81999969482422,13609800,54.77646255493164,2793200,60.73421096801758,390900,19.059999465942383,0
2010-01-08,85.29210662841797,126402800,34.898193359375,12826500,30.540971755981445,41118100,23.356792449951172,2682000,111.37000274658203,15894600,54.75199890136719,2910700,60.80942153930664,382500,18.1299991607666,0
2010-01-11,85.41120910644531,106375700,35.184688568115234,12387500,30.477346420288086,42546400,23.4930477142334,1924800,112.8499984741211,17253000,54.45153045654297,2181300,60.850379943847656,653600,17.549999237060547,0
2010-01-12,84.61466979980469,163333500,34.77016830444336,19029700,29.989540100097656,65902300,23.100019454956055,3124500,110.48999786376953,29182600,55.38356018066406,4321200,61.28790283203125,403000,18.25,0
2010-01-13,85.3293228149414,161822000,35.062774658203125,15446600,30.08145523071289,48040100,23.566421508789062,2133000,111.54000091552734,20014000,54.73969650268555,4755000,60.99394226074219,281900,17.850000381469727,0
2010-01-14,85.56009674072266,115718800,35.33098220825195,13362600,30.003671646118164,52893800,23.545467376708984,1594700,112.02999877929688,18305300,55.50619125366211,4188800,61.281124114990234,511700,17.6299991607666,0
2010-01-15,84.59978485107422,212283100,34.776283264160156,19281700,29.65727424621582,76681800,23.36728858947754,5577000,110.86000061035156,18002700,55.84955978393555,4142800,61.55441665649414,429200,17.90999984741211,0
2010-01-19,85.65685272216797,139172700,35.117645263671875,17507700,30.2581844329834,57597300,23.84417152404785,2454200,111.5199966430664,10468200,55.690162658691406,2496000,61.44511413574219,411900,17.579999923706055,0
2010-01-20,84.7858657836914,216490200,34.2215576171875,24510100,29.530017852783203,78934700,23.576906204223633,3339900,108.94000244140625,17535000,56.2542724609375,2800500,61.656986236572266,228800,18.68000030517578,0
2010-01-21,83.1555404663086,344859600,33.49006652832031,22979100,28.63923454284668,116104300,22.900882720947266,4233400,107.37000274658203,25748400,56.5118293762207,4363100,61.882598876953125,349200,22.270000457763672,0
2010-01-22,81.30184173583984,345942400,32.83782196044922,27432500,28.00296974182129,108173800,22.324424743652344,5039500,107.16999816894531,24210100,56.4137077331543,3666900,61.93726348876953,272900,27.309999465942383,0
2010-01-25,81.71870422363281,186937500,33.24014663696289,20242700,28.207988739013672,86170400,22.481643676757812,3749000,107.4800033569336,13200500,56.15617370605469,2419500,61.800594329833984,1699000,25.40999984741211,0
2010-01-26,81.37626647949219,211168800,33.051177978515625,22135300,27.621206283569336,89832400,22.272018432617188,3352900,107.55999755859375,12297100,56.17452621459961,3138100,61.92357635498047,490600,24.549999237060547,0
2010-01-27,81.76338195800781,271863600,33.01459503173828,27156000,27.550508499145508,91623300,22.471160888671875,3714400,106.52999877929688,19005100,56.14387512207031,3325700,61.7800407409668,342100,23.139999389648438,0
2010-01-28,80.82537841796875,316104000,32.45988464355469,26142600,27.359638214111328,98086600,22.277265548706055,3750000,106.4800033569336,16793900,56.11325454711914,3058200,61.75950622558594,318100,23.729999542236328,0
2010-01-29,79.94690704345703,310677600,31.990507125854492,28917200,27.062700271606445,151695100,22.151491165161133,4096200,105.95999908447266,20278800,56.60380554199219,4930600,61.99874496459961,396700,24.6200008392334,0
2010-02-01,81.19013977050781,187865000,32.575706481933594,23123800,27.790874481201172,81928100,22.555009841918945,2839200,108.3499984741211,14901900,56.089996337890625,3598500,61.78617858886719,634300,22.59000015258789,0
2010-02-02,82.17286682128906,216327900,33.11822509765625,19720200,28.017107009887695,86791200,22.86420249938965,3270000,109.12999725341797,14292200,56.24994659423828,3047500,61.8890266418457,426000,21.479999542236328,0
2010-02-03,81.76338195800781,172730700,32.7707633972168,20225900,27.854501724243164,64323800,22.492124557495117,3079200,108.69999694824219,13393200,55.597686767578125,5343700,61.59413528442383,435300,21.600000381469727,0
2010-02-04,79.23966217041016,356715700,31.43579864501953,32202200,26.596105575561523,131791500,21.658893585205078,3942800,104.37000274658203,39991900,56.47767639160156,6095000,62.101654052734375,503400,26.079999923706055,0
2010-02-05,79.40350341796875,493585800,31.380937576293945,43046100,26.299175262451172,165899900,22.05716323852539,5100500,104.68000030517578,32656700,56.60074234008789,6875800,62.30052185058594,694700,26.110000610351562,0
2010-02-08,78.83023834228516,224166900,30.759178161621094,19238000,26.037595748901367,78752400,21.575044631958008,2969600,104.04000091552734,17176600,56.67456817626953,3386000,62.2457160949707,257600,26.510000228881836,0
2010-02-09,79.82035064697266,337820500,31.728397369384766,30811800,26.885961532592773,133342000,21.506921768188477,4785200,105.41000366210938,25959200,56.10844802856445,4790000,61.90959930419922,481200,26.0,0
2010-02-10,79.66402435302734,240511500,31.527231216430664,23502500,26.815261840820312,84646000,21.548837661743164,2893900,105.12000274658203,16215200,55.5731086730957,5068000,61.73813247680664,496200,25.399999618530273,0
2010-02-11,80.497802734375,223591600,31.819841384887695,19397300,27.522226333618164,90206600,21.753210067749023,2706400,107.12999725341797,19350100,55.271549224853516,5087500,61.662723541259766,496900,23.959999084472656,0
2010-02-12,80.43082427978516,304622100,31.54552459716797,18994900,27.175817489624023,63053000,22.010000228881836,3385000,107.04000091552734,14464200,55.49925994873047,2833800,61.80677032470703,219800,22.729999542236328,0
2010-02-16,81.6964111328125,159317500,32.24653625488281,19592800,27.875713348388672,73196700,22.633625030517578,2730300,109.62000274658203,20895700,55.60386276245117,2440900,61.94395446777344,175400,22.25,0
2010-02-17,82.08353424072266,168845100,32.289207458496094,19682000,27.974685668945312,63631100,22.837989807128906,3139000,109.25,19593400,54.96998977661133,4368200,61.61466598510742,358000,21.719999313354492,0
2010-02-18,82.56741333007812,193708600,32.47207260131836,13747600,28.080724716186523,61597600,23.17862319946289,2737200,109.9800033569336,19177400,54.74850082397461,5121800,61.39527893066406,474300,20.6299991607666,0
2010-02-19,82.7386474609375,222684900,32.27091598510742,16069000,27.840368270874023,77264800,23.194351196289062,3250100,109.47000122070312,21928700,55.043907165527344,3502500,61.42953872680664,527900,20.020000457763672,0
2010-02-22,82.75354766845703,132346900,32.33186721801758,14422100,27.875713348388672,56446600,23.251996994018555,1757800,109.06999969482422,10742800,54.816162109375,3382600,61.38155746459961,349700,19.940000534057617,0
2010-02-23,81.74848175048828,207497000,31.874691009521484,18038800,27.23237419128418,103220800,23.073820114135742,2715900,107.88999938964844,13629600,55.67152404785156,5474500,61.84788131713867,557200,21.3700008392334,0
2010-02-24,82.50041198730469,176350700,32.07585906982422,15789800,27.49394416809082,73043700,23.30963706970215,2965400,107.36000061035156,17207400,55.8068962097168,4423200,61.8821907043457,394300,20.270000457763672,0
2010-02-25,82.38871765136719,259634700,31.880788803100586,18544400,27.267715454101562,73641500,23.39871597290039,2067000,108.30999755859375,23400400,56.1207160949707,3707700,62.108516693115234,256600,20.100000381469727,0
2010-02-26,82.44084167480469,173589300,32.07585906982422,19714200,27.543434143066406,65727300,23.388248443603516,1784300,109.43000030517578,13033900,56.40993881225586,4349100,62.204490661621094,609900,19.5,0
2010-03-01,83.29695129394531,147709700,32.325782775878906,14774400,28.010032653808594,73146100,23.587369918823242,1849600,109.43000030517578,12830900,56.38526916503906,2415200,62.269161224365234,468600,19.260000228881836,0
2010-03-02,83.52775573730469,160992400,32.56961441040039,14135700,28.328174591064453,66353000,23.597858428955078,1575400,111.0199966430664,20102200,56.31121826171875,2260600,62.30354690551758,417900,19.059999465942383,0
2010-03-03,83.60218811035156,150785000,32.95974349975586,15292400,28.363515853881836,68779900,23.534982681274414,1884000,111.62999725341797,16222100,56.16923522949219,2156100,62.241641998291016,476700,18.829999923706055,0
2010-03-04,83.85529327392578,135770400,32.87439727783203,12645600,28.215051651000977,61065500,23.68171501159668,1557300,110.83000183105469,12944800,56.46551513671875,2374700,62.3516845703125,431100,18.719999313354492,0
2010-03-05,85.05388641357422,176118800,33.51445770263672,18656300,28.950292587280273,78177700,24.32628631591797,2161800,110.80999755859375,11091400,55.7247314453125,3823200,62.05597686767578,549900,17.420000076293945,0
2010-03-08,85.06875610351562,114631200,33.51445770263672,11336100,28.971511840820312,56724000,24.57259178161621,1729200,109.87999725341797,12753800,55.4345817565918,2850400,61.89094924926758,399800,17.790000915527344,0
2010-03-09,85.210205078125,154556700,33.435211181640625,15356500,29.13412094116211,66759800,24.630245208740234,2126000,109.72000122070312,12650800,55.44694519042969,2573700,62.049110412597656,350500,17.920000076293945,0
2010-03-10,85.58988952636719,186088800,33.57541275024414,13641100,29.339134216308594,73994500,24.85033416748047,2311500,108.47000122070312,21982100,55.30495071411133,3216200,61.945945739746094,329800,18.56999969482422,0
2010-03-11,85.94720458984375,160791100,33.70341873168945,13015300,29.34619903564453,42415700,24.9970760345459,1766200,108.5999984741211,9513300,55.5086784362793,2621000,61.89094924926758,283100,18.059999465942383,0
2010-03-12,85.95462036132812,162074800,33.928955078125,11743300,29.247222900390625,48949200,25.196218490600586,2344400,107.94999694824219,11849000,55.854366302490234,3099100,61.98723220825195,276400,17.579999923706055,0
2010-03-15,85.97702026367188,146816800,33.69123458862305,10182300,29.035144805908203,43560300,25.138565063476562,2164400,108.36000061035156,7698600,55.78031921386719,1936800,61.98723220825195,190100,18.0,0
2010-03-16,86.66190338134766,168673000,34.11793518066406,15718300,29.40982437133789,58417000,25.7464542388916,3905000,110.4000015258789,17749300,56.224769592285156,3932600,62.227909088134766,388200,17.690000534057617,0
2010-03-17,87.175537109375,177468100,34.30080795288086,17400500,29.72796058654785,72017100,26.12901496887207,3467900,109.58999633789062,13784300,56.46551513671875,3481200,62.30354690551758,288300,16.90999984741211,0
2010-03-18,87.13092803955078,196509100,34.09964370727539,15899600,29.501733779907227,73867900,25.987516403198242,2448700,110.33999633789062,13848400,56.28034591674805,2750300,62.13850784301758,202600,16.6200008392334,0
2010-03-19,86.6898422241211,226641100,33.752197265625,17819700,29.11997413635254,65993900,25.70453643798828,2703900,108.27999877929688,24329100,56.335872650146484,2976300,62.05597686767578,171300,16.969999313354492,0
2010-03-22,87.1533432006836,184477800,33.84971618652344,17473800,29.226024627685547,57583400,26.02944564819336,2922600,107.75,11579400,56.39761734008789,2452300,62.26228713989258,338100,16.8700008392334,0
2010-03-23,87.76629638671875,182941600,34.08745193481445,15533000,29.43104362487793,50528500,25.95607566833496,3974700,108.31999969482422,11274400,56.13215637207031,2910000,62.131614685058594,244100,16.350000381469727,0
2010-03-24,87.34022521972656,196072600,33.526649475097656,18234000,28.99271583557129,65081100,26.09756851196289,3241200,106.30000305175781,14236700,55.107425689697266,8049300,61.512699127197266,531300,17.549999237060547,0
2010-03-25,87.19815826416016,223396300,33.508358001708984,18633000,28.91495132446289,72397600,26.161449432373047,4033400,106.77999877929688,16866700,54.755558013916016,8268400,61.28584671020508,601900,18.399999618530273,0
2010-03-26,87.14584350585938,205808500,33.837520599365234,23466200,29.056344985961914,69798700,26.024187088012695,4339000,108.58999633789062,17433600,54.909881591796875,4110700,61.43024444580078,734100,17.770000457763672,0
2010-03-29,87.69900512695312,134513500,34.1240348815918,13605700,29.579498291015625,57961300,26.103384017944336,1914200,108.75,11527000,54.69998550415039,3245100,61.34080505371094,521400,17.59000015258789,0
2010-03-30,87.75880432128906,145772500,34.1240348815918,16768000,29.692607879638672,50327500,26.066410064697266,1968300,107.97000122070312,9817700,54.87284469604492,3254600,61.402671813964844,246500,17.1299991607666,0
2010-03-31,87.45980072021484,161078700,34.1240348815918,22702600,29.777454376220703,52858500,25.770751953125,2365900,108.94999694824219,14006800,55.249366760253906,4263900,61.54713821411133,398900,17.59000015258789,0
2010-04-01,88.05782318115234,161215200,34.727516174316406,20493900,30.555116653442383,96281100,25.90274429321289,2198300,110.26000213623047,11370500,55.114349365234375,2912400,61.419490814208984,397600,17.469999313354492,0
2010-04-05,88.77547454833984,105847600,34.76408386230469,14434000,30.830841064453125,63633700,26.472970962524414,1961200,110.88999938964844,8207900,54.19732666015625,5652000,60.867794036865234,656100,17.020000457763672,0
2010-04-06,88.98475646972656,110384200,34.66654968261719,15025700,30.922744750976562,42926300,27.08013916015625,3307100,111.02999877929688,10322300,54.2840576171875,3584600,61.04712677001953,566100,16.229999542236328,0
2010-04-07,88.47644805908203,184576300,34.42272186279297,19574500,30.65409278869629,55642000,26.48353385925293,3521700,112.48999786376953,19139500,54.978031158447266,6389900,61.426429748535156,562000,16.6200008392334,0
2010-04-08,88.78289794921875,158704000,34.38613510131836,13853000,30.760135650634766,52083200,26.515207290649414,2047800,112.6500015258789,12445400,55.002803802490234,3797600,61.35744857788086,465400,16.479999542236328,0
2010-04-09,89.36599731445312,133006500,34.83723068237305,17131200,30.951017379760742,46651000,26.89008331298828,1710500,113.63999938964844,16427800,55.13291549682617,2311300,61.426429748535156,314600,16.139999389648438,0
2010-04-12,89.50801086425781,110279000,34.94695281982422,11992200,30.703571319580078,43558300,26.72110939025879,1872300,113.01000213623047,11118900,55.42414855957031,2939600,61.59195327758789,402000,15.579999923706055,0
2010-04-13,89.5752944946289,125043600,34.91647720336914,9094000,30.63995933532715,47072900,27.37580680847168,1712600,112.69000244140625,11261100,55.603843688964844,3090900,61.70919418334961,309100,16.200000762939453,0
2010-04-14,90.5919418334961,161609000,35.3797492980957,20763800,31.0924129486084,42957800,27.41805076599121,2026800,113.02999877929688,10572100,55.21347427368164,3570100,61.543701171875,315800,15.59000015258789,0
2010-04-15,90.6666488647461,144615300,35.35536575317383,13534200,30.922744750976562,43463300,26.668325424194336,2594700,113.6500015258789,10952100,55.275447845458984,3698000,61.64710235595703,299900,15.890000343322754,0
2010-04-16,89.22394561767578,366786700,34.57511520385742,30341100,30.0178165435791,142486200,26.05586051940918,4450000,111.23999786376953,24572600,55.67821502685547,8303900,62.019569396972656,409900,18.360000610351562,0
2010-04-19,89.56033325195312,217947800,34.48367691040039,19657000,29.897645950317383,89434600,26.172019958496094,2825700,111.1500015258789,7993700,55.54188919067383,3211500,61.867828369140625,215300,17.34000015258789,0
2010-04-20,90.36019134521484,157708000,34.697025299072266,14039800,30.251121520996094,63883700,26.61552619934082,2193300,111.45999908447266,7019800,55.74015426635742,2285000,61.895355224609375,171300,15.729999542236328,0
2010-04-21,90.19571685791016,192910100,34.47148513793945,15597400,30.15215301513672,64141600,27.08013916015625,2980100,112.30999755859375,6842900,56.198646545410156,4162200,62.0953369140625,446500,16.31999969482422,0
2010-04-22,90.46482849121094,115360300,34.16060256958008,22128200,30.279396057128906,72788900,27.49724006652832,1552700,111.83999633789062,9598900,56.03135681152344,2841400,61.95052719116211,169300,16.469999313354492,0
2010-04-23,91.05542755126953,177335500,34.4166259765625,18250100,30.441993713378906,64724100,27.861562728881836,3302900,113.19000244140625,12505800,55.83308410644531,4776000,61.77819061279297,174200,16.6200008392334,0
2010-04-26,90.71153259277344,143457300,34.45319366455078,19670500,30.441993713378906,46317300,28.083314895629883,2486700,112.75,8335400,55.89509201049805,4753900,61.81954574584961,161900,17.469999313354492,0
2010-04-27,88.56613159179688,355853300,33.069461822509766,39699100,29.353267669677734,132888400,27.18573570251465,4589700,114.62999725341797,25057100,56.68195724487305,13199200,62.3988037109375,442800,22.809999465942383,0
2010-04-28,89.2388916015625,300674100,33.0755615234375,32895300,29.600711822509766,68981700,27.270233154296875,3500600,114.30999755859375,26891900,56.198646545410156,8379500,62.081565856933594,409700,21.079999923706055,0
2010-04-29,90.34521484375,193775000,33.58759307861328,21405900,30.08851432800293,69912900,28.500415802001953,3268600,114.27999877929688,10374300,56.43410873413086,4067200,62.18498229980469,350500,18.440000534057617,0
2010-04-30,88.81281280517578,270000900,33.16699981689453,24817100,29.72796058654785,77528000,27.613399505615234,4056200,115.36000061035156,13403100,57.08472442626953,6924800,62.5643424987793,423200,22.049999237060547,0
2010-05-03,89.9639892578125,182747900,33.40473175048828,22046300,29.89056968688965,47649800,28.5320987701416,4016000,115.7300033569336,13570800,57.01008987426758,4211800,62.40038299560547,300500,20.190000534057617,0
2010-05-04,87.84852600097656,360353400,32.08195114135742,42932500,28.51905059814453,159998800,27.882678985595703,3672500,114.87000274658203,21512100,58.035980224609375,11054800,62.822349548339844,355000,23.84000015258789,0
2010-05-05,87.32526397705078,328973200,31.466279983520508,40791300,28.00296974182129,131994700,27.50782585144043,3597300,115.08999633789062,21616700,58.37797927856445,12219100,63.06441879272461,672000,24.90999984741211,0
2010-05-06,84.42489624023438,647356600,30.064258575439453,64526400,26.85768699645996,225063100,26.377933502197266,6191800,118.48999786376953,50546300,60.181087493896484,19578200,63.75617218017578,902400,32.79999923706055,0
2010-05-07,83.1690673828125,637558800,29.997203826904297,66179200,26.999073028564453,191265100,25.934429168701172,5896600,118.2699966430664,34272700,59.42876052856445,18740600,63.5832405090332,3856500,40.95000076293945,0
2010-05-10,86.83187103271484,396159600,31.941753387451172,63301700,28.943233489990234,187916400,27.645082473754883,4817300,117.56999969482422,28433800,58.19765853881836,10240100,63.099037170410156,836200,28.84000015258789,0
2010-05-11,86.58521270751953,317849800,31.423608779907227,42343600,28.420076370239258,119869600,27.808759689331055,3229100,120.66000366210938,36731800,58.04848098754883,7729100,63.17515182495117,891400,28.31999969482422,0
2010-05-12,87.79619598388672,235607100,31.777164459228516,27785600,28.77356719970703,73936600,28.257543563842773,2577400,121.4000015258789,32703600,57.606971740722656,5530800,63.01602554321289,424000,25.520000457763672,0
2010-05-13,86.70481872558594,234452500,31.362655639648438,29675400,28.504907608032227,71622500,27.798206329345703,2522000,120.55999755859375,22340400,57.98628234863281,6849700,63.18898391723633,420300,26.68000030517578,0
2010-05-14,85.1350326538086,345601400,30.472667694091797,40366200,27.918128967285156,113085000,26.916471481323242,4558000,120.37000274658203,34643200,58.99355697631836,9796500,63.59709930419922,488700,31.239999771118164,0
2010-05-17,85.17987060546875,325739800,30.51534652709961,33131000,27.748458862304688,101708500,26.953432083129883,2913300,119.36000061035156,27898000,58.77589797973633,6302200,63.458763122558594,535100,30.84000015258789,0
2010-05-18,84.0212173461914,360556800,29.85700225830078,39152500,27.16874885559082,113529000,26.272336959838867,3725300,119.48999786376953,26595300,59.677467346191406,9904100,63.9222297668457,1711400,33.54999923706055,0
2010-05-19,83.54279327392578,394742700,29.972814559936523,41441600,26.90717315673828,129633400,26.029462814331055,5955800,116.62999725341797,34412400,59.87645721435547,14121200,63.977535247802734,839700,35.31999969482422,0
2010-05-20,80.3882827758789,530418300,28.930442810058594,50013100,25.571002960205078,174383500,24.693666458129883,5847200,115.83999633789062,28908200,61.13868713378906,17666900,64.6000747680664,1221600,45.790000915527344,0
2010-05-21,81.56187438964844,500909400,29.637554168701172,52184600,26.39815330505371,169452900,25.52259635925293,5652000,115.22000122070312,20098300,61.20081329345703,18670600,64.6346664428711,1196200,40.099998474121094,0
2010-05-24,80.51533508300781,269823000,28.954824447631836,26489400,26.12242889404297,90936400,24.95238494873047,3826100,116.83999633789062,14300500,60.989402770996094,7721100,64.6346664428711,2949400,38.31999969482422,0
2010-05-25,80.59757232666016,396505200,28.84511375427246,53441800,25.839651107788086,144257100,25.15300750732422,4736400,117.36000061035156,21232700,61.287864685058594,12952700,64.85604095458984,1064000,34.61000061035156,0
2010-05-26,80.11170959472656,349719300,28.418397903442383,42125600,25.82550811767578,128281900,25.100215911865234,4937300,118.47000122070312,13153500,61.113773345947266,12644800,64.72461700439453,551600,35.02000045776367,0
2010-05-27,82.79527282714844,300870500,30.033769607543945,33506900,27.38791275024414,147181800,26.478252410888672,2876100,118.69000244140625,10418500,59.72724151611328,7653200,64.10897064208984,522800,29.68000030517578,0
2010-05-28,81.7562255859375,297933500,29.454681396484375,39482100,26.93544578552246,113223700,26.140335083007812,2769200,118.87999725341797,11579400,60.00080871582031,5805500,64.39949798583984,511700,32.06999969482422,0
2010-06-01,80.38078308105469,277909400,29.162092208862305,34753600,26.44057846069336,91068700,25.596513748168945,2715000,119.91000366210938,12207800,60.42251205444336,5536200,64.48273468017578,978900,35.540000915527344,0
2010-06-02,82.47386169433594,240243700,29.942338943481445,25336300,27.3666934967041,103740800,26.098093032836914,2015700,119.77999877929688,10339300,59.84858322143555,5656400,64.11510467529297,519100,30.170000076293945,0
2010-06-03,82.75788879394531,226618300,29.850906372070312,27019600,27.267715454101562,70470800,26.024187088012695,2171700,117.95999908447266,13855200,59.411861419677734,8499500,64.0249252319336,274300,29.459999084472656,0
2010-06-04,79.85005187988281,398475600,28.576887130737305,36685200,26.299175262451172,108937200,24.55110740661621,9751200,119.19000244140625,16532500,61.00897216796875,7479600,64.91277313232422,728300,35.47999954223633,0
2010-06-07,78.85585021972656,264609100,28.217248916625977,24384100,25.889135360717773,82131900,24.41912269592285,3646600,121.48999786376953,20238600,61.47684860229492,5288200,65.1763916015625,413800,36.56999969482422,0
2010-06-08,79.7005386352539,357774300,28.668323516845703,33911600,26.482990264892578,108438000,24.857349395751953,4966300,121.0,23404800,61.171207427978516,5510800,64.97523498535156,604300,33.70000076293945,0
2010-06-09,79.27445220947266,268023300,28.564701080322266,30395500,26.34159278869629,87947600,25.00518035888672,4130400,120.55999755859375,12884600,61.10260009765625,5598000,64.98214721679688,264000,33.72999954223633,0
2010-06-10,81.59178161621094,317890600,29.77165412902832,30506000,27.260656356811523,92855100,26.08755111694336,3918800,118.97000122070312,13687900,60.0107536315918,6075100,64.37869262695312,655200,30.56999969482422,0
2010-06-11,81.98797607421875,214128200,29.8143310546875,22459100,27.40204620361328,66496500,26.399044036865234,2626800,120.01000213623047,7829400,60.77192687988281,6266700,64.78793334960938,404800,28.790000915527344,0
2010-06-14,81.86088562011719,207196100,30.003293991088867,29477200,27.409120559692383,83991300,26.726390838623047,2967100,119.5999984741211,11002800,60.459964752197266,5310400,64.73241424560547,627700,28.579999923706055,0
2010-06-15,83.72219848632812,238268700,30.9542293548584,28365100,28.236263275146484,96494500,27.32301902770996,2692500,120.98999786376953,15073000,60.21039962768555,4920100,64.53132629394531,1114400,25.8700008392334,0
2010-06-16,83.69231414794922,216374000,30.807931900024414,21785900,28.236263275146484,63906600,27.074853897094727,2496600,120.33000183105469,10500500,60.553550720214844,4011100,64.71160888671875,621900,25.920000076293945,0
2010-06-17,83.82684326171875,263185800,30.90546989440918,23402900,28.094871520996094,68660100,27.13295555114746,3137100,121.9000015258789,19792200,61.04642105102539,5650900,65.01687622070312,792500,25.049999237060547,0
2010-06-18,83.91775512695312,174006600,30.85061264038086,20182700,28.22212791442871,64639800,27.048463821411133,1981200,122.83000183105469,19429900,60.94660568237305,4171700,64.88502502441406,463400,23.950000762939453,0
2010-06-21,83.67739868164062,213140700,30.84450912475586,26081200,28.709930419921875,96721100,26.83727264404297,2910100,120.38999938964844,20041700,60.77192687988281,5740900,64.83650207519531,569100,24.8799991607666,0
2010-06-22,82.29541778564453,239355400,30.454391479492188,29123900,28.158504486083984,100336600,26.040027618408203,4468100,121.44999694824219,12940900,61.495609283447266,5658900,65.2249755859375,549200,27.049999237060547,0
2010-06-23,82.04004669189453,254639900,30.658435821533203,31159100,28.231088638305664,93969400,26.108667373657227,2987900,120.94999694824219,14120400,61.91358184814453,9137800,65.46774291992188,632500,26.90999984741211,0
2010-06-24,80.68062591552734,268523600,30.125030517578125,24218700,27.732934951782227,82636000,25.55597686767578,3163500,121.30000305175781,13137700,61.54551696777344,6184600,65.41224670410156,1075100,29.739999771118164,0
2010-06-25,81.0185775756836,238726500,30.2987003326416,31883900,28.0602970123291,60657800,26.20085906982422,4883700,122.76000213623047,9986700,61.795074462890625,5148300,65.51628875732422,455400,28.530000686645508,0
2010-06-28,80.76322174072266,169218600,30.075420379638672,23915000,27.868152618408203,36242500,25.891738891601562,2439400,121.08999633789062,19650700,62.3752555847168,5436000,65.98104095458984,924300,29.0,0
2010-06-29,78.26966094970703,373649500,29.045818328857422,39759300,26.736629486083984,120391400,25.04432487487793,4804700,121.2699966430664,17334700,63.05530548095703,7334200,66.26541137695312,920400,34.130001068115234,0
2010-06-30,77.52608489990234,284101700,28.84734535217285,40112000,26.558706283569336,84176700,24.777830123901367,3616100,121.68000030517578,12016300,63.479549407958984,7205700,66.36251831054688,891500,34.540000915527344,0
2010-07-01,77.18061065673828,382924800,29.269105911254883,43453600,26.7508602142334,113344200,24.692564010620117,7804700,117.04000091552734,33248900,63.579647064208984,12893400,66.33334350585938,1293700,32.86000061035156,0
2010-07-02,76.7599868774414,233385200,29.207094192504883,24580500,26.864723205566406,63854500,24.218202590942383,2682600,118.48999786376953,14732800,63.07277297973633,6297600,66.21508026123047,1072400,30.1200008392334,0
2010-07-06,77.26322937011719,256935300,29.790103912353516,26225800,27.362876892089844,76509800,23.679912567138672,4989800,116.51000213623047,16846900,63.59221267700195,6620400,66.37506103515625,914100,29.649999618530273,0
2010-07-07,79.69670104980469,253769400,30.72046661376953,31096500,27.967777252197266,68037800,24.831138610839844,3702500,117.7300033569336,10930100,62.84749221801758,5727800,66.16645812988281,473900,26.84000015258789,0
2010-07-08,80.4853515625,210842100,31.0181827545166,30704400,28.102989196777344,60958700,25.1402530670166,2288500,117.20999908447266,11315100,62.44702911376953,6260600,66.00648498535156,508400,25.709999084472656,0
2010-07-09,81.086181640625,144999900,31.0491943359375,19807000,28.44458770751953,43777100,25.460033416748047,1597100,118.36000061035156,9596800,62.09026336669922,4286000,65.83261108398438,439800,24.979999542236328,0
2010-07-12,81.13878631591797,131283600,30.93134117126465,19512900,28.216859817504883,53211600,25.539981842041016,2419900,117.33999633789062,7506700,62.065269470214844,4062100,65.94385528564453,685200,24.43000030517578,0
2010-07-13,82.36305236816406,213025900,31.50197410583496,21027200,28.544214248657227,52194800,26.16888427734375,2622800,118.36000061035156,8423700,61.53333282470703,5842500,65.61698150634766,679700,24.559999465942383,0
2010-07-14,82.35550689697266,184426800,31.613611221313477,17036100,28.487276077270508,46615600,26.01432228088379,2297300,118.30000305175781,9574800,62.152889251708984,5417300,65.94385528564453,566500,24.889999389648438,0
2010-07-15,82.37804412841797,232337900,31.768667221069336,21741000,28.35207176208496,66745400,25.929058074951172,2560700,118.2300033569336,8586900,62.77238464355469,6996100,66.28463745117188,703600,25.139999389648438,0
2010-07-16,80.10981750488281,282693400,30.751482009887695,29092500,27.505203247070312,99497500,25.08695411682129,2758100,116.66999816894531,17494400,63.079063415527344,7512400,66.66715240478516,864200,26.25,0
2010-07-19,80.58293914794922,186709000,30.949953079223633,15344100,27.868152618408203,46717800,25.39607810974121,2740600,115.7300033569336,15723900,62.691062927246094,4305800,66.49332427978516,489800,25.969999313354492,0
2010-07-20,81.47675323486328,258162400,31.160829544067383,17648600,28.522863388061523,92255200,25.87042808532715,3494800,116.6500015258789,9263100,62.78493881225586,5076600,66.5628433227539,895900,23.93000030517578,0
2010-07-21,80.4177017211914,264527000,30.596412658691406,18248500,28.231088638305664,66007400,25.332117080688477,3526700,115.8499984741211,9396200,63.8487548828125,7894200,66.98707580566406,470700,25.639999389648438,0
2010-07-22,82.2127914428711,274781300,31.626008987426758,25412400,29.085063934326172,74052900,26.280813217163086,3295200,116.86000061035156,8161000,63.110313415527344,5759700,66.61846923828125,656800,24.6299991607666,0
2010-07-23,82.92633056640625,222020800,31.99815559387207,26349100,29.284332275390625,65675400,26.616580963134766,2956400,116.08999633789062,8337000,62.44074249267578,6259100,66.40290832519531,799500,23.469999313354492,0
2010-07-26,83.7900619506836,184445700,32.22145080566406,29416900,29.483585357666016,64865500,27.28278350830078,3857800,115.5199966430664,11219000,62.334320068359375,4856400,66.38198852539062,626300,22.729999542236328,0
2010-07-27,83.7825698852539,204855600,32.314483642578125,31043800,29.43377685546875,63763700,27.277462005615234,3483300,113.51000213623047,29524800,61.73357391357422,5328000,66.15250396728516,528200,23.190000534057617,0
2010-07-28,83.24177551269531,163056200,32.14701843261719,18472800,29.270095825195312,43131400,27.224163055419922,2919200,113.77999877929688,16071500,61.93388366699219,5507200,66.4376449584961,933000,24.25,0
2010-07-29,82.836181640625,220149100,32.295875549316406,20313700,29.31991195678711,49588200,26.994983673095703,2276900,114.29000091552734,9476300,61.91511154174805,6305500,66.57675170898438,737300,24.1299991607666,0
2010-07-30,82.82117462158203,220070600,32.196632385253906,25265700,29.46224021911621,54277200,27.15488052368164,2746300,115.48999786376953,10093200,62.87877655029297,7683200,66.9662094116211,563600,23.5,0
2010-08-02,84.69136047363281,188263200,33.28206253051758,20257000,30.223705291748047,69623700,28.066268920898438,3018300,115.54000091552734,8473400,61.99609375,5769200,66.75908660888672,1160900,22.010000228881836,0
2010-08-03,84.2857437133789,146657300,33.2324333190918,18383000,30.081377029418945,60207900,27.7944393157959,1955500,115.98999786376953,5579400,62.353965759277344,4363500,67.0728988647461,911900,22.6299991607666,0
2010-08-04,84.84906768798828,158171700,33.26344680786133,15891400,30.12407112121582,55875600,27.99164390563965,2041300,116.72000122070312,10323200,61.876773834228516,3820400,66.79393768310547,777600,22.209999084472656,0
2010-08-05,84.75895690917969,140473800,33.2386360168457,13158500,29.98885154724121,43650600,27.639881134033203,1847300,116.9800033569336,7023000,62.16558074951172,3704200,67.11478424072266,817400,22.100000381469727,0
2010-08-06,84.4134521484375,239728300,33.33788299560547,18078700,29.94615364074707,65731600,27.511972427368164,1836100,117.83999633789062,10001700,62.84363555908203,6042400,67.55400848388672,438400,21.739999771118164,0
2010-08-09,84.86410522460938,120800400,33.375091552734375,13579600,30.102712631225586,27051000,27.826427459716797,2914500,117.4000015258789,6751400,62.611385345458984,2578500,67.54006958007812,464800,22.139999389648438,0
2010-08-10,84.40596008300781,242916300,33.10838317871094,20251800,29.689970016479492,68735400,27.554607391357422,2180200,117.7300033569336,10444900,62.74317932128906,11251000,67.88177490234375,641200,22.3700008392334,0
2010-08-11,82.0926513671875,273406900,31.601200103759766,40518300,28.743478775024414,92778600,26.867082595825195,2688600,117.33999633789062,12436900,63.58440399169922,6778300,68.26527404785156,911200,25.389999389648438,0
2010-08-12,81.58941650390625,239542600,31.563987731933594,22039000,28.793289184570312,43919400,26.531314849853516,2632600,118.7699966430664,12327000,63.427490234375,7590100,68.09092712402344,1701100,25.729999542236328,0
2010-08-13,81.34906005859375,158698500,31.45233917236328,18869200,28.949844360351562,28672700,26.531314849853516,2208700,118.73999786376953,10213200,64.21852111816406,7843600,68.3837890625,705800,26.239999771118164,0
2010-08-16,81.31150817871094,147895300,31.706645965576172,16634800,29.22028160095215,34651900,26.509992599487305,1827400,119.7300033569336,8948300,65.82569885253906,7976200,68.87885284423828,1453200,26.100000381469727,0
2010-08-17,82.31047058105469,172270300,32.060176849365234,13630600,29.526296615600586,39414300,27.117589950561523,2290800,119.75,9145400,65.44903564453125,6756800,68.53019714355469,774300,24.329999923706055,0
2010-08-18,82.4606704711914,182922100,32.04777145385742,14140600,29.504940032958984,38009500,27.14422607421875,1651800,120.22000122070312,12102500,65.62479400634766,7721600,68.46053314208984,1148600,24.59000015258789,0
2010-08-19,81.02611541748047,265847600,31.532968521118164,20836400,29.277212142944336,56729300,26.451358795166016,2883700,120.38999938964844,10014500,66.64818572998047,13128500,68.767333984375,684100,26.440000534057617,0
2010-08-20,80.76322174072266,209714200,31.20425033569336,16366900,29.191822052001953,54134900,26.36608123779297,1585400,119.97000122070312,10682100,66.57273864746094,7040300,68.544189453125,306000,25.489999771118164,0
2010-08-23,80.4552993774414,163490300,31.142229080200195,13331200,28.928516387939453,44767900,26.227516174316406,1535700,119.77999877929688,4857800,66.58538055419922,6360100,68.63481140136719,575600,25.65999984741211,0
2010-08-24,79.26105499267578,280677800,30.714256286621094,21659600,28.558439254760742,80709600,26.12091636657715,2611500,120.36000061035156,14811400,67.65263366699219,9812100,69.17871856689453,973400,27.459999084472656,0
2010-08-25,79.56901550292969,272234800,30.745281219482422,18816000,28.3734130859375,89890000,26.536632537841797,1817700,121.36000061035156,13987100,67.43287658691406,13299800,68.86494445800781,690100,26.700000762939453,0
2010-08-26,79.03573608398438,224439500,30.732872009277344,16038800,28.195499420166016,59948200,26.376741409301758,2792800,120.95999908447266,8886600,68.06703186035156,7039900,69.17871856689453,845000,27.3700008392334,0
2010-08-27,80.25999450683594,272649000,31.334501266479492,16814200,28.81464385986328,77005500,26.81378746032715,2298700,121.01000213623047,11155400,66.1396255493164,13514000,68.3837890625,1014100,24.450000762939453,0
2010-08-30,79.0958251953125,167238600,30.881729125976562,17372300,28.337844848632812,48054700,26.605915069580078,1641900,120.91000366210938,4390900,67.4078140258789,5535300,68.90682220458984,463500,27.209999084472656,0
2010-08-31,79.0958251953125,273933100,30.974760055541992,24164600,28.508628845214844,72404500,26.80845832824707,2804700,122.08000183105469,12249700,68.15492248535156,8397000,69.21353912353516,1276700,26.049999237060547,0
2010-09-01,81.46170043945312,256828100,32.07878875732422,25500500,29.512056350708008,83435900,27.682514190673828,2037800,121.69000244140625,11873500,66.74566650390625,12480700,68.71516418457031,1268700,23.889999389648438,0
2010-09-02,82.2203140258789,156112200,32.258663177490234,14665200,29.561874389648438,47351900,28.034282684326172,1990000,122.29000091552734,7002100,66.04047393798828,8167600,68.42855072021484,1273500,23.190000534057617,0
2010-09-03,83.28684997558594,212197300,32.556373596191406,16061700,29.910568237304688,48712700,28.444671630859375,2093000,121.86000061035156,9074500,65.22185516357422,9210700,68.03707885742188,1308300,21.309999465942383,0
2010-09-07,82.34799194335938,141973700,32.10360336303711,17975300,29.47647476196289,45210000,28.007633209228516,1728300,122.69999694824219,8777500,66.5567855834961,6018400,68.57535552978516,778200,23.799999237060547,0
2010-09-08,82.92633056640625,149924400,32.35170364379883,13422600,29.79671859741211,40612600,28.066268920898438,2043200,122.70999908447266,9788900,66.0278549194336,6698400,68.38661193847656,1124900,23.25,0
2010-09-09,83.30936431884766,147017900,32.65562057495117,14184700,29.967506408691406,34925400,27.741147994995117,1428600,121.55999755859375,13745000,64.72439575195312,8588900,67.84837341308594,929300,22.809999465942383,0
2010-09-10,83.72999572753906,127819000,32.754852294921875,10187700,30.07425308227539,33236500,27.890378952026367,1024300,121.7300033569336,12510000,64.42848205566406,6910300,67.65264129638672,725300,21.989999771118164,0
2010-09-13,84.66131591796875,178503500,33.35028076171875,23197400,30.793025970458984,63308900,28.348743438720703,1611000,121.62000274658203,9693300,64.74327087402344,7054800,67.97417449951172,1450100,21.209999084472656,0
2010-09-14,84.6087417602539,209823600,33.573570251464844,20933000,30.778789520263672,65151200,28.24213981628418,1842800,124.0199966430664,26588900,65.36666870117188,5978100,68.3167495727539,590900,21.559999465942383,0
2010-09-15,84.93168640136719,168608400,33.585975646972656,19914900,30.82147979736328,41107300,28.48731803894043,3981000,123.94000244140625,11689100,64.39697265625,7919100,68.07907104492188,900600,22.100000381469727,0
2010-09-16,84.90914916992188,199962900,33.42470932006836,18005000,30.664928436279297,36078100,28.338075637817383,1490300,124.62999725341797,12672800,63.760990142822266,17116200,67.8414306640625,2902900,21.719999313354492,0
2010-09-17,84.9408950805664,195836900,33.26344680786133,18965300,30.615114212036133,40115200,28.423358917236328,1287600,124.54000091552734,13819200,64.01922607421875,9203600,67.99518585205078,1738600,22.010000228881836,0
2010-09-20,86.23963928222656,214555200,33.840267181396484,17245100,31.099029541015625,53864500,29.116214752197266,1801800,124.87000274658203,8475800,64.39068603515625,5277800,68.20487213134766,619900,21.5,0
2010-09-21,86.06597900390625,268389100,33.83407211303711,24148000,31.006511688232422,54263300,28.68985366821289,3266300,126.01000213623047,20408400,65.28482055664062,12664000,68.84100341796875,1279500,22.350000381469727,0
2010-09-22,85.64313507080078,191322400,33.784454345703125,21603200,31.027851104736328,45586800,28.3007755279541,2927100,126.19999694824219,11046900,65.87042999267578,8229400,68.94583892822266,978800,22.510000228881836,0
2010-09-23,84.94844818115234,202354300,33.41850662231445,20424200,30.8286075592041,62060200,27.602581024169922,2352800,126.30000305175781,9325200,66.0593490600586,7412200,69.04369354248047,514000,23.8700008392334,0
2010-09-24,86.70027160644531,209671800,34.3488655090332,21041700,31.397920608520508,57929100,28.383420944213867,3617600,126.69000244140625,14945000,65.17152404785156,8942500,68.70118713378906,1317500,21.709999084472656,0
2010-09-27,86.2849349975586,128761800,34.175193786621094,13161000,31.340993881225586,40319500,28.033863067626953,1765200,126.72000122070312,6679700,66.30490112304688,7061600,69.23246765136719,782100,22.540000915527344,0
2010-09-28,86.58698272705078,209207500,34.373680114746094,30726600,31.568727493286133,50012300,28.14678955078125,1755000,127.8499984741211,19857200,66.75830841064453,8262900,69.46312713623047,776000,22.600000381469727,0
2010-09-29,86.43598937988281,179665800,34.3178596496582,18717500,31.675464630126953,58310500,27.92630958557129,2032200,127.94999694824219,12328900,66.48123168945312,5507100,69.29534149169922,820400,23.25,0
2010-09-30,86.17925262451172,287106700,34.06354904174805,30372500,31.86049461364746,60498400,28.006977081298828,2745600,127.91000366210938,19213400,66.43707275390625,10618400,69.21148681640625,813200,23.700000762939453,0
2010-10-01,86.54167938232422,174638700,34.40468978881836,15814900,32.330177307128906,69689800,28.14678955078125,6097900,128.91000366210938,17211900,66.11605072021484,9368400,69.24866485595703,846600,22.5,0
2010-10-04,85.8923110961914,166153200,33.90848922729492,14760400,32.23055648803711,49852800,28.404922485351562,5232900,128.4600067138672,8368000,66.2867202758789,4422700,69.49388122558594,1260800,23.530000686645508,0
2010-10-05,87.62142181396484,229634100,34.869869232177734,25199800,32.814109802246094,76615300,28.856657028198242,2061300,130.99000549316406,17489600,65.88854217529297,8491800,69.50794219970703,1092900,21.760000228881836,0
2010-10-06,87.61392211914062,148626600,35.1613883972168,24251900,32.799869537353516,50339900,28.700700759887695,2100000,131.80999755859375,16142200,66.71646118164062,6476100,69.95628356933594,614400,21.489999771118164,0
2010-10-07,87.5082015991211,164860000,35.04353332519531,22281600,32.508094787597656,49224000,28.7813720703125,1283000,130.3699951171875,38676800,66.16029357910156,5780700,70.02643585205078,534700,21.559999465942383,0
2010-10-08,87.99905395507812,177760100,35.27302169799805,16558500,32.899505615234375,54002700,28.862031936645508,1118100,131.66000366210938,18693300,65.86956024169922,6128700,70.05442810058594,868200,20.709999084472656,0
2010-10-11,88.08206176757812,103098300,35.22959899902344,9960700,32.87815475463867,32413800,28.856657028198242,954600,132.2899932861328,10621300,65.88221740722656,1474200,70.12445831298828,400300,18.959999084472656,0
2010-10-12,88.35392761230469,182210000,35.15518569946289,13383900,32.7429313659668,63619500,29.061006546020508,1686500,131.9600067138672,13289200,65.2312240600586,6122400,69.92125701904297,991900,18.93000030517578,0
2010-10-13,89.04104614257812,194347200,35.5521354675293,15517400,33.347835540771484,69189600,29.36214828491211,1634600,134.07000732421875,18398500,65.130126953125,8168400,69.92125701904297,473800,19.06999969482422,0
2010-10-14,88.69369506835938,217764300,35.800228118896484,16135400,33.29090881347656,50754200,29.286876678466797,1587600,134.75,26890500,64.1567611694336,10945000,69.52191162109375,955100,19.8799991607666,0
2010-10-15,88.87494659423828,243705000,35.68238067626953,20830900,33.24819564819336,83974500,29.249223709106445,1794000,133.67999267578125,26168600,63.373046875,12694700,69.2205810546875,807100,19.030000686645508,0
2010-10-18,89.31288146972656,141204800,35.76300811767578,12315200,33.262447357177734,51898000,29.625656127929688,1638000,134.27999877929688,12289500,63.88502502441406,5592200,69.54988861083984,1149600,19.09000015258789,0
2010-10-19,88.14248657226562,280604700,34.97530746459961,20471000,32.209205627441406,90101300,29.25997543334961,1987000,130.11000061035156,25327200,64.27052307128906,8017500,69.7881851196289,763700,20.6299991607666,0
2010-10-20,89.00331115722656,200051800,35.63275909423828,15578900,32.72159194946289,62292200,29.89992904663086,1958700,131.32000732421875,12556600,64.4095458984375,5515800,69.74613189697266,615100,19.790000915527344,0
2010-10-21,89.19964599609375,221585500,35.44049072265625,14836300,32.72159194946289,85422400,29.867660522460938,1848300,129.47000122070312,21804200,63.64484405517578,6836100,69.3607406616211,594300,19.270000457763672,0
2010-10-22,89.36576843261719,108212400,35.53352355957031,12456000,32.757171630859375,42843800,29.88379669189453,1147900,129.72999572753906,11885300,64.07456970214844,4770700,69.38175964355469,643600,18.780000686645508,0
2010-10-25,89.62999725341797,151145700,35.66997146606445,13979000,33.11299133300781,53950800,29.937570571899414,1663900,130.85000610351562,12154900,64.25789642333984,5632300,69.3607406616211,1436800,19.850000381469727,0
2010-10-26,89.64513397216797,158982900,35.44049072265625,14724600,33.084529876708984,36715600,29.722455978393555,1669500,130.8800048828125,10710900,63.265625,8432000,68.89826202392578,831800,20.219999313354492,0
2010-10-27,89.38838958740234,190024000,35.0993537902832,15964500,32.52232360839844,70436800,29.512731552124023,2485700,129.52000427246094,16132100,62.70942687988281,9245200,68.4989242553711,1223500,20.709999084472656,0
2010-10-28,89.40352630615234,168576000,35.37226486206055,15896800,32.72869873046875,45927000,29.329891204833984,1185400,131.24000549316406,15889600,62.88007736206055,8052600,68.89826202392578,738700,20.8799991607666,0
2010-10-29,89.47148132324219,144305500,35.359859466552734,13268100,32.82122039794922,38056300,29.335262298583984,1017800,132.6199951171875,14334900,63.46791458129883,6753800,69.2065658569336,768600,21.200000762939453,0
2010-11-01,89.50167846679688,174074800,35.22959899902344,14155000,33.184165954589844,47366500,29.58802032470703,1263100,131.9199981689453,12403600,63.19461441040039,5921000,69.09071350097656,1042700,21.829999923706055,0
2010-11-02,90.21143341064453,158345900,35.8126335144043,13020600,33.59690856933594,48355900,29.792387008666992,1166400,132.49000549316406,9396900,64.02519226074219,6537400,69.32245635986328,356700,21.56999969482422,0
2010-11-03,90.57389831542969,226702800,36.06073760986328,24589500,33.80329132080078,94125200,29.792387008666992,1589400,131.57000732421875,31702100,62.719078063964844,25541800,69.5472412109375,912000,19.559999465942383,0
2010-11-04,92.31816864013672,215039400,36.87944030761719,19768900,34.57188415527344,83567900,30.480724334716797,1186500,136.02999877929688,23464700,63.207298278808594,13246500,70.10910034179688,1092500,18.520000457763672,0
2010-11-05,92.66555786132812,180654100,36.71818161010742,14176200,34.50782012939453,53781000,30.808759689331055,1534200,136.3800048828125,20342500,62.123069763183594,12435000,69.81412506103516,1108100,18.260000228881836,0
2010-11-08,92.49185180664062,156107100,36.494903564453125,11752500,34.365478515625,37106100,30.642053604125977,1784400,137.77999877929688,17367400,62.40207290649414,6795200,69.83518981933594,469400,18.290000915527344,0
2010-11-09,91.82736206054688,186621600,36.12895584106445,17333500,33.93138885498047,55351100,29.399803161621094,3078600,135.58999633789062,39445200,61.026161193847656,15061700,69.24525451660156,744600,19.079999923706055,0
2010-11-10,92.19734191894531,221387400,36.23439407348633,19340700,34.18046188354492,66304400,29.765474319458008,1480000,137.24000549316406,28484700,61.10865020751953,18540400,69.50506591796875,1298900,18.469999313354492,0
2010-11-11,91.85002136230469,158017600,35.924278259277344,21357400,33.84600067138672,48410200,29.52887535095215,1305100,137.66000366210938,15447500,61.0769157409668,3368100,69.42778778076172,403500,18.639999389648438,0
2010-11-12,90.76268005371094,239068800,35.626556396484375,19040600,33.02760314941406,88808000,29.254606246948242,1683700,133.69000244140625,35885900,60.74722671508789,11739500,68.85188293457031,2041400,20.610000610351562,0
2010-11-15,90.63426971435547,163940800,35.601749420166016,15067500,33.013362884521484,48585300,28.97496223449707,2017000,132.4199981689453,15096800,59.479122161865234,14978700,67.96693420410156,1174200,20.200000762939453,0
2010-11-16,89.22228240966797,299566200,34.76441955566406,40455500,32.14516067504883,136332900,27.98008155822754,3883400,130.97000122070312,32478100,60.956451416015625,19901300,68.47260284423828,954600,22.579999923706055,0
2010-11-17,89.2676010131836,172308900,34.956703186035156,22315000,32.308834075927734,80352800,28.1951961517334,1503300,130.3800048828125,16432100,60.620391845703125,9915600,68.27594757080078,580200,21.760000228881836,0
2010-11-18,90.58143615722656,197723700,35.83124542236328,19343000,33.07741928100586,77989900,28.447954177856445,2498900,132.08999633789062,16009400,60.86763381958008,12424800,68.11443328857422,2968200,18.75,0
2010-11-19,90.83064270019531,156852900,35.83124542236328,14201100,33.09876251220703,48175100,28.598543167114258,2001900,132.1999969482422,14146400,61.24175262451172,8359500,68.25491333007812,530600,18.040000915527344,0
2010-11-22,90.75511169433594,181361000,35.44668197631836,28197600,32.9991340637207,46793100,28.673824310302734,1443200,133.47999572753906,13093400,61.50175094604492,10413500,68.62008666992188,495400,18.3700008392334,0
2010-11-23,89.44125366210938,222309000,34.379878997802734,22439100,31.953001022338867,86768900,28.447954177856445,2671600,134.41000366210938,18215200,61.806060791015625,9566900,68.7606201171875,659400,20.6299991607666,0
2010-11-24,90.76268005371094,140046100,34.92567825317383,18834800,32.693119049072266,63287600,28.996479034423828,1555400,134.17999267578125,8858100,60.702842712402344,11467600,68.02313232421875,1112700,19.559999465942383,0
2010-11-26,89.70552062988281,76007800,34.34267044067383,8691400,31.881845474243164,60387100,28.937320709228516,661100,133.11000061035156,7822400,61.54613494873047,4848900,68.3181381225586,210100,22.219999313354492,0
2010-11-29,89.9773941040039,223642300,34.03874969482422,25857100,32.13093185424805,80428200,28.921188354492188,1620500,133.50999450683594,13983800,62.0723876953125,8950000,68.46562957763672,527800,21.530000686645508,0
2010-11-30,89.47148132324219,233930700,33.65420913696289,26227300,31.867612838745117,78842700,28.792112350463867,1652000,135.4199981689453,17473100,62.39570617675781,11947600,68.58500671386719,874200,23.540000915527344,0
2010-12-01,91.37432861328125,221037200,34.609375,21834400,32.77852249145508,81889600,28.958831787109375,2195300,135.3800048828125,16831100,61.008731842041016,15441200,67.68305206298828,1967700,21.360000610351562,0
2010-12-02,92.54470825195312,191213600,35.266815185546875,22405800,33.426116943359375,72593100,29.40517807006836,1353800,135.1999969482422,17583800,60.849639892578125,9318700,67.51412200927734,983500,19.389999389648438,0
2010-12-03,92.79391479492188,151288900,35.60795211791992,17799200,33.547096252441406,44688700,29.399803161621094,1589000,138.07000732421875,16517200,60.37251281738281,10194800,67.52119445800781,374500,18.010000228881836,0
2010-12-06,92.69571685791016,103050500,35.44668197631836,15412000,33.490169525146484,44988700,29.458948135375977,1602500,139.11000061035156,15640800,61.22506332397461,7001800,67.94356536865234,902000,18.020000457763672,0
2010-12-07,92.74858093261719,206581000,35.46530532836914,24787900,33.33359909057617,64406800,29.52349090576172,1773500,136.5,26490400,59.914371490478516,18533100,66.81710052490234,1335700,17.989999771118164,0
2010-12-08,93.08837127685547,138019200,35.57073974609375,13426500,33.12010955810547,48924100,29.08789825439453,2263600,134.7899932861328,23483300,59.335426330566406,19275900,66.24676513671875,2155300,17.739999771118164,0
2010-12-09,93.45081329345703,123705100,35.66377639770508,14969800,33.006248474121094,63131000,28.82975959777832,1487900,135.3699951171875,14157600,59.62810134887695,17477100,66.38763427734375,1664700,17.25,0
2010-12-10,93.9944839477539,117571700,35.74440383911133,13417000,33.15568923950195,44844200,29.017974853515625,2754600,135.41000366210938,11937900,59.26543045043945,7078500,65.82431030273438,1002400,17.610000610351562,0
2010-12-13,94.05490112304688,133812700,36.12895584106445,15149500,33.369178771972656,49177500,29.066383361816406,1023800,136.0500030517578,13352400,59.488121032714844,12399900,66.03549194335938,1323400,17.549999237060547,0
2010-12-14,94.1379623413086,147249600,36.184783935546875,16046600,33.419010162353516,53611300,28.7813720703125,1645800,136.17999267578125,17430800,58.62285232543945,23516400,65.33853912353516,1878500,17.610000610351562,0
2010-12-15,93.70756530761719,160823100,35.70718765258789,19335800,32.87815475463867,69038700,28.507110595703125,1447800,134.6999969482422,15089500,57.85935974121094,26084000,65.07099151611328,1871900,17.940000534057617,0
2010-12-16,94.25121307373047,185035200,35.90566635131836,15424700,32.97066116333008,55441400,28.55550765991211,1270200,133.80999755859375,23463000,58.260196685791016,17939000,65.45818328857422,1351000,17.389999389648438,0
2010-12-17,94.3521728515625,141075300,35.70718765258789,16830000,33.02048110961914,43610700,28.792112350463867,2871200,134.1999969482422,17213000,59.32270431518555,16849700,66.0214614868164,1361700,16.110000610351562,0
2010-12-20,94.57992553710938,119085500,35.787818908691406,12685600,32.87103271484375,48887300,29.136293411254883,2388500,135.11000061035156,13142300,59.259037017822266,13703500,66.0143814086914,804000,16.40999984741211,0
2010-12-21,95.17958068847656,94965500,36.08708953857422,18172500,33.35085678100586,59666300,29.442821502685547,2927500,135.32000732421875,10235600,59.67261505126953,8985100,66.15519714355469,848500,16.489999771118164,0
2010-12-22,95.4756088256836,78878100,36.15595245361328,9188800,33.465614318847656,24942400,29.66868019104004,1398000,135.0500030517578,7300600,59.246337890625,6440900,65.97215270996094,308900,15.449999809265137,0
2010-12-23,95.33895874023438,70053700,36.13717269897461,10404000,33.429752349853516,27545100,29.534236907958984,1241600,134.66000366210938,8700800,59.12546920776367,7091800,65.73983764648438,540600,16.469999313354492,0
2010-12-27,95.37691497802734,58126000,36.062042236328125,6348600,33.322166442871094,29293100,29.90121078491211,1275200,135.02000427246094,3436400,59.653533935546875,5285900,65.99327087402344,407100,17.670000076293945,0
2010-12-28,95.51355743408203,55309100,36.093345642089844,9601200,33.35085678100586,30330000,30.02080535888672,2919200,137.22000122070312,10111800,58.48527145385742,13972100,65.30005645751953,955200,17.520000457763672,0
2010-12-29,95.58185577392578,58033100,36.40638732910156,9244900,33.77782440185547,30891500,30.08061408996582,1511400,137.7100067138672,8442300,59.47481155395508,13115400,66.0342788696289,1362200,17.280000686645508,0
2010-12-30,95.43006134033203,76616900,36.2310905456543,10546300,33.95005798339844,28376000,30.162174224853516,1229500,137.02999877929688,5749400,59.43012619018555,7029900,65.90008544921875,529800,17.520000457763672,0
2010-12-31,95.45285034179688,91218900,36.4502067565918,28390800,34.18687057495117,34328200,30.102365493774414,1168500,138.72000122070312,9219800,60.087684631347656,8516000,66.23194885253906,674300,17.75,0
2011-01-03,96.43962860107422,138725200,36.75072479248047,16245400,34.51697540283203,40116200,30.662334442138672,1957400,138.0,11510200,59.6343994140625,13799400,66.02715301513672,1396100,17.610000610351562,0
2011-01-04,96.38650512695312,137409700,36.63804626464844,14583100,34.67484664916992,45176300,30.07518768310547,2315700,134.75,26154300,59.704612731933594,10466900,66.1824951171875,1234100,17.3799991607666,0
2011-01-05,96.88745880126953,133975300,36.48152542114258,13008800,34.5887336730957,47527100,30.18391990661621,1512700,134.3699951171875,16700900,58.38941955566406,17568000,65.4694595336914,1111900,17.020000457763672,0
2011-01-06,96.69770812988281,122519000,36.062042236328125,23622100,34.22275161743164,43977400,29.90121078491211,1819300,133.8300018310547,15965300,58.64486312866211,9317500,65.8083724975586,1452400,17.399999618530273,0
2011-01-07,96.50792694091797,156034600,35.91803741455078,16347400,33.90700912475586,57124900,29.91208267211914,2001200,133.5800018310547,16761400,58.95766067504883,12694600,66.24601745605469,736500,17.139999389648438,0
2011-01-10,96.38650512695312,122401700,35.85543441772461,12666500,33.55536651611328,62556500,29.906658172607422,1668400,134.1199951171875,8429900,59.276885986328125,8295200,66.47189331054688,1096400,17.540000915527344,0
2011-01-11,96.72807312011719,110287000,36.099605560302734,15014100,33.914180755615234,53337100,29.841421127319336,1237500,134.91000366210938,10268400,58.94492721557617,9495400,66.21070098876953,760400,16.889999389648438,0
2011-01-12,97.60100555419922,107929200,36.89472961425781,20472100,34.595909118652344,67254100,29.96645164489746,1639600,135.4600067138672,10785100,58.48527145385742,9522900,66.02011108398438,753000,16.239999771118164,0
2011-01-13,97.44160461425781,129048400,36.994895935058594,16441100,34.29451370239258,53294600,30.064306259155273,1200400,134.0500030517578,14294600,59.00871658325195,14502400,66.46485137939453,1051500,16.389999389648438,0
2011-01-14,98.14753723144531,117677900,37.22029113769531,21884200,34.39496994018555,38685900,30.26546287536621,1334300,132.69000244140625,21224900,58.632080078125,8960700,66.28133392333984,734500,15.460000038146973,0
2011-01-18,98.31451416015625,114401300,37.46445846557617,11977100,34.34475326538086,30565800,30.526416778564453,1348900,133.42999267578125,11592900,58.35752487182617,10663600,66.11890411376953,1063800,15.869999885559082,0
2011-01-19,97.35052490234375,151958400,37.20777893066406,19678600,34.0792350769043,64940400,30.124113082885742,2340800,133.72000122070312,11788100,58.778953552246094,8886900,66.28834533691406,732200,17.309999465942383,0
2011-01-20,97.22149658203125,175745700,36.88846969604492,17207900,33.70607376098633,75797500,30.12953758239746,1934400,131.1999969482422,24362900,57.96811294555664,14203400,65.77302551269531,697000,17.989999771118164,0
2011-01-21,97.44160461425781,151462900,37.088809967041016,13671500,33.35444641113281,87318900,30.151290893554688,1196800,131.02999877929688,19488400,58.42777633666992,9085600,65.99191284179688,523900,18.469999313354492,0
2011-01-24,97.9957046508789,113715500,37.483245849609375,13494000,33.612789154052734,61839300,30.303508758544922,1143000,130.36000061035156,15127200,58.45331573486328,7700200,65.99896240234375,497800,17.649999618530273,0
2011-01-25,98.04883575439453,167552200,37.408119201660156,13323300,33.41184997558594,63557800,30.656896591186523,1249600,130.10000610351562,22219700,59.00871658325195,13438100,66.3307113647461,1126500,17.59000015258789,0
2011-01-26,98.42838287353516,141281500,37.646018981933594,20444700,33.70607376098633,66604500,30.70582389831543,2310600,131.16000366210938,20543000,58.11497116088867,13322900,65.9283676147461,869900,16.639999389648438,0
2011-01-27,98.67127990722656,123302700,37.733673095703125,11889000,33.59125900268555,80518400,31.189685821533203,1926600,127.93000030517578,33047000,58.376731872558594,10868700,66.17544555664062,531500,16.149999618530273,0
2011-01-28,96.94818115234375,295637300,36.89472961425781,18244200,32.52919006347656,185092200,30.673200607299805,1404200,130.27999877929688,28091500,58.683162689208984,11993200,66.4789810180664,1056600,20.040000915527344,0
2011-01-31,97.67687225341797,149249200,37.21403121948242,20763600,32.873653411865234,97695000,31.080955505371094,1916800,129.8699951171875,14664100,58.23624801635742,8647600,66.2177734375,555100,19.530000686645508,0
2011-02-01,99.2405776977539,167194300,38.09679412841797,25762500,33.670188903808594,105876000,31.15707015991211,2400100,130.8000030517578,15363700,57.94794464111328,11508400,65.90989685058594,1009200,17.6299991607666,0
2011-02-02,99.05084228515625,118323600,38.06549072265625,17063200,33.41903305053711,68880600,31.15707015991211,1698300,130.4499969482422,10082000,57.960792541503906,13624600,65.75419616699219,1120000,17.299999237060547,0
2011-02-03,99.27094268798828,145886700,38.07174301147461,11593300,33.375972747802734,56934900,31.244033813476562,1294300,132.1999969482422,17374700,57.48027420043945,12785800,65.3791732788086,1310900,16.690000534057617,0
2011-02-04,99.55183410644531,134634800,38.05923080444336,12648400,33.36879348754883,76698100,31.01570701599121,1842700,131.66000366210938,15214300,56.89725112915039,17172200,64.97567749023438,1523900,15.930000305175781,0
2011-02-07,100.17424011230469,112439100,38.17818832397461,13215000,33.41184997558594,60078400,31.320159912109375,1361500,131.67999267578125,7176300,57.19197463989258,8554800,64.94744110107422,850700,16.280000686645508,0
2011-02-08,100.62969207763672,99072800,38.42860794067383,14437700,33.42620849609375,74244600,31.456073760986328,1356800,133.13999938964844,16220900,56.66663360595703,10454200,64.50155639648438,997200,15.8100004196167,0
2011-02-09,100.4019546508789,146436700,38.31592559814453,17360700,32.65835189819336,105680200,31.477825164794922,1702500,133.07000732421875,10178400,57.159881591796875,13078600,64.86959075927734,786000,15.869999885559082,0
2011-02-10,100.43994140625,162708500,38.06549072265625,13190600,32.349796295166016,114356000,31.608299255371094,1364800,132.85000610351562,8105200,56.50004959106445,10486800,64.65724182128906,617000,16.09000015258789,0
2011-02-11,101.03958892822266,137710300,38.08427429199219,12115100,32.744483947753906,126541100,31.814891815185547,1355200,132.32000732421875,9888600,57.313716888427734,11333400,64.95451354980469,1492700,15.6899995803833,0
2011-02-14,101.28247833251953,101690700,38.15940475463867,9851200,32.579429626464844,79051200,31.820331573486328,1062000,132.9499969482422,8694200,57.35216522216797,8033500,64.97567749023438,1311100,15.949999809265137,0
2011-02-15,100.96367645263672,119575400,38.04671096801758,14695100,32.64401626586914,57068800,31.70072364807129,1198500,133.97000122070312,10111200,57.6084098815918,7298000,65.1243896484375,603700,16.3700008392334,0
2011-02-16,101.60127258300781,130183500,38.503753662109375,14665300,32.91669464111328,64667700,31.771406173706055,1084400,134.10000610351562,12822800,57.422645568847656,8446300,65.03236389160156,620100,16.719999313354492,0
2011-02-17,101.90489959716797,109810500,38.635223388671875,15745900,33.031524658203125,55294900,31.80402183532715,1011000,135.0399932861328,11322200,57.51229476928711,6732500,65.27294158935547,776500,16.59000015258789,0
2011-02-18,102.11742401123047,130002400,38.766693115234375,10151400,33.23244094848633,50410700,31.929061889648438,1288000,135.41000366210938,15890100,57.332942962646484,6080700,65.25882720947266,418400,16.43000030517578,0
2011-02-22,100.06798553466797,233116400,37.658546447753906,24077500,32.17039489746094,107176000,31.65180206298828,2159100,136.2899932861328,16676100,58.19141387939453,11905700,65.88870239257812,1383500,20.799999237060547,0
2011-02-23,99.45309448242188,227584000,37.7086296081543,18757300,32.199092864990234,91843500,31.385393142700195,1966800,137.50999450683594,15685700,58.40280532836914,14522600,65.72595977783203,651700,22.1299991607666,0
2011-02-24,99.38481903076172,260431400,37.739933013916016,17689600,32.278045654296875,71568500,31.146196365356445,1586800,136.47999572753906,18781700,58.77443313598633,12110900,65.8957748413086,508800,21.31999969482422,0
2011-02-25,100.44752502441406,141686900,38.190711975097656,15585300,32.665550231933594,62718900,31.755088806152344,1135900,137.3800048828125,10351400,59.120384216308594,6841700,66.1080551147461,571900,19.219999313354492,0
2011-02-28,101.06993103027344,141585500,38.53504943847656,19750700,32.85929870605469,54078600,32.543399810791016,1725800,137.66000366210938,8847000,59.197227478027344,9682500,66.0798110961914,372400,18.350000381469727,0
2011-03-01,99.38481903076172,258565500,37.99662399291992,20476500,32.52201461791992,69711700,31.57567024230957,3119700,140.02999877929688,17438100,59.36886215209961,8048700,66.15498352050781,530800,21.010000228881836,0
2011-03-02,99.59735870361328,200277400,38.19696044921875,17851200,32.96693420410156,60123300,31.287559509277344,2400000,139.9199981689453,15719800,58.4561767578125,8526400,65.80741119384766,425400,20.700000762939453,0
2011-03-03,101.3128433227539,176480100,38.685302734375,16087800,33.61995315551758,61309300,31.73877716064453,1590100,138.08999633789062,16485000,57.88413619995117,10607600,65.3604736328125,616800,18.600000381469727,0
2011-03-04,100.55374145507812,277202300,38.334716796875,18174100,33.655826568603516,66742500,31.434328079223633,1681900,139.35000610351562,17454600,58.366172790527344,9316200,65.82868194580078,637300,19.059999465942383,0
2011-03-07,99.76432800292969,216790400,37.9653205871582,16467500,33.182220458984375,47781500,31.206008911132812,1661400,139.72000122070312,14068900,57.993408203125,7522300,65.66551208496094,489600,20.65999984741211,0
2011-03-08,100.63727569580078,174615000,38.08427429199219,13435000,33.627132415771484,63985100,31.646343231201172,2228600,139.36000061035156,10730500,57.63988494873047,8498700,65.50942993164062,538100,19.81999969482422,0
2011-03-09,100.49308013916016,153806000,38.09679412841797,13058500,33.69171905517578,47005200,31.613739013671875,1358600,139.41000366210938,8736400,58.199119567871094,8904800,65.89254760742188,626000,20.219999313354492,0
2011-03-10,98.63334655761719,301291800,37.15140914916992,24970100,32.694252014160156,91093100,31.129867553710938,1704800,137.77000427246094,15559100,59.17607116699219,13385800,66.45293426513672,1576500,21.8799991607666,0
2011-03-11,99.31651306152344,225621800,37.15140914916992,17713200,33.031524658203125,75103800,31.445199966430664,1349400,138.22000122070312,10416900,58.84182357788086,8407600,66.29686737060547,690300,20.079999923706055,0
2011-03-14,98.7168197631836,234974100,36.48778533935547,31231300,33.225276947021484,59912300,31.129867553710938,1673700,138.86000061035156,10239300,58.81608963012695,6765200,66.44575500488281,806200,21.1299991607666,0
2011-03-15,97.58580017089844,359585400,35.72395706176758,43537200,32.672725677490234,103041800,30.966779708862305,2439500,136.27000427246094,23465100,59.69664001464844,14893800,66.68701171875,1661100,24.31999969482422,0
2011-03-16,95.77923583984375,468670300,34.61580276489258,40797800,32.00534439086914,106325500,30.510099411010742,3176100,136.24000549316406,13392500,60.371517181396484,24294200,67.25448608398438,1588800,29.399999618530273,0
2011-03-17,97.0468978881836,254303700,35.767784118652344,30662400,32.4000358581543,68572300,30.743892669677734,1837500,136.97000122070312,9117400,59.90879440307617,10528500,67.04877471923828,639900,26.3700008392334,0
2011-03-18,97.39984130859375,230435400,36.26239013671875,44500400,32.457435607910156,81209800,31.05376625061035,1887600,138.3699951171875,18602000,60.06945037841797,7260900,67.0062026977539,1513200,24.440000534057617,0
2011-03-21,98.90936279296875,153992600,37.157684326171875,24131500,33.08175277709961,49424900,31.390836715698242,1340600,139.13999938964844,13742500,59.71590042114258,10542900,66.65861511230469,1029000,20.610000610351562,0
2011-03-22,98.56626892089844,129538600,37.05125045776367,16722000,33.182220458984375,38871500,31.189685821533203,2793800,139.0500030517578,9553700,59.9151496887207,6904700,66.69405364990234,573500,20.209999084472656,0
2011-03-23,98.84833526611328,148603100,37.095069885253906,17400800,33.61995315551758,53485200,30.8471736907959,1699400,140.33999633789062,11541000,59.83806228637695,8358000,66.60897827148438,696900,19.170000076293945,0
2011-03-24,99.7936782836914,159129800,37.58967590332031,14473700,34.007476806640625,53767500,30.9776554107666,1466700,139.22000122070312,17016600,59.38814926147461,9477600,66.2684555053711,1098100,18.0,0
2011-03-25,100.09862518310547,155642800,37.176456451416016,12687500,33.971580505371094,44773600,31.219711303710938,2441500,139.25999450683594,13191100,59.2403450012207,6447200,66.09111785888672,782400,17.90999984741211,0
2011-03-28,99.85466003417969,109762400,37.157684326171875,11879900,33.79936218261719,36577100,31.181354522705078,1843000,138.5399932861328,7656000,59.323909759521484,3996800,66.1124038696289,634900,19.440000534057617,0
2011-03-29,100.52557373046875,129798800,37.35175704956055,14375800,34.18687057495117,56950300,31.307323455810547,2293200,138.2100067138672,6345200,58.86753463745117,6487200,65.9208984375,1047300,18.15999984741211,0
2011-03-30,101.21932220458984,135835000,37.796287536621094,13689000,34.624610900878906,70036900,31.761842727661133,1832700,138.6699981689453,10749400,59.33674240112305,5048300,66.14781951904297,773500,17.709999084472656,0
2011-03-31,101.08206939697266,132537100,37.614715576171875,21688400,34.92601013183594,73140800,32.01922607421875,3204000,139.86000061035156,15227300,59.214603424072266,9654300,65.9776611328125,1093100,17.739999771118164,0
2011-04-01,101.50898742675781,153850100,37.97158432006836,15132800,35.48573303222656,82168900,32.06853103637695,4149100,139.1999969482422,15738300,59.502479553222656,7860400,66.11847686767578,1062700,17.399999618530273,0
2011-04-04,101.59286499023438,100768900,38.021671295166016,19410800,35.787132263183594,45858900,32.046607971191406,1072600,139.83999633789062,9685100,59.566978454589844,4469100,66.26782989501953,886100,17.5,0
2011-04-05,101.57760620117188,120791500,37.927757263183594,14536800,35.71538162231445,69539700,32.079463958740234,1248100,142.0500030517578,18295300,59.328224182128906,9951600,65.93350982666016,777000,17.25,0
2011-04-06,101.89783477783203,120411600,38.24079132080078,14204000,35.90913772583008,69303000,32.09589385986328,1286500,142.3800048828125,10710300,58.43751907348633,9090900,65.6490249633789,857500,16.899999618530273,0
2011-04-07,101.63861083984375,170731500,38.05297088623047,16050000,35.873252868652344,48786300,31.739938735961914,1773000,142.50999450683594,9486800,58.32136535644531,9265100,65.65612030029297,743800,17.110000610351562,0
2011-04-08,101.28793334960938,147945400,38.36600875854492,12447100,35.90913772583008,54649200,31.509933471679688,2259700,143.66000366210938,13128200,58.01154327392578,7605700,65.46411895751953,595100,17.8700008392334,0
2011-04-11,100.98298645019531,121385400,38.29088592529297,10165800,35.48573303222656,52980300,31.5318546295166,1335300,142.63999938964844,10105600,58.06315231323242,5734000,65.54945373535156,364200,16.59000015258789,0
2011-04-12,100.22821044921875,161187400,37.934017181396484,14527800,34.818359375,72883500,31.477075576782227,1996500,141.61000061035156,14948100,58.6892204284668,7686500,65.91929626464844,1055400,17.09000015258789,0
2011-04-13,100.22062683105469,162059000,38.04671096801758,14659800,35.105411529541016,53492200,31.42778968811035,1212600,141.89999389648438,13884200,59.057125091552734,7959300,66.17534637451172,678700,16.920000076293945,0
2011-04-14,100.29682922363281,161220400,38.21574783325195,15109800,35.21305465698242,57128000,31.88233184814453,1423500,143.80999755859375,14174100,59.011940002441406,7609600,65.9548568725586,1036300,16.270000457763672,0
2011-04-15,100.66278076171875,170006700,38.15940475463867,14660500,35.25611114501953,54453100,32.293033599853516,1408600,145.0500030517578,19121600,59.812286376953125,10222900,66.43849182128906,881400,15.319999694824219,0
2011-04-18,99.53449249267578,210759300,37.37681198120117,20667200,34.37343978881836,93596400,32.002811431884766,1709900,145.92999267578125,17340100,59.947784423828125,12036700,66.60211944580078,902400,16.959999084472656,0
2011-04-19,100.10626983642578,124258800,37.65228271484375,11675700,34.86860275268555,50803200,32.25470733642578,1096500,145.92999267578125,10950100,60.20602798461914,5295100,66.68746948242188,532000,15.829999923706055,0
2011-04-20,101.47089385986328,156133800,38.61017608642578,16665900,35.693851470947266,49837100,32.63254928588867,1432600,146.5,13716800,59.8187255859375,6754100,66.42430877685547,708200,15.069999694824219,0
2011-04-21,101.98931121826172,135935400,38.860599517822266,12811800,36.009605407714844,30217500,32.85160446166992,1746900,146.74000549316406,10109400,59.76712417602539,3365600,66.47410583496094,670600,14.6899995803833,0
2011-04-25,101.88256072998047,65757100,38.860599517822266,11593100,35.71538162231445,33470800,33.070648193359375,1421400,146.8699951171875,15596400,59.993019104003906,3626900,66.70878601074219,826200,15.770000457763672,0
2011-04-26,102.75928497314453,146600000,39.1611213684082,11400000,36.02394485473633,39700000,33.36088943481445,2700000,146.3800048828125,16200000,60.57389450073242,7506300,66.99330139160156,519700,15.619999885559082,0
2011-04-27,103.43018341064453,143031000,39.649471282958984,16032300,35.9593620300293,60926500,33.60730743408203,1860300,149.1999969482422,21945900,59.95429992675781,8869300,66.80126953125,1379500,15.350000381469727,0
2011-04-28,103.765625,124791100,39.91867446899414,19808900,35.665157318115234,45836600,34.056365966796875,2348200,149.82000732421875,20754000,60.412498474121094,8110200,67.05731201171875,975600,14.619999885559082,0
2011-04-29,104.00956726074219,115094100,39.730857849121094,17700000,35.88042068481445,38277100,33.85922622680664,1777800,152.3699951171875,27600000,60.59968566894531,5900000,67.19243621826172,436000,14.75,0
2011-05-02,103.84947967529297,126278700,39.987545013427734,18704300,35.887603759765625,50952000,33.90850067138672,2434500,150.41000366210938,24094100,60.696929931640625,5285100,67.17176055908203,632300,15.989999771118164,0
2011-05-03,103.47590637207031,138375000,39.66197967529297,14222300,35.0910530090332,83696700,33.6182746887207,2052900,149.8800048828125,24215600,61.04047393798828,6486600,67.35005187988281,1660700,16.700000762939453,0
2011-05-04,102.78978729248047,182678500,39.323909759521484,18561500,34.50979232788086,82919100,33.426605224609375,1650200,147.72999572753906,35107000,61.31275177001953,7406300,67.52115631103516,1169500,17.079999923706055,0
2011-05-05,101.85968017578125,226900000,38.54757308959961,25543500,34.17969512939453,79810600,33.404701232910156,1900000,143.47000122070312,51284000,61.89607620239258,9600000,67.8563461303711,898400,18.200000762939453,0
2011-05-06,102.30947875976562,222787200,38.566349029541016,24517800,34.624610900878906,92669900,33.108985900878906,2277700,145.3000030517578,24182200,61.623844146728516,9451500,67.8919906616211,1034800,18.399999618530273,0
2011-05-09,102.70594787597656,114104500,38.841835021972656,17228200,34.68920135498047,48367900,33.27875518798828,983300,147.3800048828125,13854800,61.55901336669922,3731200,67.9918441772461,559600,17.15999984741211,0
2011-05-10,103.58263397216797,114806900,39.211212158203125,15708200,35.09822463989258,54996900,33.80445861816406,1699400,147.89999389648438,11285200,61.11826705932617,5458300,67.6637954711914,661600,15.90999984741211,0
2011-05-11,102.49248504638672,193564200,38.4223518371582,33177300,34.32322692871094,82957400,33.44851303100586,1736000,146.5399932861328,21378300,61.46827697753906,6078700,67.9062728881836,611100,16.950000762939453,0
2011-05-12,102.98039245605469,171550700,38.54757308959961,22162200,34.423675537109375,71004700,33.503273010253906,1429800,146.58999633789062,18730400,61.07937240600586,8015800,67.75651550292969,652000,16.030000686645508,0
2011-05-13,102.18751525878906,157444900,37.946537017822266,20874000,33.670188903808594,83193600,33.1473274230957,1482300,145.6300048828125,17268700,61.63033676147461,8380000,68.02032470703125,494100,17.06999969482422,0
2011-05-16,101.53952026367188,141675400,37.87766647338867,19340700,33.61995315551758,72402600,33.19660568237305,2157000,145.3699951171875,10066800,61.973876953125,6053600,68.184326171875,590800,18.239999771118164,0
2011-05-17,101.52425384521484,192686200,37.95905303955078,18296900,33.727603912353516,60103700,33.18564987182617,2183400,144.74000549316406,17192100,62.60911560058594,9826900,68.3840103149414,986400,17.549999237060547,0
2011-05-18,102.43145751953125,135217900,38.190711975097656,12848200,34.27298355102539,49432300,33.508750915527344,1323700,145.60000610351562,10502900,61.77938461303711,7707600,67.9918441772461,790700,16.229999542236328,0
2011-05-19,102.67542266845703,119489500,38.409828186035156,10888100,34.05051803588867,37836800,33.651126861572266,1324000,145.64999389648438,8098100,61.753509521484375,8052400,68.06311798095703,718000,15.520000457763672,0
2011-05-20,101.85968017578125,182594900,37.865150451660156,18552000,33.77782440185547,60130900,33.24041748046875,1385200,147.49000549316406,23187900,61.78597640991211,5602300,68.22716522216797,669600,17.43000030517578,0
2011-05-23,100.67803192138672,168700000,36.98863983154297,20519400,33.07457733154297,59786200,32.90089797973633,1809700,147.8300018310547,15937600,62.08408737182617,6300000,68.31978607177734,928000,18.270000457763672,0
2011-05-24,100.59414672851562,147199600,37.201515197753906,17309500,33.4046745300293,46599000,32.99946212768555,1299400,148.58999633789062,14948000,62.31743240356445,5549100,68.3910903930664,639300,17.81999969482422,0
2011-05-25,100.92959594726562,151050100,37.439414978027344,15848600,33.4764404296875,43400000,33.15279769897461,1411900,148.5800018310547,10973800,62.02573013305664,5664500,68.3982925415039,1345600,17.06999969482422,0
2011-05-26,101.3946762084961,164850000,37.79001235961914,18511100,33.90700912475586,47128400,33.59635543823242,1095800,148.22000122070312,9785500,62.55728530883789,8307900,68.77618408203125,806200,16.09000015258789,0
2011-05-27,101.78346252441406,120921900,38.06549072265625,17160100,34.26579666137695,38849400,33.78803634643555,970600,149.6999969482422,10186200,62.53133010864258,5390600,68.7690658569336,943800,15.979999542236328,0
2011-05-31,102.8431396484375,164731200,38.85435104370117,33441600,34.82554244995117,58762300,34.32469940185547,1691500,149.63999938964844,10499300,62.673927307128906,7003900,68.87606811523438,2917900,15.449999809265137,0
2011-06-01,100.53317260742188,233094300,37.934017181396484,25264400,34.20122528076172,55372400,33.338993072509766,2859300,149.91000366210938,18365400,63.52095413208008,12746400,69.44359588623047,2997200,18.299999237060547,0
2011-06-02,100.42643737792969,200466800,38.128108978271484,19489600,34.524147033691406,38988300,33.0980339050293,2122900,149.5,13552700,62.310882568359375,15738700,69.02904510498047,1744400,18.09000015258789,0
2011-06-03,99.42774200439453,234690200,38.146881103515625,21376300,34.35192108154297,42955600,33.22945785522461,1897800,150.22000122070312,12606400,62.668701171875,10644100,69.3006591796875,1531200,17.950000762939453,0
2011-06-06,98.37569427490234,179951200,37.65228271484375,16339800,33.79936218261719,51477600,32.74208450317383,1172700,150.47999572753906,11472600,62.193790435791016,8776900,69.25776672363281,1106900,18.489999771118164,0
2011-06-07,98.31468200683594,161660500,37.99662399291992,23850300,34.064884185791016,58042500,33.08708572387695,1252000,150.4199981689453,10140500,62.48005676269531,7399200,69.38640594482422,1710300,18.06999969482422,0
2011-06-08,97.90300750732422,198696400,37.508277893066406,18499300,33.82088088989258,63855900,32.993988037109375,1509400,149.80999755859375,9612500,62.967960357666016,7401800,69.5365982055664,1471600,18.790000915527344,0
2011-06-09,98.6501235961914,160964400,37.896446228027344,14991000,34.08641052246094,40819000,32.638031005859375,1381600,150.55999755859375,7643200,62.7142219543457,9963000,69.25776672363281,1016900,17.770000457763672,0
2011-06-10,97.27787017822266,238629400,37.01994323730469,23965600,33.347267150878906,61946000,31.816600799560547,2011600,149.24000549316406,12344900,63.19565200805664,7710800,69.47941589355469,1020500,18.860000610351562,0
2011-06-13,97.35411071777344,207599800,37.076290130615234,26144800,33.28986358642578,37673300,31.948040008544922,1780800,147.77000427246094,12989300,62.87690734863281,5540000,69.32928466796875,1009900,19.610000610351562,0
2011-06-14,98.58912658691406,160570400,37.733673095703125,16389900,33.79219055175781,46392600,32.424461364746094,1163900,148.6699981689453,10938500,61.927154541015625,8672400,68.77883911132812,2088800,18.260000228881836,0
2011-06-15,96.83572387695312,300958000,36.494041442871094,26678400,33.06740951538086,66901900,31.90422821044922,1761700,149.1199951171875,14550700,63.05260467529297,12979100,69.52227783203125,1352300,21.31999969482422,0
2011-06-16,97.0491714477539,308032800,36.36881637573242,21331500,32.81623840332031,66078600,32.15612030029297,2077100,148.97000122070312,11035000,63.338783264160156,10961200,69.71526336669922,1958400,22.729999542236328,0
2011-06-17,97.33876037597656,233284900,36.72567367553711,22489900,32.85929870605469,61268200,32.46278762817383,1912800,149.94000244140625,19205100,63.0395622253418,9622900,69.66529083251953,998000,21.850000381469727,0
2011-06-20,97.83674621582031,159479000,36.68186569213867,16304000,32.809059143066406,40025300,32.857086181640625,1968200,150.02999877929688,10463400,63.11760330200195,6613800,69.55802154541016,774100,19.989999771118164,0
2011-06-21,99.17755126953125,193157300,37.476985931396484,17407400,33.41184997558594,48523000,33.11445617675781,1375400,150.75999450683594,12439200,62.83786392211914,7894900,69.465087890625,1064900,18.860000610351562,0
2011-06-22,98.57991790771484,176703000,37.11382293701172,20975200,33.07917785644531,40580400,33.015899658203125,3467800,150.99000549316406,14109700,62.87690734863281,5503700,69.4365005493164,1119300,18.520000457763672,0
2011-06-23,98.29644012451172,334286500,36.79469680786133,22617400,33.03569030761719,63556800,32.34779739379883,2618700,148.33999633789062,24869600,63.35831069946289,8586800,69.80110168457031,1264700,19.290000915527344,0
2011-06-24,97.15487670898438,226129300,36.44366455078125,18681900,32.97770690917969,44225900,32.35276794433594,2083800,146.25999450683594,19301400,63.091590881347656,7960900,70.09420776367188,997200,21.100000381469727,0
2011-06-27,98.02064514160156,168904700,36.743629455566406,16916400,33.361846923828125,53450600,32.490848541259766,2519000,145.72999572753906,11602500,62.22630310058594,9331300,69.8224868774414,1185700,20.559999465942383,0
2011-06-28,99.30007934570312,165556300,37.18402099609375,20936100,33.81845474243164,45598200,32.76145935058594,1278700,146.24000549316406,8813800,61.72541046142578,12634300,69.17915344238281,1315300,19.170000076293945,0
2011-06-29,100.15050506591797,244295500,37.83503723144531,28707600,34.13011932373047,55289100,33.10386276245117,2049000,147.17999267578125,12624600,61.31558609008789,11084900,68.76456451416016,1376300,17.270000457763672,0
2011-06-30,101.10819244384766,223322700,38.38391876220703,30800700,34.499752044677734,46188400,33.1922492980957,1960900,146.0,12657100,61.21797561645508,11555600,68.52860260009766,1948200,16.520000457763672,0
2011-07-01,102.6021957397461,202385700,38.8051643371582,17093200,34.9056282043457,44635400,33.76109313964844,1796700,144.92999267578125,16366500,61.120033264160156,6637200,68.35731506347656,1921800,15.869999885559082,0
2011-07-05,102.51791381835938,165936000,38.57539749145508,17598300,34.89114761352539,51374800,34.020668029785156,1693200,147.6300048828125,11278200,61.25713348388672,4615600,68.78729248046875,2896800,16.059999465942383,0
2011-07-06,102.64049530029297,143331600,38.332862854003906,12980200,34.65920639038086,56118500,34.274715423583984,1655200,148.91000366210938,14502500,61.57048034667969,5652700,68.90910339355469,1234900,16.34000015258789,0
2011-07-07,103.70541381835938,170464200,38.66474533081055,15687200,35.137569427490234,49542300,34.705501556396484,1530900,149.14999389648438,9520900,61.38772201538086,6823700,68.64398956298828,1289100,15.949999809265137,0
2011-07-08,102.9699478149414,194100500,38.18606948852539,17211100,34.73893356323242,50271000,34.66130065917969,1956000,150.25,13662300,62.25593566894531,12129300,69.37490844726562,1278100,15.949999809265137,0
2011-07-11,101.10819244384766,195918600,37.030853271484375,25138000,33.76772689819336,58197700,34.059322357177734,1878600,151.58999633789062,20447200,63.18940353393555,9760800,69.90519714355469,1158800,18.389999389648438,0
2011-07-12,100.6715316772461,214675700,36.78192901611328,17446900,33.427066802978516,46966300,34.17530822753906,2078400,152.77000427246094,24033700,63.404762268066406,9083900,70.00553894042969,1205400,19.8700008392334,0
2011-07-13,101.00860595703125,204062600,37.330814361572266,22333600,33.97066879272461,59429900,33.838409423828125,1853600,154.13999938964844,26351000,63.58101272583008,13112200,70.12017822265625,1247900,19.90999984741211,0
2011-07-14,100.3114242553711,226111800,37.00532150268555,24454000,33.6082649230957,53279700,33.523616790771484,1715800,154.5399932861328,17613600,62.67367172241211,11471500,69.71888732910156,959000,20.799999237060547,0
2011-07-15,100.89366149902344,220012800,37.13296127319336,20163000,33.81845474243164,35171100,33.89363479614258,1526200,155.1999969482422,18448400,62.778106689453125,7086200,70.00553894042969,874200,19.530000686645508,0
2011-07-18,100.06623077392578,196872100,36.584075927734375,23639200,33.427066802978516,46489100,33.65615463256836,1272400,156.57000732421875,17133400,62.17104721069336,8206500,69.96253967285156,883600,20.950000762939453,0
2011-07-19,101.69048309326172,166554900,37.13296127319336,20782400,33.91267776489258,37413900,34.1973876953125,1363100,154.66000366210938,22871500,63.463558197021484,15249400,70.22772979736328,1211400,19.209999084472656,0
2011-07-20,101.62916564941406,137145400,37.57334899902344,15577400,34.0141487121582,29604100,34.445919036865234,1508500,156.02000427246094,14559300,62.71283721923828,9673300,69.8836898803711,752900,19.09000015258789,0
2011-07-21,103.0389175415039,245246300,38.371150970458984,26791900,34.557735443115234,45701000,34.72206115722656,1373600,154.8300018310547,18422800,62.229759216308594,11099200,69.49674987792969,1211000,17.559999465942383,0
2011-07-22,103.10782623291016,126019400,38.409446716308594,11854600,34.53599166870117,31952700,34.89326858520508,1184400,156.1199951171875,11378700,62.699790954589844,4974500,69.76187133789062,813700,17.520000457763672,0
2011-07-25,102.5332260131836,136653800,38.16691970825195,15580200,34.463504791259766,32505900,34.56742477416992,2624300,157.33999633789062,13036200,62.01435470581055,10869400,69.53974151611328,1541700,19.350000381469727,0
2011-07-26,102.15019226074219,131278200,38.39669418334961,14454200,34.57948684692383,29118300,34.644737243652344,1815200,157.77000427246094,11735500,62.43864440917969,7682800,69.83354949951172,655600,20.229999542236328,0
2011-07-27,100.05860137939453,249020100,37.46484375,29604200,33.97066879272461,54477400,33.6727294921875,1794700,157.19000244140625,18296600,62.445194244384766,11224200,69.71888732910156,1066600,22.979999542236328,0
2011-07-28,99.76742553710938,207939900,37.3754997253418,17540500,33.99966049194336,44734300,33.70586013793945,2360300,157.32000732421875,11369100,62.68021774291992,7081600,69.85501861572266,671500,23.739999771118164,0
2011-07-29,99.08558654785156,307038400,37.47123336791992,28563800,34.14460754394531,48432100,33.71139144897461,1982300,158.2899932861328,17122800,63.92051696777344,19582400,70.70063781738281,1602200,25.25,0
2011-08-01,98.66416931152344,325790900,36.998939514160156,26159000,34.115623474121094,48466100,33.20327377319336,2668900,157.72000122070312,14825700,64.56562805175781,14348200,70.957763671875,2389600,23.65999984741211,0
2011-08-02,96.1435775756836,346653800,36.02241516113281,25546200,33.06468200683594,73705600,32.14290237426758,3298000,161.52000427246094,24284500,66.50430297851562,20850600,71.61149597167969,2287600,24.790000915527344,0
2011-08-03,96.66456604003906,370830800,36.2330436706543,36176300,32.94871139526367,73967200,31.8778076171875,4775700,161.49000549316406,27823700,66.63526153564453,21179700,71.66896057128906,1922600,23.3799991607666,0
2011-08-04,92.13665771484375,520721800,33.705596923828125,39911200,31.06427574157715,139352000,30.32036018371582,4629400,160.63999938964844,40380300,69.0062255859375,34076600,72.61717987060547,2813700,31.65999984741211,0
2011-08-05,91.99872589111328,655619200,34.299171447753906,61793400,30.861331939697266,154381700,29.563730239868164,7017600,161.75,24554700,67.01516723632812,41677700,71.7767562866211,3041500,32.0,0
2011-08-08,86.00748443603516,702263900,31.73981475830078,53894700,28.28835105895996,175336300,26.99561309814453,9058400,167.1199951171875,43002400,69.13065338134766,38259500,72.91889190673828,5178100,48.0,0
2011-08-09,90.00676727294922,717828700,33.877925872802734,55660900,29.94811248779297,191406700,29.453275680541992,8039400,168.61000061035156,55765800,69.3403091430664,39881400,73.34270477294922,3768400,35.060001373291016,0
2011-08-10,86.03046417236328,662607400,31.85470199584961,43347500,28.360820770263672,122586600,28.773969650268555,7527500,174.5800018310547,44797200,71.40338134765625,46221000,74.31245422363281,2768900,42.9900016784668,0
2011-08-11,89.89183044433594,487979700,33.380096435546875,35724500,29.926366806030273,121153900,30.26513671875,4463100,170.75,49888300,67.80111694335938,37790100,73.22052764892578,2344700,39.0,0
2011-08-12,90.49708557128906,313731600,33.76305389404297,26243500,29.911874771118164,64752000,30.25960922241211,4019100,169.97000122070312,29220000,69.14380645751953,15590800,73.73059844970703,1176300,36.36000061035156,0
2011-08-15,92.41246032714844,258810600,34.54808807373047,20913700,30.60765838623047,65966400,31.36417007446289,2630500,171.8000030517578,17798000,68.44291687011719,10051700,73.45765686035156,986300,31.8700008392334,0
2011-08-16,91.62334442138672,294095200,34.04386901855469,23238300,30.34674072265625,61578100,31.270296096801758,2688800,173.9199981689453,19658000,69.5760726928711,15993200,73.79524230957031,2025400,32.849998474121094,0
2011-08-17,91.68463134765625,238201100,34.24172592163086,20680200,30.564172744750977,45131600,31.358652114868164,2230600,174.4199981689453,16482000,70.7942886352539,15906600,74.31245422363281,826200,31.579999923706055,0
2011-08-18,87.73129272460938,512956300,32.57592010498047,32657800,29.121854782104492,106805200,29.96137809753418,3488600,177.72000122070312,25512800,72.24828338623047,27274600,74.7003173828125,2211800,42.66999816894531,0
2011-08-19,86.29861450195312,428281300,32.0206413269043,29395100,28.75945472717285,72408800,29.38701629638672,3271400,179.9499969482422,34398100,72.83116912841797,15708400,74.77941131591797,683200,43.04999923706055,0
2011-08-22,86.3675765991211,275090600,32.224884033203125,23408300,28.73046875,51908100,29.420135498046875,2213600,184.58999633789062,27482600,72.64777374267578,13157700,74.64289855957031,913600,42.439998626708984,0
2011-08-23,89.20995330810547,331136600,33.2715950012207,24830200,29.73792266845703,73244900,30.143630981445312,2687800,177.6699981689453,55265400,71.64569091796875,16017800,74.34123992919922,1414200,36.27000045776367,0
2011-08-24,90.46644592285156,246869700,33.28435516357422,18042600,29.448009490966797,48121000,30.541278839111328,3095000,171.64999389648438,70700300,69.60884857177734,14621600,73.54383087158203,1089800,35.900001525878906,0
2011-08-25,89.08736419677734,312365400,32.480167388916016,18597700,28.875423431396484,57125600,29.972408294677734,2370800,172.36000061035156,43273700,70.36199951171875,10565900,73.9963607788086,1391200,39.7599983215332,0
2011-08-26,90.38216400146484,314495900,32.990760803222656,26600900,29.368284225463867,74396200,30.336931228637695,2829900,177.47000122070312,38673000,71.05622100830078,11504800,74.23344421386719,1080300,35.59000015258789,0
2011-08-29,92.97937774658203,190977200,33.77581024169922,18267000,30.317745208740234,46759900,31.375226974487305,1976900,173.88999938964844,25265500,70.0738296508789,6764300,73.74498748779297,1106000,32.279998779296875,0
2011-08-30,93.22454071044922,241315700,33.57795715332031,16811400,30.361238479614258,51881500,31.463590621948242,2705900,179.10000610351562,23441000,71.20032501220703,9508700,74.25498962402344,693800,32.88999938964844,0
2011-08-31,93.63829040527344,301828400,34.190670013427734,29114100,30.98455238342285,74774800,31.81705093383789,3047600,177.72000122070312,16054400,70.10001373291016,12186000,73.98920440673828,1069300,31.6200008392334,0
2011-09-01,92.65762329101562,254585900,33.76941680908203,21110800,30.81785011291504,76392600,31.358652114868164,4270000,177.8699951171875,13895500,71.58594512939453,10686600,74.57881164550781,1566800,31.81999969482422,0
2011-09-02,90.29022979736328,255517200,33.01629638671875,23310400,30.122055053710938,69255200,30.618589401245117,3459400,183.24000549316406,19911200,73.91153717041016,16557100,75.2627182006836,1137900,33.91999816894531,0
2011-09-06,89.6313247680664,285130500,31.9312801361084,27238100,29.81040382385254,66073000,30.48604393005371,3163900,182.89999389648438,30254500,74.68010711669922,14016200,75.36360168457031,1200500,37.0,0
2011-09-07,92.15962219238281,209803200,32.882266998291016,18331400,30.69463539123535,49845600,31.634801864624023,1902000,177.0800018310547,30760000,73.25458526611328,11524300,74.96043395996094,945800,33.380001068115234,0
2011-09-08,91.20193481445312,250568200,32.231258392333984,17412400,30.01333999633789,59110100,31.391780853271484,2395000,181.80999755859375,20741300,73.91153717041016,11480900,75.32756042480469,935700,34.31999969482422,0
2011-09-09,88.8115463256836,380195100,31.11433219909668,23270800,28.998634338378906,76809100,30.408723831176758,2436900,180.6999969482422,25429600,74.69983673095703,11492700,75.69470977783203,1014200,38.52000045776367,0
2011-09-12,89.38619995117188,305793500,30.980308532714844,31133200,28.94065284729004,69385300,30.50814437866211,4245800,176.6699981689453,21812800,74.77864837646484,7602200,75.46440124511719,2177800,38.59000015258789,0
2011-09-13,90.20594024658203,272514700,31.31218719482422,27622400,28.984146118164062,68090600,30.579931259155273,2166300,178.5399932861328,17246400,73.71442413330078,9282400,75.24117279052734,932600,36.90999984741211,0
2011-09-14,91.45478057861328,319389500,31.784494400024414,26017000,28.904420852661133,82237200,30.778757095336914,2115200,177.2100067138672,18122800,74.33851623535156,11948500,75.28434753417969,1214000,34.599998474121094,0
2011-09-15,93.03302764892578,326777200,32.473793029785156,36415500,29.324796676635742,62836900,31.286863327026367,2848800,174.39999389648438,20897000,73.2020263671875,8884000,74.72286224365234,1037900,31.969999313354492,0
2011-09-16,93.58363342285156,284528300,32.48655319213867,19035400,29.375524520874023,46199300,31.590612411499023,2019000,176.02999877929688,20693700,73.73419952392578,10053500,74.86680603027344,699000,30.979999542236328,0
2011-09-19,92.65184020996094,241517000,31.593015670776367,22184900,28.505783081054688,67923900,30.900266647338867,1958600,173.30999755859375,18301100,75.13996887207031,13033500,75.47881317138672,896500,32.72999954223633,0
2011-09-20,92.54402160644531,218932200,31.720672607421875,27969100,28.29559898376465,53481200,30.883678436279297,1546600,175.77999877929688,12667600,75.4553451538086,6360600,75.57958221435547,1005000,32.86000061035156,0
2011-09-21,89.81783294677734,316251300,30.776077270507812,74730700,27.244653701782227,105520500,29.254453659057617,2825000,173.58999633789062,16431300,77.95166778564453,18687100,75.90351104736328,929500,37.31999969482422,0
2011-09-22,86.91450500488281,513911300,29.780405044555664,49431400,25.331233978271484,159906700,28.542016983032227,4405500,169.0500030517578,32476300,80.8815689086914,25041400,76.60907745361328,3436500,41.349998474121094,0
2011-09-23,87.43818664550781,307242500,30.118677139282227,39581500,26.005281448364258,102748900,28.752241134643555,2688200,159.8000030517578,52981400,79.37723541259766,15173800,75.97554779052734,1764700,41.25,0
2011-09-26,89.51748657226562,260673700,30.73776626586914,24237700,26.396656036376953,94311200,29.153751373291016,2246100,157.5800018310547,42373800,78.10277557373047,15110100,75.65872192382812,1214800,39.02000045776367,0
2011-09-27,90.51863861083984,311753900,31.497283935546875,35316000,27.23741340637207,112508800,29.44371795654297,1777600,160.6300048828125,25124200,76.9072036743164,13589600,75.15481567382812,1159700,37.709999084472656,0
2011-09-28,88.67036437988281,286696800,30.961162567138672,32537000,26.418407440185547,80061600,28.69647216796875,2241900,156.22000122070312,21776000,76.88087463378906,12642600,75.16921997070312,1270500,41.08000183105469,0
2011-09-29,89.37115478515625,298108900,31.567493438720703,29540100,26.780799865722656,74702700,29.14258575439453,2151600,157.6999969482422,17340800,77.4129867553711,12341800,75.16921997070312,1096000,38.84000015258789,0
2011-09-30,87.13784790039062,288392300,30.495237350463867,29785700,25.439937591552734,102866200,28.367467880249023,1970600,158.05999755859375,16770300,79.35748291015625,13546400,75.64441680908203,1604500,42.959999084472656,0
2011-10-03,84.6581039428711,365136800,29.691055297851562,31113700,24.90360450744629,107059200,27.029117584228516,5785500,160.9600067138672,14200400,81.54143524169922,15882000,76.34485626220703,2105600,45.45000076293945,0
2011-10-04,86.51405334472656,459177500,30.188879013061523,37700000,25.287738800048828,111600000,28.094223022460938,5508100,157.63999938964844,24000000,80.5074462890625,17301400,75.95527648925781,2056100,40.81999969482422,0
2011-10-05,88.11590576171875,284108000,30.65479278564453,33843200,25.874814987182617,81013800,27.854433059692383,8885500,159.4600067138672,15132300,79.9278564453125,14275000,75.63782501220703,1174300,37.810001373291016,0
2011-10-06,89.71000671386719,257800800,31.47812843322754,30835600,26.730064392089844,140578300,28.61840057373047,2513100,160.49000549316406,12389500,78.45259857177734,9681600,75.1112289428711,1336400,36.27000045776367,0
2011-10-07,89.10932159423828,312657900,31.261123657226562,32306700,26.41115379333496,76503200,27.820972442626953,2993000,159.17999267578125,12977400,77.87299346923828,11564600,74.72168731689453,2276300,36.20000076293945,0
2011-10-10,92.08964538574219,230666300,32.45464324951172,22300800,27.592552185058594,69649800,29.209516525268555,2280500,163.27000427246094,8984500,76.77314758300781,3567600,73.93534851074219,803900,33.02000045776367,0
2011-10-11,92.1820297241211,209088000,32.39719772338867,22967800,27.607057571411133,72086900,28.629554748535156,2206200,162.10000610351562,8256900,76.5162582397461,7520200,74.18061065673828,978400,32.86000061035156,0
2011-10-12,92.99069213867188,281544900,32.8694953918457,40438500,28.382568359375,101798900,29.09798812866211,2634100,163.25999450683594,10867900,75.40327453613281,14033400,73.92814636230469,2324400,31.260000228881836,0
2011-10-13,92.80587005615234,212538800,32.882266998291016,16967200,28.1289005279541,57089300,28.908382415771484,1850000,162.3000030517578,8327900,76.15406799316406,11263300,74.2239761352539,1474100,30.700000762939453,0
2011-10-14,94.3922348022461,211397600,33.265220642089844,16226500,28.694232940673828,72966500,29.57754898071289,1685600,163.39999389648438,9737900,75.0476303100586,8411000,73.85601806640625,703100,28.239999771118164,0
2011-10-17,92.59020233154297,202311600,32.499332427978516,15645500,27.7230167388916,63743000,28.93626594543457,1835000,162.6199951171875,8765700,76.34505462646484,9664000,74.33934020996094,1274600,33.38999938964844,0
2011-10-18,94.39998626708984,318857900,32.96523666381836,27807500,28.462297439575195,85366100,29.95675277709961,3158600,161.83999633789062,15390800,75.87088775634766,12495600,74.25997924804688,912600,31.559999465942383,0
2011-10-19,93.28330993652344,226601300,32.37166976928711,18229900,27.918710708618164,52363200,29.611007690429688,2348600,159.8699951171875,8528700,75.8445053100586,6629300,74.37543487548828,733400,34.439998626708984,0
2011-10-20,93.69148254394531,262075600,32.45464324951172,23120200,27.382368087768555,83654600,29.77831268310547,1965200,157.77000427246094,17367500,75.304443359375,7832100,74.2239761352539,700200,34.779998779296875,0
2011-10-21,95.4704360961914,278999400,33.23968505859375,21149500,28.165136337280273,69672700,30.75977325439453,1636200,159.52000427246094,13334500,74.5075454711914,9906300,74.0868911743164,1276000,31.31999969482422,0
2011-10-24,96.64100646972656,203215600,33.73751449584961,16040000,29.26681137084961,87934300,31.523746490478516,2858800,161.02000427246094,10199800,74.6327133178711,6344500,74.05081176757812,1381500,29.260000228881836,0
2011-10-25,94.7619400024414,268596800,33.15671157836914,25668900,28.686981201171875,76772100,31.010705947875977,2190500,165.58999633789062,22130800,76.52948760986328,11791200,74.68559265136719,1020200,32.220001220703125,0
2011-10-26,95.72457885742188,289053800,33.609859466552734,19159800,29.216079711914062,62940200,31.23934555053711,1919000,167.39999389648438,17116300,75.19251251220703,12747000,74.13742065429688,989900,29.860000610351562,0
2011-10-27,99.05912780761719,393220200,35.4671516418457,27559600,30.991796493530273,156301800,32.722679138183594,2167600,169.5500030517578,15876900,72.64373016357422,19471400,73.24283599853516,1636600,25.459999084472656,0
2011-10-28,99.03602600097656,225906500,35.26292037963867,41372400,30.730876922607422,59840500,32.78960037231445,1971100,169.6199951171875,9362900,73.40771484375,10127900,73.68295288085938,936300,24.530000686645508,0
2011-10-31,96.64869689941406,228146700,33.43116760253906,29378700,29.578468322753906,69667800,32.42155456542969,2033500,167.33999633789062,8437200,76.31871795654297,15242100,74.671142578125,1182700,29.959999084472656,0
2011-11-01,93.95333099365234,416565800,32.38444519042969,34733100,28.860933303833008,91614700,31.37874984741211,3614000,167.3800048828125,15335400,78.87348937988281,24400600,75.56676483154297,2251700,34.77000045776367,0
2011-11-02,95.48580169677734,244717600,32.65888214111328,24423500,29.74517059326172,64629600,31.981021881103516,2302500,169.05999755859375,14530500,77.88959503173828,13181100,75.38611602783203,1088000,32.7400016784668,0
2011-11-03,97.22624969482422,291174800,33.482208251953125,23891000,30.049577713012695,58912200,32.42155456542969,2155400,171.72000122070312,17610400,76.81989288330078,8386700,75.03189849853516,739700,30.5,0
2011-11-04,96.63330078125,249401600,33.06097412109375,23089500,29.853879928588867,50083800,32.15945053100586,1500600,170.85000610351562,11060400,76.91236114501953,7583700,75.2559814453125,735400,30.15999984741211,0
2011-11-07,97.2339859008789,196617200,33.20138931274414,21383700,30.10755157470703,44450000,32.16503143310547,1661500,174.97999572753906,20131900,77.4009017944336,9279700,75.34274291992188,844100,29.850000381469727,0
2011-11-08,98.48155212402344,224426300,33.60348892211914,22483600,30.462705612182617,70276800,32.58327865600586,1250100,173.52999877929688,16054200,76.41050720214844,7539400,75.00294494628906,418300,27.479999542236328,0
2011-11-09,94.84663391113281,337982000,31.880226135253906,28669400,28.67973518371582,111322800,31.0943546295166,1950700,172.07000732421875,12313900,77.9952163696289,13004500,75.66799926757812,760300,36.15999984741211,0
2011-11-10,95.73997497558594,231866500,32.25679016113281,25065000,28.868179321289062,48436000,31.08877944946289,2765200,171.13999938964844,11848700,76.8331069946289,11644600,75.29939270019531,664200,32.810001373291016,0
2011-11-11,97.54203796386719,189924400,33.06097412109375,19095800,29.563966751098633,48885300,31.925241470336914,1796700,173.9600067138672,8727100,76.36430358886719,2483900,74.95238494873047,323600,30.040000915527344,0
2011-11-14,96.6178970336914,159258300,32.473793029785156,16886200,29.158092498779297,47272600,31.334152221679688,2019900,173.1999969482422,5886400,77.59248352050781,9252600,75.42221069335938,586500,31.1299991607666,0
2011-11-15,97.09534454345703,184709400,32.38444519042969,23477400,29.339284896850586,45852500,31.568355560302734,1725800,173.36000061035156,9167900,77.48680114746094,7587500,75.321044921875,480100,31.219999313354492,0
2011-11-16,95.55516815185547,235782500,31.765338897705078,26147100,28.549272537231445,64823000,31.267230987548828,1466300,171.50999450683594,15093300,78.19332122802734,7470000,75.59571075439453,335200,33.5099983215332,0
2011-11-17,94.03800964355469,331219600,31.42069435119629,28385300,27.82448959350586,102951000,30.692840576171875,2401000,167.10000610351562,28468900,78.82060241699219,9907900,75.74756622314453,805500,34.5099983215332,0
2011-11-18,93.93789672851562,215580400,31.52919578552246,16813600,27.933210372924805,51240500,30.888023376464844,1924800,167.6199951171875,14172900,78.80078125,6792600,75.46562957763672,1883100,32.0,0
2011-11-21,92.15126037597656,229611600,30.73138999938965,25465000,27.034482955932617,59896200,30.10732650756836,2054100,163.5,22030700,79.2696762084961,7345600,75.67523193359375,692300,32.90999984741211,0
2011-11-22,91.78931427001953,216494900,30.642044067382812,29937500,27.128694534301758,46355600,29.967910766601562,2021300,165.30999755859375,12094400,80.15444946289062,7866300,75.90652465820312,2619500,31.969999313354492,0
2011-11-23,89.763916015625,224329100,29.79955291748047,27206700,26.2517032623291,65700800,29.06451416015625,1728000,164.8300018310547,11483300,80.94017791748047,10129300,76.1667709350586,2189500,33.97999954223633,0
2011-11-25,89.59446716308594,99557000,29.646387100219727,10871200,26.16472625732422,30076300,29.192781448364258,680200,163.39999389648438,6098000,79.76485443115234,4311900,75.68245697021484,466700,34.470001220703125,0
2011-11-28,92.18978118896484,210686000,30.910093307495117,21753000,27.41860580444336,79397700,29.845232009887695,1721900,166.6300048828125,12004000,79.72520446777344,7661900,75.68971252441406,1286600,32.130001068115234,0
2011-11-29,92.45162200927734,199241500,31.11433219909668,23035900,27.295398712158203,52655900,29.800615310668945,1794100,166.8800048828125,9198900,79.07156372070312,8952800,75.5451431274414,602100,30.639999389648438,0
2011-11-30,96.25592041015625,324439500,32.70356369018555,43525100,28.998634338378906,92375400,31.189149856567383,2171600,170.1300048828125,11821600,77.83680725097656,11806800,75.10420227050781,962800,27.799999237060547,0
2011-12-01,96.24054718017578,176954800,32.422733306884766,19770900,28.911664962768555,46229200,30.932636260986328,2356400,169.6300048828125,11610300,77.4462890625,9647200,75.08241271972656,1027100,27.40999984741211,0
2011-12-02,96.15581512451172,221109700,32.41635513305664,17848000,28.824691772460938,47176100,30.904752731323242,1374500,169.82000732421875,8433200,78.53179931640625,7764900,75.41559600830078,892400,27.520000457763672,0
2011-12-05,97.20316314697266,225263900,32.786529541015625,18107200,29.295799255371094,59551400,31.16685676574707,1362900,167.32000732421875,10246700,78.37291717529297,7862800,75.37213134765625,979100,27.84000015258789,0
2011-12-06,97.2339859008789,178842100,32.633358001708984,21382100,28.897171020507812,43432800,31.116657257080078,2075500,168.17999267578125,10381900,77.6249771118164,8506300,75.1766128540039,543000,28.1299991607666,0
2011-12-07,97.59593963623047,237802500,32.86311340332031,29174100,29.013132095336914,73276600,31.456825256347656,1675500,169.39999389648438,10361300,77.9029312133789,6588300,75.51701354980469,739300,28.670000076293945,0
2011-12-08,95.45501708984375,240862800,31.784494400024414,26351100,27.969449996948242,86315100,30.74303436279297,1642200,165.97999572753906,11734500,78.87602233886719,8800500,75.9008560180664,658200,30.59000015258789,0
2011-12-09,97.07225799560547,209111400,32.57592010498047,20706100,28.534778594970703,51866700,31.41779327392578,1221700,166.39999389648438,8354000,77.25426483154297,9855100,75.3794174194336,961100,26.3799991607666,0
2011-12-12,95.65528106689453,215826100,31.62493324279785,23868300,27.462095260620117,82239000,30.860136032104492,1710100,161.99000549316406,15339400,78.11479949951172,5734600,75.64015197753906,1068900,25.670000076293945,0
2011-12-13,94.7619400024414,245159800,31.19731330871582,33861500,27.208433151245117,59290300,30.497669219970703,1555200,158.4499969482422,25040400,78.8428955078125,8901800,75.98774719238281,512500,25.40999984741211,0
2011-12-14,93.75308990478516,238618800,30.827125549316406,28164100,26.81704330444336,66643900,30.67611312866211,2213400,152.88999938964844,42334400,80.33224487304688,11247700,76.30644989013672,760100,26.040000915527344,0
2011-12-15,94.09193420410156,199109200,30.980308532714844,25474900,26.990985870361328,82103600,31.189149856567383,1268500,152.3300018310547,21521900,80.03438568115234,5438700,76.2412338256836,968900,25.110000610351562,0
2011-12-16,94.23141479492188,220481400,30.852651596069336,28537100,27.193931579589844,64381200,31.53490447998047,1749800,155.22999572753906,18124300,80.96771240234375,9321900,76.61060333251953,748700,24.290000915527344,0
2011-12-19,93.22393798828125,183903000,30.565446853637695,21443400,26.490882873535156,56108700,31.26165008544922,1366200,154.8699951171875,12547200,81.99365234375,7845100,76.87132263183594,1126600,24.920000076293945,0
2011-12-20,96.04491424560547,225418100,31.64348602294922,34746000,27.600923538208008,71387400,32.20964431762695,1248400,156.97999572753906,9136300,79.9483413696289,13945400,76.17613220214844,1365000,23.219999313354492,0
2011-12-21,96.2309341430664,194230900,31.475555419921875,27654000,27.688730239868164,47572400,32.198490142822266,2621500,157.16000366210938,11996100,78.8363037109375,11600100,75.92976379394531,479000,21.43000030517578,0
2011-12-22,97.08338928222656,119465400,31.759750366210938,25753700,28.054597854614258,58644600,32.66135025024414,1388200,156.0399932861328,9888400,79.16725158691406,5247400,76.0240478515625,731900,21.15999984741211,0
2011-12-23,97.95140838623047,92187200,31.97935676574707,14901700,28.164358139038086,21521600,32.80342483520508,2307400,156.30999755859375,3565100,78.28685760498047,5409700,75.71249389648438,435500,20.729999542236328,0
2011-12-27,98.02889251708984,86075700,31.837261199951172,14440000,27.89361000061035,26198500,32.95001220703125,1173200,154.91000366210938,4918600,78.65878295898438,4270300,75.75532531738281,616500,21.90999984741211,0
2011-12-28,96.7424087524414,119107100,31.262388229370117,20384600,27.4252986907959,39326100,32.55533981323242,1359300,151.02999877929688,16436100,80.113037109375,8302300,76.2342529296875,919900,23.520000457763672,0
2011-12-29,97.74215698242188,123507200,31.837261199951172,25565500,27.739944458007812,32240500,32.84290313720703,948500,150.33999633789062,19812200,80.2591781616211,4305000,76.32855224609375,556000,22.649999618530273,0
2011-12-30,97.26167297363281,95599000,31.99226951599121,32979100,27.761899948120117,33432400,32.70193862915039,1969300,151.99000549316406,10852700,80.51814270019531,5948800,76.59700775146484,1230000,23.399999618530273,0
2012-01-03,98.81165313720703,193697900,32.8642692565918,33352000,28.610706329345703,72557500,32.97821807861328,6177500,155.9199981689453,13385800,79.3095474243164,9076900,76.11087036132812,1297700,22.969999313354492,0
2012-01-04,98.96663665771484,127186500,32.67049789428711,14692800,28.449737548828125,46225600,32.414390563964844,2393900,156.7100067138672,11549700,78.36658477783203,8417100,75.87142181396484,1789000,22.219999313354492,0
2012-01-05,99.23011779785156,173895000,32.186058044433594,16354900,28.325340270996094,54383000,32.71885299682617,1805000,157.77999877929688,11621600,78.22710418701172,6465800,75.88592529296875,1311300,21.479999542236328,0
2012-01-06,98.97437286376953,148050000,31.746829986572266,28504800,27.966785430908203,50333100,32.61172103881836,1337800,157.1999969482422,9790500,78.84471130371094,7348500,76.1834487915039,998200,20.6299991607666,0
2012-01-09,99.21466064453125,99530200,31.869552612304688,12756100,28.259475708007812,45814800,32.498966217041016,1537200,156.5,8771900,78.70523071289062,5582400,76.19794464111328,379900,21.06999969482422,0
2012-01-10,100.07488250732422,115282000,32.354000091552734,13409900,28.87413787841797,59620000,32.85980224609375,1558300,158.63999938964844,8371400,78.57244110107422,8932500,76.04554748535156,1636100,20.690000534057617,0
2012-01-11,100.12913513183594,111540700,32.25064468383789,13372300,28.89608383178711,47747100,33.09097671508789,1407000,159.6699981689453,7968500,79.5951156616211,8634500,76.48814392089844,931600,21.049999237060547,0
2012-01-12,100.36935424804688,118983700,32.386287689208984,13774400,29.013174057006836,43328400,32.8485221862793,1734500,160.3800048828125,8602500,79.48223114013672,7205400,76.32855224609375,685000,20.469999313354492,0
2012-01-13,99.85015106201172,179836200,32.037498474121094,17154100,28.749738693237305,57195200,32.92182922363281,1534700,159.25999450683594,8910300,80.27242279052734,9819000,76.66952514648438,554000,20.90999984741211,0
2012-01-17,100.23763275146484,132209200,32.4185905456543,19915900,29.298542022705078,70477600,33.19247055053711,1450300,160.5,8313300,80.64430236816406,5449900,76.74211883544922,1158100,22.200000762939453,0
2012-01-18,101.34587860107422,163395200,32.961158752441406,15999300,30.0375919342041,72674100,33.42362594604492,1522000,161.60000610351562,9341200,79.66813659667969,5804000,76.50272369384766,455200,20.889999389648438,0
2012-01-19,101.88060760498047,126328900,33.36809158325195,17256900,30.30101203918457,68477400,33.553321838378906,1277300,161.22000122070312,8114200,78.57244110107422,8625700,76.04554748535156,1587200,19.8700008392334,0
2012-01-20,102.2603530883789,138230200,33.542484283447266,23922600,30.279048919677734,43400800,33.761932373046875,1352900,162.07000732421875,11616700,77.68257141113281,6548200,75.78437042236328,650600,18.280000686645508,0
2012-01-23,101.99687194824219,129295800,33.67166519165039,18529000,30.571744918823242,62223900,33.92544937133789,1238800,163.16000366210938,8832100,77.191162109375,7274800,75.61748504638672,734000,18.670000076293945,0
2012-01-24,101.88060760498047,103083300,33.484344482421875,18320600,30.615652084350586,39864800,34.184791564941406,1820800,162.00999450683594,7502100,77.33061218261719,5776500,75.70454406738281,1388100,18.90999984741211,0
2012-01-25,102.7331314086914,198613200,33.83314514160156,24497400,30.95956802368164,64939200,34.62458419799805,1499400,166.4199981689453,28957700,77.14469909667969,12867600,76.06729888916016,1149200,18.309999465942383,0
2012-01-26,102.20612335205078,184880500,33.846065521240234,20276800,30.83517837524414,68097200,34.867034912109375,1620800,167.27000427246094,19143800,78.1673355102539,7638500,76.47366333007812,1055000,18.56999969482422,0
2012-01-27,102.15961456298828,135259100,33.90420150756836,22868700,30.99614906311035,51983800,34.8783073425293,1498300,168.97000122070312,13030100,78.41305541992188,5165300,76.70587158203125,767600,18.530000686645508,0
2012-01-30,101.81085968017578,147311800,33.50372314453125,21139400,30.549789428710938,43104400,34.618961334228516,2355500,168.02999877929688,8438000,79.33610534667969,8388400,76.96704864501953,1152400,19.399999618530273,0
2012-01-31,101.7721176147461,157212000,33.67811584472656,26358300,30.81322479248047,69525300,34.7880973815918,2069500,169.30999755859375,11192500,80.25250244140625,7998300,77.25727081298828,1001800,19.440000534057617,0
2012-02-01,102.66336822509766,166234500,34.2077751159668,28274600,31.49373435974121,82799300,35.13203048706055,3222200,169.55999755859375,7734200,79.33324432373047,7925200,76.98908233642578,1698800,18.549999237060547,0
2012-02-02,102.82609558105469,113090400,34.27882766723633,19337400,31.581541061401367,71522900,35.210968017578125,2712600,171.0500030517578,11509600,79.29997253417969,5596900,77.09807586669922,839900,17.979999542236328,0
2012-02-03,104.26757049560547,160598500,34.814937591552734,15187000,32.10837936401367,72000800,35.70149230957031,2698900,167.63999938964844,23355300,77.59585571289062,12467400,76.48753356933594,1112600,17.100000381469727,0
2012-02-06,104.19789123535156,107694500,34.647003173828125,15349200,31.837644577026367,40208500,35.5887336730957,1778100,167.17999267578125,8807400,78.36803436279297,6180600,76.69828796386719,2968500,17.760000228881836,0
2012-02-07,104.46131896972656,135528100,34.860145568847656,26462700,31.903501510620117,47240100,35.49851608276367,1985800,169.6999969482422,11614300,77.39614868164062,8794800,76.20401763916016,1164900,17.649999618530273,0
2012-02-08,104.77134704589844,139361400,34.98287582397461,13873200,32.13033676147461,53168200,35.56052780151367,1735200,168.5,10655500,77.45610809326172,7613400,76.24038696289062,404800,18.15999984741211,0
2012-02-09,104.90308380126953,148602900,35.07331466674805,16265900,32.11570358276367,44004500,35.30118179321289,1438000,168.02000427246094,16085200,76.8769302368164,11477700,76.06598663330078,1802500,18.6299991607666,0
2012-02-10,104.12808990478516,167907500,34.408016204833984,19405700,31.40592384338379,62254000,34.97416305541992,1675200,167.13999938964844,10326800,77.8754653930664,7193100,76.49481201171875,1322600,20.790000915527344,0
2012-02-13,104.90308380126953,115841900,34.80201721191406,16406900,31.918140411376953,47447900,35.329368591308594,1842100,167.50999450683594,7088900,77.97528839111328,6422900,76.44387817382812,299300,19.040000915527344,0
2012-02-14,104.77134704589844,165329500,34.54365158081055,17037300,31.654722213745117,42652500,34.96852493286133,1866500,167.1199951171875,7862500,78.38797760009766,8271200,76.60381317138672,615500,19.540000915527344,0
2012-02-15,104.28306579589844,195195100,34.58240509033203,25177100,31.742523193359375,51791500,34.7598991394043,1969800,168.11000061035156,11638500,78.24824523925781,6846100,76.66193389892578,344100,21.139999389648438,0
2012-02-16,105.43783569335938,186567800,35.06038284301758,17583900,32.08644104003906,52445100,35.12639236450195,2318000,168.0,10734000,77.6225357055664,9036200,76.31307983398438,1540500,19.219999313354492,0
2012-02-17,105.71685028076172,129869400,35.21540451049805,14472400,32.14497756958008,50694200,35.154579162597656,1695100,167.35000610351562,7286900,77.6025390625,6338000,76.23313903808594,653600,17.780000686645508,0
2012-02-21,105.7633056640625,134042300,35.221866607666016,17594800,32.01327133178711,46318500,34.607666015625,2815800,171.02000427246094,13611200,76.74380493164062,8338300,75.95691680908203,635300,18.190000534057617,0
2012-02-22,105.42232513427734,124455300,35.11851501464844,15857800,32.071807861328125,40179600,34.314491271972656,2261300,172.94000244140625,16676500,77.70902252197266,7736800,76.2549057006836,538200,18.190000534057617,0
2012-02-23,105.8873062133789,137704300,35.409183502197266,12721100,32.01327133178711,36443800,34.74299621582031,2453200,173.02000427246094,11654200,77.70902252197266,5163900,76.36392974853516,805900,16.799999237060547,0
2012-02-24,106.11982727050781,105539100,35.62234115600586,25346500,32.33522415161133,37876800,34.7880973815918,1810800,172.22999572753906,9293700,78.21492767333984,5676900,76.42208099365234,360100,17.309999465942383,0
2012-02-27,106.29805755615234,145728900,35.441471099853516,20054200,32.01327133178711,42999300,34.73171615600586,2002800,171.6999969482422,7340900,78.90721893310547,8180700,76.67650604248047,588600,18.190000534057617,0
2012-02-28,106.60806274414062,129355900,35.77090072631836,16619300,32.45961380004883,40977700,34.528724670410156,2381700,173.49000549316406,12413000,78.64759826660156,6615700,76.71286010742188,817900,17.959999084472656,0
2012-02-29,106.18955993652344,185934700,35.30582809448242,33950800,32.43767166137695,72109200,34.38778305053711,3013500,164.2899932861328,44149000,78.16836547851562,14235000,76.40754699707031,787500,18.43000030517578,0
2012-03-01,106.73977661132812,145023500,35.706302642822266,20340800,32.744991302490234,51045600,34.59638977050781,3386900,166.61000061035156,19200700,77.4324722290039,12265600,76.16002655029297,1185200,17.260000228881836,0
2012-03-02,106.4143295288086,120638300,35.376888275146484,14435600,32.664512634277344,32352400,34.545650482177734,1860100,166.33999633789062,9298100,78.15965270996094,6669600,76.46585845947266,360100,17.290000915527344,0
2012-03-05,105.98031616210938,140765000,35.18956756591797,10047900,32.10106658935547,50657400,34.89521408081055,1830300,165.64999389648438,12071400,77.5391616821289,6921900,76.31292724609375,1406100,18.049999237060547,0
2012-03-06,104.43035888671875,202129900,34.065673828125,21589300,31.025428771972656,103961400,34.43289566040039,2236400,162.6999969482422,15533200,78.47994232177734,6299700,76.63323974609375,605800,20.8700008392334,0
2012-03-07,105.1588363647461,143692200,34.48551940917969,18013000,31.39861297607422,45233800,34.618961334228516,1367200,163.6300048828125,9553300,77.99950408935547,5567500,76.48763275146484,436100,19.06999969482422,0
2012-03-08,106.20506286621094,116968900,35.22833251953125,21590500,32.05717468261719,40673600,34.43851852416992,1454200,165.27999877929688,8858200,77.2188949584961,7982100,76.2619857788086,329900,17.950000762939453,0
2012-03-09,106.61580657958984,122836800,35.11205291748047,23096900,32.04252624511719,36487700,34.607666015625,1621800,166.3800048828125,13698200,77.37239074707031,6975600,76.20369720458984,286800,17.110000610351562,0
2012-03-12,106.62359619140625,104003500,35.021629333496094,13724200,31.691303253173828,31488700,34.861385345458984,2644800,165.07000732421875,6523800,77.3589859008789,5280000,76.18189239501953,503100,15.640000343322754,0
2012-03-13,108.54557800292969,184090500,35.59002685546875,24475900,32.55474853515625,61336000,35.5661735534668,2407300,162.3000030517578,20047000,75.99803161621094,14413600,75.63584899902344,618600,14.800000190734863,0
2012-03-14,108.4293212890625,145163600,35.273536682128906,18872700,32.04252624511719,59777900,35.47031784057617,2280800,159.57000732421875,28822100,74.08319854736328,24515300,74.76945495605469,1733100,15.3100004196167,0
2012-03-15,109.05704498291016,165118500,35.60941696166992,13721000,32.29863739013672,35060300,35.41958236694336,1595600,161.0800018310547,12689300,74.19664001464844,14154000,74.74760437011719,2302300,15.420000076293945,0
2012-03-16,109.20805358886719,152893500,35.8548583984375,15837000,32.262046813964844,36520100,35.62255096435547,1799600,161.3000030517578,12549200,74.34342193603516,13427200,74.72579193115234,681200,14.470000267028809,0
2012-03-19,109.63616943359375,125291100,36.04219055175781,17182000,32.13765335083008,30002500,35.87063980102539,2106100,161.58999633789062,9920800,73.45610046386719,14011400,74.26716613769531,1133200,15.039999961853027,0
2012-03-20,109.31707000732422,121729700,35.61587142944336,14092600,31.581541061401367,53828200,35.81989288330078,1795700,160.1300048828125,11643700,73.7496109008789,9443800,74.30355072021484,769100,15.579999923706055,0
2012-03-21,109.13798522949219,122388400,35.383338928222656,16614400,31.640079498291016,49696000,35.769142150878906,1515200,160.2100067138672,6672700,74.5835952758789,10242000,74.68211364746094,458100,15.130000114440918,0
2012-03-22,108.3518295288086,135216700,35.13789367675781,17106600,31.157135009765625,73056000,35.27862548828125,3203400,159.57000732421875,11107700,74.8237533569336,8009800,74.77671813964844,326200,15.569999694824219,0
2012-03-23,108.70214080810547,120521000,35.383338928222656,14777400,31.39129066467285,31693200,35.49851608276367,2495000,161.52999877929688,10689000,75.53099060058594,8465300,75.05340576171875,396100,14.819999694824219,0
2012-03-26,110.227783203125,120164000,35.83549118041992,19961800,31.940095901489258,67482700,35.91455841064453,1630000,164.39999389648438,13226700,75.14400482177734,8118600,74.96603393554688,471700,14.260000228881836,0
2012-03-27,109.88524627685547,119868500,35.60941696166992,14826100,31.77178955078125,35627500,35.92023468017578,3449500,163.24000549316406,10908700,75.68443298339844,6972300,75.38099670410156,579200,15.59000015258789,0
2012-03-28,109.34034729003906,148562100,35.36397171020508,20448500,31.237625122070312,55592200,35.8634033203125,1573800,161.50999450683594,11008200,75.57768249511719,7886000,75.2499771118164,314700,15.470000267028809,0
2012-03-29,109.15357208251953,164963700,35.13789367675781,25848400,31.201038360595703,53897700,35.88044738769531,1530300,161.27999877929688,11026900,76.14482879638672,7692900,75.56309509277344,727700,15.479999542236328,0
2012-03-30,109.60504913330078,135486800,35.45439529418945,22341500,31.427879333496094,48514500,36.17600631713867,2059900,162.1199951171875,7534000,74.85709381103516,9467500,75.19173431396484,502600,15.5,0
2012-04-02,110.40676879882812,151741100,35.8677864074707,25434800,31.859600067138672,62056300,36.431758880615234,6716800,162.94000244140625,7541700,75.27184295654297,8944000,75.37184143066406,1433800,15.640000343322754,0
2012-04-03,109.955322265625,155806700,35.24124526977539,20840000,31.676664352416992,58379300,36.2896614074707,2338900,159.88999938964844,16822300,73.96749114990234,14774300,74.817626953125,833100,15.65999984741211,0
2012-04-04,108.86560821533203,146896000,34.45322799682617,20326700,31.105920791625977,49766700,35.89183044433594,2045700,157.2100067138672,15975600,74.9842300415039,10095600,75.19684600830078,461300,16.440000534057617,0
2012-04-05,108.81104278564453,137439400,34.24653244018555,13507000,31.274213790893555,45579600,35.755401611328125,2925300,158.30999755859375,8967700,75.52607727050781,6364100,75.5323715209961,456400,16.700000762939453,0
2012-04-09,107.58898162841797,127555900,34.09797668457031,12950500,30.81322479248047,42343200,35.374610900878906,1126900,159.3699951171875,8245800,77.29195404052734,14374600,76.30536651611328,573700,18.809999465942383,0
2012-04-10,105.78315734863281,235360300,33.36809158325195,25615800,30.21320152282715,81350300,34.61301803588867,2670600,161.10000610351562,14288500,78.16816711425781,14421300,76.66268157958984,900500,20.389999389648438,0
2012-04-11,106.63938903808594,154133000,33.83314514160156,22972100,30.542484283447266,45581000,35.056331634521484,1917300,161.07000732421875,10005400,77.23174285888672,8713000,76.36369323730469,435000,20.020000457763672,0
2012-04-12,108.03268432617188,154321500,34.45322799682617,21024400,31.3254337310791,64008500,35.5394401550293,1373400,162.6999969482422,9229900,76.91070556640625,9008500,76.21055603027344,451500,17.200000762939453,0
2012-04-13,106.74838256835938,169246700,33.79438400268555,27100500,30.849809646606445,64221100,35.39166259765625,2097600,160.85000610351562,10041000,78.15485382080078,8607700,76.66999816894531,461400,19.549999237060547,0
2012-04-16,106.67827606201172,147825300,34.039833068847656,20447400,30.69614601135254,62839600,35.8747673034668,1973400,160.4600067138672,6670500,78.04108428955078,7735000,76.64812469482422,1179600,19.549999237060547,0
2012-04-17,108.2584457397461,147877600,34.58240509033203,12959800,31.047367095947266,51806300,36.18167495727539,1524000,160.25,7587100,77.99432373046875,5398600,76.56787872314453,923400,18.459999084472656,0
2012-04-18,107.8926010131836,123884200,34.40154266357422,19804600,30.901033401489258,40456400,35.937286376953125,1278100,159.30999755859375,7463000,78.22178649902344,4074400,76.72103118896484,502900,18.639999389648438,0
2012-04-19,107.19981384277344,198666700,34.194862365722656,27862900,30.761993408203125,42080500,35.937286376953125,2543700,159.42999267578125,9914400,78.29529571533203,5374300,76.80860137939453,408800,18.360000610351562,0
2012-04-20,107.37884521484375,143199600,34.52427673339844,15499300,30.97421646118164,43456900,36.37492370605469,1649700,159.5399932861328,9148800,78.3087387084961,5043300,76.81584930419922,377500,17.440000534057617,0
2012-04-23,106.47589111328125,171844900,33.83314514160156,23904000,30.381498336791992,63093800,35.99980163574219,1764500,159.07000732421875,8876800,78.87728118896484,5170100,76.96898651123047,746600,18.969999313354492,0
2012-04-24,106.88067626953125,137484200,34.10442352294922,14529100,30.447357177734375,50567200,36.53975296020508,2618500,159.3000030517578,5200600,78.32207489013672,4336600,76.77213287353516,506100,18.100000381469727,0
2012-04-25,108.34407806396484,150252200,34.56949234008789,21423800,30.725421905517578,45739900,36.9603385925293,2191000,159.6199951171875,15093700,77.9207763671875,8859500,76.67729187011719,681200,16.81999969482422,0
2012-04-26,109.09906768798828,136291600,34.77618408203125,13428200,30.915674209594727,35715200,37.05126953125,1885400,161.02999877929688,10918700,78.38895416259766,5133000,76.93256378173828,314300,16.239999771118164,0
2012-04-27,109.27808380126953,130725000,34.91829299926758,16016300,30.95956802368164,40038100,37.307044982910156,2058500,161.3800048828125,8906600,78.45584106445312,3112900,77.01276397705078,368100,16.31999969482422,0
2012-04-30,108.87335205078125,115092200,34.71805191040039,16865300,30.893707275390625,39795800,37.210411071777344,2165000,161.8800048828125,8007300,78.4759292602539,4198400,77.07841491699219,1820300,17.149999618530273,0
2012-05-01,109.55054473876953,138832200,34.860145568847656,15437300,31.098604202270508,37657900,37.61395263671875,3024200,161.32000732421875,7414800,78.06891632080078,7214300,76.93820190429688,864100,16.600000381469727,0
2012-05-02,109.22364807128906,121081000,34.58885955810547,15890700,31.040058135986328,35379800,37.55712127685547,1801900,160.58999633789062,5632300,78.61872100830078,3565700,77.08428192138672,1030200,16.8799991607666,0
2012-05-03,108.39073944091797,143759700,34.28528594970703,14260300,30.805908203125,45671000,37.4263801574707,2099900,158.97000122070312,13172000,78.5986099243164,3522900,77.07693481445312,360000,17.559999465942383,0
2012-05-04,106.63938903808594,193927300,33.762088775634766,20026500,30.264432907104492,58478500,37.09674072265625,1480000,159.47000122070312,11389600,79.21552276611328,6367300,77.38374328613281,814100,19.15999984741211,0
2012-05-07,106.71720886230469,127765900,34.00754165649414,21882700,30.374177932739258,44100000,37.35818099975586,1574000,159.0800018310547,4927800,79.22891998291016,3228200,77.36180877685547,490800,18.940000534057617,0
2012-05-08,106.28907012939453,213377700,33.484344482421875,21062600,29.8912296295166,66820200,37.28997039794922,1610900,156.0,17852300,79.65131378173828,6051600,77.53712463378906,522300,19.049999237060547,0
2012-05-09,105.6585922241211,220752500,33.0968017578125,31090500,29.503427505493164,86829800,37.17062759399414,2729800,154.47000122070312,13864000,79.70499420166016,5828900,77.60292053222656,961400,20.079999923706055,0
2012-05-10,105.87652587890625,150600000,33.2518196105957,15309000,29.6278133392334,48337700,37.199031829833984,2346300,154.77000427246094,7460100,79.47034454345703,6300000,77.4932632446289,347000,18.829999923706055,0
2012-05-11,105.55742645263672,153032400,33.045135498046875,14493200,29.247318267822266,56290000,37.27861785888672,2780400,153.55999755859375,8285600,80.1274185180664,5234300,77.74897766113281,403500,19.889999389648438,0
2012-05-14,104.38983154296875,163910000,32.412132263183594,22125400,28.581443786621094,63048400,36.80687713623047,2759300,151.3300018310547,13388200,81.2471923828125,8789400,78.09226989746094,650200,21.8700008392334,0
2012-05-15,103.79046630859375,207629300,32.00520324707031,18011800,28.33265495300293,61529000,36.613643646240234,2525400,149.74000549316406,13354500,81.57571411132812,6766400,78.11416625976562,922100,21.969999313354492,0
2012-05-16,103.39348602294922,207265500,31.68869400024414,23983300,27.930200576782227,82693600,36.21009063720703,2051300,149.4600067138672,16750700,81.81039428710938,6462300,78.1725845336914,761600,22.270000457763672,0
2012-05-17,101.86006927490234,247992900,31.301149368286133,26475900,27.549711227416992,74320200,35.152957916259766,3341500,152.8000030517578,18080700,83.25872802734375,14863400,78.46481323242188,764000,24.489999771118164,0
2012-05-18,100.98827362060547,319615900,31.0750732421875,21407900,27.286283493041992,75155600,34.726688385009766,2888400,154.5500030517578,12994200,83.27885437011719,10137700,78.4136962890625,831900,25.100000381469727,0
2012-05-21,102.72406768798828,177861100,31.759750366210938,22460000,27.937517166137695,62509500,35.482601165771484,2124900,154.64999389648438,7542400,83.10450744628906,9583500,78.20915222167969,791600,22.010000228881836,0
2012-05-22,102.90309143066406,197531200,31.64348602294922,17114800,27.64482307434082,52847900,35.55081558227539,1767400,152.0800018310547,11302700,82.1792221069336,12475500,78.04114532470703,538300,22.479999542236328,0
2012-05-23,102.95761108398438,204958400,31.385114669799805,42276400,27.45457649230957,72030300,35.60196304321289,2668900,151.6199951171875,18854500,82.74916076660156,11744900,78.24568176269531,658000,22.329999923706055,0
2012-05-24,103.15995788574219,167357600,31.17841911315918,27309500,27.315547943115234,57707700,35.76110076904297,1369500,151.41000366210938,9697100,82.43400573730469,10256200,78.07769012451172,417700,21.540000915527344,0
2012-05-25,102.82527160644531,135465600,31.0686092376709,13397100,27.1838321685791,47685000,35.61901092529297,1383000,152.67999267578125,6212900,82.74244689941406,4723600,78.30408477783203,370400,21.760000228881836,0
2012-05-29,104.07069396972656,152883500,31.462623596191406,22042200,27.95215606689453,71172100,36.12485885620117,1423600,151.02000427246094,11243100,82.48762512207031,5874100,78.23837280273438,865400,21.030000686645508,0
2012-05-30,102.56062316894531,162370400,30.71982192993164,19349900,27.469223022460938,80092500,35.266624450683594,1484000,151.91000366210938,16764800,84.57970428466797,17170800,78.98345184326172,645600,24.139999389648438,0
2012-05-31,102.33486938476562,196186000,30.849008560180664,41638100,27.586288452148438,66528900,35.533756256103516,2127000,151.6199951171875,10114300,85.5586166381836,31174500,79.29015350341797,2994300,24.059999465942383,0
2012-06-01,99.75840759277344,253240900,30.06744384765625,34294700,26.847238540649414,79955400,34.66417694091797,3453800,157.5,27399400,87.58980560302734,23526000,79.97129821777344,2186400,26.65999984741211,0
2012-06-04,99.71172332763672,202545800,30.319355010986328,19574500,26.964309692382812,57106800,34.42544937133789,3573700,157.32000732421875,11462100,86.89774322509766,11681200,79.51045227050781,849500,26.1200008392334,0
2012-06-05,100.46674346923828,164149400,30.53896141052246,20139100,27.037487030029297,58858400,35.135902404785156,2871000,157.13999938964844,8095300,85.73533630371094,12482800,79.24705505371094,836700,24.68000030517578,0
2012-06-06,102.72406768798828,184202800,31.391582489013672,19868200,27.827754974365234,55300800,35.91455841064453,6758200,157.2100067138672,15771600,84.0219955444336,20806700,78.72760009765625,1492800,22.15999984741211,0
2012-06-07,102.7863540649414,184772700,31.436786651611328,18578800,27.99605369567871,49633200,35.65879821777344,2191500,154.5,18921600,84.14966583251953,18898200,78.9178237915039,631800,21.719999313354492,0
2012-06-08,103.60368347167969,143915400,31.33344078063965,14439600,27.75458335876465,39729500,36.16462707519531,1696000,154.72999572753906,11074800,84.12954711914062,11239600,78.97631072998047,468000,21.229999542236328,0
2012-06-11,102.28819274902344,169756100,31.02987289428711,19296200,27.352127075195312,51800800,35.35187911987305,2074000,155.36000061035156,9166600,84.51251220703125,10693800,79.1884765625,1050900,23.559999465942383,0
2012-06-12,103.46356964111328,181931800,31.546585083007812,16053900,27.922883987426758,54033500,35.68720626831055,1951500,156.4600067138672,13241100,83.73975372314453,10921700,78.7641830444336,569700,22.09000015258789,0
2012-06-13,102.80193328857422,172223900,31.29469108581543,16202800,27.8204402923584,43926900,35.50533676147461,1600500,157.1199951171875,10109800,84.56622314453125,11100000,79.18121337890625,1332100,24.270000457763672,0
2012-06-14,103.89167785644531,230615500,31.527212142944336,14670400,28.01800537109375,46464200,36.02253723144531,1532600,157.75,11502400,84.4587173461914,7688200,78.96902465820312,802600,21.68000030517578,0
2012-06-15,104.95418548583984,169444500,31.972896575927734,20066100,28.530227661132812,63027500,36.24421310424805,1319900,157.83999633789062,13099300,84.9290542602539,6421400,79.33488464355469,769400,21.110000610351562,0
2012-06-18,105.15764617919922,131360900,31.88246726989746,19122200,28.588754653930664,37552500,36.5454216003418,1754000,157.92999267578125,6733000,85.38599395751953,6698400,79.31285095214844,718800,18.31999969482422,0
2012-06-19,106.1747817993164,137382600,32.412132263183594,23104500,29.04975128173828,50142100,36.693199157714844,2485300,157.16000366210938,6945900,84.2706069946289,8227900,79.04219055175781,1536800,18.3799991607666,0
2012-06-20,106.00264739990234,206451800,32.59944152832031,27983500,28.95462417602539,58814400,36.67615509033203,2001800,155.97000122070312,16970200,84.68719482421875,13720300,78.88121032714844,913100,17.239999771118164,0
2012-06-21,103.62411499023438,205272200,31.746129989624023,25741600,27.894245147705078,58815500,36.07937240600586,3072600,152.02000427246094,14447500,85.13729095458984,9776600,79.04952239990234,1655900,20.079999923706055,0
2012-06-22,104.4221420288086,130029200,32.01712417602539,16488100,27.98310089111328,33162400,36.08506393432617,2204200,152.63999938964844,6755200,84.00180053710938,7830400,78.70564270019531,1770300,18.110000610351562,0
2012-06-25,102.74778747558594,146375700,31.303293228149414,32410900,27.464759826660156,44292700,35.901126861572266,3700200,153.75999450683594,6183600,85.22466278076172,6113800,79.13732147216797,594900,20.3799991607666,0
2012-06-26,103.26415252685547,141634000,31.508190155029297,26606100,27.70172119140625,35913100,36.02145004272461,2121600,152.6199951171875,6123400,84.8887710571289,5359700,78.96173095703125,2395600,19.719999313354492,0
2012-06-27,104.19524383544922,108088000,31.805618286132812,19727600,27.879444122314453,28255200,36.16472625732422,1694800,152.8300018310547,4840700,85.023193359375,5860700,79.07147979736328,3445300,19.450000762939453,0
2012-06-28,103.89791870117188,169242100,31.87172508239746,22778500,27.74614906311035,34183500,36.560123443603516,1726500,151.0500030517578,8755600,85.23143768310547,5257800,79.32752227783203,413400,19.709999084472656,0
2012-06-29,106.48773956298828,212250900,33.02178955078125,31235200,28.97536277770996,78076300,37.494171142578125,2215800,155.19000244140625,10378200,84.1227798461914,8881900,78.96173095703125,646900,17.079999923706055,0
2012-07-02,106.80850982666016,129524500,33.23991012573242,30092900,28.97536277770996,38509900,37.90675735473633,3891600,155.08999633789062,3654200,84.99072265625,7818500,79.32808685302734,1580800,16.799999237060547,0
2012-07-03,107.51270294189453,80450000,33.54396438598633,12175100,29.552934646606445,36099700,38.130252838134766,1586100,157.4600067138672,5037700,84.33756256103516,5773100,79.13029479980469,588000,16.65999984741211,0
2012-07-05,107.02758026123047,126177500,32.988746643066406,14389900,29.241933822631836,33512700,37.895301818847656,1407800,155.67999267578125,5359900,84.76852416992188,5974700,79.34273529052734,1602600,17.5,0
2012-07-06,106.01045227050781,151192100,32.678096771240234,15075800,28.70878028869629,49424200,37.986995697021484,1617000,153.7100067138672,7045700,85.55632781982422,5818300,79.62109375,1146900,17.100000381469727,0
2012-07-09,105.87743377685547,103780500,32.60539245605469,16313700,28.605121612548828,34530600,38.0271110534668,1785700,154.0399932861328,4468500,86.31051635742188,5647000,79.84095001220703,495300,17.979999542236328,0
2012-07-10,104.95418548583984,167884800,32.38727569580078,20026100,28.28670310974121,48650000,37.6202392578125,1534000,152.14999389648438,9747900,86.4855728149414,4288000,79.87760925292969,631900,18.719999313354492,0
2012-07-11,104.9698486328125,141733400,32.486412048339844,19418100,28.43480682373047,37130100,37.66037368774414,1630900,152.99000549316406,6838500,86.59329223632812,5960900,79.80431365966797,825800,17.950000762939453,0
2012-07-12,104.46125030517578,143583200,32.16254806518555,21406500,27.960886001586914,45106800,37.774967193603516,2271800,152.58999633789062,11394800,87.20612335205078,6421000,79.98748016357422,840400,18.329999923706055,0
2012-07-13,106.21392059326172,129642600,32.618614196777344,12613300,28.501445770263672,37182200,38.23912811279297,1484600,154.13999938964844,5080300,86.97712707519531,4175300,79.92155456542969,307900,16.739999771118164,0
2012-07-16,105.96351623535156,97525200,32.61199951171875,12207500,28.43480682373047,26278800,38.313621520996094,1789000,154.2100067138672,5710900,87.38114929199219,5283500,80.09736633300781,349400,17.110000610351562,0
2012-07-17,106.69117736816406,138860300,32.70452880859375,17158600,28.812448501586914,40019400,38.68036651611328,2007300,153.47000122070312,13021800,86.69435119628906,5590900,79.89226531982422,637900,16.479999542236328,0
2012-07-18,107.48141479492188,113349700,32.96229934692383,13588000,28.738401412963867,47417000,38.45115280151367,1690200,153.0500030517578,6807600,86.7414321899414,4011000,79.97283172607422,606000,16.15999984741211,0
2012-07-19,107.7630844116211,129847300,33.26634979248047,14039600,29.004972457885742,44699700,38.05002212524414,2365200,153.3800048828125,6070000,86.519287109375,5246300,79.85560607910156,949100,15.449999809265137,0
2012-07-20,106.77721405029297,142904500,32.486412048339844,24165100,28.57549476623535,43769200,37.84946060180664,1475600,153.6699981689453,8583800,87.57640838623047,6365900,80.17057800292969,250900,16.270000457763672,0
2012-07-23,105.69749450683594,145210900,31.8188419342041,16082900,27.827594757080078,55593300,37.57439422607422,1342000,153.02999877929688,5256700,88.06796264648438,6141100,80.30255126953125,1675600,18.6200008392334,0
2012-07-24,104.78988647460938,173301200,31.47513198852539,18959800,27.709125518798828,46775500,37.44831848144531,1941200,153.52000427246094,6538900,88.76154327392578,6748800,80.45639038085938,905500,20.469999313354492,0
2012-07-25,104.81336975097656,129122300,31.6403865814209,10156700,27.842403411865234,34494400,37.43113708496094,1350800,155.6699981689453,9355900,88.99042510986328,5328000,80.50038146972656,1246800,19.34000015258789,0
2012-07-26,106.54253387451172,156526500,32.60539245605469,18177000,28.471830368041992,50710800,37.76350021362305,1365900,156.77000427246094,7343500,88.17569732666016,6606200,80.25123596191406,742000,17.530000686645508,0
2012-07-27,108.5063705444336,236768900,33.292789459228516,24134200,29.27155113220215,50860600,38.12452697753906,1469300,157.5399932861328,9772600,86.51253509521484,14685100,79.67237091064453,1072300,16.700000762939453,0
2012-07-30,108.5063705444336,106782000,33.253135681152344,24850000,29.10123634338379,41406700,38.30216598510742,1370800,157.42999267578125,7212100,87.158935546875,6025300,79.9288558959961,666000,18.030000686645508,0
2012-07-31,107.74742889404297,120575900,33.04823303222656,38450700,28.967960357666016,58788800,38.24484634399414,1782500,156.49000549316406,10919700,87.33399963378906,7448600,80.06808471679688,2209700,18.93000030517578,0
2012-08-01,107.653564453125,138293800,33.05485153198242,17751600,29.019784927368164,49853100,38.061485290527344,2666100,155.13999938964844,12714500,86.89744567871094,7972000,79.77604675292969,977300,18.959999084472656,0
2012-08-02,106.91024017333984,199556600,32.59217071533203,23218900,28.679161071777344,50858700,38.17036056518555,1637600,154.1300048828125,11538800,87.3899917602539,7972000,79.96681213378906,620000,17.56999969482422,0
2012-08-03,109.03062438964844,157825000,33.70259475708008,26429600,29.5677547454834,60512600,38.46834945678711,1730800,155.5500030517578,10670700,85.97976684570312,9084800,79.54857635498047,765500,15.640000343322754,0
2012-08-06,109.24185943603516,86326200,33.94053268432617,15028700,29.752880096435547,37181300,38.4282341003418,1768200,156.3000030517578,4610800,86.01348876953125,3673600,79.5998764038086,850800,15.949999809265137,0
2012-08-07,109.7895736694336,109545100,34.22474670410156,17651200,29.834335327148438,43260000,37.97553253173828,2471600,156.27999877929688,5923300,84.90684509277344,6613600,79.181640625,1228200,15.989999771118164,0
2012-08-08,109.92256164550781,89754700,34.20492172241211,13491300,29.893558502197266,36569300,37.7176628112793,1899300,156.47999572753906,3620500,84.45477294921875,7250700,79.07158660888672,862800,15.319999694824219,0
2012-08-09,110.01644897460938,90291700,34.22474670410156,12183000,30.01944351196289,34528300,37.597312927246094,1324000,156.99000549316406,3177800,84.39402770996094,7553500,79.01293182373047,833700,15.279999732971191,0
2012-08-10,110.1964340209961,99792700,34.284236907958984,15265100,30.160140991210938,32246700,37.648902893066406,987000,157.17999267578125,4608000,84.81909942626953,4670500,79.24038696289062,466900,14.739999771118164,0
2012-08-13,110.14166259765625,79426900,34.11899948120117,15320400,29.893558502197266,40396800,37.6202392578125,1448400,155.99000549316406,4573300,84.67742156982422,3543700,79.18904113769531,729500,13.699999809265137,0
2012-08-14,110.15727996826172,102379400,34.19831466674805,10610200,29.886159896850586,26731300,37.54002380371094,1586100,155.1300048828125,5075200,83.53031158447266,7994000,78.80010986328125,642100,14.850000381469727,0
2012-08-15,110.28246307373047,71085900,34.09917068481445,14045700,29.841726303100586,18836100,37.71194076538086,1079200,155.6300048828125,4993900,82.35624694824219,11191000,78.40390014648438,934600,14.630000114440918,0
2012-08-16,111.0962142944336,112014200,34.52218246459961,13498000,30.115713119506836,37695800,37.99845504760742,1362700,156.55999755859375,8838300,81.65442657470703,13240000,78.21308135986328,861400,14.289999961853027,0
2012-08-17,111.24484252929688,90813700,34.568458557128906,17243500,29.96761703491211,46358100,38.00992202758789,1773500,156.72000122070312,7812100,82.0525894165039,6341100,78.30850982666016,784300,13.449999809265137,0
2012-08-20,111.252685546875,78255700,34.5287971496582,10066600,29.952802658081055,28711200,37.90103530883789,2710100,157.25999450683594,7846200,82.22120666503906,4427100,78.35253143310547,1000100,14.020000457763672,0
2012-08-21,110.916259765625,105581100,34.727088928222656,19489800,29.908376693725586,27937400,37.98126220703125,1429600,158.8300018310547,11833100,82.58562469482422,9532700,78.41861724853516,684500,15.020000457763672,0
2012-08-22,110.96318054199219,133243500,34.68742752075195,12494200,29.923179626464844,36551000,37.958335876464844,1893100,160.5399932861328,13605900,83.94869232177734,11384400,79.02754974365234,730600,15.109999656677246,0
2012-08-23,110.05560302734375,111466400,34.4891357421875,16203200,29.649206161499023,39512000,37.843727111816406,2421000,161.88999938964844,17237600,84.2995376586914,7139100,79.16700744628906,440200,15.960000038146973,0
2012-08-24,110.72064208984375,99481200,34.436256408691406,15841400,29.6566104888916,34421500,37.96979522705078,1946500,161.97000122070312,8497200,84.21859741210938,5001400,79.13037109375,311500,15.180000305175781,0
2012-08-27,110.74407958984375,68785900,34.45608901977539,12419900,29.353012084960938,23179600,38.08440017700195,1191000,161.36000061035156,5380200,84.7112045288086,3906100,79.33576965332031,467400,16.350000381469727,0
2012-08-28,110.63459014892578,75689600,34.42305374145508,14528900,29.293771743774414,24377800,38.21620559692383,1189900,161.63999938964844,5074200,84.91357421875,3412600,79.36511993408203,615000,16.489999771118164,0
2012-08-29,110.72064208984375,65421300,34.317291259765625,11418300,29.153076171875,31372600,38.204742431640625,1198700,160.58999633789062,9287700,84.54251098632812,3762700,79.3137435913086,764700,17.059999465942383,0
2012-08-30,109.92256164550781,96589900,33.80834197998047,24315600,28.812448501586914,36609900,38.11879348754883,1375000,160.52000427246094,5813700,84.98110961914062,3886400,79.46049499511719,642200,17.829999923706055,0
2012-08-31,110.4468002319336,151970400,34.10578155517578,26992000,29.0864315032959,41552000,38.23912811279297,2484900,164.22000122070312,18024200,86.18215942382812,9192600,79.9741439819336,912700,17.469999313354492,0
2012-09-04,110.3451156616211,120226200,33.93393325805664,23863200,28.923524856567383,32627400,38.50845718383789,1714000,164.47999572753906,12034800,86.09565734863281,6009300,79.79118347167969,1200200,17.979999542236328,0
2012-09-05,110.25118255615234,100660300,33.841400146484375,17360500,28.775426864624023,33041200,38.439693450927734,1612500,164.30999755859375,8401900,85.68987274169922,3466700,79.76177978515625,782300,17.739999771118164,0
2012-09-06,112.48894500732422,158272500,34.68082046508789,23697600,29.412242889404297,47868700,38.783512115478516,2373700,164.88999938964844,12961100,84.26304626464844,6505100,79.218017578125,1376700,15.600000381469727,0
2012-09-07,112.92706298828125,107272100,35.20297622680664,17210600,30.0935001373291,59898600,38.817893981933594,1648300,168.44000244140625,19138600,83.8708724975586,7335300,79.32086944580078,2748500,14.380000114440918,0
2012-09-10,112.28546142578125,86458500,34.92537307739258,12831800,29.708444595336914,37361500,38.514198303222656,3773600,167.2899932861328,7760600,84.07368469238281,4912100,79.357666015625,1614100,16.280000686645508,0
2012-09-11,112.59842681884766,88760000,35.32196807861328,15417500,30.063873291015625,32692200,38.62879943847656,3574500,167.89999389648438,7522900,83.54630279541016,3523300,79.21073150634766,375200,16.40999984741211,0
2012-09-12,112.97406005859375,87640900,35.55329132080078,14731600,30.19716453552246,44014400,38.709022521972656,3416200,167.9199981689453,9945400,82.50492858886719,7040900,78.82131958007812,660700,15.800000190734863,0
2012-09-13,114.69532775878906,225470200,36.09529113769531,21654700,31.011709213256836,95670600,39.184654235839844,4467500,171.30999755859375,28336900,82.18031311035156,12280200,79.04905700683594,1458700,14.050000190734863,0
2012-09-14,115.20394897460938,169777000,36.45221710205078,36185500,31.37454605102539,85091000,39.40241622924805,4855800,171.8000030517578,16847500,79.99614715576172,16871600,78.30685424804688,1050800,14.510000228881836,0
2012-09-17,114.81277465820312,119427800,36.260528564453125,14851900,31.03392219543457,47652400,39.28778839111328,2430200,170.39999389648438,11281600,80.95643615722656,5573300,78.46856689453125,745300,14.59000015258789,0
2012-09-18,114.71883392333984,98326600,36.10850143432617,16695300,31.048723220825195,37259800,38.91533279418945,2344400,171.72000122070312,12486600,81.36214447021484,5366200,78.6669921875,578700,14.180000305175781,0
2012-09-19,114.78141784667969,128318300,36.260528564453125,17193300,31.048723220825195,39322800,38.69756317138672,1972600,171.74000549316406,9125800,81.89628601074219,5903300,78.85063171386719,437200,13.880000114440918,0
2012-09-20,114.78925323486328,154009800,36.02918243408203,21727600,30.863615036010742,46217400,38.12452697753906,4285400,171.47000122070312,8703000,82.09925079345703,4604200,78.89473724365234,422300,14.069999694824219,0
2012-09-21,114.74127197265625,108737500,36.04901885986328,21583300,30.937660217285156,49929300,38.130252838134766,6134600,171.9600067138672,13361300,82.19386291503906,4144300,79.06372833251953,682000,13.979999542236328,0
2012-09-24,114.56822967529297,95682000,35.92342758178711,16172500,30.908039093017578,29068900,37.98875427246094,4512700,171.0500030517578,9177900,82.83628845214844,3627400,79.24014282226562,943800,14.149999618530273,0
2012-09-25,113.3489761352539,133165200,35.67226028442383,22290200,30.448928833007812,49642600,37.42847442626953,5153600,170.77000427246094,10365300,83.65447235107422,5893500,79.53401184082031,471900,15.430000305175781,0
2012-09-26,112.7118148803711,146502200,35.315338134765625,22161700,30.30824089050293,44745200,37.422691345214844,2693300,169.80999755859375,12064800,84.55387878417969,7193400,79.86466979980469,444600,16.809999465942383,0
2012-09-27,113.7737808227539,111830300,35.73836135864258,20720800,30.789554595947266,40566600,37.58442306518555,1542000,172.33999633789062,10539500,83.95201873779297,5147700,79.69566345214844,295400,14.84000015258789,0
2012-09-28,113.24674987792969,150696100,35.0311393737793,43265100,30.604442596435547,55360900,37.52666091918945,2903500,171.88999938964844,9681200,83.99931335449219,7173400,79.69566345214844,612500,15.729999542236328,0
2012-10-01,113.545654296875,135911200,35.315338134765625,18016800,30.908039093017578,40299700,37.24940872192383,5154300,172.2899932861328,10676400,84.31102752685547,4842600,79.8435287475586,1213500,16.31999969482422,0
2012-10-02,113.66365814208984,113422200,35.45415496826172,14274000,30.95245933532715,36829800,37.532440185546875,2511100,172.10000610351562,7053900,84.19581604003906,3540100,79.79203796386719,846500,15.710000038146973,0
2012-10-03,114.12773132324219,121283100,35.308738708496094,17416800,30.745128631591797,41571300,37.60752487182617,2928600,172.41000366210938,5647600,84.22296905517578,3800900,79.87297058105469,938000,15.430000305175781,0
2012-10-04,114.94574737548828,124311600,35.73836135864258,15963600,31.06353759765625,44450900,37.595970153808594,2258000,173.61000061035156,10376800,83.17267608642578,6214800,79.55661010742188,376700,14.550000190734863,0
2012-10-05,114.9536361694336,124842100,35.784629821777344,13420500,31.06353759765625,53557500,37.64217758178711,1636300,172.6199951171875,8871000,82.09519958496094,8340700,79.1960678100586,805200,14.329999923706055,0
2012-10-08,114.56034851074219,78415400,35.573123931884766,6656000,30.789554595947266,33006200,37.561317443847656,1825600,172.0500030517578,3749300,82.786376953125,1568400,79.45358276367188,403700,15.109999656677246,0
2012-10-09,113.42765045166016,148872900,35.057559967041016,15400300,30.56000518798828,44369700,37.422691345214844,2292200,170.99000549316406,7750700,82.6373291015625,4752700,79.2917251586914,387200,16.3700008392334,0
2012-10-10,112.70399475097656,124247500,34.95842742919922,13899400,30.37488555908203,51701800,37.5728645324707,1984800,170.83999633789062,7361300,83.2200927734375,5429800,79.4830322265625,318100,16.290000915527344,0
2012-10-11,112.76688385009766,123601500,35.18315887451172,13497700,30.656272888183594,41911800,37.54398727416992,1537800,171.32000732421875,5714900,83.79606628417969,5194100,79.55661010742188,1217500,15.59000015258789,0
2012-10-12,112.39720153808594,124181900,35.14350128173828,9295500,30.56000518798828,35969600,37.4111328125,1741200,170.05999755859375,8266000,84.006103515625,4934900,79.56397247314453,427900,16.139999389648438,0
2012-10-15,113.3332290649414,107689100,35.487186431884766,21186600,30.73771858215332,35889600,37.65950393676758,2209900,168.35000610351562,10704900,83.81641387939453,3036100,79.5860366821289,635000,15.270000457763672,0
2012-10-16,114.481689453125,108815500,36.075462341308594,19155600,31.056127548217773,54306500,37.89053726196289,2355800,169.4199981689453,6204000,82.6576156616211,5398700,79.21080017089844,585500,15.220000267028809,0
2012-10-17,115.0008773803711,128834100,36.41254806518555,15644700,31.30048942565918,58925200,37.786582946777344,2665300,169.5399932861328,5203400,81.89192199707031,6932500,78.71044921875,597300,15.069999694824219,0
2012-10-18,114.70193481445312,148108500,36.27374267578125,18096200,31.211645126342773,48731300,38.1735725402832,2155900,168.7899932861328,6607100,81.39046478271484,8558600,78.5707015991211,1157500,15.029999732971191,0
2012-10-19,112.79051208496094,185645200,35.784629821777344,19565700,30.73031997680664,49582400,37.85589599609375,2046100,166.97000122070312,13860400,82.49502563476562,7616700,78.90182495117188,808100,17.059999465942383,0
2012-10-22,112.80625915527344,125578600,36.03579330444336,14263400,31.026519775390625,42518400,37.665283203125,1642900,167.5800018310547,6366200,81.9664535522461,6910600,78.6369400024414,760000,16.6200008392334,0
2012-10-23,111.24089050292969,192056300,35.26247024536133,18033600,30.389680862426758,58436700,37.284061431884766,1976200,165.42999267578125,11892500,83.1387710571289,5760600,79.01212310791016,414600,18.829999923706055,0
2012-10-24,110.92623901367188,120179400,35.282291412353516,11683400,30.419307708740234,35063000,37.255184173583984,1701100,164.86000061035156,10794600,82.3188247680664,6824500,78.84294891357422,682400,18.329999923706055,0
2012-10-25,111.24879455566406,134457400,35.49380111694336,15728800,30.75253677368164,41000200,37.15121078491211,2028200,166.02000427246094,7013800,81.89865112304688,5292500,78.5559310913086,437300,18.1200008392334,0
2012-10-26,111.18583679199219,146023500,35.4409294128418,11745100,30.515575408935547,36208200,36.82775115966797,2320000,165.92999267578125,6441300,83.10491943359375,5889400,79.0562744140625,414800,17.809999465942383,0
2012-10-31,111.18583679199219,103438500,35.414493560791016,21750700,30.47115707397461,58457500,37.18586349487305,2616900,166.8300018310547,4681500,83.59274291992188,5025600,79.3800277709961,728100,18.600000381469727,0
2012-11-01,112.35000610351562,100995600,35.83088684082031,18856700,30.96727752685547,63484700,37.36494445800781,2311200,166.07000732421875,6018000,82.90835571289062,3659700,79.22160339355469,918300,16.690000534057617,0
2012-11-02,111.35100555419922,137702200,35.487186431884766,16524400,30.804367065429688,53942400,37.61330032348633,2587100,162.60000610351562,14763100,82.84736633300781,3527800,79.28793334960938,527200,17.59000015258789,0
2012-11-05,111.57917022705078,98378500,35.401275634765625,9714000,30.95245933532715,33477200,37.36494445800781,1633100,163.22999572753906,6156200,83.31495666503906,2935700,79.47945404052734,805400,18.420000076293945,0
2012-11-06,112.45221710205078,107068100,35.73836135864258,11045300,31.196823120117188,48097800,37.52666091918945,1415100,166.3000030517578,16051800,82.52889251708984,4484600,79.11845397949219,486000,17.579999923706055,0
2012-11-07,109.90367889404297,264304500,35.20297622680664,20992600,30.68589210510254,65258900,37.359153747558594,2476300,166.49000549316406,13195200,84.0264892578125,10071000,79.78153228759766,979800,19.079999923706055,0
2012-11-08,108.58219909667969,181517300,34.885719299316406,19833000,30.300838470458984,73473600,36.914390563964844,1793200,167.99000549316406,8829000,85.27326202392578,8579500,80.13520050048828,514700,18.489999771118164,0
2012-11-09,108.67658233642578,201055300,34.89894104003906,20872100,30.360076904296875,60594400,36.81620407104492,2400500,167.82000732421875,7361000,85.36815643310547,5036900,80.14253997802734,368200,18.610000610351562,0
2012-11-12,108.76309967041016,97677500,34.87248611450195,11864800,30.47115707397461,43640500,36.72956466674805,1182200,167.4499969482422,5647600,85.5104751586914,2072200,80.19413757324219,267900,16.68000030517578,0
2012-11-13,108.38551330566406,123018300,34.70064926147461,14507400,30.19716453552246,56929600,36.70069122314453,1648100,167.10000610351562,6463300,85.79508209228516,2863800,80.28990936279297,1608900,16.649999618530273,0
2012-11-14,106.92241668701172,191505000,34.33712387084961,20602900,29.73065948486328,65058700,36.013343811035156,2489400,167.13999938964844,8510500,85.87642669677734,4694600,80.31200408935547,1477300,17.920000076293945,0
2012-11-15,106.74153900146484,178128400,34.44948196411133,15479300,29.834335327148438,56282800,35.84584426879883,3151600,166.08999633789062,10023200,85.70698547363281,5549600,80.27515411376953,1448500,17.989999771118164,0
2012-11-16,107.26854705810547,239483900,34.42964553833008,18052300,29.923179626464844,55419900,36.065330505371094,2446300,165.8800048828125,6944000,85.6324462890625,4591100,80.3267593383789,578100,16.40999984741211,0
2012-11-19,109.43958282470703,151495800,35.17654037475586,15934900,30.448928833007812,60801400,36.51008224487305,2112300,167.8699951171875,6764500,85.15132904052734,3621600,80.16468811035156,712300,15.239999771118164,0
2012-11-20,109.48682403564453,119807400,35.22941970825195,13642300,30.389680862426758,49350300,36.781558990478516,2490200,167.38999938964844,5496100,84.2975082397461,4659300,79.8331298828125,970700,15.079999923706055,0
2012-11-21,109.6913070678711,81710800,35.288909912109375,10368200,30.330461502075195,49863200,36.7180290222168,1954000,167.55999755859375,3810700,84.25006103515625,2422800,79.71525573730469,291500,15.3100004196167,0
2012-11-23,111.18583679199219,65409200,36.04901885986328,8397700,30.826589584350586,38725400,36.98948669433594,921500,169.61000061035156,6110100,84.16877746582031,987200,79.6710433959961,466000,15.140000343322754,0
2012-11-26,110.94985961914062,100124400,35.96310043334961,13682100,30.826589584350586,38361700,37.06458282470703,3668600,169.42999267578125,5377700,84.56857299804688,2799000,79.80364990234375,1522400,15.5,0
2012-11-27,110.38348388671875,128646200,35.784629821777344,13987200,30.567415237426758,39719300,36.85665512084961,5494200,168.7100067138672,7314400,84.90060424804688,2544400,79.98785400390625,579100,15.920000076293945,0
2012-11-28,111.2723617553711,177086500,36.04240798950195,23549600,30.73771858215332,45433200,36.81044387817383,5931100,166.5500030517578,12880100,84.7785873413086,3569700,80.09097290039062,1057500,15.510000228881836,0
2012-11-29,111.79151916503906,151085900,36.353065490722656,19765500,30.959863662719727,60142000,37.01259994506836,3011100,167.17999267578125,7446800,84.79217529296875,2761000,80.1719970703125,814200,15.0600004196167,0
2012-11-30,111.81510925292969,136568300,36.39932632446289,23565800,30.9450626373291,60627600,37.08768844604492,3312300,166.0500030517578,8412300,84.5617446899414,3702300,80.15729522705078,557800,15.869999885559082,0
2012-12-03,111.26451873779297,124656300,36.445594787597656,22076600,30.930253982543945,47979700,37.23786544799805,3735500,166.1300048828125,6363400,84.63990020751953,5427800,80.12551879882812,750400,16.639999389648438,0
2012-12-04,111.10716247558594,127512200,36.53812789916992,18736900,31.019121170043945,48560100,37.295616149902344,2379700,164.4199981689453,10208900,85.12874603271484,2586300,80.26570892333984,479300,17.1200008392334,0
2012-12-05,111.30382537841797,147300500,36.59101867675781,22117800,31.35232925415039,60792500,37.18010330200195,2487100,164.1199951171875,10646800,85.08802795410156,1978200,80.33210754394531,505500,16.459999084472656,0
2012-12-06,111.68138122558594,103220600,36.663719177246094,12963300,31.589292526245117,45175200,37.52666091918945,2335500,164.5,7301600,85.27129364013672,2301200,80.37637329101562,443700,16.579999923706055,0
2012-12-07,112.0196533203125,108726400,36.67692947387695,11949100,31.685556411743164,33920200,37.665283203125,2812900,165.16000366210938,7289500,84.48370361328125,4020900,80.14769744873047,515700,15.899999618530273,0
2012-12-10,112.06680297851562,98840700,36.716590881347656,17617400,31.863271713256836,52020900,37.64795684814453,1934200,165.8000030517578,4646600,84.8571548461914,2134300,80.2214126586914,707500,16.049999237060547,0
2012-12-11,112.82984924316406,152570400,36.9281005859375,15684400,32.026180267333984,55722500,37.7403564453125,2086900,165.64999389648438,4724000,84.21211242675781,3777900,80.06653594970703,734300,15.569999694824219,0
2012-12-12,112.88488006591797,145880100,37.04706954956055,18266500,32.122440338134766,57451400,37.636409759521484,2335300,165.77000427246094,14164700,83.2343978881836,7119700,79.72722625732422,1165600,15.949999809265137,0
2012-12-13,112.19269561767578,135715000,36.934715270996094,13693600,31.981752395629883,55617900,37.34760284423828,2614500,164.3699951171875,9332800,83.29554748535156,6381500,79.57235717773438,862900,16.559999465942383,0
2012-12-14,111.77584075927734,137701700,37.0669059753418,18514600,32.122440338134766,39422900,37.341819763183594,2544500,164.1300048828125,5351700,83.9201431274414,3832800,79.74932861328125,380700,17.0,0
2012-12-17,113.08941650390625,143238200,37.21891784667969,22550700,32.203895568847656,55647600,37.538204193115234,2315800,164.44000244140625,8173300,82.66405487060547,6870000,79.32890319824219,660100,16.34000015258789,0
2012-12-18,114.34793853759766,177762800,37.60647964477539,24270800,32.428871154785156,61649000,37.925201416015625,2532300,162.0800018310547,23995000,81.82217407226562,12024200,79.01905059814453,846400,15.569999694824219,0
2012-12-19,113.49844360351562,150895400,37.74012756347656,19356300,32.41397476196289,50249100,37.87321472167969,3408800,161.69000244140625,12991600,82.09374237060547,4880500,79.12969207763672,675300,17.360000610351562,0
2012-12-20,114.15129089355469,168487000,37.9940299987793,18545600,32.607669830322266,57106100,38.369964599609375,2695600,159.72999572753906,25148400,82.10731506347656,4567900,79.18135070800781,377100,17.670000076293945,0
2012-12-21,113.11517333984375,245883800,37.760169982910156,22418300,32.23517608642578,66038300,38.30642318725586,2252500,160.3300018310547,13445400,83.00354766845703,6087700,79.39524841308594,499200,17.84000015258789,0
2012-12-24,112.76657104492188,53874600,37.659934997558594,7699100,32.168128967285156,18908100,38.35727310180664,1802600,160.6199951171875,3699400,82.85419464111328,1071100,79.31417083740234,903400,17.84000015258789,0
2012-12-26,112.29131317138672,106947700,37.653255462646484,11718000,32.264984130859375,25381900,38.176048278808594,1724100,160.77999877929688,4961800,83.15220642089844,2247800,79.47737121582031,780000,19.479999542236328,0
2012-12-27,112.14075469970703,167920600,37.82699966430664,14207500,32.44681167602539,41600600,38.31636047363281,2305800,161.16000366210938,8937700,83.43119049072266,4262700,79.6398696899414,446700,19.469999313354492,0
2012-12-28,110.92871856689453,148806700,37.42606735229492,18734500,32.566062927246094,42093300,38.06496810913086,1990300,160.5399932861328,6852900,83.90757751464844,3928200,79.82451629638672,552200,22.719999313354492,0
2012-12-31,112.81412506103516,243935200,37.9940299987793,22820800,33.05044174194336,49353800,38.468360900878906,3718700,162.02000427246094,11786200,82.45817565917969,6423000,79.40351867675781,1742800,18.020000457763672,0
2013-01-02,115.70557403564453,192059000,38.58205795288086,26056300,33.69878387451172,101185100,38.94776153564453,5286400,163.1699981689453,10431800,81.35582733154297,7472700,79.04154968261719,2561300,14.680000305175781,0
2013-01-03,115.44416809082031,144761800,38.20787048339844,23239700,33.4603157043457,66217800,38.94190979003906,3571000,161.1999969482422,16117500,80.25347137451172,10004300,78.63526153564453,2131900,14.5600004196167,0
2013-01-04,115.9511489868164,116817700,38.40165328979492,15522200,33.527381896972656,51087000,39.12313461303711,2338700,160.44000244140625,19179800,80.56645965576172,9574600,78.6722183227539,975400,13.829999923706055,0
2013-01-07,115.63429260253906,110002500,38.234588623046875,14102600,33.27401351928711,50598800,39.21083450317383,2243600,159.42999267578125,9361800,80.60049438476562,4193100,78.71654510498047,1387400,13.789999961853027,0
2013-01-08,115.3015365600586,121265100,38.02077102661133,15592300,32.975914001464844,48456800,39.13483428955078,1533700,160.55999755859375,7694800,81.13126373291016,4380900,78.90853881835938,364200,13.619999885559082,0
2013-01-09,115.5947036743164,90745600,38.21455001831055,12779400,33.11750793457031,38511200,39.245914459228516,2134400,160.49000549316406,8334200,81.056396484375,3870300,78.95289611816406,517700,13.8100004196167,0
2013-01-10,116.51360321044922,130735400,38.70233917236328,17718600,33.40814208984375,44170700,39.286834716796875,2824100,161.97999572753906,11432600,80.83184051513672,5602800,78.723876953125,689100,13.489999771118164,0
2013-01-11,116.50570678710938,113917300,38.78252410888672,12624700,33.13986587524414,54701600,39.26344680786133,2022000,161.05999755859375,13675600,81.55316162109375,4770700,78.9750747680664,553900,13.359999656677246,0
2013-01-14,116.42645263671875,89567200,38.82929229736328,9980400,33.28145980834961,63801400,39.37453079223633,1787200,161.5399932861328,7289000,81.32856750488281,3064600,78.94554138183594,971700,13.520000457763672,0
2013-01-15,116.50570678710938,93172600,38.76915740966797,12534000,33.13986587524414,55408900,39.561614990234375,2101400,162.55999755859375,10077800,81.70284271240234,5357800,79.13756561279297,428800,13.550000190734863,0
2013-01-16,116.48985290527344,104849500,38.58205795288086,12907000,33.11005783081055,32090000,39.514835357666016,2384800,162.64999389648438,9214700,81.87300109863281,4286100,79.24102020263672,534000,13.420000076293945,0
2013-01-17,117.24239349365234,133833500,38.896114349365234,14936200,33.29636764526367,39873100,39.63762283325195,2421900,163.35000610351562,14911400,81.056396484375,7019200,78.87906646728516,436100,13.569999694824219,0
2013-01-18,117.50381469726562,169906000,38.85601806640625,18844000,33.370887756347656,51709600,39.807159423828125,2277500,163.08999633789062,10038100,81.68246459960938,4660000,79.10066986083984,560100,12.460000038146973,0
2013-01-22,118.13754272460938,111797300,38.876068115234375,12090100,33.3187141418457,46493900,40.01177215576172,2187400,163.6699981689453,8587900,81.83892059326172,3874100,79.16712951660156,595400,12.430000305175781,0
2013-01-23,118.3276596069336,104596100,38.835975646972656,10139900,33.13986587524414,32607900,40.00007629394531,2383100,163.2100067138672,6697000,81.71647644042969,2848800,79.20409393310547,603600,12.460000038146973,0
2013-01-24,118.35935974121094,146426400,39.02307891845703,13640100,33.02063751220703,38920500,40.08191680908203,2346200,161.4199981689453,13188300,81.43063354492188,4178900,79.07109832763672,376300,12.6899995803833,0
2013-01-25,119.02481079101562,147211600,39.44404220581055,16643500,32.90884780883789,52779500,40.3099250793457,2095600,160.64999389648438,9037400,80.31470489501953,8750700,78.546630859375,570600,12.890000343322754,0
2013-01-28,118.8822250366211,113357700,39.25026321411133,14802900,32.67782974243164,56862100,40.41517639160156,3364700,160.2899932861328,8491600,80.0221176147461,6059900,78.38407135009766,1328000,13.569999694824219,0
2013-01-29,119.34954833984375,105694400,39.517547607421875,13403300,33.04299545288086,46274900,40.53208923339844,2343700,160.99000549316406,7364900,79.579833984375,5553900,78.265869140625,480600,13.3100004196167,0
2013-01-30,118.8822250366211,137447700,39.55763626098633,18943400,32.88650131225586,47812800,40.14622497558594,1872600,162.19000244140625,12010000,79.44373321533203,9586800,78.31028747558594,453200,14.319999694824219,0
2013-01-31,118.5890884399414,108975800,39.4106330871582,22252200,32.95356369018555,51081600,39.90652847290039,2186400,161.1999969482422,9334000,79.83158874511719,6789200,78.37673950195312,902500,14.279999732971191,0
2013-02-01,119.80907440185547,131173000,39.72468566894531,19989200,33.16967010498047,50348500,40.1403923034668,3376600,161.4499969482422,12904300,78.79498291015625,10928600,78.11046600341797,2587800,12.899999618530273,0
2013-02-04,118.46234893798828,159073600,39.00971221923828,18125200,32.72999954223633,48193600,40.04682540893555,2827500,162.0,7354900,79.8043212890625,9291900,78.56161499023438,693400,14.670000076293945,0
2013-02-05,119.65853881835938,113912400,39.190120697021484,15418900,32.76726531982422,41440100,39.953311920166016,2401200,161.9600067138672,8979400,79.0950698852539,6676500,78.28053283691406,797700,13.720000267028809,0
2013-02-06,119.74568939208984,138762800,39.18343734741211,26336000,32.72999954223633,52411700,40.093631744384766,8277600,162.38999938964844,6138700,79.74291229248047,5892000,78.51728057861328,816800,13.40999984741211,0
2013-02-07,119.58727264404297,162490000,38.862693786621094,21947700,32.439361572265625,47884300,39.924095153808594,1793400,161.83999633789062,12827200,79.56563568115234,5951700,78.55419158935547,970000,13.5,0
2013-02-08,120.2527084350586,103133700,39.10993576049805,18326200,32.67782974243164,36378000,40.29239273071289,2799900,161.57000732421875,6085900,79.87251281738281,5603400,78.61338806152344,952800,13.020000457763672,0
2013-02-11,120.22892761230469,73775000,39.069847106933594,12677200,32.662933349609375,25661600,40.35085678100586,2177700,159.6999969482422,12083500,79.8111343383789,3679900,78.53205108642578,558800,12.9399995803833,0
2013-02-12,120.42698669433594,65392700,39.26362609863281,11534200,32.752357482910156,40661300,40.654869079589844,2357700,159.88999938964844,7632300,79.61335754394531,4513700,78.45068359375,531500,12.640000343322754,0
2013-02-13,120.52992248535156,82322600,39.357177734375,8955200,32.91630172729492,32068400,40.631473541259766,2525900,159.0500030517578,8961300,78.96546173095703,6586400,78.17700958251953,610700,12.979999542236328,0
2013-02-14,120.64081573486328,80834300,39.143348693847656,10409900,32.90139389038086,28975200,40.46194839477539,2169200,158.35000610351562,12410200,79.68156433105469,7096000,78.50987243652344,988000,12.65999984741211,0
2013-02-15,120.4982681274414,215226500,39.043121337890625,12095000,32.78216552734375,42285100,40.47947692871094,1504200,155.75999450683594,23374100,79.44966888427734,5861800,78.4359359741211,681700,12.460000038146973,0
2013-02-19,121.40133666992188,95105400,39.504180908203125,20173800,32.8492431640625,55626600,40.8010139465332,1673700,155.3300018310547,11803900,79.05413055419922,7383600,78.31014251708984,498800,12.3100004196167,0
2013-02-20,119.88827514648438,160574800,39.11662673950195,17523500,32.558597564697266,47496700,40.537940979003906,1764500,151.44000244140625,30924000,79.29283142089844,9603900,78.48029327392578,869900,14.680000305175781,0
2013-02-21,119.15949249267578,183257000,38.52859878540039,34195200,32.1114616394043,78468500,40.23393249511719,2185700,152.6199951171875,17964800,79.756591796875,8297400,78.63561248779297,681000,15.220000267028809,0
2013-02-22,120.32398223876953,106356600,39.083213806152344,23364000,32.253047943115234,73001800,40.63731002807617,1941400,152.97000122070312,10093200,79.8111343383789,5316900,78.73180389404297,412800,14.170000076293945,0
2013-02-25,118.03456115722656,245824800,38.14772033691406,40205000,31.820837020874023,81527900,39.8656120300293,2550400,154.33999633789062,9488200,81.37964630126953,15948700,79.33828735351562,2909000,18.989999771118164,0
2013-02-26,118.84259033203125,186596200,38.45509338378906,25416500,31.999691009521484,69633700,40.1403923034668,2382800,156.22000122070312,18182300,80.90910339355469,9822100,79.19035339355469,860900,16.8700008392334,0
2013-02-27,120.3398208618164,150781900,38.942893981933594,16819600,32.349937438964844,45986600,40.432716369628906,1551400,154.57000732421875,9596100,80.67044830322266,7459600,79.15338897705078,398800,14.729999542236328,0
2013-02-28,120.10213470458984,126866000,38.90279769897461,17815100,32.20089340209961,43961100,40.39179229736328,4566400,153.0,14864400,80.82044219970703,6023400,79.26432800292969,534400,15.510000228881836,0
2013-03-01,120.4982681274414,170634800,38.82261657714844,18241800,32.27541732788086,52273200,40.526241302490234,3862400,152.44000244140625,11178800,81.26057434082031,7786800,79.46208190917969,876500,15.359999656677246,0
2013-03-04,121.13995361328125,99010200,38.98965835571289,14580300,31.969879150390625,43730400,40.83024978637695,3141000,152.3000030517578,6643800,80.83000183105469,4511400,79.2769546508789,572600,14.010000228881836,0
2013-03-05,122.22522735595703,121431900,39.37721633911133,16168000,32.35738754272461,49300100,41.15178298950195,2835800,152.3800048828125,10804200,80.59764099121094,6539300,79.1954574584961,224700,13.479999542236328,0
2013-03-06,122.39154052734375,94469900,39.47745895385742,17189600,32.51388168334961,42439500,41.02901840209961,3021800,153.22999572753906,10856000,79.8663558959961,6514900,78.94367980957031,1091700,13.529999732971191,0
2013-03-07,122.61336517333984,86101400,39.591041564941406,11797900,32.603309631347656,44079200,40.836097717285156,1923300,152.69000244140625,6586700,79.25130462646484,8526700,78.64006805419922,804500,13.0600004196167,0
2013-03-08,123.13623809814453,123477800,39.67790985107422,23305900,32.88650131225586,61841100,40.90625762939453,2473300,152.7100067138672,11859500,78.42428588867188,15423600,78.24014282226562,1651900,12.59000015258789,0
2013-03-11,123.60356903076172,83746800,39.79819107055664,10873200,32.707637786865234,44046200,40.94132995605469,1712600,152.99000549316406,4810700,78.49949645996094,5815800,78.27720642089844,1465800,11.5600004196167,0
2013-03-12,123.32633209228516,105755800,39.59772872924805,16015600,32.33502960205078,50934700,40.78932571411133,2190100,154.19000244140625,7265700,79.06674194335938,9264200,78.4919204711914,525300,12.270000457763672,0
2013-03-13,123.50061798095703,92550900,39.53759765625,20517900,32.029483795166016,80500000,40.83024978637695,1785000,153.66000366210938,7436400,78.9847412109375,7371500,78.4252700805664,1116500,11.829999923706055,0
2013-03-14,124.15814208984375,126329900,39.92515182495117,12158300,32.163639068603516,40119600,41.08747863769531,2647700,153.67999267578125,11410400,78.7455062866211,9352100,78.4474868774414,557400,11.300000190734863,0
2013-03-15,123.99420166015625,138601100,40.005332946777344,18191100,31.87299346923828,61240400,41.181034088134766,2243800,154.0,5701300,79.11459350585938,9673400,78.72148895263672,1184700,11.300000190734863,0
2013-03-18,123.30987548828125,126704300,39.56431579589844,25132800,31.515289306640625,69344000,40.95301818847656,2398300,155.3800048828125,9302400,79.71601104736328,9152200,78.98072052001953,1442000,13.359999656677246,0
2013-03-19,123.02349853515625,167567300,39.44404220581055,25745200,31.291723251342773,81729400,40.75424575805664,3055200,156.0800018310547,11023400,80.25590515136719,11986200,79.22501373291016,545300,14.390000343322754,0
2013-03-20,123.88277435302734,113759300,39.684593200683594,16134800,31.470577239990234,53647100,40.88286209106445,3110100,155.3699951171875,8221500,79.36056518554688,8543900,78.92143249511719,742800,12.670000076293945,0
2013-03-21,122.82447052001953,128605000,39.32376480102539,18106800,31.1501407623291,50647800,40.760093688964844,1723800,156.25,4992000,80.12603759765625,6119400,79.12879180908203,669700,13.989999771118164,0
2013-03-22,123.8111572265625,111163600,39.6645393371582,18090400,31.269371032714844,41763400,40.974552154541016,3143500,155.5500030517578,4746300,80.18756866455078,6323800,79.158447265625,297000,13.569999694824219,0
2013-03-25,123.2939453125,151322300,39.17007064819336,31933000,31.23955726623535,46751300,40.98042678833008,2676500,155.24000549316406,6819100,80.11243438720703,5839800,79.2176742553711,319500,13.739999771118164,0
2013-03-26,124.28067016601562,86856600,39.41730880737305,15040700,31.686695098876953,55547100,41.33391571044922,1722600,154.72000122070312,7388700,80.20804595947266,5093200,79.29915618896484,546300,12.770000457763672,0
2013-03-27,124.28067016601562,99950600,39.22353744506836,14990300,31.805923461914062,42991800,41.41048812866211,2463100,155.36000061035156,6717000,80.89149475097656,7742900,79.63980102539062,623700,13.149999618530273,0
2013-03-28,124.66254425048828,102932800,39.4106330871582,28690100,31.87299346923828,43219200,41.5518798828125,2632300,154.4499969482422,6851200,80.48147583007812,5826400,79.49166107177734,378400,12.699999809265137,0
2013-04-01,124.16927337646484,99194100,38.88275146484375,24852900,31.530200958251953,48386600,41.67561721801758,2501200,154.6699981689453,4288100,81.08758544921875,6113800,79.70307159423828,2471100,13.579999923706055,0
2013-04-02,124.78196716308594,101504300,39.29703903198242,19636600,31.545108795166016,39392900,41.80522537231445,2546100,152.42999267578125,9398300,80.75885772705078,5438000,79.54730224609375,984900,12.779999732971191,0
2013-04-03,123.51679229736328,154167400,39.10326385498047,16961000,31.1724853515625,66774600,41.65793991088867,2215900,150.72999572753906,15740800,81.48482513427734,9527400,79.88097381591797,1234000,14.210000038146973,0
2013-04-04,124.01805877685547,131885000,39.450721740722656,14924900,31.083070755004883,72963600,42.33544921875,1905200,150.2899932861328,12429000,82.45748901367188,9365700,80.19987487792969,584800,13.890000343322754,0
2013-04-05,123.46106719970703,159666000,39.27030944824219,18160400,31.0085391998291,93360600,42.56521224975586,2288300,152.80999755859375,14491800,84.12175750732422,18626200,80.4520034790039,663800,13.920000076293945,0
2013-04-08,124.29653930664062,86571200,39.423988342285156,17117700,31.060710906982422,46406900,42.90690612792969,1773500,152.16000366210938,6246000,83.47798156738281,8020300,80.19241333007812,858200,13.1899995803833,0
2013-04-09,124.72626495361328,101922200,39.56431579589844,17406300,31.366247177124023,77324700,42.912803649902344,2537900,153.33999633789062,7042200,83.27250671386719,7176100,80.22211456298828,507800,12.84000015258789,0
2013-04-10,126.25406646728516,135711100,40.152339935302734,18195500,31.664337158203125,49605200,43.17791748046875,2088000,150.75,18507400,82.12866973876953,10765200,79.8884506225586,340900,12.359999656677246,0
2013-04-11,126.66780853271484,110142500,40.46639633178711,19865300,31.694149017333984,46004700,43.43124008178711,2425000,151.0500030517578,8063200,82.2862319946289,7501800,79.97740936279297,1132200,12.239999771118164,0
2013-04-12,126.35746765136719,116359900,40.36616516113281,16777400,31.209749221801758,109321200,43.53729248046875,1618800,143.9499969482422,55601800,83.51225280761719,9253000,80.42237091064453,827700,12.0600004196167,0
2013-04-15,123.4292221069336,217259000,39.57099914550781,22699900,30.449626922607422,69582100,42.63591384887695,3345500,131.30999755859375,93804200,84.23822021484375,12948400,80.6003189086914,587300,17.270000457763672,0
2013-04-16,125.25140380859375,147507800,40.132293701171875,14675700,31.075620651245117,51188300,43.342872619628906,3296300,132.8000030517578,45650800,83.5465087890625,6553500,80.37037658691406,1226700,13.960000038146973,0
2013-04-17,123.42127990722656,226834800,39.29703903198242,30730800,30.58376693725586,87858500,42.88336181640625,3039700,132.8699951171875,25444100,84.10126495361328,9020900,80.51873779296875,988300,16.510000228881836,0
2013-04-18,122.64949035644531,167583200,39.1767578125,19211400,30.58376693725586,47811900,42.818538665771484,2616900,134.3000030517578,20040500,84.30670166015625,7009500,80.56324005126953,705600,17.559999465942383,0
2013-04-19,123.7156982421875,149687600,39.490814208984375,24725900,31.030899047851562,50232400,43.47837829589844,1621200,135.47000122070312,15659300,84.12864685058594,5474300,80.51873779296875,750500,14.970000267028809,0
2013-04-22,124.2647476196289,106553500,39.65786361694336,16899700,31.179943084716797,33583200,43.41946029663086,2638500,137.89999389648438,16568500,84.19029235839844,4519400,80.56324005126953,379900,14.390000343322754,0
2013-04-23,125.54582977294922,166141300,40.219154357910156,21257700,31.328983306884766,64692700,43.6610107421875,3312300,136.8800048828125,14644900,83.895751953125,8042900,80.51133728027344,449800,13.479999542236328,0
2013-04-24,125.62542724609375,96781200,40.56662368774414,18269400,31.515289306640625,51542700,43.75526809692383,1750700,138.3699951171875,10369300,84.10810852050781,3673600,80.54839324951172,279400,13.609999656677246,0
2013-04-25,126.1346664428711,131060600,40.78044509887695,20079200,31.798473358154297,41501800,43.60798263549805,2981700,141.6300048828125,18886900,83.7451171875,4297800,80.45940399169922,293300,13.619999885559082,0
2013-04-26,125.91185760498047,95918800,40.813865661621094,13910200,31.47803497314453,51739700,43.466590881347656,2601000,140.91000366210938,19307800,84.51219940185547,4898800,80.74861907958984,433300,13.609999656677246,0
2013-04-29,126.75527954101562,88572800,41.33505630493164,14721000,31.805923461914062,43874800,43.83774948120117,1889800,142.3000030517578,11004500,84.20397186279297,4916000,80.7189712524414,810000,13.710000038146973,0
2013-04-30,127.05765533447266,116010700,41.38850402832031,22261300,32.2605094909668,80948900,44.350311279296875,2439700,142.77000427246094,11284400,84.25196075439453,4477400,80.70411682128906,752700,13.520000457763672,0
2013-05-01,125.94364929199219,138874200,41.14128494262695,19104600,31.910263061523438,64532800,43.9968147277832,6260100,141.11000061035156,13931100,85.11746215820312,10724600,80.96770477294922,803600,14.489999771118164,0
2013-05-02,127.11334228515625,96407600,41.26823425292969,18247200,32.163639068603516,46989800,44.285499572753906,2590600,141.9199981689453,11502200,85.00764465332031,4171800,80.96770477294922,921300,13.59000015258789,0
2013-05-03,128.40237426757812,144202300,41.79611587524414,19161200,32.43191146850586,57682900,44.46223068237305,2878800,142.08999633789062,11667100,83.00342559814453,11283600,80.2771987915039,879500,12.850000381469727,0
2013-05-06,128.7286376953125,66882100,41.74265670776367,7583700,32.476619720458984,31402200,44.69199752807617,2427700,142.14999389648438,7730300,82.79747009277344,5121900,80.17327880859375,434000,12.65999984741211,0
2013-05-07,129.3811492919922,90359200,41.809486389160156,15724500,32.707637786865234,38932900,44.93943786621094,2442800,140.3800048828125,13627400,82.47490692138672,5049200,80.06189727783203,544000,12.829999923706055,0
2013-05-08,129.9699249267578,97419200,42.25050735473633,17768200,32.96101379394531,47973100,44.962989807128906,2703100,142.4600067138672,11161100,82.60530853271484,5732900,80.15840911865234,1114400,12.65999984741211,0
2013-05-09,129.60391235351562,106738600,41.842891693115234,16372400,32.72254180908203,40290500,44.668426513671875,2255800,140.80999755859375,8263000,82.39258575439453,7527000,80.14356231689453,587300,13.130000114440918,0
2013-05-10,130.02561950683594,103203000,41.8896598815918,15403400,32.469173431396484,44867100,44.8333854675293,1706300,139.60000610351562,14650600,81.50711822509766,11689000,79.69070434570312,529700,12.59000015258789,0
2013-05-13,130.12905883789062,81843200,41.86961364746094,11911400,32.171077728271484,51315300,45.04548263549805,2114100,138.42999267578125,6714100,80.88250732421875,8050800,79.54957580566406,417600,12.550000190734863,0
2013-05-14,131.47381591796875,119000900,41.949806213378906,26158800,32.32011795043945,39457200,45.210453033447266,2081600,137.80999755859375,9895700,80.00393676757812,9236100,79.2303237915039,876900,12.770000457763672,0
2013-05-15,132.1819610595703,120718500,42.13022232055664,15961600,32.32758331298828,54677500,45.65818405151367,2836800,134.6300048828125,19062400,80.53935241699219,14608600,79.43818664550781,768200,12.8100004196167,0
2013-05-16,131.5613555908203,109913600,41.842891693115234,16669100,32.21580123901367,34833500,45.42252731323242,2485200,134.08999633789062,12759200,81.3767318725586,8458400,79.81684112548828,697900,13.069999694824219,0
2013-05-17,132.8344268798828,129801000,42.13022232055664,12925700,32.35738754272461,37786100,45.67585372924805,1717700,131.07000732421875,20346500,80.34715270996094,7435500,79.38626861572266,365800,12.449999809265137,0
2013-05-20,132.82647705078125,85071200,42.36409378051758,16117200,32.439361572265625,33022100,45.78190231323242,2534100,135.1199951171875,21594000,80.25102996826172,5839800,79.32683563232422,1440000,13.020000457763672,0
2013-05-21,133.01748657226562,95804200,42.45095443725586,15283700,32.37229537963867,39757800,46.04113006591797,2321300,132.8800048828125,14542500,80.88250732421875,7781800,79.53472900390625,530600,13.369999885559082,0
2013-05-22,132.03079223632812,244031800,42.0233039855957,21713500,32.01458740234375,95248900,44.92176055908203,5514100,131.94000244140625,25975200,79.68138122558594,18361500,78.90361022949219,1797400,13.819999694824219,0
2013-05-23,131.6488800048828,211064400,41.42192077636719,27055200,31.776123046875,84326400,44.07929611206055,5071800,134.61000061035156,10267600,80.05887603759766,9207100,78.98529815673828,950100,14.069999694824219,0
2013-05-24,131.53746032714844,151573900,41.061092376708984,19956800,31.50037956237793,70236100,43.96735763549805,3020000,133.75999450683594,5522600,80.16870880126953,5357600,79.01500701904297,349800,13.989999771118164,0
2013-05-28,132.32518005371094,143679800,41.168006896972656,20275800,31.671789169311523,51418200,43.590301513671875,3666200,133.49000549316406,12466400,78.13703918457031,13567500,78.08689880371094,1157000,14.479999542236328,0
2013-05-29,131.4658660888672,160363400,40.77376937866211,18099400,31.269371032714844,71460900,42.665367126464844,5983200,134.8300018310547,8762200,79.0156021118164,11298600,78.40617370605469,1588400,14.829999923706055,0
2013-05-30,131.951171875,107793800,40.93412399291992,27382900,31.269371032714844,57619400,42.264747619628906,3753500,136.6999969482422,8611700,78.82341766357422,10011800,78.41364288330078,578000,14.529999732971191,0
2013-05-31,130.0574493408203,176850100,40.138980865478516,36549400,30.7030086517334,109498200,41.69917297363281,6474200,133.9199981689453,9726600,78.55565643310547,18158800,78.1982192993164,1639400,16.299999237060547,0
2013-06-03,130.77362060546875,168390700,40.292667388916016,30340700,31.157583236694336,103868200,41.93482971191406,6934600,136.50999450683594,9173000,78.9719467163086,15564500,78.31128692626953,3269200,16.280000686645508,0
2013-06-04,130.14500427246094,157631500,40.439666748046875,17024400,30.77751922607422,61790500,41.35158920288086,4116400,135.22999572753906,5505200,78.24268341064453,7504300,78.11053466796875,1235100,16.270000457763672,0
2013-06-05,128.3228302001953,211737800,39.53759765625,28821600,30.226064682006836,88096500,41.0098991394043,4197000,135.52000427246094,7444900,79.32290649414062,8056100,78.48969268798828,1298900,17.5,0
2013-06-06,129.48455810546875,200225500,39.758094787597656,24386900,30.479440689086914,79388500,41.66971969604492,5111000,136.52999877929688,9847700,79.27474975585938,8925200,78.58638000488281,2471900,16.6299991607666,0
2013-06-07,131.13162231445312,188337800,40.292667388916016,19245200,30.32293701171875,83416900,41.67561721801758,3588900,133.27999877929688,11054400,77.85739135742188,10459300,77.97673034667969,652300,15.140000343322754,0
2013-06-10,131.13162231445312,105667100,40.33275604248047,14559800,29.91307258605957,94653100,41.31623458862305,3347500,133.94000244140625,6142800,77.4858169555664,7892600,77.78338623046875,694600,15.4399995803833,0
2013-06-11,129.77894592285156,159505400,39.83828353881836,16619000,29.34671401977539,91969100,40.70354080200195,4747000,133.25,7199300,78.40779876708984,12841200,77.97673034667969,756100,17.06999969482422,0
2013-06-12,128.7047576904297,177361500,39.79150390625,14378100,29.145496368408203,110462700,40.14973831176758,3558600,134.25,6550600,77.28630065917969,10193200,77.62723541259766,528700,18.59000015258789,0
2013-06-13,130.66224670410156,163587800,40.399574279785156,20158400,29.764028549194336,109955800,41.19252014160156,4603500,133.74000549316406,7161800,78.49726104736328,12506300,78.21463775634766,1180100,16.40999984741211,0
2013-06-14,129.8426055908203,141197500,39.958553314208984,17334200,29.294538497924805,101834900,41.345699310302734,3547000,134.42999267578125,4278700,78.31153869628906,6679100,78.31871032714844,599700,17.149999618530273,0
2013-06-17,130.84524536132812,136295600,40.53321075439453,17560400,29.562820434570312,59802800,41.46352005004883,4148100,133.77000427246094,4072300,77.89865112304688,5982100,78.13278198242188,478400,16.799999237060547,0
2013-06-18,131.8795928955078,114695600,40.8205451965332,13168500,29.68950843811035,57237000,41.67561721801758,4303700,132.1300048828125,7379300,77.93991088867188,5192700,78.08820343017578,429000,16.610000610351562,0
2013-06-19,130.0574493408203,206149500,40.05878448486328,33232800,28.77288818359375,106460000,40.397186279296875,4929600,130.58999633789062,13017800,77.13494873046875,17138200,77.01759338378906,1281500,16.639999389648438,0
2013-06-20,126.8348388671875,321255900,38.5887451171875,40517100,27.483661651611328,151378100,38.718143463134766,8148100,123.5999984741211,28872100,75.86896514892578,27898500,76.66816711425781,1982500,20.489999771118164,0
2013-06-21,127.24205780029297,271956800,38.715694427490234,30474300,27.878625869750977,122377400,39.24246597290039,7812200,125.05000305175781,16600000,74.58233642578125,19781000,75.85777282714844,1777200,18.899999618530273,0
2013-06-24,125.6341781616211,222329000,38.10763168334961,24351500,27.312265396118164,105810400,39.06464385986328,8414700,123.93000030517578,12749300,74.89192962646484,24588900,75.67189025878906,2731500,20.110000610351562,0
2013-06-25,126.84209442138672,162262200,38.59541702270508,24494900,27.893537521362305,81147700,39.7188835144043,11383300,123.47000122070312,9369200,74.22454833984375,11078000,75.58267974853516,772000,18.469999313354492,0
2013-06-26,128.097900390625,134848000,38.74911117553711,27142000,28.333209991455078,79737000,40.319610595703125,6721700,118.27999877929688,24748800,74.70624542236328,13582200,75.88745880126953,1015300,17.209999084472656,0
2013-06-27,128.8498077392578,129483700,39.13906478881836,17753800,28.9017333984375,95787800,41.128482818603516,5114900,115.94000244140625,30001900,75.46994018554688,12026000,76.29637145996094,949000,16.860000610351562,0
2013-06-28,128.32186889648438,160402900,39.0640754699707,31174100,29.067827224731445,92251600,40.872737884521484,6234200,119.11000061035156,32981900,75.98588562011719,12017000,76.20718383789062,1017700,16.860000610351562,0
2013-07-01,129.07376098632812,131954800,39.43222427368164,15315900,29.158435821533203,64188900,40.783538818359375,3141000,121.12999725341797,15945200,76.13902282714844,5500400,76.23625183105469,1127100,16.3700008392334,0
2013-07-02,128.95387268066406,154863700,39.23450469970703,13492800,28.63748550415039,91594600,41.40804672241211,3707600,120.05000305175781,10550300,76.09071350097656,5333900,76.26602935791016,385400,16.440000534057617,0
2013-07-03,129.00982666015625,75216400,39.24815368652344,11748500,28.37322998046875,51565400,41.13444519042969,2446400,120.73999786376953,6750300,75.86316680908203,3839000,76.11714935302734,1233200,16.200000762939453,0
2013-07-05,130.4016571044922,122416900,39.43222427368164,10197800,28.192020416259766,94284700,40.93815994262695,2506100,118.08999633789062,11592500,73.27716827392578,14511900,74.83656311035156,924100,14.890000343322754,0
2013-07-08,131.14556884765625,108092500,39.67764663696289,11993200,28.22977638244629,63868900,40.979793548583984,2918000,119.51000213623047,8652200,73.98748779296875,8044200,75.27587127685547,1137200,14.779999732971191,0
2013-07-09,132.0895233154297,119298000,39.89581298828125,11624200,28.5997257232666,68925700,41.56267166137695,1955900,120.62000274658203,8201400,74.0633316040039,4700400,75.40238952636719,558400,14.350000381469727,0
2013-07-10,132.13748168945312,121410100,40.0117073059082,16162300,28.327932357788086,72780900,41.58052444458008,3267800,120.94999694824219,14697100,73.4839859008789,10792200,75.13441467285156,1005500,14.210000038146973,0
2013-07-11,133.9373016357422,135592200,41.0479621887207,20284600,29.717140197753906,99047500,42.58567810058594,3844300,124.23999786376953,11279400,74.34605407714844,10035500,75.88634490966797,818700,14.010000228881836,0
2013-07-12,133.9932861328125,104212700,40.77526092529297,15189800,29.400035858154297,48446100,42.323978424072266,3398200,124.12999725341797,6583800,74.28398895263672,4730800,75.82674407958984,1919500,13.84000015258789,0
2013-07-15,134.50521850585938,69450600,41.02750015258789,17063200,29.702043533325195,78940600,42.502410888671875,2942200,124.18000030517578,4133200,74.6771011352539,4574800,76.06500244140625,563700,13.789999961853027,0
2013-07-16,134.00128173828125,88702100,41.000244140625,10894600,29.82283592224121,59925000,42.532161712646484,2946400,124.88999938964844,5577300,74.93221282958984,3650200,76.10221862792969,713300,14.420000076293945,0
2013-07-17,134.34523010253906,92873900,41.12295150756836,13744500,30.09463882446289,64775200,42.686805725097656,2209600,123.31999969482422,10882400,75.07014465332031,5932000,76.4372787475586,696300,13.779999732971191,0
2013-07-18,135.0811767578125,103620100,41.395652770996094,11036600,29.739782333374023,63396800,43.04960632324219,1931600,124.01000213623047,6150900,74.13231658935547,9066400,76.07989501953125,717800,13.770000457763672,0
2013-07-19,135.32110595703125,103831700,41.3615608215332,23299300,29.656736373901367,56381200,43.01987075805664,1864400,125.11000061035156,5767800,75.30464172363281,8523800,76.4968490600586,459500,12.539999961853027,0
2013-07-22,135.58502197265625,79428600,41.593353271484375,16518900,29.951189041137695,60947300,43.15073013305664,1934800,128.83999633789062,10851900,75.41492462158203,3972600,76.48939514160156,450300,12.289999961853027,0
2013-07-23,135.29713439941406,80829700,41.681976318359375,11132000,30.275846481323242,69873900,43.1031379699707,1402800,129.7100067138672,8820100,75.09767150878906,5015500,76.39998626708984,13316500,12.65999984741211,0
2013-07-24,134.8012237548828,112914000,41.627437591552734,12887500,29.966285705566406,73854100,42.264522552490234,3115300,127.4800033569336,9979100,74.14602661132812,8853100,75.88634490966797,837400,13.180000305175781,0
2013-07-25,135.129150390625,111088600,41.70925521850586,14467100,30.13994789123535,45387700,42.329925537109375,1760800,128.6699981689453,4702400,74.11846923828125,6443400,75.99797821044922,712300,12.970000267028809,0
2013-07-26,135.27316284179688,107814600,41.4501838684082,15499000,30.071998596191406,37847700,42.36563491821289,1586800,128.77999877929688,6148500,74.5736083984375,6795500,76.06500244140625,544900,12.720000267028809,0
2013-07-29,134.8572235107422,79695000,41.05478286743164,11063600,29.69449234008789,50232900,42.05039596557617,3562300,128.47000122070312,3554100,74.0288314819336,6397800,75.90864562988281,420300,13.390000343322754,0
2013-07-30,134.8572235107422,85209600,41.0479621887207,10712500,29.626541137695312,38655400,41.925479888916016,2362600,128.1199951171875,4487700,74.00122833251953,3635400,75.88634490966797,306800,13.390000343322754,0
2013-07-31,134.9532012939453,142388700,41.143402099609375,22989900,29.452882766723633,81129000,41.241493225097656,3443900,127.95999908447266,16015300,74.27017974853516,10483100,75.93843078613281,930500,13.449999809265137,0
2013-08-01,136.51303100585938,110438400,41.70243453979492,24484500,29.98894500732422,81917200,41.08089828491211,3445000,126.61000061035156,10564300,72.83912658691406,13568600,75.26821899414062,1177300,12.9399995803833,0
2013-08-02,136.74490356445312,91116700,42.04330825805664,15475000,29.98139762878418,46528200,40.87868881225586,2578300,126.36000061035156,6466300,73.6410903930664,9568400,75.90937805175781,4360000,11.979999542236328,0
2013-08-05,136.54501342773438,54072700,41.95468521118164,11483000,29.792640686035156,41164800,40.84894943237305,2831300,125.69999694824219,4003900,73.07418823242188,6611800,75.67082214355469,390400,11.84000015258789,0
2013-08-06,135.76898193359375,87495000,41.8933219909668,18325300,29.415128707885742,51415100,40.70621871948242,3889300,123.97000122070312,6016200,73.28853607177734,4589000,75.69316101074219,257000,12.720000267028809,0
2013-08-07,135.3291015625,84854700,41.70925521850586,11989700,29.098033905029297,54242300,40.599143981933594,2021200,124.1500015258789,5304700,73.83465576171875,7183400,75.96898651123047,493200,12.979999542236328,0
2013-08-08,135.8250732421875,102181300,42.0842170715332,12612700,29.656736373901367,75526500,40.616981506347656,2476400,126.86000061035156,8653600,74.03516387939453,5510900,76.0808334350586,804900,12.729999542236328,0
2013-08-09,135.43310546875,91757700,42.159210205078125,14951500,29.717140197753906,56199400,40.97385025024414,2893000,126.86000061035156,6192000,74.15265655517578,3623400,76.13301849365234,557600,13.40999984741211,0
2013-08-12,135.27316284179688,68593300,42.04330825805664,13785000,29.996501922607422,61381800,40.68242263793945,2709000,129.1300048828125,7414300,73.64800262451172,7562800,75.98393249511719,400400,12.8100004196167,0
2013-08-13,135.67308044433594,80806000,42.316001892089844,13189100,30.177690505981445,61264100,40.123321533203125,3778200,127.73999786376953,7336100,72.58329772949219,11485600,75.29805755615234,566500,12.3100004196167,0
2013-08-14,134.97715759277344,79829200,42.33646011352539,14258600,30.275846481323242,48288100,39.968685150146484,2538300,129.0,8713200,72.69395446777344,6431600,75.3651351928711,1672300,13.039999961853027,0
2013-08-15,133.0894012451172,152931800,41.9819450378418,23650000,29.928550720214844,59751700,39.23711395263672,3630500,131.69000244140625,17226300,71.71226501464844,11846300,74.94759368896484,15452300,14.729999542236328,0
2013-08-16,132.64938354492188,130868200,42.05693817138672,15219600,29.671836853027344,72806300,38.27358627319336,4256700,132.5800018310547,14447100,71.4634017944336,10175900,74.65684509277344,1066900,14.369999885559082,0
2013-08-19,131.80145263671875,96437600,41.756980895996094,13596700,29.113136291503906,53829000,37.768028259277344,4763500,132.00999450683594,8118400,70.84117126464844,9022000,74.33631896972656,892200,15.100000381469727,0
2013-08-20,132.44943237304688,89294400,41.70243453979492,12885800,29.060285568237305,53697600,38.62449645996094,4124500,132.4499969482422,7809100,71.3873291015625,10050100,74.73889923095703,1221100,14.90999984741211,0
2013-08-21,131.633544921875,159530500,41.21156692504883,12755200,28.38077735900879,108745800,38.53528594970703,4437200,132.07000732421875,10720200,70.60616302490234,13248800,74.26920318603516,945100,15.9399995803833,0
2013-08-22,132.8334197998047,101471400,41.61381149291992,8041700,28.841327667236328,57470900,38.767250061035156,2499500,132.80999755859375,5741800,71.32512664794922,8751200,74.2394027709961,755100,14.760000228881836,0
2013-08-23,133.28134155273438,90888900,41.97514343261719,10141600,29.18107795715332,57345100,39.171688079833984,2917800,134.89999389648438,11623400,72.09937286376953,17441200,74.65684509277344,991100,13.979999542236328,0
2013-08-26,132.785400390625,89702100,41.66834259033203,8471000,28.863981246948242,42254600,39.058685302734375,2925200,135.4499969482422,7692100,72.4588851928711,5879100,74.8060073852539,512600,14.989999771118164,0
2013-08-27,130.649658203125,158619400,40.95933532714844,18839100,28.199569702148438,89367100,38.86835479736328,3355100,136.75,11283300,73.37145233154297,11573300,75.23094940185547,532500,16.770000457763672,0
2013-08-28,131.11358642578125,108113000,40.911617279052734,10521700,28.25997543334961,69409900,38.63044357299805,2142600,136.7100067138672,13650400,72.77689361572266,7497900,74.92528533935547,761700,16.489999771118164,0
2013-08-29,131.3215789794922,119200500,40.84343338012695,10555800,28.486474990844727,63988700,38.6899299621582,2334600,135.8699951171875,7939400,73.357666015625,6672400,74.99982452392578,470900,16.809999465942383,0
2013-08-30,130.90560913085938,134928900,40.33894729614258,21045300,28.705429077148438,104219900,38.36280059814453,3852400,134.6199951171875,7680000,73.2746810913086,8987600,74.85816192626953,1038200,17.010000228881836,0
2013-09-03,131.49758911132812,142375100,41.11613082885742,18912700,28.886627197265625,62694800,38.02973175048828,6455100,136.4199981689453,8100700,72.24114990234375,12084300,74.4333724975586,796000,16.610000610351562,0
2013-09-04,132.58541870117188,97389400,41.484275817871094,11868800,29.400035858154297,60083400,38.35686492919922,4261500,134.66000366210938,7785400,72.08172607421875,4579600,74.18690490722656,824400,15.880000114440918,0
2013-09-05,132.75338745117188,63090500,41.4501838684082,10523400,29.747337341308594,59046600,37.95241928100586,3024700,132.1999969482422,11118600,71.07667541503906,12290600,73.61947631835938,1722700,15.770000457763672,0
2013-09-06,132.81741333007812,159756500,41.67516326904297,16398000,30.18524742126465,75420400,38.541229248046875,4582200,134.14999389648438,8448700,71.43014526367188,9478400,74.06746673583984,1033900,15.850000381469727,0
2013-09-09,134.08926391601562,87559300,42.24783706665039,17398000,30.978004455566406,116120500,39.344181060791016,3579700,133.91000366210938,5090500,71.46479797363281,6874900,74.21680450439453,764300,15.630000114440918,0
2013-09-10,135.0811767578125,105847200,42.72505187988281,15972400,31.212047576904297,80651200,39.314430236816406,2905300,131.74000549316406,8433100,70.96572875976562,8069000,73.87336730957031,1895300,14.529999732971191,0
2013-09-11,135.50511169433594,94545900,42.87504577636719,11864200,31.234703063964844,73495900,39.62967300415039,2568000,131.6999969482422,5046600,71.5965347290039,8962400,74.24666595458984,885300,13.819999694824219,0
2013-09-12,135.14512634277344,83209000,42.62960433959961,16745000,30.872304916381836,58460500,39.37390899658203,2628600,127.66999816894531,12944000,71.4994888305664,6254400,74.25409698486328,796800,14.289999961853027,0
2013-09-13,135.44911193847656,72727800,42.834136962890625,13590900,31.076154708862305,44927100,39.486934661865234,2582600,127.81999969482422,12060400,71.7767562866211,6106200,74.35120391845703,1166500,14.15999984741211,0
2013-09-16,136.23306274414062,106299200,43.16819381713867,18909500,31.423465728759766,68924400,39.87946701049805,4413800,126.44999694824219,9829100,71.29847717285156,8231600,74.51548767089844,1855200,14.380000114440918,0
2013-09-17,136.84100341796875,82523300,43.19546127319336,10370400,31.355501174926758,46999400,39.855690002441406,3328300,126.5,8135500,71.88762664794922,8795300,74.66478729248047,943300,14.529999732971191,0
2013-09-18,138.42477416992188,203460600,44.34762191772461,21359000,32.66922378540039,113370100,41.20580291748047,4452500,132.00999450683594,24780000,72.77489471435547,19749200,75.59062194824219,1341800,13.59000015258789,0
2013-09-19,138.19277954101562,146616900,44.13627243041992,19195600,32.49557113647461,100087700,41.17013168334961,5138400,131.75,14353900,72.34520721435547,11627800,75.329345703125,1592800,13.15999984741211,0
2013-09-20,137.22657775878906,132867100,43.815853118896484,18878600,31.770761489868164,77275200,40.49803924560547,4082500,127.95999908447266,19558200,72.72637939453125,8421000,75.40396881103516,300600,13.119999885559082,0
2013-09-23,136.5916290283203,104616500,43.80221939086914,17860700,31.884021759033203,61143000,40.220733642578125,3523100,127.55000305175781,7421800,73.26011657714844,10242100,75.68769836425781,2003200,14.3100004196167,0
2013-09-24,136.27015686035156,106333100,43.734046936035156,14979200,31.612213134765625,43438700,39.91462707519531,4447700,127.66000366210938,7349700,74.05029296875,11446600,75.96395874023438,1149800,14.079999923706055,0
2013-09-25,135.876220703125,117306500,43.78176498413086,14478100,31.3705997467041,56353100,40.046669006347656,2626300,128.7899932861328,7519100,74.20280456542969,8130900,76.17302703857422,569900,14.010000228881836,0
2013-09-26,136.3987274169922,77146900,43.96583938598633,15653800,31.498960494995117,54419200,40.29277038574219,1465400,127.79000091552734,9491300,73.68290710449219,5117100,76.0087661743164,568100,14.0600004196167,0
2013-09-27,135.77175903320312,99141800,43.80904006958008,17705800,31.128997802734375,69028500,40.12469482421875,3412300,128.97000122070312,7430200,73.86311340332031,6460000,76.11328887939453,2349400,15.460000038146973,0
2013-09-30,135.0482635498047,143937000,43.495418548583984,22274400,30.774154663085938,93884500,39.698551177978516,3804700,128.17999267578125,8979000,73.75225067138672,8438800,76.24019622802734,3785200,16.600000381469727,0
2013-10-01,136.11737060546875,127160000,43.72722625732422,15392400,31.38571548461914,62524700,40.27474594116211,4416100,124.58999633789062,16721100,73.52845001220703,7592500,76.07048797607422,1937000,15.539999961853027,0
2013-10-02,135.98873901367188,113350000,43.713584899902344,12620200,31.506513595581055,46985900,40.33477783203125,2604000,127.05999755859375,11994200,73.63969421386719,5967200,76.19756317138672,799900,16.600000381469727,0
2013-10-03,134.73480224609375,176698000,43.42726135253906,16212700,31.38571548461914,51161500,39.63250732421875,6150600,127.18000030517578,11632900,73.52155303955078,6648900,76.30229187011719,651800,17.670000076293945,0
2013-10-04,135.7556610107422,96878000,43.529518127441406,11699000,31.793411254882812,36780900,39.55448913574219,2389200,126.52999877929688,6923700,73.4659194946289,5545300,76.0928726196289,1160900,16.739999771118164,0
2013-10-07,134.58212280273438,96295000,43.079559326171875,17360800,31.521610260009766,51699900,39.73455047607422,2267400,127.63999938964844,6732800,73.76476287841797,5761100,76.16020965576172,454400,19.40999984741211,0
2013-10-08,133.01470947265625,178015000,42.745513916015625,19635600,31.219608306884766,66218200,39.30240249633789,2622000,127.4000015258789,6999700,73.78557586669922,5904000,76.12281036376953,818100,20.34000015258789,0
2013-10-09,133.11111450195312,168973000,42.9295768737793,19659500,31.45366668701172,67258400,39.30840301513672,2896600,126.11000061035156,10705100,73.19490051269531,8439000,75.98824310302734,506500,19.600000381469727,0
2013-10-10,135.98069763183594,195955000,43.699951171875,16423300,32.19355773925781,99094900,40.31076431274414,2370200,124.2699966430664,10523600,73.31302642822266,9944100,75.82372283935547,649100,16.479999542236328,0
2013-10-11,136.85687255859375,105040000,43.93174743652344,13279100,32.33701705932617,42764200,40.71292495727539,2111100,122.5999984741211,15972600,73.2922134399414,6500800,75.9359130859375,850100,15.720000267028809,0
2013-10-14,137.40345764160156,112106000,44.08174133300781,7213800,32.52577590942383,43319800,40.7369270324707,2278000,122.83000183105469,6118200,72.70143127441406,4205600,75.68164825439453,183200,16.06999969482422,0
2013-10-15,136.40672302246094,155485000,43.870391845703125,15599400,32.20867156982422,54388300,40.58687973022461,3231700,123.7300033569336,8384200,72.65282440185547,8291000,75.69658660888672,368100,18.65999984741211,0
2013-10-16,138.31178283691406,161676000,44.19762420654297,17389900,32.46536636352539,64749400,41.349143981933594,3066400,123.54000091552734,8523400,73.5632095336914,14460200,76.06302642822266,2339600,14.710000038146973,0
2013-10-17,139.23619079589844,129389000,44.783935546875,21850200,32.66922378540039,58641300,41.97337341308594,3258600,127.41999816894531,11785100,74.23035430908203,11303400,76.49674224853516,2950500,13.479999542236328,0
2013-10-18,140.17662048339844,138316000,45.049808502197266,16283000,32.699424743652344,55660500,41.931358337402344,2685200,126.8499984741211,5350500,74.3902816772461,9487800,76.50419616699219,582600,13.039999961853027,0
2013-10-21,140.18463134765625,104104000,45.11798095703125,11068000,32.64657211303711,44243400,41.67927932739258,2276500,126.9800033569336,3395200,74.15394592285156,6161600,76.45183563232422,321700,13.15999984741211,0
2013-10-22,140.99656677246094,126663000,45.56793975830078,13015200,32.96367263793945,74992500,42.06340789794922,3611600,129.33999633789062,8849000,74.98094940185547,9708500,76.98273468017578,484700,13.329999923706055,0
2013-10-23,140.32135009765625,105484000,45.12480926513672,13384700,32.19355773925781,69411000,42.141448974609375,4650000,128.69000244140625,5092200,75.27283477783203,9163100,77.11736297607422,280800,13.420000076293945,0
2013-10-24,140.78750610351562,70350000,45.438411712646484,11820900,32.1256103515625,57466500,42.12943649291992,1600400,129.89999389648438,10221400,74.98094940185547,7631400,76.96031188964844,591200,13.199999809265137,0
2013-10-25,141.43055725097656,93625000,45.308876037597656,16688300,32.2766227722168,45414700,42.645633697509766,2213000,130.4600067138672,8767900,75.25899505615234,4429500,77.09492492675781,552800,13.09000015258789,0
2013-10-28,141.65562438964844,84979000,45.2338752746582,9936700,32.46536636352539,44569400,42.33951950073242,3347400,130.55999755859375,6807800,75.00179290771484,6466400,77.0201416015625,600800,13.3100004196167,0
2013-10-29,142.41116333007812,87401000,45.32932662963867,12121400,32.571067810058594,32543300,42.093414306640625,3174900,129.77000427246094,5328500,75.09912109375,5270500,77.12480926513672,274700,13.40999984741211,0
2013-10-30,141.70384216308594,140002000,45.16570281982422,18774000,32.389869689941406,55442300,41.739295959472656,2466500,129.60000610351562,8896000,74.6473617553711,10199300,76.92292785644531,1753100,13.649999618530273,0
2013-10-31,141.3019561767578,133795000,44.91346740722656,22366900,32.057655334472656,68089000,41.49320602416992,4039600,127.73999786376953,7753300,74.80723571777344,11452100,76.83318328857422,893000,13.75,0
2013-11-01,141.63951110839844,142805000,44.6953010559082,18921000,32.072757720947266,83621600,41.70927429199219,3448800,126.94999694824219,9566200,73.99751281738281,11349500,76.40707397460938,680100,13.279999732971191,0
2013-11-04,142.13790893554688,85677000,44.91346740722656,27539500,32.269073486328125,35360700,41.78730392456055,2640800,126.80999755859375,3819300,74.06719207763672,4733200,76.55683898925781,437000,12.930000305175781,0
2013-11-05,141.68777465820312,85825000,44.524864196777344,13129600,31.61975860595703,73296100,41.103057861328125,2533800,126.55999755859375,4941200,73.18218994140625,8753400,76.21231079101562,656900,13.270000457763672,0
2013-11-06,142.41116333007812,87348000,44.91346740722656,16260600,31.71790885925293,61350100,41.04304504394531,2256900,127.19999694824219,3544900,73.21702575683594,5643000,76.4444808959961,692700,12.670000076293945,0
2013-11-07,140.61068725585938,157000000,44.20444107055664,22820200,31.144094467163086,94546100,40.5328483581543,3236900,126.16000366210938,7700100,73.83723449707031,7893700,76.64671325683594,415000,13.90999984741211,0
2013-11-08,142.5076141357422,136713000,44.46350860595703,15873000,31.076154708862305,79167700,39.98666000366211,3577500,124.27999877929688,8427300,72.06026458740234,16889900,75.78541564941406,2497700,12.899999618530273,0
2013-11-11,142.53176879882812,62614000,44.558956146240234,14206100,30.917604446411133,58492300,40.028663635253906,2243000,123.87000274658203,3277700,71.78845977783203,4927200,75.7479476928711,144000,12.529999732971191,0
2013-11-12,142.24240112304688,83990000,44.408973693847656,13391000,30.751502990722656,81455800,39.848602294921875,2269900,122.44999694824219,7705600,72.12297821044922,4839500,75.68061828613281,1052100,12.819999694824219,0
2013-11-13,143.3838348388672,103844000,44.5521240234375,12669400,30.804351806640625,69898800,40.106685638427734,2547100,122.8499984741211,5967000,72.3877944946289,5782900,75.9951400756836,1122700,12.520000457763672,0
2013-11-14,144.0991973876953,103435000,44.75666427612305,14537100,31.302650451660156,87793800,40.38880157470703,2483500,124.2699966430664,7669700,72.83380126953125,8895500,76.36211395263672,694100,12.369999885559082,0
2013-11-15,144.72613525390625,102818000,45.11798095703125,25278400,31.89911460876465,94070900,40.53885269165039,2140300,124.31999969482422,4660700,72.98011016845703,6344800,76.30221557617188,359200,12.1899995803833,0
2013-11-18,144.2198028564453,104796000,45.11798095703125,12776200,32.18601608276367,80437300,40.286773681640625,1739500,122.9000015258789,6241300,73.41912841796875,5451300,76.57184600830078,2853000,13.100000381469727,0
2013-11-19,143.90634155273438,93891000,45.00209045410156,10664300,31.989709854125977,59573100,40.00465774536133,2202800,122.94999694824219,3666500,72.86164855957031,7251100,76.2872314453125,559100,13.390000343322754,0
2013-11-20,143.4561767578125,124909000,44.68848419189453,18220600,31.551815032958984,62635400,39.51847839355469,2922700,120.12000274658203,14281000,71.62127685546875,14190900,75.86782836914062,1562700,13.399999618530273,0
2013-11-21,144.61367797851562,92841000,44.96799087524414,15963400,31.521610260009766,51401400,39.8245849609375,2998000,119.94000244140625,7557500,71.73974609375,8903000,75.93521881103516,804800,12.65999984741211,0
2013-11-22,145.33706665039062,81296000,45.0975341796875,18657100,31.74810791015625,49745300,39.66853332519531,1919400,119.91999816894531,6774400,72.40870666503906,7950700,76.1524429321289,807900,12.260000228881836,0
2013-11-25,145.1924591064453,79486000,44.96118927001953,11835000,31.340404510498047,59685800,39.48246765136719,2934200,120.45999908447266,7266300,72.61772918701172,3755500,76.21231079101562,487400,12.789999961853027,0
2013-11-26,145.23257446289062,86994000,44.96118927001953,14620200,31.446115493774414,37990900,39.34442138671875,2673400,119.81999969482422,9053300,72.88949584960938,6659200,76.37710571289062,425400,12.8100004196167,0
2013-11-27,145.58628845214844,58800000,45.07026672363281,9667100,31.64995574951172,45419400,39.6805305480957,2990600,119.45999908447266,6144600,72.76409149169922,6063000,76.204833984375,476900,12.979999542236328,0
2013-11-29,145.48980712890625,55870900,45.15888977050781,13964200,31.974609375,41826600,39.31439971923828,2259600,120.69999694824219,2364700,72.78498840332031,5084400,76.159912109375,652100,13.699999809265137,0
2013-12-02,145.1119842529297,99726000,44.8248405456543,17686300,31.302650451660156,67975400,39.08631896972656,3659000,117.58000183105469,10297100,72.21892547607422,7527800,75.83285522460938,2912200,14.229999542236328,0
2013-12-03,144.4850616455078,116563000,44.511234283447266,14776300,31.19695472717285,108126900,39.0082893371582,2246800,117.95999908447266,7004800,72.48446655273438,5076900,75.96782684326172,477200,14.550000190734863,0
2013-12-04,144.468994140625,123033000,44.272621154785156,18603800,31.159204483032227,62378500,39.15234375,3189600,119.95999908447266,9110700,71.79254913330078,8502700,75.62276458740234,943600,14.699999809265137,0
2013-12-05,143.83389282226562,106934000,44.02037048339844,13115500,30.978004455566406,56729300,39.29039764404297,2622100,118.30000305175781,10254700,71.5898666381836,7445700,75.43524932861328,374100,15.079999923706055,0
2013-12-06,145.44161987304688,127728000,44.56577682495117,12965100,31.665063858032227,75512400,39.57249450683594,2022500,118.55000305175781,7909500,71.93231964111328,7352000,75.50279235839844,415600,13.789999961853027,0
2013-12-09,145.81137084960938,70124000,44.518062591552734,11275800,31.710372924804688,56365100,39.76456832885742,2326100,119.72000122070312,5510400,72.1000747680664,5678800,75.59276580810547,540900,13.489999771118164,0
2013-12-10,145.28883361816406,80976000,44.44305419921875,13978200,31.7254581451416,44343900,39.66253662109375,2439600,121.81999969482422,9155600,72.61724853515625,7040400,75.90782165527344,334700,13.90999984741211,0
2013-12-11,143.65713500976562,130591000,44.02719497680664,14151000,31.023303985595703,74628400,38.75020217895508,2789100,120.86000061035156,9934900,72.0580825805664,8190900,75.61529541015625,371700,15.420000076293945,0
2013-12-12,143.18283081054688,115565000,43.7067756652832,14118200,30.842111587524414,62076500,38.534114837646484,2746100,118.29000091552734,8810800,71.78556823730469,6208600,75.39775085449219,1156200,15.539999961853027,0
2013-12-13,143.16676330566406,107808000,43.679500579833984,12214200,30.917604446411133,62277400,38.630149841308594,3165400,119.37999725341797,6482100,72.13504791259766,6471300,75.51028442382812,434000,15.760000228881836,0
2013-12-16,144.05902099609375,96195000,43.993106842041016,13338900,31.12145233154297,59551600,38.76219940185547,2571400,119.69000244140625,8189500,71.86940002441406,6376400,75.47274780273438,572400,16.030000686645508,0
2013-12-17,143.60086059570312,89886000,43.80221939086914,15966500,30.849651336669922,53390900,38.9422721862793,2640100,118.6500015258789,8589100,72.1909408569336,6014400,75.71279907226562,694800,16.209999084472656,0
2013-12-18,146.0524444580078,234906000,44.491233825683594,28970800,31.463682174682617,107981900,39.63250732421875,4120500,117.61000061035156,16265000,71.82748413085938,12973200,75.427734375,1997700,13.800000190734863,0
2013-12-19,145.88368225097656,136531200,44.491233825683594,20647100,30.88469886779785,70838100,39.08631896972656,3297500,114.81999969482422,15955400,71.7575912475586,6708400,75.11273193359375,978700,14.149999618530273,0
2013-12-20,146.73228454589844,197087000,44.74567794799805,18427500,30.8389835357666,86690800,39.32640075683594,3832900,115.94000244140625,14693700,72.86189270019531,12425700,75.34520721435547,510500,13.789999961853027,0
2013-12-23,147.5162353515625,85598000,45.20640182495117,15767500,31.067535400390625,56621800,39.40443801879883,4183400,115.56999969482422,6237300,72.4495620727539,6378600,75.10517883300781,5238400,13.039999961853027,0
2013-12-24,147.83946228027344,45368800,45.29580307006836,6708500,31.250375747680664,18409100,39.439788818359375,1801200,116.0999984741211,3353900,71.86940002441406,4897000,74.8126220703125,770600,12.479999542236328,0
2013-12-26,148.59107971191406,63365000,45.54336166381836,8510500,30.983741760253906,24739900,39.470272064208984,4333500,116.73999786376953,3868400,71.59246826171875,4645300,74.7480239868164,787500,12.329999923706055,0
2013-12-27,148.58303833007812,61814000,45.77715301513672,18585400,31.463682174682617,35691100,39.55561828613281,3277100,117.12000274658203,4206200,71.38912963867188,4755000,74.70292663574219,640400,12.460000038146973,0
2013-12-30,148.55874633789062,56857000,45.969703674316406,14432400,31.600826263427734,39861800,39.56779861450195,3603900,115.38999938964844,6703200,71.87994384765625,4491700,74.90581512451172,1328000,13.5600004196167,0
2013-12-31,149.26181030273438,86119900,46.1416130065918,21704700,31.844608306884766,38839400,39.35444641113281,5576900,116.12000274658203,12835900,71.42415618896484,7218600,74.56764221191406,1553600,13.720000267028809,0
2014-01-02,147.83139038085938,119636900,45.323307037353516,26240600,30.6180419921875,138488400,39.36054611206055,5829600,118.0,7551000,71.6415023803711,8580800,74.8607177734375,1161800,14.229999542236328,0
2014-01-03,147.80711364746094,81390600,45.3714485168457,19270100,30.56472396850586,83579700,39.579994201660156,2771700,119.29000091552734,5874400,71.6415023803711,4083800,74.81562042236328,637500,13.760000228881836,0
2014-01-06,147.3787841796875,108028200,45.31644058227539,14737600,30.27522850036621,55735100,39.78116226196289,2917500,119.5,10106500,71.94303131103516,7796200,75.02606201171875,666200,13.550000190734863,0
2014-01-07,148.28395080566406,86144200,45.570858001708984,12075700,30.404741287231445,57341500,39.95793533325195,2582600,118.81999969482422,6433700,72.12533569335938,4428100,75.1462631225586,1055700,12.920000076293945,0
2014-01-08,148.3162841796875,96582300,45.55711364746094,17555600,30.305694580078125,63182600,39.76286315917969,3368400,118.12000274658203,7428500,71.92903137207031,8513000,74.77804565429688,1216700,12.869999885559082,0
2014-01-09,148.41326904296875,90683400,45.522727966308594,13128600,30.14571189880371,74405200,39.76286315917969,2543000,118.45999908447266,3972800,72.3497543334961,6991100,74.97344970703125,806100,12.890000343322754,0
2014-01-10,148.8173065185547,102026400,45.942195892333984,19676400,30.67900276184082,110244200,40.3054084777832,2683900,120.26000213623047,7993200,73.21219635009766,13197400,75.60456848144531,713300,12.140000343322754,0
2014-01-13,146.83731079101562,149892000,45.54336166381836,19464700,30.313323974609375,62209500,40.03718566894531,3650800,121.0199966430664,5872700,73.57678985595703,9667400,75.82251739501953,581600,13.279999732971191,0
2014-01-14,148.43753051757812,105016100,45.90781784057617,12268900,30.640911102294922,75830700,40.329769134521484,2383400,119.88999938964844,7505400,73.24024963378906,10343100,75.53697204589844,366700,12.279999732971191,0
2014-01-15,149.23760986328125,98525800,46.1003532409668,12388800,30.633291244506836,47361900,40.63457107543945,3069700,119.66000366210938,5474300,73.16313934326172,7507500,75.46934509277344,997300,12.279999732971191,0
2014-01-16,149.0436248779297,72290600,46.07972717285156,21172000,30.465696334838867,56673900,40.70771408081055,2704800,119.79000091552734,3949500,73.65403747558594,7137700,75.67974853515625,333300,12.529999732971191,0
2014-01-17,148.41326904296875,107848700,45.942195892333984,22526900,30.313323974609375,61288200,40.46997833251953,2957800,120.93000030517578,7923400,73.96249389648438,7588600,75.86002349853516,754400,12.4399995803833,0
2014-01-21,148.84967041015625,88621200,46.16223907470703,18600200,30.267620086669922,46683100,40.83570861816406,3255800,119.69999694824219,6763500,74.01861572265625,6436000,75.77742004394531,1927100,12.869999885559082,0
2014-01-22,148.94668579101562,61270900,46.16223907470703,12664100,30.67137908935547,56188400,41.01250076293945,3432800,119.19000244140625,4891800,73.83626556396484,4646700,75.5670166015625,1150900,12.84000015258789,0
2014-01-23,147.726318359375,132496900,45.85279846191406,17691700,29.91716766357422,109930400,40.914981842041016,3262600,121.79000091552734,11028200,74.88105010986328,12960600,76.07796478271484,1080200,13.770000457763672,0
2014-01-24,144.57447814941406,208677100,44.59440612792969,25036300,29.13248062133789,127153900,40.402931213378906,2745800,122.29000091552734,8515700,75.36490631103516,11122200,76.38600158691406,564300,18.139999389648438,0
2014-01-27,143.86322021484375,180843100,44.38809585571289,21487100,29.018198013305664,118532300,40.092037200927734,3818500,120.95999908447266,7528600,74.83900451660156,9218200,76.15310668945312,758600,17.420000076293945,0
2014-01-28,144.71995544433594,110463200,44.77317810058594,15857600,29.2010498046875,86568700,40.42732238769531,2406700,120.94999694824219,5149500,75.02133178710938,5661500,76.26580810546875,452700,15.800000190734863,0
2014-01-29,143.32989501953125,216597300,44.27119445800781,21210400,28.78203582763672,142219100,40.20785140991211,3308200,122.47000122070312,12257500,75.63837432861328,11709400,76.62651824951172,1420200,17.350000381469727,0
2014-01-30,144.8491973876953,118938100,44.498130798339844,14681000,29.048673629760742,84660600,40.817440032958984,2990100,119.7699966430664,8746500,75.42096710205078,5956900,76.55132293701172,685400,17.290000915527344,0
2014-01-31,144.0006103515625,194677900,43.74170684814453,39572600,29.09438705444336,102329500,41.03689956665039,5454400,120.08999633789062,7983100,75.92584228515625,14690900,76.85189819335938,670500,18.40999984741211,0
2014-02-03,140.75982666015625,254837100,42.847755432128906,45762000,28.2716064453125,123117200,40.3846549987793,7310400,121.31999969482422,9267300,76.85102081298828,20780300,77.26963806152344,4629800,21.440000534057617,0
2014-02-04,141.74581909179688,165012400,43.34286117553711,26309300,28.842985153198242,138955500,40.8723030090332,4472100,120.98999786376953,7027400,76.03551483154297,9573500,77.03630065917969,2617300,19.110000610351562,0
2014-02-05,141.5680694580078,164230500,43.43225860595703,17503900,28.736326217651367,86064900,40.78695297241211,2656000,121.29000091552734,6800000,75.33255004882812,10312200,76.75785827636719,817600,19.950000762939453,0
2014-02-06,143.4349365234375,132877600,44.202430725097656,16589100,29.33816909790039,99403100,41.08566665649414,2755500,121.23999786376953,4745800,75.00911712646484,5708700,76.61477661132812,885900,17.229999542236328,0
2014-02-07,145.21286010742188,170787200,44.780067443847656,14500900,29.505779266357422,80356700,41.396541595458984,5918800,122.16999816894531,6674700,75.07244873046875,7039200,76.81805419921875,1065800,15.289999961853027,0
2014-02-10,145.47962951660156,92218800,44.62877655029297,13885400,29.17818832397461,68839500,41.78667449951172,6276300,122.91999816894531,7931200,75.28336334228516,4370500,76.85564422607422,589300,15.260000228881836,0
2014-02-11,147.07168579101562,117814100,45.33706283569336,18061900,29.810508728027344,93164800,41.95125198364258,7136400,124.36000061035156,11546000,74.84747314453125,5904900,76.51692199707031,625800,14.510000228881836,0
2014-02-12,147.1443634033203,94717700,45.41270446777344,14801400,29.818130493164062,68705700,41.97564697265625,3335400,124.43000030517578,6651900,74.4608383178711,6723300,76.33631896972656,743500,14.300000190734863,0
2014-02-13,147.9041290283203,100542200,45.550228118896484,17329500,29.848608016967773,50414900,42.134132385253906,2754600,125.48999786376953,9167900,74.88260650634766,6874600,76.69760131835938,941400,14.140000343322754,0
2014-02-14,148.72036743164062,96498400,45.72214126586914,18540700,30.21428108215332,69806400,42.29872131347656,2509200,127.1500015258789,11147900,74.9248046875,4989100,76.6448974609375,463400,13.569999694824219,0
2014-02-18,148.898193359375,80460900,46.114097595214844,16668600,29.932415008544922,69542600,42.5059700012207,3819900,127.4000015258789,7685800,75.09353637695312,4855800,76.83306884765625,1003600,13.869999885559082,0
2014-02-19,147.9121856689453,126524300,45.80466079711914,13139900,29.726716995239258,101924800,42.48159408569336,4334000,126.2699966430664,9384100,74.77716064453125,5522500,76.68253326416016,907200,15.5,0
2014-02-20,148.78501892089844,104998100,45.96282958984375,14098500,29.833370208740234,71686300,42.39015579223633,3503400,127.5999984741211,10572900,74.5943832397461,5103200,76.5997314453125,842900,14.789999961853027,0
2014-02-21,148.61532592773438,118116400,46.05223083496094,12629800,30.039066314697266,66907700,42.4937744140625,2406000,127.58000183105469,7298200,74.98809051513672,5250700,76.69760131835938,405000,14.680000305175781,0
2014-02-24,149.439697265625,114063900,46.45106887817383,22573000,30.039066314697266,58971200,42.597415924072266,3690100,128.99000549316406,12114200,74.7982406616211,3816700,76.62235260009766,1531100,14.229999542236328,0
2014-02-25,149.38307189941406,117085000,46.34103775024414,16833800,29.69624137878418,77028600,42.73762512207031,3329500,129.2100067138672,5786000,75.46607971191406,6225400,76.88577270507812,402600,13.670000076293945,0
2014-02-26,149.3911590576172,98677200,46.182884216308594,14872400,29.719085693359375,59122600,42.835147857666016,4623500,128.11000061035156,7052900,75.8668212890625,7203900,77.11154174804688,486000,14.350000381469727,0
2014-02-27,150.1750946044922,93880800,46.34103775024414,11392500,30.282848358154297,67962200,42.719337463378906,3334400,128.1999969482422,5066500,76.2815933227539,5394700,77.20191192626953,559400,14.039999961853027,0
2014-02-28,150.55494689941406,150842000,46.42355728149414,41960000,30.077150344848633,88240700,43.11554718017578,8733500,127.62000274658203,10584100,76.32378387451172,8462600,77.1266098022461,609900,14.0,0
2014-03-03,149.49623107910156,167748500,45.440208435058594,27783400,29.54387092590332,98832200,43.139923095703125,5816200,130.2899932861328,11741100,76.8332290649414,11089400,77.50802612304688,2540500,16.0,0
2014-03-04,151.5974578857422,167545900,46.34103775024414,29272000,30.04667854309082,63103000,43.7617073059082,4444400,128.67999267578125,6341700,75.67752838134766,8068100,76.91246795654297,1080200,14.100000381469727,0
2014-03-05,151.73489379882812,88376900,46.299781799316406,16872800,30.069538116455078,42856900,43.70683670043945,3489400,128.88999938964844,4878500,75.83963012695312,4798500,76.99542236328125,614700,13.890000343322754,0
2014-03-06,152.08241271972656,82516500,46.781131744384766,15087000,30.49616241455078,86027600,43.341102600097656,3705600,130.1699981689453,5408900,75.0926513671875,7418200,76.66375732421875,534700,14.210000038146973,0
2014-03-07,152.1470489501953,114513500,46.52670669555664,21133800,30.107629776000977,66565600,42.87173080444336,3665900,129.08999633789062,7575000,74.62052154541016,8270300,76.33203125,645100,14.109999656677246,0
2014-03-10,152.0662078857422,74939200,46.237892150878906,23329100,29.901935577392578,57747100,42.646175384521484,6387500,129.1300048828125,4169900,74.72618103027344,3744300,76.41492462158203,1013900,14.199999809265137,0
2014-03-11,151.31466674804688,99009100,45.90093994140625,17811900,29.566726684570312,72692600,42.91439437866211,5101900,129.86000061035156,7289800,74.92353820800781,3815700,76.49031066894531,1571000,14.800000190734863,0
2014-03-12,151.35498046875,104824400,45.729026794433594,14151000,29.62767791748047,56882800,43.04240036010742,2711900,131.75999450683594,11094200,75.44499206542969,6430500,76.79188537597656,819000,14.470000267028809,0
2014-03-13,149.65785217285156,155014300,44.87633514404297,35340200,29.09438705444336,79967400,42.841243743896484,3688000,132.2100067138672,8007700,76.45976257324219,11815500,77.24419403076172,1638900,16.219999313354492,0
2014-03-14,149.23760986328125,153919600,44.780067443847656,24796000,29.254379272460938,64589800,42.95098114013672,2713900,133.10000610351562,11939600,76.47381591796875,9232800,77.25177001953125,1314400,17.81999969482422,0
2014-03-17,150.58726501464844,98359500,45.34393310546875,24052700,29.6124324798584,57492000,43.04240036010742,3115600,131.63999938964844,14626800,75.9030532836914,7381900,76.94269561767578,1085400,15.640000343322754,0
2014-03-18,151.66212463378906,101804600,45.62586975097656,19417000,30.023820877075195,68135000,43.170413970947266,2483700,130.6199951171875,6424400,76.17781066894531,4819500,77.13115692138672,861200,14.520000457763672,0
2014-03-19,150.8539276123047,176267300,45.06887435913086,22330200,29.38387107849121,95953000,42.35359191894531,4561500,128.08999633789062,12932900,75.58590698242188,11557600,76.41492462158203,1355500,15.119999885559082,0
2014-03-20,151.73489379882812,117241000,44.89696502685547,18788100,29.513391494750977,60572300,42.426727294921875,3811500,127.86000061035156,7690800,75.45203399658203,5224400,76.43002319335938,1748100,14.520000457763672,0
2014-03-21,151.14637756347656,163128000,44.80756759643555,17668300,29.69624137878418,86969000,42.816856384277344,2970400,128.47000122070312,7237300,76.26947021484375,8986200,76.57329559326172,466500,15.0,0
2014-03-24,150.52130126953125,121411000,44.924461364746094,17552900,29.985734939575195,54328100,42.53645324707031,5826500,126.18000030517578,13076500,76.81204986572266,7536400,76.60337829589844,1222600,15.09000015258789,0
2014-03-25,151.23565673828125,103852000,45.41270446777344,20785500,30.32856559753418,93531000,42.92484664916992,3125500,126.41000366210938,6566900,76.52316284179688,5032000,76.55818939208984,739400,14.020000457763672,0
2014-03-26,150.1479034423828,119843000,45.405826568603516,27028900,30.397123336791992,91289900,42.44012451171875,4286800,125.41000366210938,8575400,77.12214660644531,7147200,76.88239288330078,830000,14.930000305175781,0
2014-03-27,149.83131408691406,142383000,45.632747650146484,22352000,30.793275833129883,73438700,42.7100944519043,3097600,124.58999633789062,7312300,77.509765625,9772200,76.9577407836914,303600,14.619999885559082,0
2014-03-28,150.5699920654297,101642000,45.97657775878906,13875500,31.037067413330078,67464400,42.96778869628906,2278400,124.55999755859375,7253700,77.07284545898438,6027000,76.68632507324219,661600,14.40999984741211,0
2014-03-31,151.80392456054688,99745000,46.21038055419922,24498300,31.242755889892578,75256100,43.32979965209961,3597700,123.61000061035156,12379200,76.8825454711914,7488400,76.69388580322266,1982900,13.880000114440918,0
2014-04-01,152.81040954589844,89193000,46.50606918334961,13738100,31.608436584472656,65717300,43.526126861572266,5804400,123.38999938964844,5992000,76.22549438476562,9067300,76.53527069091797,2562600,13.100000381469727,0
2014-04-02,153.32180786132812,78774000,46.59547424316406,15497500,31.669389724731445,44076300,43.56295394897461,3266700,124.31999969482422,4907800,75.78748321533203,6887200,76.20296478271484,806800,13.09000015258789,0
2014-04-03,153.118896484375,77435000,46.464813232421875,14943500,31.547494888305664,84659200,43.470916748046875,2372300,123.91999816894531,3658800,76.11955261230469,4937400,76.25579071044922,298000,13.369999885559082,0
2014-04-04,151.30868530273438,169381000,46.32040023803711,20967400,31.463682174682617,127800700,43.61815643310547,3600300,125.56999969482422,7278400,76.62824249267578,8977500,76.72406005859375,731900,13.960000038146973,0
2014-04-07,149.63648986816406,140803000,46.1003532409668,16647900,31.600826263427734,60586200,43.75929260253906,3845100,124.91000366210938,3967200,77.08744049072266,7562500,76.90538024902344,1751700,15.569999694824219,0
2014-04-08,150.25343322753906,112660000,46.07284927368164,12246200,31.966493606567383,107043300,44.029258728027344,2935500,126.08999633789062,6939100,77.27115631103516,4213800,77.01107788085938,666100,14.890000343322754,0
2014-04-09,151.8688507080078,100254000,46.66422653198242,18492100,32.21028137207031,71617000,43.9188117980957,4339600,126.31999969482422,5305600,76.88961029052734,5771500,76.98843383789062,1350500,13.819999694824219,0
2014-04-10,148.6786651611328,172959000,45.839054107666016,23677900,31.867462158203125,74792500,43.50160217285156,4136300,127.01000213623047,5003200,77.6032485961914,12706400,77.31321716308594,1056600,15.890000343322754,0
2014-04-11,147.3393096923828,167251000,45.563987731933594,18550700,31.867462158203125,76310100,43.237762451171875,3785000,126.93000030517578,4697200,78.23200988769531,10267000,77.47186279296875,918500,17.030000686645508,0
2014-04-14,148.50003051757812,132382000,45.825294494628906,13239000,31.79889678955078,44883400,43.49546813964844,2963500,127.8499984741211,6677400,78.02711486816406,4142600,77.35101318359375,1468600,16.110000610351562,0
2014-04-15,149.52284240722656,157093000,45.632747650146484,21055100,31.318933486938477,155302100,44.01085662841797,3800100,125.48999786376953,9967600,78.51463317871094,7752000,77.44164276123047,614300,15.609999656677246,0
2014-04-16,151.08949279785156,105197000,46.19662094116211,19643900,31.715091705322266,64113100,44.293094635009766,2141600,125.54000091552734,4071300,78.6135482788086,5523000,77.32081604003906,1405500,14.180000305175781,0
2014-04-17,151.30059814453125,105255000,46.437313079833984,19204100,32.00458908081055,69955200,44.03539276123047,3736800,124.75,5901900,77.75159454345703,8622500,76.8827133178711,584600,13.359999656677246,0
2014-04-21,151.82818603515625,68329000,46.49919509887695,10723800,31.8065128326416,29288500,44.28694534301758,2447200,124.23999786376953,6579200,77.68797302246094,4316300,76.86758422851562,1021100,13.25,0
2014-04-22,152.51821899414062,85790000,46.691741943359375,12342500,31.722715377807617,43060000,44.38511657714844,2889700,123.77999877929688,6898100,77.94944763183594,5748700,76.83739471435547,482800,13.1899995803833,0
2014-04-23,152.16104125976562,73869000,46.58171081542969,11595300,31.494152069091797,58299300,44.207183837890625,3180700,123.76000213623047,3736600,78.39447784423828,5748600,77.03379821777344,306400,13.270000457763672,0
2014-04-24,152.46951293945312,88170000,46.5748405456543,17646700,31.52463722229004,39310800,44.39125442504883,2332400,124.55999755859375,8754200,78.5428466796875,6337800,77.01107788085938,345700,13.319999694824219,0
2014-04-25,151.21939086914062,100380000,46.34791564941406,19435900,31.09801483154297,72613500,44.219451904296875,2608900,125.43000030517578,7023700,78.65596008300781,5976500,77.1168212890625,388900,14.0600004196167,0
2014-04-28,151.69834899902344,135121000,46.492313385009766,19986000,31.250375747680664,64020600,44.56304168701172,2994200,124.87999725341797,4897900,78.2744140625,7606000,77.0035629272461,574900,13.970000267028809,0
2014-04-29,152.40455627441406,84098000,46.794891357421875,16162500,31.547494888305664,71181600,44.59372329711914,2944200,124.86000061035156,5241600,78.16837310791016,5235200,77.07160949707031,760100,13.710000038146973,0
2014-04-30,152.8591766357422,101508000,46.98054885864258,29172800,31.486547470092773,49063100,44.753257751464844,2660700,124.22000122070312,10352900,78.4933853149414,7721400,77.27548217773438,544700,13.40999984741211,0
2014-05-01,152.87535095214844,93019000,47.111202239990234,17645400,31.52463722229004,31161300,44.94345474243164,3817400,123.80000305175781,6687300,79.33548736572266,11556500,77.49799346923828,21829500,13.25,0
2014-05-02,152.65621948242188,98122000,47.03556442260742,14332800,31.699853897094727,63037500,44.93119812011719,3495200,125.05999755859375,9912900,79.82417297363281,12702100,77.61150360107422,1343700,12.90999984741211,0
2014-05-05,152.9484405517578,75883000,47.00117874145508,18715300,31.52463722229004,26894600,45.02321243286133,2628500,126.22000122070312,5196500,79.34259033203125,8043000,77.56603240966797,929400,13.289999961853027,0
2014-05-06,151.61712646484375,85454000,46.918663024902344,10209100,31.669389724731445,41163100,44.86369323730469,2879800,125.9800033569336,3488000,79.6612777709961,6522600,77.65692138671875,566300,13.800000190734863,0
2014-05-07,152.51007080078125,106500000,46.97367858886719,12801700,31.836992263793945,43226500,45.403648376464844,4417300,124.16999816894531,8469900,79.37802124023438,8199200,77.71742248535156,1107600,13.399999618530273,0
2014-05-08,152.34771728515625,93618000,46.98054885864258,13187500,31.76079559326172,49820300,45.5079345703125,3389200,124.16999816894531,3695500,79.03804779052734,10878800,77.80062866210938,1444300,13.430000305175781,0
2014-05-09,152.57504272460938,83679000,46.911781311035156,8089900,31.707481384277344,43953000,45.53860855102539,3706300,124.0999984741211,3120000,78.78309631347656,6000600,77.74016571044922,354500,12.920000076293945,0
2014-05-12,154.0605010986328,86940000,47.221229553222656,13953600,32.24076461791992,63396500,45.67973327636719,2983200,124.94000244140625,4025500,78.46439361572266,4563800,77.5357666015625,759600,12.229999542236328,0
2014-05-13,154.19845581054688,66454000,47.28999710083008,18673500,32.362640380859375,53342400,45.385223388671875,2476600,124.5999984741211,2643500,79.14427185058594,5501000,77.8384780883789,603700,12.130000114440918,0
2014-05-14,153.46791076660156,72367000,47.20060729980469,15816700,32.59119415283203,57544700,45.403648376464844,3956800,125.80999755859375,4015900,80.001220703125,8851400,78.19413757324219,635400,12.170000076293945,0
2014-05-15,152.12042236328125,154956000,46.99430465698242,20007500,32.28647232055664,56308800,45.37909698486328,2941200,124.7699966430664,5861100,80.63863372802734,12627900,78.47416687011719,1347300,13.170000076293945,0
2014-05-16,152.6480712890625,97458000,47.09745407104492,12874500,32.71308898925781,70419600,45.796321868896484,2478900,124.5,4052100,80.4120101928711,5019200,78.30768585205078,452600,12.4399995803833,0
2014-05-19,153.2081756591797,63839000,47.00117874145508,9415200,32.71308898925781,32471500,45.61224365234375,2420400,124.58000183105469,3902600,79.81705474853516,7403300,78.20931243896484,325400,12.420000076293945,0
2014-05-20,152.24220275878906,111644000,46.70549011230469,13695200,32.44646072387695,63707800,45.47111892700195,2210200,124.69000244140625,3770800,79.9941177368164,6549800,78.43631744384766,34764400,12.960000038146973,0
2014-05-21,153.52474975585938,89093000,47.069942474365234,10953400,32.697845458984375,50661300,45.170475006103516,2164800,124.38999938964844,6846500,79.50547790527344,8224600,78.31524658203125,881700,11.90999984741211,0
2014-05-22,153.89813232421875,61549000,47.131832122802734,8121800,32.92641067504883,51415000,45.09070587158203,1820600,124.66999816894531,3458800,79.39212036132812,6495700,78.23199462890625,678800,12.029999732971191,0
2014-05-23,154.51507568359375,61092800,47.25562286376953,7649000,32.865455627441406,55456100,45.489532470703125,1418000,124.51000213623047,2205900,79.81705474853516,3835000,78.39093780517578,486800,11.359999656677246,0
2014-05-27,155.46484375,72010000,47.59257888793945,9819700,32.583580017089844,40155800,45.8147087097168,2713200,121.8499984741211,10895800,80.28445434570312,6658300,78.4136734008789,997000,11.510000228881836,0
2014-05-28,155.35118103027344,66723000,47.434410095214844,8894300,32.7740364074707,45095400,45.52635192871094,2363100,121.19999694824219,6736800,81.27603149414062,10361000,78.8449478149414,968200,11.680000305175781,0
2014-05-29,156.15480041503906,64377000,47.72322082519531,16668400,32.865455627441406,28979600,45.618377685546875,2379800,120.94000244140625,5551900,80.84403228759766,10692000,78.74654388427734,753100,11.569999694824219,0
2014-05-30,156.4064483642578,76316000,47.73011016845703,15728200,32.41597366333008,72201700,45.82698440551758,3281400,120.43000030517578,8749600,80.80863189697266,6518900,78.68604278564453,902400,11.399999618530273,0
2014-06-02,156.58502197265625,64656000,47.82636642456055,8915100,32.51502227783203,33550800,45.968109130859375,3096500,119.69999694824219,5916100,80.20791625976562,11728200,78.32595825195312,2032800,11.579999923706055,0
2014-06-03,156.5038299560547,65047000,47.70947265625,9629100,32.697845458984375,38021700,45.94357681274414,1828800,120.01000213623047,5008300,79.22093963623047,12694100,77.9317855834961,1563600,11.869999885559082,0
2014-06-04,156.82044982910156,55529000,47.695716857910156,10850800,32.51502227783203,25656100,46.03560256958008,1910500,119.76000213623047,3859500,79.19962310791016,7882000,77.87123107910156,1566600,12.079999923706055,0
2014-06-05,157.84323120117188,92103000,48.025787353515625,11099400,32.85784149169922,41040500,46.88233184814453,4992400,120.66000366210938,4180400,79.23511505126953,6915600,77.98487091064453,1585800,11.680000305175781,0
2014-06-06,158.59817504882812,78696000,48.28709030151367,11780100,33.1854362487793,45429100,46.685970306396484,9927200,120.61000061035156,4807700,79.23511505126953,7832800,77.92423248291016,940600,10.729999542236328,0
2014-06-09,158.76046752929688,65119000,48.23896408081055,12685200,33.30731964111328,38995600,46.12150573730469,2468000,120.6500015258789,2788000,79.1215591430664,5162800,77.81051635742188,816500,11.149999618530273,0
2014-06-10,158.77671813964844,57129000,48.13581466674805,11347600,33.482547760009766,31573300,45.777923583984375,2614700,121.38999938964844,3556600,78.83039093017578,5986000,77.67406463623047,1207100,10.989999771118164,0
2014-06-11,158.22467041015625,68772000,47.895137786865234,8827200,33.36827087402344,44721500,45.65520477294922,2365800,121.41000366210938,3572300,78.97238159179688,5569700,77.78023529052734,814800,11.600000381469727,0
2014-06-12,157.10452270507812,106350000,47.90888595581055,10679500,33.20827865600586,40265500,45.53860855102539,2249600,122.63999938964844,7388500,79.67534637451172,9775900,78.08343505859375,1319500,12.5600004196167,0
2014-06-13,157.5834503173828,82017000,47.94327163696289,22214700,33.2235221862793,27554000,45.65520477294922,1853100,122.95999908447266,4026600,79.63275909423828,5412500,77.9317855834961,752900,12.180000305175781,0
2014-06-16,157.71339416503906,87424000,47.957035064697266,9584600,33.07115173339844,32040700,45.42204284667969,2643400,122.41999816894531,5832800,79.83159637451172,5184600,77.9317855834961,1401000,12.649999618530273,0
2014-06-17,158.15171813964844,84834000,47.922637939453125,9222700,33.07876968383789,35013500,45.53860855102539,1942400,122.27999877929688,4032800,79.19962310791016,6668800,77.6058578491211,33268500,12.0600004196167,0
2014-06-18,159.3124542236328,105267000,48.33523178100586,14870300,33.444454193115234,62131500,45.85765838623047,2734500,122.66999816894531,4601700,79.81026458740234,11256500,78.01520538330078,1472200,10.609999656677246,0
2014-06-19,159.49107360839844,85929000,48.59653854370117,12490400,33.253990173339844,48497900,46.238075256347656,2555800,126.94000244140625,24374800,78.78781127929688,14215500,77.81810760498047,1055000,10.619999885559082,0
2014-06-20,159.81484985351562,100587000,48.5140266418457,16113100,33.1854362487793,36744000,46.397605895996094,2133100,126.5,9954700,79.38426208496094,7319100,77.90908813476562,577000,10.850000381469727,0
2014-06-23,159.76589965820312,70611000,48.38336181640625,9836000,33.11686706542969,27608300,46.207393646240234,4780100,126.8499984741211,5142800,79.13573455810547,5821700,77.85602569580078,764200,10.979999542236328,0
2014-06-24,158.80343627929688,96237000,48.08080291748047,17809900,33.10163497924805,49441000,46.24146270751953,3286300,126.9800033569336,6350200,79.93809509277344,9698300,78.17432403564453,443800,12.130000114440918,0
2014-06-25,159.52122497558594,82782000,48.06388473510742,17373100,33.1714973449707,35940200,46.14855194091797,3838900,126.98999786376953,6692300,80.14403533935547,5699300,78.25019836425781,977500,11.59000015258789,0
2014-06-26,159.4070281982422,84312000,48.09912109375,14342000,33.209903717041016,21873800,46.10519790649414,2612600,126.7300033569336,5529800,80.52740478515625,6628900,78.4548568725586,822300,11.630000114440918,0
2014-06-27,159.7169952392578,71445100,48.12730407714844,9721300,33.28669357299805,21988900,46.45819854736328,2013100,126.66000366210938,4200300,80.40673065185547,7216500,78.4548568725586,933200,11.260000228881836,0
2014-06-30,159.6354217529297,70201200,48.16957092285156,16580700,33.194549560546875,34343200,46.34672927856445,4124700,128.0399932861328,18123400,80.60557556152344,5593100,78.51551055908203,1268900,11.569999694824219,0
2014-07-01,160.70387268066406,90470000,48.59230422973633,12975000,33.50935363769531,42222400,46.594444274902344,3025500,127.69999694824219,8145900,79.93070983886719,8019200,78.25881958007812,17393000,11.149999618530273,0
2014-07-02,160.8670196533203,52475000,48.66980743408203,11254400,33.70899963378906,35955800,46.48298645019531,2935000,127.69999694824219,5738900,79.07640838623047,9382500,77.93983459472656,1779100,10.819999694824219,0
2014-07-03,161.65823364257812,52938800,48.7684326171875,7757300,33.90864944458008,26627100,46.21669006347656,2878500,127.16000366210938,4922500,78.79163360595703,6173900,77.7803955078125,1079900,10.319999694824219,0
2014-07-07,161.09544372558594,61696000,48.387996673583984,8533400,33.885616302490234,26962800,46.35292053222656,2436200,127.0199966430664,4630200,79.36825561523438,5928900,77.97019958496094,1031000,11.329999923706055,0
2014-07-08,160.05950927734375,108143000,47.880706787109375,11505200,33.7320442199707,29106700,46.48918151855469,3175000,127.06999969482422,6216600,80.25813293457031,6352100,78.32716369628906,491500,11.979999542236328,0
2014-07-09,160.77728271484375,72992000,48.035709381103516,15042700,33.92399597167969,29892600,46.563499450683594,2534800,127.83999633789062,8362700,80.32218170166016,6395200,78.34237670898438,1113900,11.649999618530273,0
2014-07-10,160.1410675048828,99040000,47.507301330566406,12905700,33.73971939086914,43704000,46.77404022216797,3409400,128.5399932861328,6313300,80.34353637695312,7196900,78.50945281982422,728600,12.59000015258789,0
2014-07-11,160.36134338378906,64243000,47.53548049926758,11225800,33.70132827758789,32082600,46.78023910522461,2629400,128.77999877929688,4322100,80.85611724853516,4676500,78.63851165771484,688600,12.079999923706055,0
2014-07-14,161.16879272460938,58658000,47.88774871826172,9020800,33.96240234375,23136700,47.00936508178711,1907000,125.72000122070312,11465500,80.50729370117188,4743300,78.46387481689453,974800,11.819999694824219,0
2014-07-15,160.8670196533203,111307000,47.76799011230469,12444500,33.939369201660156,38034000,47.04032516479492,2907800,124.52999877929688,10541700,80.34353637695312,7720000,78.39552307128906,933500,11.960000038146973,0
2014-07-16,161.46246337890625,79986400,48.06388473510742,9427600,34.02383041381836,26424000,47.18894958496094,2204200,124.97000122070312,4099800,80.77071380615234,4615800,78.50945281982422,15784300,11.0,0
2014-07-17,159.6272430419922,145398000,47.450931549072266,15085100,33.386497497558594,66994900,46.94743728637695,2930400,127.08999633789062,11423900,81.78872680664062,10901000,78.96507263183594,1367400,14.539999961853027,0
2014-07-18,161.25852966308594,124330000,47.82434844970703,11615300,33.90864944458008,51870700,47.41189956665039,2042200,126.12999725341797,6460900,81.52534484863281,6677900,78.80557250976562,386900,12.0600004196167,0
2014-07-21,160.9567413330078,67592000,47.64820861816406,12114800,34.02383041381836,56034400,47.238494873046875,2612300,126.33999633789062,3296300,81.93104553222656,5724100,78.82833099365234,339600,12.8100004196167,0
2014-07-22,161.65823364257812,67678000,47.85956573486328,12232800,34.338645935058594,43480300,47.38712692260742,2536100,125.73999786376953,3882000,82.10193634033203,5753200,78.92708587646484,484200,12.239999771118164,0
2014-07-23,162.01707458496094,65612000,47.95820999145508,8668200,34.36935806274414,29647900,47.473819732666016,1972200,125.62000274658203,3041400,81.9951400756836,3489600,78.91950988769531,523600,11.520000457763672,0
2014-07-24,162.02517700195312,56888000,48.0709342956543,6826200,34.522926330566406,31503700,47.41189956665039,2035000,124.3499984741211,8111600,81.38291931152344,6609000,78.60057067871094,600900,11.84000015258789,0
2014-07-25,161.26669311523438,76837000,47.8736572265625,8885700,34.38471603393555,34409200,47.083675384521484,4739600,125.79000091552734,5638800,82.3439712524414,7041800,78.9043197631836,781400,12.6899995803833,0
2014-07-28,161.3319549560547,69259000,47.880706787109375,8065900,34.62275314331055,38243200,47.41189956665039,2155500,125.58000183105469,3212900,82.23011779785156,5138300,78.81312561035156,1448000,12.5600004196167,0
2014-07-29,160.63864135742188,80466000,47.782073974609375,9154800,34.415435791015625,35722000,47.182777404785156,1898000,125.19999694824219,5267700,82.52909851074219,6579300,78.91950988769531,465700,13.279999732971191,0
2014-07-30,160.66310119628906,104222000,47.71162796020508,11169300,34.24650955200195,54177600,47.083675384521484,3117400,124.83000183105469,5614800,81.38291931152344,12251200,78.36515808105469,1067500,13.329999923706055,0
2014-07-31,157.49032592773438,183479000,46.91547775268555,26161000,33.6475715637207,88181200,46.38390350341797,3195700,123.38999938964844,9896500,81.140869140625,18254000,78.34237670898438,1506500,16.950000762939453,0
2014-08-01,157.00909423828125,189261000,46.591400146484375,25398300,33.83185958862305,108800800,46.272422790527344,3394800,124.37999725341797,7397000,81.76897430419922,14951200,78.803466796875,3466800,17.030000686645508,0
2014-08-04,158.1428680419922,91340000,46.8098030090332,15220800,34.14668273925781,43918900,46.594444274902344,2458400,123.98999786376953,6499400,81.55487060546875,5183800,78.84907531738281,1672600,15.119999885559082,0
2014-08-05,156.6094207763672,152690000,46.2109489440918,20914100,33.62453842163086,67276000,46.11760330200195,2968400,123.87000274658203,8342500,81.81896209716797,8032000,78.88715362548828,1013000,16.8700008392334,0
2014-08-06,156.65834045410156,94818000,46.09822463989258,16592700,33.394187927246094,63560700,46.09901809692383,1930600,125.66999816894531,9327800,81.86892700195312,7289200,78.95558166503906,1139100,16.3700008392334,0
2014-08-07,155.81002807617188,135733000,45.72481155395508,17344900,33.263641357421875,77763500,46.12379837036133,2299300,126.18000030517578,7298900,82.63264465332031,9745500,79.31327056884766,1386100,16.65999984741211,0
2014-08-08,157.6126251220703,117014000,45.99252700805664,15434200,33.563114166259766,53612400,46.39626693725586,2574200,126.19000244140625,5728200,82.4542236328125,9536700,79.24471282958984,913900,15.770000457763672,0
2014-08-11,158.0693817138672,74544000,46.168670654296875,10497600,33.99311828613281,49923100,46.687339782714844,2307300,125.95999908447266,3163500,82.4471435546875,6668800,79.2066879272461,419800,14.229999542236328,0
2014-08-12,157.84922790527344,73632000,46.13344192504883,12398400,34.0315055847168,36823500,46.61302185058594,1510400,125.98999786376953,4609700,81.91170501708984,8122400,79.09256744384766,416300,14.130000114440918,0
2014-08-13,158.91766357421875,69047000,46.39413070678711,12378700,34.215789794921875,49491900,47.28805160522461,1847200,126.19999694824219,3967500,82.4471435546875,8210500,79.35131072998047,732400,12.899999618530273,0
2014-08-14,159.6680145263672,57371000,46.640716552734375,11941600,34.269554138183594,33152100,47.257076263427734,2020500,126.30999755859375,3348500,83.1108627319336,9028200,79.51101684570312,638800,12.420000076293945,0
2014-08-15,159.6354217529297,139951000,46.591400146484375,23432900,34.17739486694336,66006100,47.20754623413086,2972400,125.4800033569336,13070500,84.01734924316406,17606700,79.83058166503906,1570700,13.149999618530273,0
2014-08-18,160.97305297851562,75424000,46.894351959228516,11630700,34.507572174072266,38360500,47.67201232910156,2328200,124.95999908447266,4952500,83.18224334716797,7595300,79.57951354980469,13822300,12.319999694824219,0
2014-08-19,161.8131561279297,59135000,47.007076263427734,8514300,34.6688232421875,33591600,47.77108383178711,1893300,124.68000030517578,4878400,82.92528533935547,5936900,79.49580383300781,769900,12.210000038146973,0
2014-08-20,162.2454376220703,72763000,46.8591194152832,11419400,34.59972381591797,30889600,47.98783493041992,2361100,124.22000122070312,4395600,82.78968811035156,7275600,79.25992584228516,1052200,11.779999732971191,0
2014-08-21,162.718505859375,67791000,47.056396484375,8522800,34.453826904296875,35476300,47.913509368896484,2436900,122.87999725341797,8008800,83.25360870361328,6790700,79.42733001708984,630300,11.760000228881836,0
2014-08-22,162.4656982421875,76107000,46.830936431884766,9000900,34.36167907714844,45995800,47.52954864501953,2568700,123.19000244140625,4739200,83.71758270263672,10149900,79.43494415283203,1393400,11.470000267028809,0
2014-08-25,163.28948974609375,63855000,47.13389587402344,13867600,34.61507797241211,31989900,47.424285888671875,1913700,122.73999786376953,5012400,84.0316162109375,5760700,79.49580383300781,837500,11.699999809265137,0
2014-08-26,163.3954315185547,47298000,47.14094161987305,22103600,34.8223991394043,45918400,47.517173767089844,1762400,123.3499984741211,3882300,83.76039123535156,5487600,79.48060607910156,590200,11.630000114440918,0
2014-08-27,163.33021545410156,47874000,47.23252868652344,10792900,34.99900436401367,34239100,47.548133850097656,1527300,123.31999969482422,2576800,84.4741439819336,7265800,79.70123291015625,881300,11.779999732971191,0
2014-08-28,163.24050903320312,58330000,47.021156311035156,10674300,34.65346908569336,38157700,47.541927337646484,2491900,124.0,3296700,84.91667938232422,9463600,79.80779266357422,938400,12.050000190734863,0
2014-08-29,163.70542907714844,65907000,47.000030517578125,19832700,34.59972381591797,39791500,47.79586410522461,1857400,123.86000061035156,3683500,84.97377014160156,8512900,79.81534576416016,1407100,12.09000015258789,0
2014-09-02,163.62387084960938,72426000,47.09162521362305,14537000,34.54597854614258,48129000,47.80204772949219,2356800,121.6500015258789,10128600,83.50794219970703,10506000,79.30548858642578,2058600,12.25,0
2014-09-03,163.53414916992188,57462000,47.422752380371094,15490700,34.99900436401367,51700200,47.92589569091797,2254000,122.1500015258789,3414600,83.97295379638672,6553900,79.4197998046875,1456900,12.359999656677246,0
2014-09-04,163.2976531982422,85236000,47.197303771972656,11043000,34.906856536865234,41676700,47.74630355834961,2032500,121.4800033569336,7310600,82.94992065429688,12528900,79.1377944946289,1994400,12.640000343322754,0
2014-09-05,164.0316162109375,102177000,47.204349517822266,9374300,35.20632553100586,53035700,48.25411605834961,2285600,122.05999755859375,3490100,82.79259490966797,6886000,79.16065979003906,1098400,12.09000015258789,0
2014-09-08,163.6075439453125,64146000,46.70412826538086,13282600,34.791690826416016,50222700,48.20457077026367,3472300,120.7300033569336,7506500,82.82830810546875,9326400,79.07682800292969,1340900,12.65999984741211,0
2014-09-09,162.57168579101562,88591000,46.57025909423828,15015000,34.36167907714844,85940600,47.907310485839844,2389600,120.87000274658203,6157300,82.7639389038086,5353100,78.8938980102539,1205900,13.5,0
2014-09-10,163.18344116210938,67251000,46.83798599243164,14634800,34.215789794921875,57439600,47.15178680419922,3369300,120.26000213623047,7021500,82.24169921875,8729400,78.69571685791016,1311800,12.880000114440918,0
2014-09-11,163.37103271484375,66774400,46.577301025390625,12136700,33.98542785644531,70622500,47.18894958496094,3158100,119.47000122070312,7612000,81.96984100341797,9274800,78.59662628173828,1224800,12.800000190734863,0
2014-09-12,162.4167022705078,117409300,46.51389694213867,12022900,33.62453842163086,85785600,45.739837646484375,5664200,118.37999725341797,8126500,81.11136627197266,11114900,78.2994613647461,2178400,13.3100004196167,0
2014-09-15,162.29443359375,76401000,46.41525650024414,8709500,33.45560073852539,68507800,45.516910552978516,4031200,118.63999938964844,4775400,81.2330093383789,5510700,78.44422149658203,1505400,14.119999885559082,0
2014-09-16,163.51780700683594,116201000,46.61252975463867,14405100,33.89329147338867,97318600,45.9627799987793,3866000,118.83000183105469,6544500,80.90394592285156,9304700,78.42132568359375,24978400,12.729999542236328,0
2014-09-17,163.738037109375,151266000,46.28139877319336,19753900,33.578460693359375,76121700,45.950401306152344,3340200,117.54000091552734,8328700,80.69646453857422,12917000,78.2231674194336,2704700,12.649999618530273,0
2014-09-18,164.61077880859375,94990000,46.640716552734375,14467500,33.62453842163086,50513900,45.547874450683594,3321000,117.77999877929688,5368700,80.95404052734375,7031200,78.16985321044922,556800,12.029999732971191,0
2014-09-19,164.4624786376953,121649000,46.478675842285156,11800500,33.37114334106445,88033100,45.60361099243164,3465500,117.08999633789062,10930200,81.98413848876953,13236900,78.46707916259766,920600,12.109999656677246,0
2014-09-22,163.1923370361328,125553000,46.274356842041016,29390800,32.86436080932617,83094000,45.24443054199219,2511100,116.8499984741211,7601600,82.08434295654297,6617200,78.63478088378906,1932600,13.6899995803833,0
2014-09-23,162.2581329345703,111393000,45.88685607910156,18721700,32.68007278442383,82990700,44.91619873046875,5408600,117.5999984741211,4664800,82.59223937988281,6362400,78.80247497558594,963700,14.930000305175781,0
2014-09-24,163.52825927734375,107276000,46.11935043334961,12589900,33.14847183227539,55218900,44.79619216918945,4459300,117.05000305175781,5515000,82.13439178466797,5223300,78.5814208984375,485300,13.270000457763672,0
2014-09-25,160.88966369628906,150300000,45.4429931640625,15639300,32.42667770385742,68810700,44.59620666503906,5149900,117.38999938964844,7631700,83.10738372802734,8947800,78.96253967285156,399000,15.640000343322754,0
2014-09-26,162.16798400878906,103547000,45.63321304321289,14040200,32.57257080078125,54551800,45.19622802734375,3992400,117.05999755859375,4185200,82.98570251464844,7799600,78.7947998046875,716100,14.850000381469727,0
2014-09-29,161.87301635742188,95112000,45.21049118041992,17351800,31.912212371826172,74208400,45.13371276855469,3798600,117.02999877929688,4049500,83.65104675292969,6791800,79.04629516601562,2344500,15.979999542236328,0
2014-09-30,161.44691467285156,131302000,45.17527770996094,17807600,31.912212371826172,87704500,44.90871047973633,4720400,116.20999908447266,10170100,83.17887115478516,7277500,78.977783203125,1544600,16.309999465942383,0
2014-10-01,159.2589569091797,177798000,44.63981628417969,21791100,31.259531021118164,109933300,44.946231842041016,6004400,116.7699966430664,7018800,84.79181671142578,17194900,79.64128875732422,3346000,16.709999084472656,0
2014-10-02,159.28358459472656,157285000,44.16072463989258,21687600,31.42845916748047,92880600,44.87120056152344,4035000,116.73999786376953,6349900,84.0531005859375,8251800,79.4045181274414,2084100,16.15999984741211,0
2014-10-03,161.03721618652344,121569000,44.16072463989258,11116900,31.697216033935547,61010900,45.15247344970703,3338400,114.61000061035156,11301300,84.41168975830078,8561500,79.38163757324219,1159100,14.550000190734863,0
2014-10-06,160.84872436523438,104778000,44.442543029785156,16614000,32.111846923828125,84259600,45.27123260498047,2874400,116.02999877929688,7644100,84.46185302734375,4485500,79.51146697998047,1201700,15.460000038146973,0
2014-10-07,158.36578369140625,147913000,43.688682556152344,15615700,31.82774543762207,41767500,44.91495132446289,2711000,116.36000061035156,5274700,85.60221862792969,8837700,79.9772720336914,1429800,17.200000762939453,0
2014-10-08,161.1355438232422,186461000,44.37913131713867,18310300,32.30381393432617,90901600,45.89000701904297,4952700,117.47000122070312,10670900,85.6237564086914,9391300,80.25979614257812,2701900,15.109999656677246,0
2014-10-09,157.93971252441406,210705000,43.18845748901367,23813400,31.797040939331055,82942800,45.89000701904297,4812800,117.63999938964844,6610500,85.25080108642578,10291700,80.122314453125,5848000,18.760000228881836,0
2014-10-10,156.1368865966797,221909000,42.540283203125,26414400,31.105960845947266,104177200,45.93375015258789,4856500,117.58999633789062,4651400,86.09706115722656,8774400,80.4354019165039,4675300,21.239999771118164,0
2014-10-13,153.57199096679688,230939000,42.48391342163086,16363600,31.420780181884766,89761000,45.97751235961914,4322300,118.5199966430664,5396300,86.62060546875,6450700,80.85535430908203,2074300,24.639999389648438,0
2014-10-14,153.80970764160156,215847000,42.589599609375,22292200,31.60506820678711,71636700,46.72130584716797,4833400,118.58999633789062,5174800,87.18714904785156,11285400,81.0157699584961,2196700,22.790000915527344,0
2014-10-15,152.7689666748047,380715000,42.33596420288086,37303900,31.205780029296875,122284500,46.5400390625,6098400,118.98999786376953,9453800,87.87566375732422,37407500,81.47384643554688,2196800,25.270000457763672,0
2014-10-16,152.6378936767578,270391000,41.94142532348633,49006500,30.921680450439453,101076200,46.615047454833984,4380100,119.22000122070312,6545400,87.31631469726562,18096600,81.25245666503906,1786700,25.200000762939453,0
2014-10-17,154.44064331054688,214625000,42.72345733642578,22794100,31.267213821411133,73616400,46.671302795410156,3592900,118.98999786376953,8059000,86.82858276367188,8524300,81.0157699584961,1143300,21.989999771118164,0
2014-10-20,155.9402313232422,130011000,42.991188049316406,22996200,31.359352111816406,50853900,47.38383102416992,3538000,119.80000305175781,3033700,87.14414978027344,7742500,81.1302719116211,1562200,18.56999969482422,0
2014-10-21,159.02952575683594,154949000,43.50550079345703,16849600,31.48988914489746,49877200,47.81510925292969,3590600,120.0199966430664,4566100,86.44847869873047,9754700,80.90886688232422,1973200,16.079999923706055,0
2014-10-22,157.89871215820312,151822000,43.18845748901367,13982300,31.28257179260254,50711600,47.82762145996094,3685100,119.33999633789062,3740200,86.54173278808594,9260200,80.88591766357422,951800,17.8700008392334,0
2014-10-23,159.7342529296875,154944000,43.6041374206543,17097000,31.274892807006836,43661600,48.19637680053711,4636200,118.5199966430664,6417500,85.77436065673828,10936300,80.54996490478516,1281700,16.530000686645508,0
2014-10-24,160.96343994140625,117927000,43.843685150146484,12251100,31.497568130493164,43721100,48.15887451171875,3367300,118.3499984741211,3610600,85.86038208007812,5704900,80.61871337890625,678800,16.110000610351562,0
2014-10-27,160.7421417236328,82954000,43.59708786010742,17838400,31.251859664916992,44793200,48.51515579223633,3241900,118.05999755859375,2443600,86.0182113647461,3391900,80.70270538330078,872500,16.040000915527344,0
2014-10-28,162.58599853515625,106736000,44.25936508178711,14653100,31.88150405883789,73890500,48.727657318115234,2537300,118.0999984741211,3260100,85.4803466796875,5141300,80.50415802001953,771500,14.390000343322754,0
2014-10-29,162.3400421142578,142557000,43.92118453979492,21781800,31.92757797241211,75308700,48.45265197753906,3652200,116.41000366210938,7900800,85.67389678955078,9105100,80.23687744140625,1453100,15.149999618530273,0
2014-10-30,163.38076782226562,113330000,44.23822784423828,14596000,32.2270393371582,54208200,48.75891876220703,2619400,115.19000244140625,7852200,85.74562072753906,7024400,80.32088470458984,1363500,14.520000457763672,0
2014-10-31,165.24908447265625,146903000,45.05549240112305,22786800,32.365257263183594,108786100,49.3714485168457,5992000,112.66000366210938,18208200,85.52326965332031,6664200,80.1910629272461,886900,14.029999732971191,0
2014-11-03,165.33929443359375,93600000,44.66799545288086,14384800,32.09649658203125,59606600,49.80272674560547,5130100,112.1500015258789,6589800,85.5233154296875,9726600,80.16124725341797,2348900,14.729999542236328,0
2014-11-04,164.76565551757812,93343000,44.414363861083984,12741800,32.127220153808594,41428100,49.88397979736328,2749400,112.22000122070312,6430100,85.78933715820312,3664800,80.15361785888672,3854700,14.890000343322754,0
2014-11-05,165.80628967285156,91709000,44.49890899658203,13033500,31.843107223510742,48726600,49.77772903442383,2257200,109.79000091552734,13560100,85.6671142578125,4799600,80.17655181884766,1079700,14.170000076293945,0
2014-11-06,166.4700927734375,107089000,44.25936508178711,13624500,31.451494216918945,52054400,49.39645004272461,3025000,109.87999725341797,7019900,85.11353302001953,5901900,79.93171691894531,1026100,13.670000076293945,0
2014-11-07,166.62579345703125,89540000,44.28049850463867,10950900,31.651142120361328,42327500,49.33395767211914,3680900,112.97000122070312,10916500,86.09130859375,8550500,80.44428253173828,994200,13.119999885559082,0
2014-11-10,167.1502685546875,66319000,44.477779388427734,10235200,31.73560905456543,45891600,49.74021911621094,2141300,110.45999908447266,8548500,85.30046844482422,4787300,80.11537170410156,1427900,12.670000076293945,0
2014-11-11,167.31411743164062,54499400,44.74549102783203,12372800,31.704893112182617,28395000,49.54645919799805,2158300,112.04000091552734,8603200,85.35797119140625,2416500,80.12297058105469,1220800,12.920000076293945,0
2014-11-12,167.13381958007812,90120300,44.365047454833984,9970700,31.64345932006836,25122300,49.17144012451172,3648500,111.5,5133300,85.28604125976562,4040800,80.09236907958984,658300,13.020000457763672,0
2014-11-13,167.3223114013672,85357900,44.576412200927734,18654700,31.558998107910156,30709800,49.44020080566406,4038700,111.66999816894531,4874600,85.48735809326172,4475900,80.22240447998047,743400,13.789999961853027,0
2014-11-14,167.36331176757812,80417500,44.63981628417969,13368600,31.820072174072266,47386400,49.03392791748047,3117900,114.47000122070312,14173600,85.90437316894531,5191200,80.39070892333984,629800,13.3100004196167,0
2014-11-17,167.46983337402344,80441000,44.46368408203125,11203700,31.482213973999023,38237800,49.25270080566406,2501400,114.05000305175781,5441000,85.688720703125,4726200,80.2989501953125,496500,13.989999771118164,0
2014-11-18,168.436767578125,76068100,44.94981384277344,19695400,31.651142120361328,23114500,49.4651985168457,2609900,115.05000305175781,5586700,85.92591857910156,4471200,80.39070892333984,510100,13.859999656677246,0
2014-11-19,168.16636657714844,82373000,44.815956115722656,13908800,31.635784149169922,49215300,49.02143859863281,2985900,113.68000030517578,11997700,85.37955474853516,5792500,80.17655181884766,560000,13.960000038146973,0
2014-11-20,168.4613494873047,72840300,44.54822540283203,16494400,31.582046508789062,28926200,49.183956146240234,3400800,114.86000061035156,5607800,85.82527923583984,5683600,80.32191467285156,811500,13.579999923706055,0
2014-11-21,169.36270141601562,142327300,44.93572235107422,22414400,32.58793640136719,111455200,49.490211486816406,2827500,115.38999938964844,6564300,86.34292602539062,3640100,80.48245239257812,855800,12.899999618530273,0
2014-11-24,169.8380584716797,65880800,45.19640350341797,16662600,32.31917953491211,38061300,49.665225982666016,3367400,115.11000061035156,4695000,86.41484832763672,4033900,80.5742416381836,13802400,12.619999885559082,0
2014-11-25,169.71510314941406,79108300,45.273902893066406,18289600,32.111846923828125,43794300,49.75271224975586,4664900,115.37999725341797,9051800,87.1336898803711,6770000,80.7731704711914,1244600,12.25,0
2014-11-26,170.14942932128906,62167800,45.450042724609375,9788000,32.51882553100586,30953300,50.2340087890625,2303900,115.16000366210938,3184000,87.3709487915039,4339100,80.91084289550781,523300,12.069999694824219,0
2014-11-28,169.78884887695312,57890100,45.08367919921875,8429300,31.866138458251953,49144700,50.35898971557617,2225200,112.11000061035156,9616300,88.0611572265625,4562200,81.22441864013672,367300,13.329999923706055,0
2014-12-01,168.60879516601562,103968400,45.041412353515625,14827800,31.320960998535156,75105900,50.2340087890625,5767100,116.58000183105469,15644000,87.54742431640625,7728600,81.0252456665039,2063400,14.15999984741211,0
2014-12-02,169.69869995117188,74507200,45.16822052001953,19349300,31.313289642333984,47273300,50.54651641845703,3641400,115.13999938964844,6378100,86.6971435546875,5757200,80.6651382446289,990600,12.850000381469727,0
2014-12-03,170.35427856445312,68952000,45.11185836791992,10722400,31.397754669189453,37508300,50.49651336669922,3620900,116.33000183105469,5758800,87.0357666015625,4868600,80.69571685791016,851900,12.5,0
2014-12-04,170.165771484375,91316600,44.96390914916992,18286400,31.451494216918945,31459900,50.627784729003906,3367000,115.87999725341797,3623600,87.76351165771484,4250500,80.97928619384766,968300,12.380000114440918,0
2014-12-05,170.44439697265625,91025500,45.06254196166992,13947000,31.390071868896484,32496300,50.37150573730469,4100400,114.43000030517578,6331000,87.2519760131836,8030700,80.52720642089844,1035900,11.890000343322754,0
2014-12-08,169.3053436279297,108588200,44.66799545288086,14590200,30.929359436035156,43437900,50.69026184082031,2651600,115.77999877929688,5224500,88.3183822631836,6021800,80.79535675048828,858300,14.210000038146973,0
2014-12-09,169.1906280517578,125180100,44.42844772338867,18136300,30.637577056884766,54564100,50.921539306640625,3905800,118.19000244140625,10467200,88.77233123779297,6639700,81.09422302246094,945900,15.350000381469727,0
2014-12-10,166.47833251953125,159856400,43.86481475830078,27669700,30.184526443481445,55591700,50.87151336669922,3634400,117.95999908447266,4277400,89.42081451416016,6439200,81.46199798583984,996800,18.530000686645508,0
2014-12-11,167.3223114013672,159012800,43.8084602355957,19542600,29.931137084960938,65853700,50.965309143066406,2845100,117.69000244140625,5214500,89.78829193115234,7863500,81.3240966796875,15223600,20.079999923706055,0
2014-12-12,164.61813354492188,202330200,42.96299743652344,31169600,29.43970489501953,79274600,50.52151107788086,3903500,117.41000366210938,4736500,91.00601959228516,9317400,81.99066162109375,7233700,21.079999923706055,0
2014-12-15,163.48727416992188,189965800,42.25141143798828,38599900,29.017391204833984,93921700,49.86521911621094,5900900,114.38999938964844,8796000,90.81871032714844,9387400,81.69181823730469,1248100,20.420000076293945,0
2014-12-16,162.17620849609375,259543800,42.55438232421875,38250500,28.9713134765625,117074100,49.79646301269531,7097800,114.94999694824219,9174000,91.94273376464844,7426400,82.10559844970703,10633800,23.56999969482422,0
2014-12-17,165.3556365966797,253910100,43.063045501708984,28795300,29.637279510498047,119530800,50.94028854370117,7227900,114.2699966430664,9097300,91.11408996582031,11558800,81.5385971069336,2086100,19.440000534057617,0
2014-12-18,169.4446563720703,257633900,43.831390380859375,33053700,30.04230308532715,70091400,51.29656219482422,6041800,115.1500015258789,5258100,89.4928970336914,12758200,81.07891082763672,4833300,16.809999465942383,0
2014-12-19,170.16561889648438,245084600,43.89542770385742,29690700,30.25261878967285,61239600,51.27152633666992,5490300,114.7699966430664,4652300,90.69618225097656,7894500,81.37767028808594,847800,16.489999771118164,0
2014-12-22,170.94837951660156,148318900,44.10884094238281,24782500,30.673221588134766,47398500,52.12874984741211,3600200,112.55000305175781,7483200,90.81871032714844,4118800,81.37767028808594,2366700,15.25,0
2014-12-23,171.17910766601562,122167900,43.96656036376953,21929200,30.392818450927734,52339300,51.983036041259766,4804100,112.73999786376953,7763300,89.0173110961914,7406100,80.70347595214844,1360300,14.800000190734863,0
2014-12-24,171.1956024169922,42963400,44.1657600402832,12379400,30.46291732788086,21433900,51.767635345458984,1306900,112.7699966430664,1501600,89.50178527832031,4871400,80.76172637939453,1098200,14.369999885559082,0
2014-12-26,171.74766540527344,57326700,44.27960205078125,17681100,30.704374313354492,28723000,51.95136260986328,2907700,114.83000183105469,3765600,89.8339614868164,2921300,80.869140625,373600,14.5,0
2014-12-29,171.97837829589844,79643900,43.959449768066406,22005600,30.51744270324707,38964300,52.2364501953125,2789100,113.66999816894531,12963700,90.50555419921875,4070700,81.14543151855469,2447300,15.0600004196167,0
2014-12-30,171.05555725097656,73540800,43.55393981933594,20271600,30.579750061035156,32332700,52.19843673706055,3292600,115.19999694824219,7987300,90.75100708007812,4372600,81.23750305175781,1194700,15.920000076293945,0
2014-12-31,169.358154296875,130333800,43.28359603881836,22495000,30.603126525878906,34940700,51.31780242919922,4494500,113.58000183105469,7624200,90.92432403564453,4993300,81.3295669555664,1010400,19.200000762939453,0
2015-01-02,169.26754760742188,121465900,43.09861373901367,24674800,30.19809341430664,65010000,52.09074401855469,5570500,114.08000183105469,7109600,91.93521881103516,9432000,81.74395751953125,2028600,17.790000915527344,0
2015-01-05,166.21060180664062,169632600,42.08127212524414,28468200,29.660646438598633,83166600,52.37584686279297,6073700,115.80000305175781,8177400,93.37938690185547,9789500,82.24268341064453,1521700,19.920000076293945,0
2015-01-06,164.6450653076172,209151400,41.604610443115234,21711600,29.536022186279297,52066100,52.89535140991211,7577100,117.12000274658203,11238300,95.06182861328125,18331300,82.79517364501953,1890200,21.1200008392334,0
2015-01-07,166.69679260253906,125346700,42.06704330444336,19048900,30.174718856811523,64948700,53.70630645751953,6920700,116.43000030517578,6434200,94.8741226196289,9762900,82.77982330322266,1558000,19.309999465942383,0
2015-01-08,169.65480041503906,147217800,42.63618469238281,16680000,30.688796997070312,55081600,53.909034729003906,5255000,115.94000244140625,7033700,93.61766052246094,8055300,82.44220733642578,1671000,17.010000228881836,0
2015-01-09,168.2952423095703,158567300,42.42986297607422,17938200,30.587539672851562,38550100,53.934391021728516,4643900,117.26000213623047,7962900,94.64302062988281,9398800,82.84889221191406,1107800,17.549999237060547,0
2015-01-12,166.97689819335938,144396100,42.33027267456055,18561200,30.338289260864258,55381800,54.34619140625,5131800,118.55999755859375,8318200,95.1845932006836,6658100,83.14045715332031,2700900,19.600000381469727,0
2015-01-13,166.50723266601562,214553300,42.54369354248047,15396200,30.603126525878906,55565600,54.26381301879883,5859600,118.16000366210938,7693200,95.1845932006836,8260800,83.21720886230469,1038800,20.559999465942383,0
2015-01-14,165.50196838378906,192991100,42.422752380371094,16051900,30.431760787963867,83761000,54.73265075683594,6249100,117.97000122070312,7727400,95.90673828125,12324500,83.60087585449219,1545800,21.479999542236328,0
2015-01-15,163.98587036132812,176613900,42.69309997558594,21885100,30.501873016357422,57441600,54.85936737060547,5004100,120.94000244140625,17692500,97.41581726074219,11454200,84.31446838378906,1374100,22.389999389648438,0
2015-01-16,166.13650512695312,211879600,43.248023986816406,29675500,30.75889778137207,72675200,55.334529876708984,4717000,122.5199966430664,14428200,96.17381286621094,9390500,83.69294738769531,1689100,20.950000762939453,0
2015-01-20,166.49069213867188,130991100,43.39741897583008,19318000,30.712167739868164,57716900,54.89739227294922,5012700,124.19999694824219,14968600,97.45191192626953,7758700,83.88479614257812,1346200,19.889999389648438,0
2015-01-21,167.33126831054688,122942700,43.73889923095703,26882500,31.389812469482422,74714900,54.85936737060547,4354500,124.2300033569336,11082700,96.32551574707031,9803900,83.48573303222656,2298200,18.850000381469727,0
2015-01-22,169.81956481933594,174356000,43.902530670166016,15610400,31.98957061767578,95318400,55.83504867553711,4450600,125.2300033569336,10518400,95.97891235351562,10200000,83.27857971191406,1330800,16.399999618530273,0
2015-01-23,168.88853454589844,117516800,43.653533935546875,19495700,31.74810028076172,52368100,55.6766471862793,3491800,124.2300033569336,6270900,97.31473541259766,7334600,83.82342529296875,1248200,16.65999984741211,0
2015-01-26,169.28395080566406,92009700,44.251136779785156,18463300,31.76368522644043,47266100,56.145469665527344,2885100,122.98999786376953,6768600,97.01868438720703,5966500,83.63162231445312,1546200,15.520000457763672,0
2015-01-27,167.05105590820312,134044600,44.31517028808594,20064300,31.592334747314453,42525200,56.164485931396484,3209400,124.4000015258789,9584800,97.17034149169922,8079600,83.7466812133789,863300,17.219999313354492,0
2015-01-28,164.9087371826172,168514300,43.653533935546875,20033100,31.249605178833008,56698000,55.79069137573242,3948900,123.41999816894531,8470600,98.7589111328125,12230300,84.39127349853516,3346300,20.440000534057617,0
2015-01-29,166.43309020996094,173585400,44.251136779785156,31207900,31.249605178833008,53124400,55.98711395263672,3337500,120.76000213623047,11998000,98.10900115966797,8881400,84.09195709228516,1393400,18.760000228881836,0
2015-01-30,164.34017944335938,197729700,43.55393981933594,39271000,30.392818450927734,103745400,54.83401870727539,4969800,123.44999694824219,14555900,99.8492431640625,14871200,84.8285903930664,2219800,20.969999313354492,0
2015-02-02,166.37539672851562,163107000,44.08039474487305,24878700,30.938039779663086,50443600,54.68830871582031,7523600,122.41999816894531,8885200,99.47228240966797,13689900,84.7225570678711,11544700,19.43000030517578,0
2015-02-03,168.78143310546875,124212900,44.78471374511719,27679400,31.522228240966797,48552700,55.16347885131836,4617400,121.05000305175781,8255900,97.36676025390625,14008700,84.00778198242188,1465200,17.329999923706055,0
2015-02-04,168.13870239257812,134306700,44.414772033691406,17454200,31.366439819335938,34900700,54.935394287109375,3332800,121.58000183105469,5386700,97.53312683105469,11360400,84.14608001708984,1655500,18.329999923706055,0
2015-02-05,169.8360595703125,97953200,45.02659606933594,23933500,31.55337905883789,32092400,55.594295501708984,2921600,121.79000091552734,6879900,96.46234893798828,8334600,83.83861541748047,1392700,16.850000381469727,0
2015-02-06,169.3663787841797,125672000,44.46456527709961,18530100,31.01593780517578,64292000,53.97872543334961,6323300,118.63999938964844,13206900,94.7547836303711,13685600,82.90094757080078,2016700,17.290000915527344,0
2015-02-09,168.60833740234375,87219000,44.251136779785156,15940500,30.969205856323242,35632500,53.598609924316406,4235700,119.16999816894531,5237200,94.60284423828125,8025500,82.8625259399414,1599900,18.549999237060547,0
2015-02-10,170.4045867919922,96164200,44.65665817260742,14302500,30.891311645507812,46949400,53.769676208496094,6144500,118.47000122070312,4086300,93.85039520263672,8290700,82.655029296875,1244500,17.229999542236328,0
2015-02-11,170.5034637451172,91087800,44.414772033691406,16405400,30.665433883666992,44240300,53.61126708984375,4027100,117.06999969482422,6784400,94.02398681640625,6506400,82.62428283691406,1286100,16.959999084472656,0
2015-02-12,172.14315795898438,97545900,45.104854583740234,16664700,31.319711685180664,55855400,54.25114822387695,4523100,117.33999633789062,4344400,93.71287536621094,12548300,82.655029296875,1845200,15.34000015258789,0
2015-02-13,172.85177612304688,93670400,45.403663635253906,17919100,31.67800521850586,44640000,53.89004135131836,3444500,117.9800033569336,4108900,92.75060272216797,8325200,82.37831115722656,1302400,14.6899995803833,0
2015-02-17,173.12367248535156,76968200,45.510372161865234,13660300,31.607908248901367,30152800,53.75697708129883,6414800,116.01000213623047,7225200,91.35419464111328,14968800,81.79420471191406,2170100,15.800000190734863,0
2015-02-18,173.14013671875,80652900,45.78072738647461,16777800,31.60011863708496,36036700,54.257484436035156,5487900,116.33999633789062,8336000,91.89682006835938,14009200,82.1861572265625,8204600,15.449999809265137,0
2015-02-19,173.0165557861328,91462500,45.83763122558594,17091000,31.467697143554688,38785800,53.09174346923828,5415600,115.94000244140625,6528700,91.28904724121094,8584800,81.97866821289062,1459500,15.289999961853027,0
2015-02-20,174.0547332763672,140896400,46.26449966430664,34658700,31.67800521850586,32542700,53.60492706298828,4982700,115.27999877929688,6681700,91.55672454833984,12502500,81.93254852294922,1893000,14.300000190734863,0
2015-02-23,174.03004455566406,74411100,46.100868225097656,13630900,31.358657836914062,34091700,54.035736083984375,3883800,115.43000030517578,4812400,92.60587310791016,7500500,82.30915832519531,818200,14.5600004196167,0
2015-02-24,174.5244598388672,72472300,46.385433197021484,16373400,31.8104190826416,64630500,52.97135925292969,6027700,115.26000213623047,7612900,93.82144927978516,11958300,82.85485076904297,1180900,13.6899995803833,0
2015-02-25,174.37606811523438,73061700,46.4210090637207,10224800,31.74810028076172,28592500,52.98405838012695,6699700,115.69999694824219,5032500,94.2265853881836,8019800,82.93172454833984,595300,13.84000015258789,0
2015-02-26,174.1700897216797,72697900,46.292945861816406,12791000,31.75589370727539,25889800,52.40751266479492,4738700,116.06999969482422,4025400,92.93867492675781,11020500,82.43981170654297,865900,13.90999984741211,0
2015-02-27,173.5768585205078,108076000,46.31428909301758,22960900,31.732534408569336,43207600,52.81934356689453,4328200,116.16000366210938,8255600,93.72010803222656,9225100,82.73186492919922,2901700,13.34000015258789,0
2015-03-02,174.67276000976562,87491400,46.385433197021484,21297800,31.6857852935791,36669900,53.12344741821289,5353500,115.68000030517578,7993300,91.97443389892578,11324000,82.11599731445312,10270800,13.039999961853027,0
2015-03-03,173.95590209960938,110325800,46.100868225097656,12564400,31.4443302154541,40406100,53.02206039428711,4311400,115.47000122070312,4738300,91.64093780517578,8599000,81.93898010253906,1224400,13.859999656677246,0
2015-03-04,173.2225799560547,114497200,45.915889739990234,15625100,31.101619720458984,51564400,52.51522445678711,3054200,115.11000061035156,4762400,91.6699447631836,6478900,82.00060272216797,1871100,14.229999542236328,0
2015-03-05,173.41207885742188,76873000,46.02260971069336,15540900,31.05488395690918,33714000,52.66728591918945,3503900,115.0,5872200,91.55400085449219,6045000,82.04671478271484,2253200,14.039999961853027,0
2015-03-06,170.9730987548828,188128000,45.396549224853516,24040500,30.579750061035156,72516900,50.918663024902344,7166500,111.86000061035156,11190800,89.5313491821289,20022900,81.2076644897461,1734000,15.199999809265137,0
2015-03-09,171.68177795410156,89818900,45.467681884765625,11909000,30.46291732788086,34915600,51.32414245605469,6548000,111.97000122070312,5534000,90.35784149169922,8889100,81.5848388671875,1218100,15.0600004196167,0
2015-03-10,168.8967742919922,157121300,44.47879409790039,20980000,29.7852725982666,84229600,51.2861213684082,5985700,111.41999816894531,7019800,91.54676055908203,9277900,81.93128204345703,1309200,16.690000534057617,0
2015-03-11,168.50123596191406,110145700,44.59262466430664,20000400,30.011152267456055,47978700,51.330474853515625,2833100,110.75,6550400,92.213623046875,6663100,82.07755279541016,945700,16.8700008392334,0
2015-03-12,170.64358520507812,93993500,45.14753341674805,16362200,30.19809341430664,46829700,52.22380065917969,4013200,110.72000122070312,6631500,92.14844512939453,10295900,82.154541015625,916800,15.420000076293945,0
2015-03-13,169.59718322753906,162410900,44.88431167602539,16277200,29.83200454711914,69885200,52.192115783691406,2863500,110.87999725341797,4557600,91.86571502685547,7247200,82.03133392333984,846900,16.0,0
2015-03-16,171.86305236816406,136099200,45.38943099975586,15828700,30.19029998779297,50569900,52.73059844970703,2761500,110.80999755859375,3265300,92.75016021728516,6374600,82.31617736816406,639400,15.609999656677246,0
2015-03-17,171.3521728515625,94510400,45.27560043334961,16273300,30.540800094604492,53697700,52.71162796020508,3764800,110.20999908447266,8923300,93.51860809326172,6314000,82.48551177978516,768500,15.65999984741211,0
2015-03-18,173.41207885742188,228808500,46.24314880371094,28290700,31.288549423217773,101688200,53.814002990722656,5781800,112.37000274658203,12448000,95.32371520996094,13981900,83.43238067626953,1963600,13.970000267028809,0
2015-03-19,172.62106323242188,117917300,45.702457427978516,20155100,30.75889778137207,64499900,53.78865051269531,5663200,112.29000091552734,6537700,94.8379898071289,9543800,83.03982543945312,985600,14.069999694824219,0
2015-03-20,174.14479064941406,177715100,46.712703704833984,28789300,31.21845817565918,67345300,55.138126373291016,6004800,113.56999969482422,8033400,95.33820343017578,5953800,83.37852478027344,1194800,13.020000457763672,0
2015-03-23,173.8054656982422,71784500,46.94746780395508,13958700,31.31191635131836,35502700,55.068450927734375,3644100,114.29000091552734,4240300,95.2221908569336,5555500,83.48628997802734,795100,13.40999984741211,0
2015-03-24,172.828857421875,77805300,46.847869873046875,18037300,31.436542510986328,45280300,54.599613189697266,5828800,114.56999969482422,2979300,96.14290618896484,6713000,83.74030303955078,584500,13.619999885559082,0
2015-03-25,170.2962188720703,159521700,46.6273193359375,17853700,30.938039779663086,49779900,53.657623291015625,5391800,114.7300033569336,3021400,95.33100128173828,5635800,83.37852478027344,1240200,15.4399995803833,0
2015-03-26,169.89068603515625,153067200,46.22180938720703,24344500,30.649843215942383,76980100,53.37718963623047,5638200,115.4800033569336,5495200,93.84479522705078,9536300,82.90889739990234,928300,15.800000190734863,0
2015-03-27,170.27967834472656,118939000,46.34274673461914,16596700,30.735536575317383,42212000,53.447303771972656,2330600,115.05999755859375,4921700,95.01197814941406,7907900,83.23225402832031,2492500,15.069999694824219,0
2015-03-30,172.35708618164062,96180400,46.37120819091797,27480200,31.32750129699707,51535700,54.21211624145508,4149800,113.75,4383900,94.5407485961914,7010600,83.22456359863281,2017700,14.510000228881836,0
2015-03-31,170.85076904296875,126768700,45.65265655517578,27717200,31.25739860534668,47508800,53.7341194152832,2982800,113.66000366210938,4383300,94.74378204345703,6844300,83.44010925292969,2137200,15.289999961853027,0
2015-04-01,170.24655151367188,137303600,45.97990798950195,30907000,31.6468505859375,56392700,53.657623291015625,6666100,115.5999984741211,7324000,95.98816680908203,9273900,83.83716583251953,2570100,15.109999656677246,0
2015-04-02,170.85899353027344,86900900,46.378326416015625,15597200,32.121986389160156,62389200,54.065528869628906,3905900,115.27999877929688,3884100,94.97113800048828,6663400,83.59815979003906,1126400,14.670000076293945,0
2015-04-06,172.0094757080078,114368200,46.847869873046875,16304600,32.53480911254883,54678400,54.62639236450195,4398100,116.69000244140625,5914200,94.44080352783203,5923800,83.70619201660156,1268500,14.739999771118164,0
2015-04-07,171.55426025390625,81236300,46.78384780883789,13742900,32.37123107910156,33279500,53.66402053833008,3039000,116.11000061035156,2468500,95.23271942138672,4764900,83.77545928955078,750700,14.779999732971191,0
2015-04-08,172.13357543945312,89351900,46.9830436706543,16148300,33.04887008666992,65023100,53.74685287475586,2630300,115.47000122070312,5568500,95.26173400878906,5378900,83.69842529296875,886400,13.979999542236328,0
2015-04-09,172.89503479003906,85548900,47.04706954956055,17741100,33.37602233886719,52128800,52.63150405883789,5098700,114.66999816894531,4707000,94.0267105102539,6484200,83.35914611816406,890600,13.09000015258789,0
2015-04-10,173.8385467529297,72722900,47.13955307006836,12665800,33.39938735961914,49899000,52.5932731628418,3651600,115.97000122070312,3932400,94.16471099853516,4843000,83.33602142333984,789700,12.579999923706055,0
2015-04-13,173.0522918701172,74436600,46.84077072143555,15048700,33.20465850830078,55031100,52.45305633544922,2348700,115.13999938964844,3190100,94.2955322265625,4010600,83.50565338134766,624800,13.9399995803833,0
2015-04-14,173.38336181640625,75099900,47.189353942871094,13929800,33.35264205932617,42601100,52.63788986206055,3662600,114.44000244140625,3651500,94.9638671875,6075500,83.75237274169922,825400,13.670000076293945,0
2015-04-15,174.16131591796875,99529300,47.40278625488281,13210600,33.5863151550293,40254700,52.242713928222656,3514000,115.43000030517578,3656000,94.88398742675781,4425200,83.79864501953125,566400,12.84000015258789,0
2015-04-16,174.1116943359375,68934900,47.53084182739258,17461200,33.85114669799805,55057700,52.37657928466797,3395400,115.02999877929688,3132300,94.41175079345703,7085500,83.86033630371094,903300,12.600000381469727,0
2015-04-17,172.10874938964844,191113200,46.93324279785156,18805200,33.259178161621094,76688000,52.13438415527344,5055300,115.5999984741211,3496300,95.49418640136719,7268800,84.02993774414062,1945700,13.890000343322754,0
2015-04-20,173.6812744140625,92189500,46.9830436706543,12557400,33.22802734375,28811300,52.21087646484375,3191200,114.72000122070312,3932800,94.65150451660156,4949400,83.87571716308594,878100,13.300000190734863,0
2015-04-21,173.474365234375,72559800,47.40278625488281,10696800,33.42274475097656,33309100,52.300086975097656,3830400,115.37999725341797,3317700,94.22288513183594,4563800,83.69842529296875,811000,13.25,0
2015-04-22,174.32684326171875,78264600,47.49528121948242,8776100,33.781044006347656,29271900,52.408443450927734,3852800,113.83000183105469,5696000,92.78445434570312,9707600,83.21265411376953,725100,12.710000038146973,0
2015-04-23,174.76547241210938,102585900,47.67313003540039,12240700,34.03028869628906,32056500,52.54865264892578,2266200,114.66000366210938,3459500,93.18401336669922,6843400,83.46709442138672,918700,12.479999542236328,0
2015-04-24,175.1710205078125,61327400,47.950592041015625,11090300,34.15492248535156,44030100,52.657005310058594,2291700,113.05000305175781,7152900,93.76518249511719,4773000,83.76010131835938,739100,12.289999961853027,0
2015-04-27,174.4427032470703,79358100,48.185367584228516,18320600,34.28734588623047,41819300,52.58689498901367,2973300,115.33000183105469,7487600,93.76518249511719,4334900,83.62899017333984,854400,13.119999885559082,0
2015-04-28,174.9972381591797,86863500,48.242271423339844,13769200,34.341854095458984,32442100,52.484920501708984,3423400,116.33000183105469,8054400,92.47210693359375,7464300,83.24346160888672,1101100,12.40999984741211,0
2015-04-29,174.2772216796875,125684900,47.82253646850586,19465500,33.913455963134766,45752900,51.426937103271484,3149400,115.51000213623047,7170500,91.33883666992188,11554800,82.93502044677734,1118000,13.390000343322754,0
2015-04-30,172.53082275390625,161304900,47.317413330078125,27726500,33.39938735961914,98330200,50.592002868652344,8753800,113.47000122070312,9440300,91.4986343383789,12876000,82.91193389892578,2650600,14.550000190734863,0
2015-05-01,174.4013214111328,103399700,47.843868255615234,28710200,33.60188293457031,44928900,50.97442626953125,5902600,113.08000183105469,7597000,90.26690673828125,12378500,82.4586410522461,1854300,12.699999809265137,0
2015-05-04,174.89796447753906,70927200,47.794071197509766,18863100,33.79662322998047,31314300,51.02540969848633,4563700,114.0999984741211,3648100,89.41524505615234,9144700,82.28875732421875,2784900,12.850000381469727,0
2015-05-05,172.89503479003906,113326200,47.082645416259766,21317400,33.430538177490234,38738700,49.91644287109375,6407200,114.41999816894531,3856500,89.29145050048828,13935500,82.14972686767578,2050800,14.3100004196167,0
2015-05-06,172.1832733154297,135060200,47.20357894897461,16573500,33.01771545410156,52439700,49.820831298828125,6480100,114.36000061035156,3280700,87.76274871826172,14355000,81.74821472167969,1802100,15.149999618530273,0
2015-05-07,172.87014770507812,88244900,47.04706954956055,17710600,32.97098159790039,44347000,50.585655212402344,6360600,113.41999816894531,5455100,88.94204711914062,11933700,82.0956802368164,2201300,15.130000114440918,0
2015-05-08,175.146240234375,155877300,48.13556671142578,30634400,33.39158630371094,56822800,51.29309844970703,5136500,113.97000122070312,9964100,89.1822738647461,11716400,82.41230010986328,1004300,12.859999656677246,0
2015-05-11,174.31033325195312,75708100,47.71581268310547,14535400,33.07223129272461,34705400,50.52190399169922,3080600,113.52999877929688,2916700,87.01295471191406,13738600,81.60145568847656,1324400,13.850000381469727,0
2015-05-12,173.7888641357422,119727600,47.68736267089844,12054200,32.96319580078125,38432500,50.67486572265625,4739300,114.5,3256700,87.2386245727539,15861700,81.66322326660156,1431000,13.859999656677246,0
2015-05-13,173.8219757080078,94667900,48.04308319091797,14542800,33.0255126953125,41156700,50.190486907958984,6222300,116.55000305175781,11768200,86.5397720336914,15760000,81.55513763427734,1221200,13.760000228881836,0
2015-05-14,175.63450622558594,95934000,48.61933517456055,18271700,33.35264205932617,37071400,51.15925216674805,4905400,117.18000030517578,6923000,86.77266693115234,9128400,81.83314514160156,617500,12.739999771118164,0
2015-05-15,175.82485961914062,76510100,48.676246643066406,14671800,33.60969161987305,40940700,51.6818733215332,4390600,117.52999877929688,4447300,88.51254272460938,12630600,82.41999816894531,854900,12.380000114440918,0
2015-05-18,176.37109375,74549700,48.51262283325195,11873600,33.266971588134766,35675300,51.548030853271484,3450200,117.5199966430664,5079900,87.02751159667969,10208300,81.86399841308594,1000400,12.729999542236328,0
2015-05-19,176.31317138671875,72114600,48.32764434814453,11406600,33.32147979736328,32065300,51.36956024169922,2784700,115.88999938964844,5052100,86.2558822631836,8435300,81.50106048583984,1240400,12.850000381469727,0
2015-05-20,176.1890869140625,76857500,48.420135498046875,13862700,33.298126220703125,37659200,51.324947357177734,3427400,116.08000183105469,4432600,86.40145111083984,7789700,81.67869567871094,1682600,12.880000114440918,0
2015-05-21,176.70220947265625,64764600,48.676246643066406,11439500,33.18128967285156,27575700,51.08277893066406,2667800,115.69000244140625,2514700,87.6098403930664,11760700,82.16516876220703,836700,12.109999656677246,0
2015-05-22,176.28009033203125,57433500,48.363224029541016,12172900,33.29033660888672,37907000,51.01904296875,4067500,115.5999984741211,1780200,87.6462631225586,5417900,81.97985076904297,852300,12.130000114440918,0
2015-05-26,174.38479614257812,124308600,47.49528121948242,20327400,32.76068115234375,51008600,50.6302604675293,3041700,113.91000366210938,5769600,89.14585876464844,10469700,82.48953247070312,1925600,14.0600004196167,0
2015-05-27,176.0400390625,93214000,47.95771026611328,17786100,32.76846694946289,35464700,51.12739944458008,2978600,113.88999938964844,2681100,89.34971618652344,6490300,82.44316864013672,1015000,13.270000457763672,0
2015-05-28,175.84144592285156,74974600,47.87232971191406,12744700,32.34008026123047,42689100,51.02540969848633,2772000,114.0199966430664,5266000,89.13128662109375,6237600,82.5204086303711,1068200,13.3100004196167,0
2015-05-29,174.74893188476562,124919600,47.4099006652832,23778800,32.02849578857422,59462200,50.43904113769531,4786500,114.0999984741211,3407500,89.3278579711914,7912000,82.56675720214844,1148500,13.84000015258789,0
2015-06-01,175.10482788085938,93338800,47.28184127807617,19068900,31.903886795043945,52509700,51.05727767944336,4464400,114.0,8254000,88.3677749633789,13108100,82.20242309570312,2161700,13.970000267028809,0
2015-06-02,174.9310302734375,91531000,47.50238800048828,14239100,32.02849578857422,42331700,50.585655212402344,3313200,114.45999908447266,3988600,87.13487243652344,10076200,81.63007354736328,1484500,14.239999771118164,0
2015-06-03,175.39450073242188,87820900,47.7656135559082,21307800,31.86495018005371,39291400,49.85906982421875,3886000,113.63999938964844,4885200,85.73420715332031,14810900,80.93399047851562,1703400,13.65999984741211,0
2015-06-04,173.91299438476562,151882800,47.253387451171875,17187400,31.382020950317383,46637300,49.76348114013672,3710100,112.83999633789062,5566600,86.85037994384766,10859300,81.32846069335938,1594800,14.710000038146973,0
2015-06-05,173.6150665283203,121704700,46.69135665893555,14624100,31.2418212890625,51982800,49.20899963378906,6141000,112.23999786376953,5561300,85.79256439208984,11200200,80.74063873291016,1384900,14.210000038146973,0
2015-06-08,172.54739379882812,89063300,46.6273193359375,14677000,31.234024047851562,34008200,49.119773864746094,3347100,112.56999969482422,3122100,85.69768524169922,5334000,80.85662841796875,877800,15.289999961853027,0
2015-06-09,172.52256774902344,105034700,46.37120819091797,13114600,31.04709815979004,33384100,48.762855529785156,4604500,112.81999969482422,3529900,85.01921844482422,12393900,80.59362030029297,822400,14.470000267028809,0
2015-06-10,174.59170532226562,134551300,47.34586715698242,17291600,31.49886131286621,64828100,49.107017517089844,4332000,113.77999877929688,5452900,84.27516174316406,12183600,80.28433990478516,967000,13.220000267028809,0
2015-06-11,175.15444946289062,73876400,47.47392654418945,20555100,31.343069076538086,33808000,49.406578063964844,9411000,113.26000213623047,4434700,86.04789733886719,13849300,80.91851806640625,3069700,12.850000381469727,0
2015-06-12,173.81375122070312,135382400,47.09687042236328,15305800,31.343069076538086,40975900,49.3619499206543,3125500,113.2300033569336,2998500,86.04789733886719,7863100,80.87210845947266,1578100,13.779999732971191,0
2015-06-15,173.06884765625,124384200,46.81229782104492,15121100,30.992576599121094,34097000,49.09426498413086,3565200,113.7300033569336,5055100,86.18650817871094,8194200,81.06548309326172,1478800,15.390000343322754,0
2015-06-16,174.01234436035156,85308200,46.79806900024414,11991200,31.000354766845703,33605900,49.48942565917969,5474800,113.31999969482422,4033300,86.864990234375,7046400,81.37483978271484,779000,14.8100004196167,0
2015-06-17,174.2937469482422,126708600,46.69135665893555,17100700,31.187292098999023,70505900,49.91007614135742,3922300,113.8499984741211,6456000,86.19381713867188,13626100,81.4212646484375,1994000,14.5,0
2015-06-18,176.1062469482422,165867900,47.1110954284668,24587300,31.47549057006836,60019000,50.59839630126953,5616900,115.31999969482422,8041300,85.7706298828125,10123300,81.35938262939453,1481600,13.1899995803833,0
2015-06-19,175.3245086669922,130478700,46.99726867675781,15281900,31.202880859375,55891700,50.20960998535156,5986300,115.12000274658203,4611600,86.87226104736328,10439200,81.79248809814453,1849600,13.960000038146973,0
2015-06-22,176.22271728515625,70696000,47.886558532714844,28716900,31.654638290405273,45009800,49.693363189697266,3898700,113.63999938964844,5763700,85.09947204589844,9769000,81.10417938232422,860300,12.739999771118164,0
2015-06-23,176.34747314453125,68476800,48.01462936401367,13661300,31.966201782226562,40579100,49.27911376953125,2933200,112.88999938964844,4522800,84.5888671875,8945100,80.85662841796875,925000,12.109999656677246,0
2015-06-24,175.0667724609375,92307300,47.601993560791016,21326500,31.74032211303711,56107100,49.01141357421875,3900200,112.58999633789062,2975500,85.31838989257812,8600400,81.09640502929688,1176500,13.260000228881836,0
2015-06-25,174.53443908691406,97107400,47.58100128173828,16402800,31.631240844726562,33663800,48.51428985595703,4820600,112.44000244140625,2904700,85.01921844482422,8287800,80.89529418945312,919800,14.010000228881836,0
2015-06-26,174.5011444091797,104174800,47.559295654296875,19240800,31.333059310913086,34721500,48.863216400146484,3789500,112.55999755859375,4392600,84.06359100341797,11673000,80.5085678100586,1441500,14.020000457763672,0
2015-06-29,170.841796875,202621300,46.09794616699219,33747100,30.63467788696289,59610800,48.10354995727539,5112000,113.06999969482422,5820200,86.28861999511719,17132900,81.4444808959961,1500900,18.850000381469727,0
2015-06-30,171.19943237304688,182925100,45.931556701660156,32195400,31.089799880981445,61266600,48.08424377441406,5855900,112.37000274658203,7897000,85.69044494628906,13469000,81.22013854980469,1599400,18.229999542236328,0
2015-07-01,172.5716552734375,135979900,46.22816848754883,31824800,31.066265106201172,38622300,48.876102447509766,6318900,111.9800033569336,4409000,84.53376007080078,12451500,80.79566955566406,3738800,16.09000015258789,0
2015-07-02,172.41366577148438,104373700,46.286041259765625,20988500,31.215349197387695,34085800,48.9984245300293,4303700,111.76000213623047,3838600,84.81161499023438,6682100,81.08226776123047,1924600,16.790000915527344,0
2015-07-06,171.9229736328125,117975400,45.35279083251953,21103800,30.344335556030273,66892500,49.307437896728516,5116700,112.05999755859375,4259800,86.3835678100586,10605800,81.65547180175781,1723300,17.010000228881836,0
2015-07-07,173.00418090820312,173820200,45.36725997924805,36633400,29.889205932617188,100698500,50.079959869384766,5921000,110.76000213623047,9073400,87.19503021240234,16160100,81.87240600585938,2083900,16.09000015258789,0
2015-07-08,170.10157775878906,164020100,44.311031341552734,32728200,28.861249923706055,93899000,49.8868408203125,4941800,111.08999633789062,5694900,87.94815826416016,9951800,82.19775390625,1991200,19.65999984741211,0
2015-07-09,170.40936279296875,144113100,45.04171371459961,19963400,29.41839599609375,72889000,49.64864730834961,3312900,111.36000061035156,3802900,86.21534729003906,11108900,81.62457275390625,1206900,19.969999313354492,0
2015-07-10,172.5550537109375,129456900,46.51754379272461,28190400,30.163860321044922,64726600,50.0606803894043,4774100,111.48999786376953,3594900,84.84817504882812,13636600,81.05903625488281,3719900,16.829999923706055,0
2015-07-13,174.45956420898438,106069400,46.69117736816406,14287600,30.36787223815918,43846200,50.131473541259766,2887800,110.98999786376953,4279300,84.58494567871094,8006700,80.84213256835938,1322300,13.899999618530273,0
2015-07-14,175.21633911132812,81709600,47.08183288574219,19816200,30.422809600830078,30252200,50.23448944091797,2422900,110.73999786376953,2601000,84.86274719238281,4227800,81.09772491455078,1321600,13.369999885559082,0
2015-07-15,175.158203125,97914100,46.908199310302734,14709600,30.077531814575195,44039400,50.31819152832031,2238100,110.16000366210938,9286200,85.76207733154297,8720400,81.40760040283203,1239500,13.229999542236328,0
2015-07-16,176.563720703125,106683300,47.31332778930664,20763400,30.454195022583008,36217600,50.723758697509766,2494800,109.76000213623047,4629700,86.35427856445312,7306500,81.37661743164062,811400,12.109999656677246,0
2015-07-17,176.71337890625,89030000,47.23374938964844,14773600,30.414958953857422,35714800,50.54349899291992,1803100,108.6500015258789,14858300,86.80030059814453,7404900,81.38439178466797,881300,11.949999809265137,0
2015-07-20,176.80487060546875,70446800,47.35673141479492,8767800,30.218786239624023,31707000,50.6014404296875,2164800,105.69999694824219,15751700,86.43470001220703,5941000,81.22169494628906,842500,12.25,0
2015-07-21,176.10629272460938,77965000,47.21928787231445,14081800,30.226627349853516,27625400,50.45978927612305,3540700,105.37000274658203,10519800,86.90265655517578,5627500,81.44637298583984,676600,12.220000267028809,0
2015-07-22,175.790283203125,88667900,46.8575553894043,10181700,29.795042037963867,39326800,50.678688049316406,2883500,104.80000305175781,8349200,87.4437255859375,6228900,81.54706573486328,523800,12.119999885559082,0
2015-07-23,174.80056762695312,90509100,46.73457336425781,10900900,29.50470542907715,42787700,50.04778289794922,3188900,104.33000183105469,5779300,88.53305053710938,9087700,81.88017272949219,1064800,12.640000343322754,0
2015-07-24,172.987548828125,117755000,46.220924377441406,13709400,29.080970764160156,55194200,50.26021957397461,2800300,105.3499984741211,11572700,88.75238037109375,7307900,81.95762634277344,1098400,13.739999771118164,0
2015-07-27,171.9811553955078,132361100,45.88091278076172,19026100,28.531679153442383,73051800,50.35037612915039,3003000,104.86000061035156,10690100,89.22765350341797,8172000,82.22875213623047,1392600,15.600000381469727,0
2015-07-28,174.0936737060547,123544800,46.45966720581055,14788100,28.822019577026367,49701300,50.3825569152832,2674000,105.0199966430664,5549200,88.57694244384766,9128200,81.99635314941406,6205200,13.4399995803833,0
2015-07-29,175.29122924804688,105791300,46.62605667114258,15938900,29.10450553894043,61119900,50.710872650146484,7988100,105.16999816894531,5616900,88.2479476928711,6706400,81.88017272949219,2107300,12.5,0
2015-07-30,175.33279418945312,91304400,46.58988571166992,17496700,28.814178466796875,44051400,50.45978927612305,2932500,104.2699966430664,6652000,88.9278564453125,6146600,81.97309875488281,683200,12.130000114440918,0
2015-07-31,175.0667724609375,103266900,46.86479187011719,20646900,29.128053665161133,85020500,50.85894012451172,5490400,104.93000030517578,6689200,89.5859146118164,9178400,82.4533920288086,1113000,12.119999885559082,0
2015-08-03,174.4761962890625,113965700,46.7418098449707,25131600,28.641542434692383,45674700,51.17441177368164,3766400,104.0999984741211,3528600,90.52893829345703,11753700,82.70477294921875,2627700,12.5600004196167,0
2015-08-04,174.13522338867188,81820800,46.77798843383789,13359000,28.743545532226562,38618400,50.801002502441406,4087300,104.30999755859375,3241000,89.81086730957031,6448800,82.27803039550781,1036000,13.0,0
2015-08-05,174.70907592773438,85786800,47.023948669433594,13602700,28.751394271850586,30785300,50.466243743896484,3783100,103.93000030517578,5041000,89.13673400878906,7574400,81.9599609375,1283300,12.510000228881836,0
2015-08-06,173.27862548828125,116030800,46.82862091064453,12451300,28.500289916992188,42182300,50.53705978393555,3473300,104.38999938964844,3908100,89.92808532714844,6118100,82.2470474243164,731700,13.770000457763672,0
2015-08-07,172.94595336914062,117858000,46.7418098449707,14351200,28.48459243774414,37027200,50.723758697509766,3942600,104.6500015258789,4400900,91.10777282714844,8317000,82.57286071777344,1533700,13.390000343322754,0
2015-08-10,175.12493896484375,80270700,47.31332778930664,13702900,28.9632625579834,43071900,50.56280517578125,2605100,105.72000122070312,5892600,89.97940063476562,7461700,82.23151397705078,1123900,12.229999542236328,0
2015-08-11,173.5447540283203,126081400,46.58988571166992,15705800,28.32765007019043,58642500,50.89757537841797,4539900,106.26000213623047,4060900,91.408203125,11145700,82.77460479736328,2263800,13.710000038146973,0
2015-08-12,173.7526397705078,172123700,46.257110595703125,27756600,27.888225555419922,64540000,51.058528900146484,3229200,107.75,10022500,90.9099349975586,8455200,82.74360656738281,1765700,13.609999656677246,0
2015-08-13,173.536376953125,89383300,46.22816848754883,12709600,27.84114646911621,58165600,51.11646270751953,2381900,106.86000061035156,4761700,90.61685180664062,7691400,82.52633666992188,1626500,13.489999771118164,0
2015-08-14,174.16851806640625,72786500,46.30050277709961,16930100,27.88037872314453,35715200,51.39329528808594,2558200,106.8499984741211,3509200,90.8293685913086,4324700,82.44100189208984,612500,12.829999923706055,0
2015-08-17,175.14154052734375,79072600,46.21369171142578,8885600,27.574344635009766,42609500,51.831077575683594,2912600,107.12999725341797,5769100,91.23965454101562,7880300,82.58841705322266,905300,13.020000457763672,0
2015-08-18,174.6342010498047,71692700,45.86643981933594,10943800,27.276166915893555,42639500,51.97270965576172,2904800,107.11000061035156,4121800,90.5215835571289,5024300,82.45648956298828,690400,13.789999961853027,0
2015-08-19,173.253662109375,172946000,45.461307525634766,16573300,26.938737869262695,112308600,51.663673400878906,2401000,108.55000305175781,7035100,91.41557312011719,10736000,82.96076965332031,1444500,15.25,0
2015-08-20,169.63587951660156,194327900,44.361671447753906,32339100,26.515003204345703,116628600,51.28385925292969,3999800,110.44000244140625,12549000,92.33875274658203,9078300,83.185791015625,1933300,19.139999389648438,0
2015-08-21,164.52943420410156,346588500,43.34885025024414,47017700,25.698915481567383,129140200,50.33104705810547,4126300,111.12999725341797,13917600,92.6172103881836,10718300,83.5194320678711,2123600,28.030000686645508,0
2015-08-24,157.60162353515625,507244300,41.85131072998047,62952900,24.576791763305664,218802300,47.97481155395508,10864500,110.52999877929688,18388700,92.58793640136719,16663400,83.6590576171875,3074800,40.7400016784668,0
2015-08-25,155.74697875976562,369833100,42.24921798706055,50627000,24.890674591064453,135001800,46.65504455566406,9163900,109.16000366210938,9974200,91.10044860839844,15354800,83.2013168334961,2925500,36.02000045776367,0
2015-08-26,161.72666931152344,339257000,43.24756622314453,49202900,25.71460723876953,134618500,47.9168586730957,5067500,107.66999816894531,10856600,89.34191131591797,16429900,82.68924713134766,3512900,30.31999969482422,0
2015-08-27,165.7270050048828,274143900,43.77568817138672,39984000,26.852418899536133,144856300,48.843910217285156,5627400,107.7300033569336,8102100,89.39319610595703,9127000,82.64269256591797,1414100,26.100000381469727,0
2015-08-28,165.73533630371094,160414400,43.710575103759766,24230800,26.507152557373047,68659200,48.77308654785156,3881100,108.69999694824219,7558900,89.65694427490234,9946200,82.65817260742188,1998000,26.049999237060547,0
2015-08-31,164.39637756347656,163298800,43.38502502441406,35806800,26.554235458374023,98538600,47.659332275390625,6197200,108.81999969482422,4532100,88.96820068359375,8617600,82.51859283447266,5431600,28.43000030517578,0
2015-09-01,159.48951721191406,256000400,41.93090057373047,42250400,25.526277542114258,83635900,46.7515983581543,7218400,109.19999694824219,7077800,89.6092529296875,15298200,82.88921356201172,3749700,31.399999618530273,0
2015-09-02,162.5167999267578,160269300,42.55305862426758,23372700,25.895092010498047,55551000,47.23444747924805,5018500,108.62000274658203,4115700,88.83821868896484,9515200,82.66385650634766,2441700,26.09000015258789,0
2015-09-03,162.6332244873047,152087800,42.654335021972656,23500600,25.997098922729492,67468200,47.36320114135742,3712600,107.83999633789062,3913100,89.27149200439453,7042500,82.8659439086914,1791300,25.610000610351562,0
2015-09-04,160.17144775390625,207081000,41.67770004272461,25772900,25.220247268676758,81962800,46.4812126159668,4262900,107.48999786376953,4025000,90.0865707397461,7951300,83.1223373413086,1421300,27.799999237060547,0
2015-09-08,164.19674682617188,116025700,42.900306701660156,21504500,26.020639419555664,53584300,47.18293762207031,3004500,107.5199966430664,5982100,88.75745391845703,7049500,82.75714111328125,1583500,24.899999618530273,0
2015-09-09,162.00108337402344,149347700,42.72669219970703,29179700,25.887243270874023,56389200,46.64215087890625,3338100,106.12999725341797,8855100,89.1833267211914,7441900,82.78819274902344,1397200,26.229999542236328,0
2015-09-10,162.8827362060547,158611100,43.00883865356445,20800900,26.154043197631836,49745400,46.74516296386719,4609500,106.37999725341797,6204000,88.5811996459961,6789700,82.60172271728516,1601600,24.3700008392334,0
2015-09-11,163.6229248046875,119691200,43.00159454345703,12954100,26.25605010986328,42195900,47.640037536621094,3892500,106.16000366210938,4023900,89.13927459716797,5890900,82.81926727294922,1069000,23.200000762939453,0
2015-09-14,163.01580810546875,79452000,42.676048278808594,12187400,26.216815948486328,39313800,47.665794372558594,3040500,106.22000122070312,2350800,89.27884674072266,4221700,82.89703369140625,897500,24.25,0
2015-09-15,165.05337524414062,113806200,42.965431213378906,18168800,26.467920303344727,51913600,48.135746002197266,2737200,105.9000015258789,2905000,87.56787109375,11895000,82.24429321289062,1903000,22.540000915527344,0
2015-09-16,166.48385620117188,99581600,43.62376403808594,28218500,27.111373901367188,85209600,48.65078353881836,3318500,107.30999755859375,5315600,87.23745727539062,6949800,82.22096252441406,1305300,21.350000381469727,0
2015-09-17,166.10963439941406,276046600,43.64546585083008,24074700,27.04859733581543,105902400,49.20441436767578,6337800,108.41000366210938,8403800,88.30220031738281,19843600,82.90477752685547,2394300,21.139999389648438,0
2015-09-18,163.39512634277344,223657500,42.55305862426758,36952900,26.5463924407959,90964900,49.120731353759766,5798800,109.20999908447266,6794300,89.66065216064453,14963300,83.29332733154297,2074200,22.280000686645508,0
2015-09-21,164.23951721191406,105726200,42.5313606262207,17896300,26.49930763244629,45318300,49.539188385009766,3176300,108.52999877929688,4104800,88.19938659667969,10085600,82.81926727294922,1591700,20.139999389648438,0
2015-09-22,162.1077117919922,153890900,41.518531799316406,29234800,26.004945755004883,58874100,48.914730072021484,2963500,107.79000091552734,5483300,89.4256820678711,9968200,83.23117065429688,1395500,22.440000534057617,0
2015-09-23,161.84852600097656,92790600,41.32320785522461,17145200,25.58905792236328,44721000,49.22163009643555,3708700,108.22000122070312,2744200,89.41835021972656,6769900,83.13792419433594,1364300,22.1299991607666,0
2015-09-24,161.2633514404297,159378800,41.207454681396484,22895100,25.479198455810547,79880800,48.75996398925781,3707600,110.48999786376953,11024300,90.02784729003906,9605800,83.2621841430664,1393000,23.469999313354492,0
2015-09-25,161.2215576171875,155054800,41.56917953491211,21771400,25.424270629882812,59861600,48.95503616333008,3330000,109.80999755859375,5209500,89.24943542480469,8383700,83.04466247558594,1564000,23.6200008392334,0
2015-09-28,157.17532348632812,178515900,40.75168228149414,18785000,24.882829666137695,58659500,48.19427490234375,4094600,108.41999816894531,3809600,90.77684783935547,9833400,83.5186767578125,1926000,27.6299991607666,0
2015-09-29,157.2672882080078,159045600,40.69380187988281,20216400,25.000530242919922,52829500,48.707950592041016,3784900,107.9800033569336,4043600,91.03386688232422,9006100,83.80615234375,2460900,26.829999923706055,0
2015-09-30,160.2015838623047,163452000,41.46788787841797,37769800,25.722457885742188,80422200,49.11758041381836,6237100,106.86000061035156,7405600,90.71808624267578,9832600,83.82172393798828,2676000,24.5,0
2015-10-01,160.61962890625,131079000,41.59811019897461,20445200,25.863697052001953,48402600,49.358177185058594,4105200,106.7300033569336,4278600,91.10514068603516,9069400,83.88706970214844,10101300,22.549999237060547,0
2015-10-02,163.0189208984375,211003300,42.307090759277344,20793800,26.554235458374023,83904700,49.71578598022461,4602000,108.98999786376953,7730600,91.65705871582031,13000400,84.29170989990234,3320200,20.940000534057617,0
2015-10-05,165.91986083984375,126320800,43.14628601074219,27746500,27.127063751220703,77869000,50.554588317871094,5176500,108.7699966430664,5490200,90.41349029541016,11362700,83.82489776611328,3034900,19.540000915527344,0
2015-10-06,165.35134887695312,110274500,43.196929931640625,18133100,27.079988479614258,47313400,50.43753433227539,3570700,109.86000061035156,7513900,90.80343627929688,5687800,83.99605560302734,2104000,19.399999618530273,0
2015-10-07,166.70562744140625,124307300,43.7395133972168,20499100,27.801912307739258,97905900,51.01624298095703,4211900,109.69999694824219,5355500,90.50177764892578,6712800,83.785888671875,2338000,18.399999618530273,0
2015-10-08,168.21046447753906,153055200,44.086761474609375,16875500,28.10009002685547,64163600,51.445377349853516,3953200,109.13999938964844,5038200,89.74385833740234,12882300,83.56798553466797,2176800,17.420000076293945,0
2015-10-09,168.31080627441406,107069200,44.166343688964844,16867900,28.20210838317871,61563400,51.360836029052734,3102700,110.87000274658203,7907300,89.97928619384766,9038100,83.6147232055664,1069400,17.079999923706055,0
2015-10-12,168.4696502685547,56395600,44.079532623291016,9238000,27.990236282348633,44030200,51.7249641418457,3216500,111.30999755859375,6257900,90.66362762451172,4241000,83.89483642578125,1336300,16.170000076293945,0
2015-10-13,167.4079132080078,88038700,43.52247619628906,19519200,27.535110473632812,72241600,51.32182693481445,2362700,111.86000061035156,5149600,90.81816864013672,6147200,83.97264862060547,1849700,17.670000076293945,0
2015-10-14,166.60533142089844,99106200,43.60929489135742,20762200,27.74698257446289,57724900,50.93821334838867,3349200,113.80999755859375,10207800,91.61286926269531,9738100,84.43183898925781,1359600,18.030000686645508,0
2015-10-15,169.16354370117188,134142200,44.35444641113281,21855600,28.421823501586914,60410800,51.63393020629883,2533600,113.29000091552734,14083900,91.16401672363281,6924300,84.14385223388672,1075500,16.049999237060547,0
2015-10-16,169.9326171875,114580100,44.318267822265625,23372400,28.445362091064453,65003800,52.024085998535156,2875000,112.48999786376953,7328000,91.1934585571289,8048300,84.07383728027344,1773000,15.050000190734863,0
2015-10-19,170.01620483398438,76523900,44.166343688964844,11784700,28.155025482177734,52354600,52.752315521240234,3146100,112.0199966430664,3959400,90.9432601928711,6238400,84.03495025634766,1744500,14.979999542236328,0
2015-10-20,169.798828125,78448500,43.98548126220703,12930000,28.147180557250977,44212500,52.732826232910156,2781500,112.7300033569336,4903200,90.38401794433594,6431300,83.74699401855469,1134500,15.75,0
2015-10-21,168.74549865722656,102038000,43.963783264160156,12731700,27.73912811279297,55037000,52.53776168823242,3460600,111.7300033569336,3908800,91.28173065185547,6603800,84.03495025634766,6576500,16.700000762939453,0
2015-10-22,171.59625244140625,174911700,44.455726623535156,28347500,28.311965942382812,56963300,52.999393463134766,3504200,111.69000244140625,3436400,91.43631744384766,6934100,84.12055969238281,2411400,14.449999809265137,0
2015-10-23,173.4772186279297,144442300,44.89702224731445,16648500,28.476755142211914,53727000,52.4857292175293,3421300,111.5,4868400,90.65629577636719,7058200,83.64582061767578,2029600,14.460000038146973,0
2015-10-26,173.0508575439453,69033000,44.73063659667969,14032900,28.217803955078125,41789200,52.47273254394531,3280000,111.43000030517578,2573500,91.2596664428711,5859800,83.86370849609375,3131500,15.289999961853027,0
2015-10-27,172.71649169921875,77905800,44.3399658203125,14566400,27.896076202392578,56392800,52.453216552734375,7135300,111.68000030517578,2646100,91.48779296875,7156800,84.07383728027344,1373100,15.430000305175781,0
2015-10-28,174.68109130859375,135906700,44.62934494018555,17326300,27.574344635009766,125416000,52.49871826171875,4576600,110.77999877929688,8201200,91.11988067626953,8468700,83.63803100585938,2058200,14.329999923706055,0
2015-10-29,174.58071899414062,90525500,44.303802490234375,12843000,27.315399169921875,63886000,52.427207946777344,3283100,109.72000122070312,5150800,89.67024230957031,12108000,83.12437438964844,1772400,14.609999656677246,0
2015-10-30,173.8282928466797,131076900,44.20975112915039,19115300,27.362472534179688,72076000,51.946048736572266,7057100,109.30000305175781,5543200,90.34725189208984,11861400,83.28778839111328,3424800,15.069999694824219,0
2015-11-02,175.88490295410156,86270800,44.62934494018555,14749700,27.90392303466797,51896500,53.05142593383789,6869600,108.58999633789062,5843300,89.93201446533203,8751000,83.04852294921875,5313500,14.149999618530273,0
2015-11-03,176.39480590820312,95246100,44.614871978759766,14282900,28.27273178100586,68335400,52.51823806762695,5285300,106.9800033569336,7145300,89.1946029663086,8921600,82.83031463623047,1941700,14.539999961853027,0
2015-11-04,175.85986328125,96224500,44.3689079284668,21019300,28.045164108276367,69243600,52.28416061401367,3165100,105.97000122070312,7617800,89.29785919189453,5980800,82.74459838867188,1933200,15.510000228881836,0
2015-11-05,175.6842803955078,78408700,44.289337158203125,21648100,28.092256546020508,43303000,52.492244720458984,2804100,105.63999938964844,5931100,89.06187438964844,7268400,82.69000244140625,1554600,15.050000190734863,0
2015-11-06,175.5923309326172,110471500,44.086761474609375,17523200,27.69989776611328,65547200,50.86018753051758,7070200,104.0999984741211,8831900,87.7565689086914,10604700,82.12876892089844,2968600,14.329999923706055,0
2015-11-09,173.9537353515625,131008700,43.63098907470703,23887600,27.009363174438477,76448600,49.988895416259766,5919100,104.4000015258789,4129200,87.2624740600586,9159500,81.9885025024414,3223900,16.520000457763672,0
2015-11-10,174.35496520996094,75874600,43.60205841064453,14471900,26.891658782958984,53876200,50.56109619140625,4688800,104.18000030517578,4450800,87.5206298828125,6712500,82.14444732666016,1467900,15.289999961853027,0
2015-11-11,173.6695556640625,67846000,43.826324462890625,14220000,26.94658088684082,34433100,50.61960220336914,2228400,103.83000183105469,3527600,87.33621978759766,2857900,82.10543060302734,1638100,16.059999465942383,0
2015-11-12,171.24514770507812,121315200,43.254798889160156,31911300,26.687633514404297,53097900,50.27499008178711,3212200,103.8499984741211,6300500,87.7565689086914,6805700,82.15217590332031,2399100,18.3700008392334,0
2015-11-13,169.32229614257812,153577100,42.893070220947266,26248400,26.318828582763672,72046800,49.70278549194336,4250100,103.55999755859375,3224200,88.25799560546875,7906600,82.46395111083984,2665300,20.079999923706055,0
2015-11-16,171.89715576171875,117645200,43.435672760009766,16939200,26.828882217407227,61895300,50.27499008178711,3117900,103.70999908447266,2951200,88.17693328857422,5485300,82.5730972290039,1412800,18.15999984741211,0
2015-11-17,171.77175903320312,121123700,43.551414489746094,22458600,26.750410079956055,58447500,50.27499008178711,3845600,102.33999633789062,8593100,88.32445526123047,5122900,82.54969787597656,1180000,18.84000015258789,0
2015-11-18,174.49713134765625,121342500,43.949310302734375,15481000,27.040752410888672,48166100,50.717124938964844,3429200,102.43000030517578,5043800,88.50877380371094,5233900,82.51070404052734,941500,16.850000381469727,0
2015-11-19,174.3466796875,88220500,44.1735725402832,19981100,27.28400993347168,68973900,50.8731803894043,3628100,103.55999755859375,5087600,89.09876251220703,6643000,82.69000244140625,1967200,16.989999771118164,0
2015-11-20,174.98202514648438,94011500,44.07229232788086,18499800,27.558652877807617,73122400,51.51041030883789,3964600,103.08999633789062,5971600,88.8259048461914,5971000,82.58086395263672,1287900,15.470000267028809,0
2015-11-23,174.78138732910156,64931200,43.79738998413086,19432800,27.299705505371094,55352100,51.620941162109375,2370000,102.26000213623047,4042500,89.09876251220703,5436300,82.69000244140625,1377100,15.619999885559082,0
2015-11-24,175.0154266357422,98874400,43.80461502075195,21727000,27.440954208374023,62017500,51.347843170166016,3498900,102.94000244140625,3479600,89.09137725830078,3371500,82.7679214477539,1094500,15.930000305175781,0
2015-11-25,174.99038696289062,51980100,43.905906677246094,13351700,27.22907829284668,37938300,51.5559196472168,1959700,102.45999908447266,2931300,89.29785919189453,3280900,82.814697265625,752400,15.1899995803833,0
2015-11-27,175.1909637451172,37317800,43.91313171386719,6400400,26.632705688476562,54817200,52.00456619262695,1348700,101.25,4993600,89.20935821533203,2570600,82.90042114257812,759600,15.119999885559082,0
2015-11-30,174.46371459960938,112822700,43.87697219848633,23366700,26.67194175720215,91134900,51.620941162109375,7609800,101.91999816894531,6773000,89.56334686279297,5179800,82.93162536621094,2266900,16.1299991607666,0
2015-12-01,176.1273193359375,97858400,44.3399658203125,34990700,26.87596321105957,56692100,52.33617401123047,3847300,102.27999877929688,4645900,90.77307891845703,12766600,83.3726806640625,2805800,14.670000076293945,0
2015-12-02,174.32994079589844,108441300,43.86973571777344,21426000,26.554235458374023,59091000,51.26982879638672,5713500,100.69000244140625,10223500,90.80268859863281,7345800,83.13850402832031,1579000,15.90999984741211,0
2015-12-03,171.8887939453125,166224200,43.65992736816406,26897100,26.4051456451416,52692500,50.46354293823242,4737300,101.76000213623047,6499900,88.33438110351562,16612200,82.26417541503906,2750500,18.110000610351562,0
2015-12-04,175.2411651611328,192913900,44.01441955566406,23382100,26.585628509521484,79516400,51.425872802734375,3434100,104.0199966430664,10670200,89.11034393310547,11843800,82.56864929199219,2231500,14.8100004196167,0
2015-12-07,174.1794891357422,102027100,43.732269287109375,29861700,26.146188735961914,47613100,51.282814025878906,4195100,102.66999816894531,4393500,89.97493743896484,9016700,82.83401489257812,1954000,15.84000015258789,0
2015-12-08,173.00906372070312,103372400,43.08841323852539,26323000,25.855859756469727,71352200,51.23731231689453,3638600,102.83999633789062,3412300,90.01930236816406,7257500,82.88087463378906,1519900,17.600000381469727,0
2015-12-09,171.66310119628906,162401500,42.893070220947266,26646700,25.64398956298828,66422800,50.95121383666992,4218800,102.63999938964844,6026300,89.9232177734375,8993900,83.00576782226562,3711100,19.610000610351562,0
2015-12-10,172.10614013671875,116128900,42.900306701660156,20267800,25.47134780883789,59281000,50.58708953857422,3465000,102.55000305175781,3853500,90.04144287109375,5606900,82.82621765136719,1545000,19.34000015258789,0
2015-12-11,168.77056884765625,211173300,42.08283233642578,29945000,24.757274627685547,89806000,50.49605941772461,3420800,103.11000061035156,6798400,91.46035766601562,12300000,83.48979949951172,3352900,24.389999389648438,0
2015-12-14,169.6232452392578,182385200,42.14793395996094,32246600,25.1574764251709,83798000,50.73014450073242,4775000,101.79000091552734,5563800,90.27796173095703,10661100,82.87310028076172,2204400,22.729999542236328,0
2015-12-15,171.4039764404297,154069600,42.357723236083984,37876700,25.541973114013672,78124300,51.282814025878906,3449100,101.5199966430664,6831100,89.745849609375,8795500,82.6623306274414,1591000,20.950000762939453,0
2015-12-16,173.9119110107422,197017000,43.211387634277344,45167400,26.044178009033203,105082200,52.28416061401367,4699300,102.75,8292200,89.55374145507812,10988600,82.44371032714844,1911800,17.860000610351562,0
2015-12-17,171.26177978515625,173092500,42.661582946777344,40456800,25.706764221191406,93646700,52.024085998535156,3726800,100.5,10156200,90.56615447998047,9923000,82.78720092773438,1202600,18.940000534057617,0
2015-12-18,168.21083068847656,251393500,42.213035583496094,41659100,25.620452880859375,96868900,51.41935348510742,5724400,102.04000091552734,8345900,91.06873321533203,10171700,83.0838394165039,4396700,20.700000762939453,0
2015-12-21,169.59841918945312,99094300,42.408626556396484,28869600,25.82047462463379,64002400,51.620941162109375,4455300,103.1500015258789,6378900,91.04651641845703,7494900,83.1229019165039,1603200,18.700000762939453,0
2015-12-22,171.13735961914062,111026200,42.72974395751953,29319500,26.027671813964844,49664600,51.82899475097656,6484300,102.61000061035156,4123500,90.3887710571289,5445800,82.8886947631836,1411800,16.600000381469727,0
2015-12-23,173.256591796875,110987200,43.44493865966797,29782200,26.394256591796875,47464000,52.361717224121094,4029000,102.30999755859375,2821400,89.70889282226562,7287100,82.70130920410156,1380800,15.569999694824219,0
2015-12-24,172.970703125,48539600,43.37196350097656,10950500,26.298629760742188,21532700,52.361717224121094,1426000,103.05000305175781,1710200,90.22286224365234,3364600,82.85302734375,654200,15.739999771118164,0
2015-12-28,172.575439453125,65899900,43.26979446411133,28946900,26.115339279174805,38299200,52.65182113647461,6628800,102.2699966430664,3356200,90.48950958251953,7586600,82.8686294555664,2198300,16.90999984741211,0
2015-12-29,174.41709899902344,92640700,43.70037078857422,30796100,26.139245986938477,43931500,53.21223831176758,3499800,102.19999694824219,2832200,88.9861068725586,7787500,82.43080139160156,1752500,16.079999923706055,0
2015-12-30,173.180908203125,63317700,43.43764114379883,18855500,25.73280906677246,51320000,53.02762985229492,3114300,101.41999816894531,3745000,88.89724731445312,5508900,82.46209716796875,1358100,17.290000915527344,0
2015-12-31,171.448486328125,114877900,42.85380554199219,31818900,25.653118133544922,44184700,52.56612777709961,3292400,101.45999908447266,3823600,89.29718017578125,7897700,82.5558853149414,1906000,18.209999084472656,0
2016-01-04,169.05177307128906,222353500,42.19698715209961,34260200,24.951818466186523,83489100,51.93318176269531,8843700,102.88999938964844,6440000,89.94147491455078,10591900,82.90772247314453,6183700,20.700000762939453,0
2016-01-05,169.3377227783203,110845800,42.13130569458008,23891500,25.007604598999023,57773900,52.935306549072266,7114700,103.18000030517578,3500300,89.5785140991211,6242600,82.88427734375,2122800,19.34000015258789,0
2016-01-06,167.20162963867188,152112600,41.43798828125,22412600,24.529449462890625,65835100,52.79026412963867,5481200,104.66999816894531,9316600,90.78570556640625,8916900,83.38465881347656,1906100,20.59000015258789,0
2016-01-07,163.1902313232422,213436100,40.576839447021484,37579400,23.772367477416992,88974700,51.76176452636719,6297500,106.1500015258789,11730400,90.9486083984375,10202200,83.56450653076172,3106000,24.989999771118164,0
2016-01-08,161.39892578125,209817200,40.087867736816406,31301100,23.517351150512695,73528000,51.06949234008789,4628600,105.68000030517578,7678200,91.35592651367188,9577200,83.77559661865234,1783200,27.010000228881836,0
2016-01-11,161.55873107910156,187941300,40.2557373046875,33017900,23.509382247924805,56225500,51.359580993652344,4956800,104.73999786376953,6272400,90.356201171875,10040300,83.50975799560547,4816100,24.299999237060547,0
2016-01-12,162.8622283935547,172330500,40.445457458496094,29930200,23.55719757080078,61357500,51.016754150390625,5951900,104.20999908447266,5540200,91.6595458984375,12897700,83.88507843017578,8962500,22.469999313354492,0
2016-01-13,158.8003387451172,221168900,39.81783676147461,33481800,23.310150146484375,71788700,50.2849235534668,7679400,104.72000122070312,7324200,92.56304168701172,15577600,84.21343994140625,2664100,25.219999313354492,0
2016-01-14,161.40737915039062,240795600,40.32869338989258,35140200,23.61298179626465,65521200,50.16625213623047,5167500,103.0199966430664,9989100,91.69657897949219,12873800,84.0414047241211,2597300,23.950000762939453,0
2016-01-15,157.9425048828125,324846400,38.869102478027344,60554300,22.680574417114258,117573900,49.82342529296875,5571400,104.08000183105469,10052700,93.1258544921875,13976300,84.43234252929688,4334300,27.020000457763672,0
2016-01-19,158.15280151367188,195244400,39.22669982910156,35709800,23.01528549194336,79535100,50.08713150024414,4978100,103.9800033569336,4588400,92.8370361328125,8926600,84.32289123535156,4896500,26.049999237060547,0
2016-01-20,156.12606811523438,286547800,38.33634948730469,47944200,22.513219833374023,103223500,48.74215316772461,9091600,105.37000274658203,10120900,93.81462860107422,17283300,84.73722839355469,4949100,27.59000015258789,0
2016-01-21,157.00067138671875,195772900,38.62096405029297,48974700,22.600881576538086,81845900,49.01248550415039,6849300,105.48999786376953,5425000,93.17770385742188,11001600,84.52616119384766,2385700,26.690000534057617,0
2016-01-22,160.2215576171875,168319600,39.75945281982422,44855900,23.373903274536133,75886600,50.37723159790039,4542700,105.0,4185300,92.82223510742188,10164300,84.33853149414062,1735600,22.34000015258789,0
2016-01-25,157.79959106445312,130371700,39.22669982910156,36799400,22.975439071655273,59623300,50.06075668334961,4670100,106.08000183105469,6819400,93.3258056640625,5738200,84.6199951171875,1190900,24.149999618530273,0
2016-01-26,159.9524383544922,141036800,39.92731475830078,26789300,23.310150146484375,60020100,51.10905838012695,5214000,107.29000091552734,8443400,93.37027740478516,5692600,84.68255615234375,1288000,22.5,0
2016-01-27,158.21170043945312,185681700,39.67189025878906,32829200,23.230457305908203,74020200,50.120094299316406,4883200,107.69000244140625,8273400,93.3480453491211,7957800,84.74507141113281,1802300,23.110000610351562,0
2016-01-28,159.0358123779297,143798800,39.78864288330078,31267000,23.597047805786133,84739900,49.737701416015625,5584400,106.54000091552734,5914200,93.48136138916016,10575400,84.85454559326172,2222900,22.420000076293945,0
2016-01-29,162.9126739501953,210529300,40.48925018310547,37109700,24.36210060119629,81973800,50.75962448120117,11112200,106.94999694824219,8098700,94.27372741699219,13170700,85.30805206298828,3805500,20.200000762939453,0
2016-02-01,162.85382080078125,136061600,40.445457458496094,31082700,24.1309871673584,43254600,50.84532928466797,6925300,108.05000305175781,10471800,93.98514556884766,9948400,85.11148834228516,6813000,19.979999542236328,0
2016-02-02,159.91883850097656,182564900,39.5040283203125,29809100,23.349994659423828,75516000,50.383819580078125,6406000,108.08999633789062,6656000,95.72874450683594,10400000,85.71440887451172,4141600,21.979999542236328,0
2016-02-03,160.87754821777344,205054900,39.83243942260742,36337300,24.011444091796875,117143200,50.720062255859375,5729100,109.25,15785200,94.93482208251953,13309000,85.62045288085938,12145000,21.649999618530273,0
2016-02-04,161.1298370361328,139531800,39.88352966308594,28236200,24.194740295410156,99923300,50.74643325805664,4286700,110.56999969482422,13213700,95.39482879638672,9953500,85.82405853271484,2431100,21.84000015258789,0
2016-02-05,158.0602569580078,180788300,39.27048873901367,31548100,23.915813446044922,70370700,49.783870697021484,4033800,112.31999969482422,14777300,95.50615692138672,9200800,85.93367767333984,1440200,23.3799991607666,0
2016-02-08,155.9326629638672,191526700,38.54069519042969,37822400,23.589073181152344,72716800,48.35977554321289,5440900,113.83000183105469,28341200,97.56137084960938,14452200,86.57573699951172,2824800,26.0,0
2016-02-09,155.94105529785156,184513100,38.09552001953125,34142700,23.26233673095703,67275700,47.469696044921875,8405600,113.58000183105469,18156700,97.665283203125,15232100,86.59139251708984,2679600,26.540000915527344,0
2016-02-10,155.80648803710938,148214100,38.05173110961914,32088400,23.357967376708984,67192400,47.79936218261719,3877700,114.45999908447266,13311100,98.52596282958984,12797100,86.84972381591797,2027200,26.290000915527344,0
2016-02-11,153.77976989746094,219058900,37.49707794189453,41750200,22.96747398376465,86795500,47.12028884887695,4930700,119.05999755859375,49139000,99.21595764160156,21620200,87.24905395507812,3743000,28.139999389648438,0
2016-02-12,156.95021057128906,127632400,38.15389633178711,38730500,23.365938186645508,68436000,47.66090393066406,5067000,118.36000061035156,16981200,97.56881713867188,13888400,86.58353424072266,3258700,25.399999618530273,0
2016-02-16,159.59927368164062,120250700,38.927486419677734,31605800,23.883935928344727,54396200,48.53776931762695,3888900,114.7699966430664,14601700,96.53752136230469,11766000,86.32511901855469,2816800,24.110000610351562,0
2016-02-17,162.2062530517578,136009500,39.59889221191406,25594700,24.3541259765625,69297600,48.95314025878906,3060900,115.4800033569336,10582400,95.94389343261719,13157300,86.11376190185547,4856500,22.309999465942383,0
2016-02-18,161.5419158935547,102343000,39.39455795288086,32694100,24.21068000793457,59141200,49.44762420654297,3539700,118.29000091552734,13586500,97.12362670898438,10196700,86.51307678222656,3125700,21.639999389648438,0
2016-02-19,161.4662322998047,114793000,39.350765228271484,26685400,24.099109649658203,59069000,49.731101989746094,2885500,117.58000183105469,15192000,97.20529174804688,8188700,86.51307678222656,1340000,20.530000686645508,0
2016-02-22,163.80413818359375,103640300,39.79594421386719,19217000,24.69680404663086,42673400,50.205810546875,2966500,115.48999786376953,10677800,97.15331268310547,5054300,86.42695617675781,1012200,19.3799991607666,0
2016-02-23,161.7353057861328,111455300,39.14642333984375,19709000,24.170835494995117,54666100,50.073951721191406,2608300,117.22000122070312,9033400,97.54653930664062,8320700,86.59919738769531,2257800,20.979999542236328,0
2016-02-24,162.47535705566406,150812200,39.00776672363281,26718800,24.115047454833984,59334200,50.01460266113281,2997500,117.61000061035156,17938800,97.35366821289062,9091200,86.59919738769531,2947700,20.719999313354492,0
2016-02-25,164.44325256347656,110728300,39.47483825683594,25167000,24.194740295410156,45895100,51.03654098510742,3399900,117.91999816894531,12500300,97.70238494873047,6097200,86.85758209228516,1983600,19.110000610351562,0
2016-02-26,164.0647735595703,129833700,39.37266159057617,19604500,23.955663681030273,54635600,50.77280044555664,3180500,117.11000061035156,12505100,96.76008605957031,9245000,86.43472290039062,2957900,19.809999465942383,0
2016-02-29,162.7781219482422,125918100,39.139137268066406,30315200,24.162858963012695,65543100,50.57501220703125,5057700,118.63999938964844,11517500,97.18299102783203,8016100,86.57573699951172,3861600,20.549999237060547,0
2016-03-01,166.60450744628906,141799700,40.16084289550781,24585800,25.023544311523438,69324500,51.99910354614258,5309500,117.7699966430664,14139300,95.47173309326172,13729100,85.89903259277344,5901200,17.700000762939453,0
2016-03-02,167.35299682617188,102415000,40.43817138671875,22549400,25.35825538635254,66977500,52.37491226196289,3621700,118.68000030517578,8903000,95.86571502685547,7047700,85.75004577636719,3011200,17.09000015258789,0
2016-03-03,168.0089874267578,95172200,40.8322639465332,21109600,25.64514923095703,69856900,52.65182113647461,2907800,120.7300033569336,18724100,96.21511840820312,6394800,85.85201263427734,2093000,16.700000762939453,0
2016-03-04,168.55560302734375,129293600,41.1314811706543,22752200,26.155181884765625,102487700,52.658424377441406,2740000,120.54000091552734,16261100,95.59810638427734,8687000,85.5618667602539,1781200,16.860000610351562,0
2016-03-07,168.69015502929688,100219000,41.08038330078125,24047500,26.115339279174805,67816600,52.79685974121094,3504600,121.13999938964844,9358600,95.56836700439453,5493300,85.38932800292969,2349400,17.350000381469727,0
2016-03-08,166.848388671875,123974900,40.67900466918945,16893200,25.66905403137207,50510100,52.2562255859375,2829000,120.58000183105469,11531000,96.62393188476562,7175400,85.88330841064453,1747600,18.670000076293945,0
2016-03-09,167.67259216308594,94801200,40.8322639465332,15467400,25.828439712524414,54890300,52.546321868896484,3566700,119.58000183105469,8672900,96.03673553466797,7194700,85.54618835449219,1537800,18.34000015258789,0
2016-03-10,167.80709838867188,156838700,40.766578674316406,28133500,25.868284225463867,69716400,52.35511779785156,2472500,121.5,18104900,95.6427001953125,10091600,85.24037170410156,2798700,18.049999237060547,0
2016-03-11,170.51499938964844,137964500,41.83208465576172,24374600,26.410198211669922,74998500,53.528690338134766,2520900,119.41000366210938,10812300,94.67631530761719,8927000,84.99730682373047,1785000,16.5,0
2016-03-14,170.29637145996094,73612000,41.744510650634766,15953300,26.250816345214844,43838500,53.535274505615234,2593900,117.87000274658203,14236200,94.97367858886719,5177000,85.05999755859375,2661800,16.920000076293945,0
2016-03-15,170.0189208984375,93169100,41.35042190551758,19646300,25.876258850097656,66967800,53.561641693115234,1898100,117.95999908447266,9941800,95.06287384033203,6413200,85.04430389404297,2960800,16.84000015258789,0
2016-03-16,171.0028533935547,129303200,41.71532440185547,25413000,26.394256591796875,98218500,54.20777130126953,3439600,120.58999633789062,17334000,95.34538269042969,9728900,85.49124908447266,2052300,14.989999771118164,0
2016-03-17,172.087646484375,134278500,42.036434173583984,17906600,26.976016998291016,114746800,54.972557067871094,5526400,120.12999725341797,9914300,95.73933410644531,7805500,85.58536529541016,2745500,14.4399995803833,0
2016-03-18,172.76390075683594,138372400,41.96345138549805,30733400,27.119462966918945,102194600,54.7352180480957,3281800,119.80000305175781,16965900,95.9400405883789,8198600,85.73434448242188,2434600,14.020000457763672,0
2016-03-21,173.0090789794922,72926700,41.897769927978516,17625800,27.17525291442871,59921400,54.241207122802734,4343000,118.95999908447266,7240600,95.20413208007812,5514800,85.49124908447266,1725000,13.789999961853027,0
2016-03-22,172.91604614257812,97471900,41.824790954589844,15926700,27.111499786376953,41960900,54.241207122802734,4791300,119.30999755859375,6786800,95.18184661865234,4997900,85.31092071533203,1437700,14.170000076293945,0
2016-03-23,171.77487182617188,81052500,41.401493072509766,18291400,26.649280548095703,58628500,53.947853088378906,2837500,116.61000061035156,15993700,96.2597427368164,10628200,85.7029800415039,1405400,14.9399995803833,0
2016-03-24,171.69882202148438,84360900,41.124183654785156,18326500,26.585525512695312,61479100,53.96785354614258,2839400,116.33000183105469,6280900,96.29688262939453,6343300,85.61672973632812,1548200,14.739999771118164,0
2016-03-28,171.80026245117188,62408200,41.372314453125,18491100,26.673187255859375,40595500,54.45454406738281,3885100,116.5999984741211,3879100,96.42326354980469,5058700,85.74223327636719,1291400,15.239999771118164,0
2016-03-29,173.389404296875,92922900,41.81748580932617,22376800,27.039777755737305,81638800,55.63457107543945,5022700,118.76000213623047,14472400,97.43427276611328,9396700,86.32244110107422,2981000,13.819999694824219,0
2016-03-30,174.1501922607422,86365300,42.13130569458008,18999500,27.318696975708008,53128600,55.52790069580078,3503100,117.0999984741211,10769100,96.4084243774414,8478700,86.2048110961914,2808800,13.5600004196167,0
2016-03-31,173.7275848388672,94584100,41.71532440185547,37335100,27.294788360595703,109595100,55.867897033691406,7533800,117.63999938964844,9348200,97.09231567382812,7832300,86.51847839355469,3759100,13.949999809265137,0
2016-04-01,174.91099548339844,114423500,41.2701416015625,30396100,27.215097427368164,76178800,55.7945671081543,5267300,116.93000030517578,10405400,97.3455581665039,9341400,86.49334716796875,5489100,13.100000381469727,0
2016-04-04,174.34461975097656,63497000,41.18256378173828,16977200,26.88835906982422,46429000,55.71455001831055,6908900,116.1500015258789,7643700,97.40518951416016,5145100,86.59539794921875,3035600,14.119999885559082,0
2016-04-05,172.60328674316406,99662200,40.372493743896484,20199600,26.362382888793945,61660900,55.347896575927734,3251300,117.66000366210938,8865900,98.4703598022461,6482800,86.94097137451172,1951500,15.420000076293945,0
2016-04-06,174.48834228515625,91839800,41.02930450439453,20465500,26.681154251098633,56608700,55.48121643066406,2940500,116.94000244140625,7549400,97.75529479980469,6393700,86.75243377685547,1646000,14.09000015258789,0
2016-04-07,172.40042114257812,113859000,40.430877685546875,19855600,26.147212982177734,75406000,55.13456726074219,2339400,118.61000061035156,11900500,98.96206665039062,5963300,87.20010375976562,2069600,16.15999984741211,0
2016-04-08,172.86532592773438,95040600,41.20446014404297,18462800,26.601463317871094,44785200,55.44123077392578,3370300,118.43000030517578,9078900,98.33631896972656,5584800,87.06657409667969,1309500,15.359999656677246,0
2016-04-11,172.45965576171875,83757500,41.22634506225586,15640400,26.94414520263672,63972000,55.32788848876953,2848100,120.02999877929688,9846000,98.20966339111328,4805500,87.05091094970703,879600,16.260000228881836,0
2016-04-12,174.06564331054688,115350600,41.83938980102539,25164700,27.358539581298828,70261600,55.727901458740234,2504600,120.05000305175781,9689500,97.53180694580078,4276000,86.70536041259766,1363200,14.850000381469727,0
2016-04-13,175.8239288330078,96336400,42.503501892089844,25583900,27.844661712646484,95376400,55.48121643066406,2827000,118.7699966430664,8841500,97.87447357177734,5207900,86.76818084716797,1466400,13.84000015258789,0
2016-04-14,175.83233642578125,65212900,42.64216232299805,26844400,27.709196090698242,49781400,55.17456817626953,2044200,117.11000061035156,13165800,97.40518951416016,6967000,86.56402587890625,1403900,13.720000267028809,0
2016-04-15,175.637939453125,75761600,42.54729080200195,17558000,27.5498046875,61733700,55.58788299560547,2429100,117.91999816894531,7838100,98.23949432373047,5831100,86.82318115234375,1657800,13.619999885559082,0
2016-04-18,176.87210083007812,82531000,42.91218566894531,20200400,27.67731475830078,51810600,55.854557037353516,2347400,117.73999786376953,5809800,97.81492614746094,4486600,86.73678588867188,1297800,13.350000381469727,0
2016-04-19,177.43003845214844,88316100,43.65658187866211,24251400,28.09968376159668,70368800,55.8812370300293,3137200,119.58000183105469,21031500,97.50943756103516,5212200,86.59539794921875,1219600,13.239999771118164,0
2016-04-20,177.59906005859375,81100300,43.693077087402344,14402600,27.972177505493164,51670100,54.934547424316406,4085800,118.97000122070312,10233200,96.436767578125,10920700,86.1556396484375,1939800,13.279999732971191,0
2016-04-21,176.6438446044922,85695000,43.43034362792969,19135100,27.693256378173828,59286600,53.95451736450195,5046100,119.41999816894531,14612800,95.86321258544922,11154200,86.0142593383789,1636600,13.949999809265137,0
2016-04-22,176.6438446044922,99251700,43.45225143432617,17262700,27.525903701782227,43727100,54.541194915771484,3124400,117.88999938964844,10047000,95.61737823486328,5826400,85.92005157470703,952100,13.220000267028809,0
2016-04-25,176.3395538330078,66166500,43.23330307006836,13518400,27.35057830810547,40116100,54.99455261230469,2385600,118.2300033569336,4369400,95.2225341796875,5539500,85.82583618164062,1416300,14.079999923706055,0
2016-04-26,176.6016082763672,75864200,43.386566162109375,15657800,27.64543914794922,46394300,55.20789337158203,3190800,118.69999694824219,9906800,94.79046630859375,7840000,85.64521789550781,1127100,13.960000038146973,0
2016-04-27,176.965087890625,77329400,43.415748596191406,13054700,27.81279182434082,56192100,55.17456817626953,3244500,119.04000091552734,7976400,95.73658752441406,8380100,86.11638641357422,1734000,13.770000457763672,0
2016-04-28,175.35897827148438,97216200,42.824607849121094,25204500,27.525903701782227,51718900,55.061214447021484,2870600,121.29000091552734,15133600,96.1313705444336,7974600,86.4148178100586,2807300,15.220000267028809,0
2016-04-29,174.4122314453125,142424100,42.64216232299805,27642900,27.406356811523438,86482700,54.55453109741211,4117300,123.6500015258789,19043900,96.3771743774414,7416300,86.38336944580078,2858500,15.699999809265137,0
2016-05-02,175.79852294921875,62188000,43.043556213378906,25207300,27.33463478088379,36887000,55.40122604370117,4008000,123.23999786376953,12137500,95.40684509277344,11035200,86.13250732421875,2226800,14.680000305175781,0
2016-05-03,174.26852416992188,106422100,42.33565139770508,25287100,26.561620712280273,94755400,55.48789596557617,3305700,122.95999908447266,9063600,96.60858154296875,10736700,86.6436996459961,2330900,15.600000381469727,0
2016-05-04,173.2964324951172,92243800,41.846683502197266,20213100,26.131275177001953,105838400,56.2812614440918,4138600,122.20999908447266,9398200,97.13853454589844,7211200,86.80096435546875,1176900,16.049999237060547,0
2016-05-05,173.26266479492188,67619200,41.75910186767578,21552600,26.123306274414062,83029500,56.441253662109375,3324300,122.06999969482422,8846900,97.78793334960938,7870400,87.03694152832031,1257500,15.90999984741211,0
2016-05-06,173.89659118652344,89315000,41.875885009765625,21498200,26.163156509399414,81640000,57.06126403808594,3499300,123.18000030517578,11366800,97.36991119384766,7232500,86.83246612548828,1675600,14.720000267028809,0
2016-05-09,174.04034423828125,74374900,41.78828811645508,17842700,25.828439712524414,84074300,57.68797302246094,4568700,120.6500015258789,9236200,97.67591094970703,4950800,86.99763488769531,1459900,14.569999694824219,0
2016-05-10,176.2042694091797,77472200,42.38673782348633,21333600,26.322542190551758,69384400,57.68128967285156,4034800,120.9800033569336,9845000,97.68343353271484,4331900,86.98188781738281,1506900,13.630000114440918,0
2016-05-11,174.55593872070312,81727000,42.0218391418457,20180500,26.2587890625,58600300,56.44789123535156,4063900,122.12000274658203,7590100,98.23579406738281,9256000,87.11555480957031,1606800,14.6899995803833,0
2016-05-12,174.60671997070312,89586300,42.007240295410156,17642000,26.18705940246582,63469800,56.77458572387695,3471000,121.16000366210938,7447100,97.78793334960938,6087400,86.87964630126953,1261500,14.40999984741211,0
2016-05-13,173.08509826660156,96474600,41.576663970947266,19052400,25.716873168945312,62246800,56.26792907714844,3991500,121.70999908447266,7672800,98.73583984375,8707300,87.20990753173828,5007300,15.039999961853027,0
2016-05-16,174.7926483154297,77486800,42.07291793823242,24500500,26.027671813964844,51206600,56.801246643066406,3374900,121.80000305175781,7103000,97.88497161865234,5137000,86.8953628540039,1708100,14.680000305175781,0
2016-05-17,173.16119384765625,114924900,41.76640701293945,25116900,25.90813636779785,63616400,55.747886657714844,4308300,122.22000122070312,8619800,98.04915618896484,4449100,86.77738952636719,1158700,15.569999694824219,0
2016-05-18,173.21189880371094,120062100,41.781002044677734,34940400,25.653118133544922,91541300,54.874549865722656,4708500,120.0999984741211,13381700,96.65335845947266,12681000,86.07746887207031,2946500,15.949999809265137,0
2016-05-19,172.6117706298828,115430500,41.48178482055664,26976000,25.41404151916504,74455000,54.261192321777344,4316000,119.87000274658203,14339700,97.07136535644531,6209400,86.16394805908203,1345000,16.329999923706055,0
2016-05-20,173.70225524902344,104990400,41.824790954589844,23377800,25.66905403137207,54928300,54.694549560546875,3296100,119.70999908447266,10379400,97.14598846435547,5348900,86.218994140625,1059400,15.199999809265137,0
2016-05-23,173.4655303955078,58682600,41.686119079589844,18828700,25.621244430541992,52648200,54.70121383666992,2744000,119.37000274658203,8628200,97.36247253417969,6979700,86.27408599853516,892300,15.819999694824219,0
2016-05-24,175.71397399902344,93537800,42.291866302490234,28901600,25.884227752685547,58219200,55.38123321533203,2998500,117.30000305175781,12772000,96.92952728271484,5968200,86.13250732421875,965200,14.420000076293945,0
2016-05-25,176.90591430664062,76621400,42.73704528808594,35575000,26.195032119750977,53340200,55.38123321533203,3250000,116.9800033569336,10487300,96.56376647949219,6367400,86.09321594238281,890300,13.899999618530273,0
2016-05-26,176.95664978027344,55280700,42.85380554199219,21115400,26.370357513427734,48215100,55.48789596557617,3053400,116.58000183105469,5893500,97.06387329101562,5419300,86.36058044433594,998200,13.430000305175781,0
2016-05-27,177.7174072265625,64211200,42.810020446777344,16066600,26.362382888793945,43342900,55.78789520263672,3006900,115.62000274658203,8686700,96.9220962524414,5267600,86.19542694091797,1995300,13.119999885559082,0
2016-05-31,177.37930297851562,109879400,42.605674743652344,25438500,26.394256591796875,94760100,55.78123474121094,4810900,116.05999755859375,8187600,97.15345764160156,8344300,86.29766845703125,1734700,14.1899995803833,0
2016-06-01,177.74276733398438,69936200,42.56918716430664,19567300,26.378318786621094,52115100,55.82789993286133,4417500,115.94000244140625,8399600,97.54764556884766,9874900,86.26850891113281,2786400,14.199999809265137,0
2016-06-02,178.2837677001953,63044700,42.56918716430664,32992100,26.593490600585938,48252500,56.11457824707031,8043500,115.66999816894531,4591600,98.25070190429688,5835400,86.53630828857422,5038500,13.630000114440918,0
2016-06-03,177.7512664794922,101757100,42.84650421142578,27770200,26.999927520751953,89424800,56.341251373291016,4295200,118.87999725341797,14605100,99.6493148803711,11077200,87.33970642089844,1971300,13.470000267028809,0
2016-06-06,178.6557159423828,64887000,43.08733367919922,22191900,27.286823272705078,110069500,55.90788269042969,3231900,118.91999816894531,9887900,98.90887451171875,7573700,87.11128997802734,1715700,13.649999618530273,0
2016-06-07,178.9346160888672,60974800,43.401153564453125,15311700,27.53386878967285,59934000,56.24790954589844,2424600,118.81999969482422,4602900,99.14820098876953,4680200,87.2373046875,2672900,14.050000190734863,0
2016-06-08,179.51791381835938,66170900,43.488731384277344,14673400,27.73310089111328,75850100,56.60792541503906,3099000,120.58000183105469,11661700,99.67929077148438,5313200,87.33970642089844,1284200,14.079999923706055,0
2016-06-09,179.2727813720703,73786900,42.95598220825195,18489100,27.414335250854492,54934300,56.73458480834961,4132700,121.25,12174000,100.322509765625,6820300,87.47364044189453,1328400,14.640000343322754,0
2016-06-10,177.57373046875,113829200,41.7080192565918,29812900,26.720998764038086,77417500,56.46790313720703,2538400,121.73999786376953,13940000,100.80864715576172,6984600,87.78079986572266,1878900,17.030000686645508,0
2016-06-13,176.2042694091797,117751200,41.1022834777832,25323100,26.346445083618164,56865500,56.48123550415039,3250300,122.63999938964844,12594200,101.25749206542969,7283300,87.95401763916016,1026200,20.969999313354492,0
2016-06-14,175.85772705078125,125059300,40.445457458496094,69490000,26.2587890625,71023800,56.3345947265625,3437300,122.7699966430664,11651700,101.18266296386719,9012500,87.93038940429688,1390600,20.5,0
2016-06-15,175.61257934570312,109124500,40.71549606323242,34010400,26.5377140045166,64707000,56.867919921875,2829400,123.68000030517578,15053000,101.5715560913086,7953200,88.1982421875,2377600,20.139999389648438,0
2016-06-16,176.1366424560547,149533100,40.80307388305664,27677700,26.442079544067383,73981900,57.187923431396484,2827100,122.37999725341797,26635000,102.06525421142578,10372700,88.29273986816406,3088700,19.3700008392334,0
2016-06-17,175.480712890625,117055700,41.20446014404297,51689600,26.5137996673584,56740400,57.094581604003906,4408400,123.94999694824219,15573800,101.42948913574219,8489900,87.99336242675781,3140900,19.40999984741211,0
2016-06-20,176.61083984375,82789600,42.22617721557617,38890400,26.983993530273438,78204200,57.17460250854492,3987000,123.20999908447266,11866200,100.34495544433594,7365900,87.6153564453125,1956500,18.3700008392334,0
2016-06-21,177.1121368408203,72461700,42.56918716430664,37705500,27.191190719604492,75173100,57.39255905151367,3614700,120.83999633789062,14585600,99.88123321533203,6005800,87.41846466064453,1494500,18.479999542236328,0
2016-06-22,176.82327270507812,95560500,42.54311752319336,45176500,27.26026153564453,67273500,57.30510711669922,3994500,120.9000015258789,7861000,100.04579162597656,5773700,87.59172058105469,1378700,21.170000076293945,0
2016-06-23,179.12594604492188,102731400,43.71990203857422,33064500,27.918880462646484,70159900,57.59433364868164,1672700,120.11000061035156,10704900,98.90140533447266,9029100,87.17428588867188,1715000,17.25,0
2016-06-24,172.69369506835938,333444400,39.966094970703125,85314600,26.224151611328125,158566000,57.083106994628906,5661700,126.0,35782900,101.55661010742188,17155000,88.3793716430664,4390000,25.760000228881836,0
2016-06-27,169.60076904296875,230775800,39.198944091796875,58864400,25.886810302734375,101826000,57.12345886230469,4769800,126.68000030517578,21228800,104.0921859741211,16577100,89.14337158203125,4493700,23.850000381469727,0
2016-06-28,172.65972900390625,159382400,40.226776123046875,45213500,26.649837493896484,68332900,58.327571868896484,5128700,125.31999969482422,16001500,104.3091049194336,14006400,89.12759399414062,1799700,18.75,0
2016-06-29,175.59974670410156,137328600,40.96413040161133,33914900,27.324520111083984,82587300,59.033870697021484,4395600,125.83999633789062,12218400,103.50877380371094,12999800,88.76528930664062,2670900,16.639999389648438,0
2016-06-30,177.99583435058594,165021900,41.57487487792969,48143600,27.59760093688965,92761700,59.64599609375,6555800,126.47000122070312,15981600,103.8902587890625,14698500,88.96221160888672,5690800,15.630000114440918,0
2016-07-01,178.36968994140625,106055300,41.57487487792969,22693400,27.862653732299805,66514800,59.666175842285156,4731800,128.41000366210938,14940700,105.33270263671875,15430200,89.1972427368164,5292300,14.770000457763672,0
2016-07-05,177.086669921875,109803700,40.77049255371094,33647400,27.268299102783203,63420200,60.32541275024414,3808400,129.47000122070312,19026200,106.65152740478516,8840800,89.68621826171875,2926300,15.579999923706055,0
2016-07-06,178.1488037109375,96021500,40.69601058959961,28451400,27.196014404296875,61084500,60.06304168701172,4577200,130.22999572753906,17376700,106.82389068603516,14352800,89.70204162597656,1921600,14.960000038146973,0
2016-07-07,178.038330078125,85593800,40.53214645385742,24824900,27.123722076416016,49586800,59.444210052490234,5342000,129.74000549316406,16508500,106.81637573242188,9676400,89.583740234375,1323000,14.760000228881836,0
2016-07-08,180.68942260742188,133971000,41.150333404541016,26189500,27.710050582885742,74907900,60.406124114990234,2663400,130.52000427246094,17634200,107.60321807861328,10355300,89.75723266601562,2097900,13.199999809265137,0
2016-07-11,181.32664489746094,73633900,41.75362777709961,25474900,27.97510528564453,70202000,60.809749603271484,3381400,129.2899932861328,10855600,106.65898895263672,8099000,89.28397369384766,2728800,13.539999961853027,0
2016-07-12,182.64373779296875,101275600,42.31966781616211,29839000,28.36866569519043,89275200,60.8029899597168,3727600,127.1500015258789,26459600,104.90559387207031,15810600,88.75556182861328,4116200,13.550000190734863,0
2016-07-13,182.6182098388672,87324100,42.27497482299805,27351600,28.32046890258789,62034300,61.13935089111328,4902800,128.32000732421875,7377700,106.14191436767578,8181700,88.98430633544922,3077200,13.039999961853027,0
2016-07-14,183.6378936767578,91230900,42.639930725097656,28145500,28.7301025390625,99969200,60.594459533691406,3060500,127.33000183105469,12132400,104.59837341308594,10817000,88.61355590820312,2761900,12.819999694824219,0
2016-07-15,183.39144897460938,107155400,42.423946380615234,29705400,28.665851593017578,82124300,60.614646911621094,3345600,126.83999633789062,13892100,103.69918060302734,9958600,88.27446746826172,2811600,12.670000076293945,0
2016-07-18,183.88430786132812,58725900,42.52821731567383,17614300,28.92286491394043,75861700,60.776100158691406,2699700,127.04000091552734,8489700,103.60174560546875,5955900,88.25076293945312,4173500,12.4399995803833,0
2016-07-19,183.6973114013672,54345700,42.193058013916016,19896900,28.625690460205078,54832700,61.072059631347656,1916500,127.20999908447266,5170700,104.18620300292969,8073900,88.48741912841797,4171900,11.970000267028809,0
2016-07-20,184.46202087402344,58159500,42.57290267944336,20885200,28.770263671875,48091500,61.07878875732422,2100600,125.38999938964844,11777700,103.61673736572266,6942500,88.30597686767578,2213700,11.770000457763672,0
2016-07-21,183.7653045654297,67777300,42.40160369873047,19635000,28.68191146850586,56354300,61.199867248535156,2179600,127.30000305175781,9399200,103.82655334472656,10398400,88.503173828125,1944700,12.739999771118164,0
2016-07-22,184.58958435058594,62787500,42.48352813720703,16069300,28.890737533569336,45498600,61.73801803588867,2482900,126.3499984741211,7716000,104.00642395019531,5811400,88.43214416503906,1140000,12.020000457763672,0
2016-07-25,184.0882110595703,55873100,42.43138885498047,13277400,28.601585388183594,44174100,61.623661041259766,2374700,125.47000122070312,13139400,103.93148803710938,4243800,88.36119079589844,889100,12.869999885559082,0
2016-07-26,184.1731719970703,70080500,42.61014938354492,15025700,28.826480865478516,63593800,61.320960998535156,2460200,126.0,7613200,104.09632110595703,5243400,88.4164047241211,1694100,13.050000190734863,0
2016-07-27,183.9777374267578,84083900,42.76655960083008,17126900,28.92286491394043,67888600,60.843345642089844,3935200,128.02999877929688,17066400,105.39271545410156,8508100,88.79499053955078,1962700,12.829999923706055,0
2016-07-28,184.19020080566406,65035700,42.72186279296875,14445300,28.9309024810791,45590000,61.408409118652344,2853100,127.66000366210938,9261800,105.19778442382812,7336100,88.84234619140625,1220200,12.720000267028809,0
2016-07-29,184.487548828125,79519400,43.22834014892578,21590400,29.083511352539062,85265700,62.18870162963867,3502600,128.97999572753906,13708200,106.0745620727539,8766700,89.18144226074219,2386800,11.869999885559082,0
2016-08-01,184.33465576171875,73311400,42.94530487060547,21623700,29.027278900146484,57794000,62.323246002197266,3335100,129.22000122070312,7109900,104.92445373535156,9809300,88.87184143066406,2479100,12.4399995803833,0
2016-08-02,183.15353393554688,92295500,42.72930908203125,20476100,28.81845474243164,81854600,61.32768249511719,3877100,130.27000427246094,7652800,103.84347534179688,10051200,88.65858459472656,2920500,13.369999885559082,0
2016-08-03,183.68885803222656,53993600,42.58035659790039,19684400,28.914838790893555,42844900,60.97115707397461,3829400,129.64999389648438,5010700,103.90350341796875,4930600,88.70597839355469,1148600,12.859999656677246,0
2016-08-04,183.88430786132812,46585500,42.82613754272461,16761800,29.075471878051758,70532500,60.722267150878906,2649700,129.8699951171875,4908100,104.68419647216797,5646000,88.91925811767578,1065000,12.420000076293945,0
2016-08-05,185.38827514648438,71892200,43.01979064941406,15143500,29.412813186645508,55760000,60.76264190673828,2941600,127.55000305175781,16205100,103.5956802368164,7778600,88.3663558959961,2368100,11.390000343322754,0
2016-08-08,185.2777862548828,39906500,43.10916519165039,10326800,29.62163734436035,43636800,60.87027359008789,2240200,127.44000244140625,6773800,103.79092407226562,5185200,88.31895446777344,1304000,11.5,0
2016-08-09,185.38827514648438,51251700,43.45177459716797,27514400,29.822444915771484,65823600,61.199867248535156,3474300,127.95999908447266,7500400,104.81182861328125,5503200,88.63489532470703,1817000,11.65999984741211,0
2016-08-10,184.92942810058594,57941100,43.60074234008789,17539500,29.830476760864258,59111700,61.132606506347656,5302900,128.55999755859375,6196200,105.21727752685547,5843500,88.87184143066406,1262500,12.050000190734863,0
2016-08-11,185.78759765625,72504300,43.91354751586914,19675800,30.21599769592285,82544300,60.43975067138672,4788300,127.66999816894531,9763800,104.27886199951172,7624600,88.44537353515625,1823600,11.680000305175781,0
2016-08-12,185.62615966796875,61313500,43.80183029174805,11331600,30.103557586669922,54790400,60.69536209106445,2972100,127.4000015258789,15395800,105.15718078613281,7989600,88.76129150390625,1377100,11.550000190734863,0
2016-08-15,186.1614990234375,49813500,43.9731330871582,9048700,30.41680145263672,55160100,60.63481903076172,2961400,127.83999633789062,4530800,104.16625213623047,5108600,88.50064849853516,1031800,11.8100004196167,0
2016-08-16,185.20130920410156,53213600,43.90610122680664,14286200,30.28026008605957,62084000,59.90834426879883,4166800,128.47000122070312,8678100,103.88851928710938,6182700,88.35057067871094,1433500,12.640000343322754,0
2016-08-17,185.54969787597656,75134300,43.89120864868164,12103600,30.087486267089844,106432500,60.1505012512207,5192000,128.5,12034800,104.51153564453125,5002000,88.49271392822266,1733900,12.1899995803833,0
2016-08-18,185.966064453125,52989300,44.11464309692383,17723900,30.368606567382812,63045700,59.92853546142578,4074800,129.11000061035156,9500600,104.67668151855469,3805200,88.65068054199219,1245600,11.430000305175781,0
2016-08-19,185.69415283203125,75443000,43.78693389892578,12142800,30.19993019104004,63995700,59.54509353637695,3284900,127.97000122070312,10660100,104.12870788574219,5516300,88.35057067871094,1396700,11.34000015258789,0
2016-08-22,185.68563842773438,61368800,43.83161926269531,10095600,29.7983341217041,62902100,59.86798095703125,3671000,127.77999877929688,8627200,105.00706481933594,5549700,88.54802703857422,1084600,12.270000457763672,0
2016-08-23,186.0595245361328,53399200,44.017826080322266,12534100,29.677871704101562,72475000,59.90161895751953,6526100,127.76000213623047,9038500,105.11967468261719,6841400,88.5401382446289,939900,12.380000114440918,0
2016-08-24,185.1078338623047,71728900,43.91354751586914,12206600,29.758188247680664,75080700,59.639278411865234,6064800,126.33999633789062,13539700,104.87191772460938,6027800,88.5085220336914,1345600,13.449999809265137,0
2016-08-25,184.9803924560547,69224800,43.73479461669922,10953500,29.782285690307617,56434300,59.90834426879883,3219700,126.2300033569336,5926300,104.47404479980469,5855500,88.3663558959961,1037700,13.630000114440918,0
2016-08-26,184.63201904296875,122506300,43.474117279052734,19518100,29.52526092529297,178796200,59.316402435302734,5844000,126.05000305175781,17967700,103.86599731445312,12962500,88.02674865722656,1988300,13.649999618530273,0
2016-08-29,185.54122924804688,70502200,43.608177185058594,10482100,29.750154495239258,49578800,59.90161895751953,3318600,126.30000305175781,5562400,105.25475311279297,7310400,88.39009094238281,1497400,12.9399995803833,0
2016-08-30,185.23533630371094,58114500,43.54859924316406,10046300,29.669830322265625,48196900,59.787261962890625,3431900,125.02999877929688,9877000,104.8493881225586,5161800,88.38218688964844,2498400,13.119999885559082,0
2016-08-31,184.70852661132812,85269500,43.45922088623047,20437200,29.340524673461914,98943200,59.84778594970703,5003000,124.77999877929688,13324100,104.99947357177734,7349700,88.27946472167969,2008100,13.420000076293945,0
2016-09-01,184.71701049804688,97844200,43.75714111328125,18389800,29.565418243408203,67120400,59.6998176574707,4098000,125.29000091552734,12877700,105.11529541015625,9149100,88.41790771484375,1775900,13.479999542236328,0
2016-09-02,185.54969787597656,79293900,44.263614654541016,19151600,30.047330856323242,88393000,60.2177848815918,4439500,126.56999969482422,11318600,104.25801849365234,8397000,88.18856048583984,1550100,11.979999542236328,0
2016-09-06,186.1105499267578,56702100,44.561527252197266,14730600,30.689882278442383,108573800,60.68191909790039,3874300,128.7100067138672,15115300,105.01759338378906,8542600,88.59979248046875,1284000,12.020000457763672,0
2016-09-07,186.09352111816406,76554900,44.58387756347656,17917500,30.5935001373291,58618800,61.04515075683594,2874200,128.27000427246094,8859800,104.9423828125,5421800,88.6472396850586,836800,11.9399995803833,0
2016-09-08,185.6686248779297,74102900,44.45725631713867,15572700,30.513185501098633,73367300,60.29848861694336,3123900,127.58999633789062,10561800,103.62625122070312,14301500,88.21220397949219,1287300,12.510000228881836,0
2016-09-09,181.22474670410156,221589100,43.59328842163086,23547000,29.48509407043457,124082600,57.910484313964844,7589300,126.75,12485600,101.91911315917969,13347700,87.79303741455078,1700700,17.5,0
2016-09-12,183.82481384277344,168110900,43.95079040527344,26966800,29.68589210510254,119811600,58.59665298461914,7088200,126.58999633789062,11140300,101.97176361083984,9096600,87.87216186523438,1446600,15.15999984741211,0
2016-09-13,181.1822509765625,182828800,43.06447219848633,24865900,28.93893051147461,160782500,57.12546157836914,7223000,125.75,8866400,100.8135757446289,15645400,87.5478515625,1993700,17.850000381469727,0
2016-09-14,181.11424255371094,134185500,43.00489044189453,16841500,29.027278900146484,90163100,57.30836486816406,4781900,126.18000030517578,5820700,100.96395874023438,7037700,87.74559020996094,1062100,18.139999389648438,0
2016-09-15,182.9241485595703,134427900,43.377296447753906,20280700,29.52526092529297,87331100,57.52510070800781,4320500,125.37000274658203,12790400,100.52776336669922,9874500,87.76933288574219,994100,16.299999237060547,0
2016-09-16,182.2169952392578,155236400,42.81869888305664,47897900,29.324462890625,92612000,57.55219268798828,6251400,125.05999755859375,18995100,101.33999633789062,7507900,87.86427307128906,833600,15.369999885559082,0
2016-09-19,182.25119018554688,80250500,43.04212951660156,24184400,29.55738639831543,55874700,58.073726654052734,3407700,125.31999969482422,4959600,101.00907135009766,7105900,87.71398162841797,490400,15.529999732971191,0
2016-09-20,182.2597198486328,69665300,43.30280303955078,23968200,29.57345199584961,48531200,57.98567581176758,3905800,125.44000244140625,5672000,101.36261749267578,6054800,87.84841918945312,1177800,15.920000076293945,0
2016-09-21,184.30923461914062,110284400,44.06250762939453,28804000,30.400737762451172,123874800,58.730743408203125,6905000,127.2699966430664,13646400,102.18233489990234,10698100,87.99076080322266,1108300,13.300000190734863,0
2016-09-22,185.4707489013672,76678700,44.5093994140625,27047600,30.617599487304688,73865400,59.780601501464844,3575700,127.56999969482422,15188000,102.9945297241211,12426200,88.25182342529297,1012300,12.020000457763672,0
2016-09-23,184.45448303222656,73630900,44.13699722290039,19380000,30.224040985107422,56201900,59.96347427368164,4722300,127.6500015258789,7702300,102.89678192138672,5928800,88.29132843017578,952500,12.289999961853027,0
2016-09-26,182.95997619628906,89827300,43.727352142333984,23824900,29.782285690307617,47253900,60.105712890625,3440200,127.55000305175781,5842700,103.55104064941406,8661300,88.54443359375,764000,14.5,0
2016-09-27,184.09584045410156,78494800,43.93590545654297,19862100,30.20797348022461,60877300,59.46902084350586,6479800,126.62000274658203,6220700,104.31065368652344,9450400,88.69473266601562,1583700,13.100000381469727,0
2016-09-28,185.00958251953125,87411000,44.24871063232422,21673400,30.481042861938477,82411300,59.95669937133789,2676300,126.22000122070312,6757700,104.08500671386719,7958700,88.65522766113281,594800,12.390000343322754,0
2016-09-29,183.335693359375,128070600,43.69755172729492,16703800,29.95094871520996,74659100,59.157447814941406,4662800,126.06999969482422,7448400,104.34825897216797,8319800,88.71053314208984,1123900,14.020000457763672,0
2016-09-30,184.71917724609375,117202900,44.040164947509766,29074600,30.079456329345703,85539100,58.75104904174805,6718600,125.63999938964844,11204300,103.41570281982422,11747100,88.48908996582031,1774600,13.289999961853027,0
2016-10-03,184.2751007080078,83512100,43.92100143432617,17903600,30.288297653198242,77690300,57.65378952026367,10473900,125.31999969482422,9044100,103.07438659667969,7588800,88.28314208984375,3112000,13.569999694824219,0
2016-10-04,183.335693359375,119948100,43.91354751586914,28707500,29.95094871520996,95339800,56.868099212646484,7415500,120.97000122070312,24372700,101.86892700195312,12048700,87.87918853759766,3949600,13.630000114440918,0
2016-10-05,184.14703369140625,72816000,44.09230422973633,14774300,30.384672164916992,61950100,55.716644287109375,8125200,120.77999877929688,14718100,101.3942642211914,8917700,87.68125915527344,1490600,12.989999771118164,0
2016-10-06,184.2751007080078,62927400,43.853965759277344,11592200,30.408769607543945,45429700,55.736976623535156,6760300,119.66000366210938,17917700,100.82923126220703,7839900,87.49911499023438,1577400,12.84000015258789,0
2016-10-07,183.6431884765625,89788300,43.630531311035156,16684900,30.272220611572266,77792800,55.642147064208984,6036800,119.73999786376953,17907300,100.89701843261719,9953200,87.62578582763672,1601100,13.479999542236328,0
2016-10-10,184.5996551513672,51855000,43.75714111328125,7860700,30.60153579711914,56113700,55.987571716308594,2818300,120.16000366210938,4514400,100.30184936523438,6089100,87.39615631103516,1067000,13.380000114440918,0
2016-10-11,182.26821899414062,130367400,43.13894271850586,18434600,29.89472770690918,79646900,55.44572067260742,4306600,119.55000305175781,6065300,100.0758285522461,9670400,87.37237548828125,1942600,15.359999656677246,0
2016-10-12,182.5074005126953,73866100,43.04212951660156,13537300,29.838504791259766,48482900,56.08241271972656,3492600,119.73999786376953,4848600,100.17376708984375,7582400,87.37237548828125,1037800,15.90999984741211,0
2016-10-13,181.90957641601562,101357000,42.87826919555664,13090900,29.57345199584961,67497300,56.52266311645508,3633600,120.02999877929688,7184600,100.55047607421875,7080600,87.5545425415039,1188400,16.690000534057617,0
2016-10-14,182.0034637451172,93346200,42.9527587890625,19288400,29.62163734436035,54235800,56.27204513549805,3187500,119.36000061035156,6577300,99.1416015625,11415100,87.28528594970703,2105300,16.1200008392334,0
2016-10-17,181.37155151367188,58275700,42.82613754272461,12641000,29.589509963989258,37742300,56.39398193359375,3154000,119.68000030517578,4777900,99.77447509765625,10595900,87.47533416748047,1490800,16.209999084472656,0
2016-10-18,182.5074005126953,76869700,43.25067138671875,13028000,30.11159324645996,50174900,56.7529411315918,2533200,120.41999816894531,4919700,100.0984115600586,7151000,87.64957427978516,1484400,15.279999732971191,0
2016-10-19,182.994140625,66519200,43.36984634399414,12500100,30.296323776245117,49171200,56.874881744384766,2871000,121.11000061035156,6019800,100.18130493164062,6941300,87.68916320800781,1264200,14.40999984741211,0
2016-10-20,182.6525421142578,73639800,43.43687438964844,9959000,30.20797348022461,55283900,56.74617385864258,3261100,120.73999786376953,6496700,100.2867431640625,6082300,87.6099853515625,979900,13.75,0
2016-10-21,182.7379150390625,89089100,43.34005355834961,12584900,30.19993019104004,33058500,56.536224365234375,3193800,120.83000183105469,6707800,100.43743896484375,9222700,87.70500946044922,571100,13.34000015258789,0
2016-10-24,183.5150909423828,60146600,43.33259582519531,12723000,30.32844352722168,28142200,56.66490173339844,3948800,120.55999755859375,5481100,100.00049591064453,6507500,87.58621978759766,900800,13.020000457763672,0
2016-10-25,182.9002227783203,66542300,43.30280303955078,12430400,30.360580444335938,32233900,56.56330490112305,3161400,121.47000122070312,6141100,100.26423645019531,5134700,87.57034301757812,735100,13.460000038146973,0
2016-10-26,182.5330047607422,75705500,43.10916519165039,12169500,30.039302825927734,50715500,55.825008392333984,4093100,120.79000091552734,3905900,99.58607482910156,5842500,87.3802490234375,1136600,14.239999771118164,0
2016-10-27,182.0462188720703,77220200,43.057029724121094,9309300,29.782285690307617,47287000,54.36200714111328,5969300,121.01000213623047,4336000,98.50122833251953,10044700,87.0793228149414,3668500,15.359999656677246,0
2016-10-28,181.50814819335938,140623200,43.04212951660156,15377800,29.661792755126953,69558100,54.49071502685547,4819100,121.58000183105469,11639900,98.28269958496094,7541000,87.09516906738281,1313200,16.190000534057617,0
2016-10-31,181.51673889160156,61272500,43.06447219848633,19266200,29.830476760864258,60365100,55.37797164916992,5009700,121.94000244140625,7722100,98.88546752929688,7047500,87.16644287109375,4413900,17.059999465942383,0
2016-11-01,180.2015380859375,122781800,42.87826919555664,19495200,29.589509963989258,90113200,54.17235565185547,7465200,122.7300033569336,13384300,98.89295959472656,12622400,87.16964721679688,2004000,18.559999465942383,0
2016-11-02,179.11705017089844,103330800,42.58780288696289,17538900,29.236114501953125,82319300,53.379886627197266,7847600,123.63999938964844,15692400,99.32321166992188,8666200,87.43132781982422,1455900,19.31999969482422,0
2016-11-03,178.2971954345703,88939300,42.54311752319336,12959100,29.15578842163086,67403000,52.96672439575195,7221900,124.30000305175781,10093100,98.56087493896484,6085400,87.37582397460938,686600,22.079999923706055,0
2016-11-04,178.10073852539062,109122100,42.13347244262695,17423800,28.85860824584961,78558900,53.38665771484375,4432600,124.38999938964844,8594600,99.44406127929688,7622600,87.64550018310547,1699800,22.510000228881836,0
2016-11-07,182.0291748046875,109794900,42.71441650390625,21383600,29.902753829956055,85341300,54.32135009765625,5860500,122.1500015258789,10015000,98.59852600097656,5386700,87.28063201904297,2617900,18.709999084472656,0
2016-11-08,182.8489227294922,106772100,42.83358383178711,17403900,30.09552574157715,83963300,54.6058464050293,4023300,121.63999938964844,9480600,98.19853973388672,7576500,86.9713363647461,1182200,18.739999771118164,0
2016-11-09,184.78756713867188,258429000,42.87083053588867,27175100,29.11563491821289,193443900,53.77949523925781,10045800,121.55999755859375,18236500,94.03175354003906,31233500,85.6468505859375,6381300,14.380000114440918,0
2016-11-10,185.2487030029297,172113300,42.75165939331055,37382800,28.288345336914062,206490900,52.87866973876953,13504700,119.75,22268000,92.642822265625,22961200,85.13134002685547,5445300,14.739999771118164,0
2016-11-11,184.8217010498047,100552700,42.4909782409668,18430100,27.750211715698242,182114700,53.19699478149414,5066000,117.0999984741211,20381800,92.12196350097656,10040200,84.9568862915039,2482900,14.170000076293945,0
2016-11-14,184.96685791015625,94580000,42.26009750366211,20650900,27.549407958984375,107881600,54.45682144165039,6755200,116.11000061035156,20729400,91.57085418701172,21174400,84.46517181396484,3753800,14.479999542236328,0
2016-11-15,186.41014099121094,91652600,42.44629669189453,15311700,28.103614807128906,89937000,54.00303268432617,7719900,117.12000274658203,9348600,92.0238265991211,11963700,84.46517181396484,1391700,13.369999885559082,0
2016-11-16,186.0599822998047,65617700,41.99941635131836,22261200,27.870689392089844,65387900,53.84722900390625,10337100,116.7699966430664,5486100,92.85417175292969,9149500,84.54446411132812,2765700,13.720000267028809,0
2016-11-17,187.01641845703125,69797200,42.31966781616211,18459300,27.910844802856445,80829200,53.29859924316406,3645200,116.16999816894531,10342300,91.48792266845703,11221600,84.17172241210938,2499200,13.350000381469727,0
2016-11-18,186.59799194335938,86265800,41.85789108276367,17047300,27.782333374023438,51490500,53.454383850097656,3655600,115.1500015258789,10444300,91.22366333007812,13577700,83.79896545410156,4093700,12.850000381469727,0
2016-11-21,188.00706481933594,72402600,42.21540451049805,18504500,28.055423736572266,45251800,53.29182052612305,3488200,115.58000183105469,6654200,91.45018005371094,6488100,83.87035369873047,1364300,12.420000076293945,0
2016-11-22,188.37428283691406,67429000,42.31966781616211,17866500,28.481117248535156,61503100,54.22654342651367,4226700,115.54000091552734,6391900,91.41996765136719,9989900,83.94962310791016,1744700,12.40999984741211,0
2016-11-23,188.4767608642578,56620200,42.17070770263672,13840300,28.175901412963867,43495600,53.996253967285156,6542100,113.25,20982100,91.06520080566406,13563500,83.64823150634766,4607100,12.430000305175781,0
2016-11-25,189.17706298828125,37872300,42.29732894897461,7842800,28.31244468688965,28572700,54.30781936645508,1904500,112.61000061035156,5345900,91.20103454589844,3126300,83.57687377929688,948200,12.34000015258789,0
2016-11-28,188.2888946533203,76572500,42.07388687133789,13608000,28.424888610839844,50953000,54.55842590332031,4065700,113.80000305175781,5655400,91.87281799316406,8555000,83.95758819580078,2474800,13.149999618530273,0
2016-11-29,188.65614318847656,69886700,42.34202194213867,14719800,28.465045928955078,36457700,55.079959869384766,3754200,113.2699966430664,7438600,92.25780487060547,8363000,84.04480743408203,1745000,12.899999618530273,0
2016-11-30,188.20352172851562,113291800,42.29732894897461,23874700,28.513246536254883,86930300,54.45005416870117,6826400,111.75,10925500,90.76323699951172,21163500,83.48172760009766,3362500,13.329999923706055,0
2016-12-01,187.51177978515625,79040500,42.13347244262695,22693500,28.175901412963867,80947500,53.65080261230469,6361900,111.54000091552734,10237000,89.80489349365234,21715700,83.16321563720703,3467600,14.069999694824219,0
2016-12-02,187.60569763183594,74840300,42.23774337768555,16077700,28.20802879333496,58727500,54.18589401245117,3695900,112.13999938964844,7416500,90.46292877197266,12487500,83.53652954101562,1660400,14.119999885559082,0
2016-12-05,188.73301696777344,67837800,42.65483093261719,19686200,28.440959930419922,53275100,54.585506439208984,3457200,111.54000091552734,10187900,90.36461639404297,12100100,83.50476837158203,2281600,12.140000343322754,0
2016-12-06,189.33078002929688,59877400,42.94530487060547,19217500,28.59355926513672,48356900,54.937721252441406,4024800,111.43000030517578,5533700,90.29657745361328,11526600,83.53652954101562,989400,11.789999961853027,0
2016-12-07,191.80735778808594,110738100,43.58583450317383,25749300,29.075471878051758,61773300,56.034996032714844,5754300,111.83000183105469,4901800,91.06806945800781,10392200,83.81446838378906,1237600,12.220000267028809,0
2016-12-08,192.2770538330078,99714400,43.54859924316406,23427000,29.2039852142334,60291800,56.42107009887695,4404200,111.56999969482422,5977800,89.99400329589844,12041100,83.4968032836914,1357500,12.640000343322754,0
2016-12-09,193.43850708007812,88005800,43.73479461669922,20886500,29.051382064819336,60173400,56.360107421875,4506200,110.4000015258789,10507700,88.87457275390625,14646400,83.0678939819336,3261000,11.75,0
2016-12-12,193.21646118164062,102016100,43.54115676879883,16612700,28.85860824584961,40766300,56.732635498046875,3610700,110.81999969482422,6156700,89.04095458984375,9496300,83.08381652832031,1538200,12.640000343322754,0
2016-12-13,194.5059814453125,110477500,44.0103759765625,22116800,29.179889678955078,48943200,56.705528259277344,4015100,110.44999694824219,7961600,89.3586654663086,12189200,83.13145446777344,1993500,12.720000267028809,0
2016-12-14,192.90048217773438,142501800,43.36240005493164,26473700,28.31244468688965,95190000,55.46604537963867,4857300,108.83000183105469,12933600,88.36023712158203,16618400,82.44047546386719,3941000,13.1899995803833,0
2016-12-15,193.6947021484375,124972600,43.26557922363281,25317900,28.360631942749023,68897000,55.14092254638672,3915200,107.33999633789062,14427500,88.80648803710938,12400500,82.21015167236328,1999200,12.789999961853027,0
2016-12-16,193.31585693359375,156420200,43.29536437988281,24359100,28.232126235961914,75471100,55.9672737121582,6581100,108.05000305175781,10602800,88.60223388671875,14924600,82.31338500976562,1811800,12.199999809265137,0
2016-12-19,193.73680114746094,90341100,43.22834014892578,17705200,28.039358139038086,45241700,56.570072174072266,3663600,108.58999633789062,5339100,89.55529022216797,10868300,82.69463348388672,1691800,11.710000038146973,0
2016-12-20,194.484130859375,89838800,43.377296447753906,17813500,28.135740280151367,39157800,56.698768615722656,5193600,107.79000091552734,7321100,89.1090316772461,7030600,82.51991271972656,969400,11.449999809265137,0
2016-12-21,193.94293212890625,67909000,43.38933563232422,17793900,28.018762588500977,52040600,55.83857727050781,4998400,107.8499984741211,5188700,89.50228881835938,4624700,82.6548843383789,1870500,11.270000457763672,0
2016-12-22,193.60792541503906,56219100,43.291507720947266,16310200,27.68568992614746,48802800,55.745208740234375,3891700,107.58999633789062,4942800,89.34232330322266,5177800,82.6191177368164,1872100,11.430000305175781,0
2016-12-23,193.89137268066406,36697800,43.40438461303711,14821600,27.848161697387695,32062900,55.89042282104492,4504400,107.93000030517578,5012200,89.52433776855469,4461600,82.69866180419922,830400,11.4399995803833,0
2016-12-27,194.3724822998047,42672500,43.35171127319336,13327700,27.97002601623535,25959900,56.00799560546875,3833000,108.55999755859375,3685500,89.23619079589844,5276600,82.57936096191406,1148800,11.989999771118164,0
2016-12-28,192.76608276367188,64095000,43.186161041259766,19569400,28.181232452392578,33745600,55.669151306152344,3979500,108.86000061035156,5091200,89.88834381103516,7578600,82.88165283203125,1369800,12.949999809265137,0
2016-12-29,192.72315979003906,48696100,43.291507720947266,16406100,28.644289016723633,48465500,56.36069107055664,4259400,110.29000091552734,7563900,90.20682525634766,8581400,83.13619232177734,1328600,13.369999885559082,0
2016-12-30,192.0187225341797,108998300,43.4420051574707,25266000,28.441186904907227,60515600,57.07296371459961,6673400,109.61000061035156,8873700,90.3433837890625,10613900,83.38282012939453,2439500,14.039999961853027,0
2017-01-03,193.48765563964844,91366500,43.71291732788086,27938300,28.78239631652832,64483700,57.25969314575195,9380300,110.47000122070312,7527400,90.7301254272461,13217300,83.34303283691406,3230500,12.850000381469727,0
2017-01-04,194.6387939453125,78744400,44.20956802368164,25670000,29.001731872558594,83072600,58.096439361572266,6598700,110.86000061035156,4904100,91.0789794921875,6699600,83.4384536743164,1523000,11.850000381469727,0
2017-01-05,194.484130859375,78379000,44.585811614990234,22063100,29.318559646606445,60303200,58.283172607421875,8555700,112.58000183105469,9606800,92.50467681884766,13265800,83.97944641113281,3344400,11.670000076293945,0
2017-01-06,195.17996215820312,71559900,44.435306549072266,22073700,29.196693420410156,33132200,58.29008102416992,3901200,111.75,7686100,91.65531921386719,8369300,83.59758758544922,1601400,11.319999694824219,0
2017-01-09,194.5356903076172,46939700,44.367584228515625,13962400,29.172325134277344,33950800,57.76450729370117,3546100,112.66999816894531,5674600,92.39097595214844,8839100,83.91575622558594,1275000,11.5600004196167,0
2017-01-10,194.5356903076172,63771900,44.3751106262207,16296600,29.34292984008789,46621700,57.27351379394531,3959600,113.1500015258789,6093400,92.33030700683594,8417900,83.87600708007812,1352700,11.489999771118164,0
2017-01-11,195.08544921875,74650000,44.60839080810547,31352400,29.692249298095703,92509300,56.92082595825195,4498000,113.5,9918700,92.64117431640625,9402500,83.97144317626953,1833700,11.260000228881836,0
2017-01-12,194.59585571289062,72113200,44.67610549926758,25127300,29.822223663330078,38318100,57.21128463745117,4670700,113.91000366210938,8457300,92.43644714355469,9977600,84.01921844482422,1544700,11.539999961853027,0
2017-01-13,195.04251098632812,62717900,44.84166717529297,20901900,29.797855377197266,35242000,57.1282958984375,3658100,114.20999908447266,7261500,91.99658966064453,9820000,83.83622741699219,1833200,11.229999542236328,0
2017-01-17,194.3552703857422,61240800,44.67610549926758,22524800,29.781614303588867,38367000,57.570892333984375,4139200,115.8499984741211,9142400,92.95973205566406,7853300,84.2578125,1656800,11.869999885559082,0
2017-01-18,194.78482055664062,54793300,44.548194885253906,14581400,29.619136810302734,37054200,57.66768264770508,3317400,114.87000274658203,6498100,91.76912689208984,9064700,83.66122436523438,3640400,12.479999542236328,0
2017-01-19,194.063232421875,66608800,44.435306549072266,17619300,29.52977180480957,52877000,57.07986831665039,3169200,114.7699966430664,6437000,91.1396484375,11795600,83.34303283691406,1840000,12.779999732971191,0
2017-01-20,194.77627563476562,129168600,44.691162109375,24974100,29.586645126342773,59295600,57.49480056762695,3285400,115.05000305175781,12261500,90.9576644897461,16953200,83.38282012939453,1306400,11.539999961853027,0
2017-01-23,194.26939392089844,75061600,44.80404281616211,43093600,30.02531623840332,51401800,57.97888946533203,3165600,115.79000091552734,6373100,91.86768341064453,13118400,83.82029724121094,1720200,11.770000457763672,0
2017-01-24,195.5150146484375,95555300,44.91691589355469,18176000,30.2121639251709,45519900,57.992706298828125,4204200,115.2699966430664,5798800,91.23821258544922,8395000,83.50211334228516,1344000,11.069999694824219,0
2017-01-25,197.207275390625,84437700,45.38347244262695,27237600,30.54523468017578,42660800,57.61238098144531,3461500,114.31999969482422,6697500,90.09308624267578,11115100,83.08845520019531,1816000,10.8100004196167,0
2017-01-26,197.0011444091797,59970700,45.20286178588867,20838800,30.415258407592773,43300100,57.501739501953125,4093700,113.26000213623047,5390500,90.39643859863281,7827900,83.1998291015625,2212900,10.630000114440918,0
2017-01-27,196.69183349609375,59711100,45.12761688232422,13061000,30.43963050842285,30457500,56.94159698486328,2996000,113.48999786376953,6706600,90.72258758544922,7197800,83.30322265625,2285200,10.579999923706055,0
2017-01-30,195.4720458984375,79737300,44.80404281616211,19146200,30.277158737182617,34712000,56.55429458618164,3182600,113.97000122070312,7687800,90.44952392578125,6569500,83.27940368652344,1909300,11.880000114440918,0
2017-01-31,195.45481872558594,75880800,44.87176513671875,29996800,30.33403205871582,67258600,56.962318420410156,11091400,115.55000305175781,10421900,91.0789794921875,13298500,83.56578063964844,1411700,11.989999771118164,0
2017-02-01,195.53216552734375,79117700,45.052371978759766,26726400,30.350269317626953,54321500,56.27769088745117,4555800,115.19999694824219,6932900,90.51580810546875,10975500,83.4056396484375,2055100,11.8100004196167,0
2017-02-02,195.6610565185547,69657600,45.0749397277832,14796700,30.48025131225586,26814000,56.948490142822266,4754800,115.83999633789062,7189500,90.47782897949219,6978600,83.4374771118164,1423500,11.930000305175781,0
2017-02-03,197.0096893310547,80563200,45.25553894042969,13963800,30.66710090637207,34305200,57.25969314575195,4165000,116.12999725341797,9455500,90.4398193359375,10275600,83.5011978149414,1711100,10.970000267028809,0
2017-02-06,196.65748596191406,57790100,44.93197250366211,16220200,30.593982696533203,30250100,57.16285705566406,2985800,117.69999694824219,8547800,90.98701477050781,8433800,83.8995132446289,1500500,11.369999885559082,0
2017-02-07,196.6660614013672,57931200,44.886817932128906,12123000,30.43963050842285,31693700,56.962318420410156,3250700,117.45999908447266,8621000,91.65581512451172,8418400,84.05094909667969,1540600,11.289999961853027,0
2017-02-08,196.9237823486328,51566200,44.96207046508789,16749200,30.626480102539062,37862900,57.41183853149414,3316700,118.19000244140625,9633400,92.90219116210938,15734200,84.39352416992188,3182200,11.449999809265137,0
2017-02-09,198.09207153320312,65955200,45.15019226074219,14299600,30.76457977294922,38286700,57.550113677978516,2806600,117.29000091552734,8177200,91.83062744140625,16890600,83.89157104492188,1530200,10.880000114440918,0
2017-02-10,198.8737335205078,66015900,45.25553894042969,13212100,31.048908233642578,38798700,57.958126068115234,2983800,117.5999984741211,9072100,91.77742767333984,7978500,83.83586883544922,1646400,10.850000381469727,0
2017-02-13,199.95614624023438,55182100,45.43614196777344,12694400,31.146400451660156,34007000,57.97888946533203,3968200,116.80000305175781,7354900,91.48860931396484,11536800,83.70838165283203,1045200,11.069999694824219,0
2017-02-14,200.75506591796875,71109000,45.368408203125,14256600,31.178890228271484,55327300,57.67461013793945,2687900,116.93000030517578,6927800,90.82743835449219,13210500,83.4056396484375,2318100,10.739999771118164,0
2017-02-15,201.80308532714844,86785800,45.54149627685547,15460100,31.43072509765625,49527300,57.480979919433594,3687300,117.44999694824219,7088400,90.40943145751953,8481000,83.24626159667969,2750900,11.970000267028809,0
2017-02-16,201.63124084472656,84722400,45.6468391418457,14416500,31.31700325012207,42986800,57.81983184814453,3097800,118.08000183105469,6378700,90.90343475341797,10005800,83.58090209960938,2459800,11.760000228881836,0
2017-02-17,201.94912719726562,77204100,45.52643585205078,14938000,31.18701171875,54880700,57.93048095703125,2624100,117.68000030517578,7338100,91.44302368164062,7886400,83.80393981933594,2237700,11.489999771118164,0
2017-02-21,203.15174865722656,88946100,45.676944732666016,11550300,31.528213500976562,42603700,58.67042541503906,5646700,117.75,6166900,91.28341674804688,8703800,83.76409912109375,2832700,11.569999694824219,0
2017-02-22,202.9713897705078,62115200,45.676944732666016,17129400,31.625694274902344,39083500,58.476806640625,3464400,117.91000366210938,6057200,91.43540954589844,8101500,83.8995132446289,2812800,11.739999771118164,0
2017-02-23,203.10882568359375,74615900,45.774776458740234,12410600,31.633821487426758,46763100,58.78107833862305,3430900,118.94000244140625,7523300,91.708984375,5330800,84.12263488769531,1842700,11.710000038146973,0
2017-02-24,203.3665313720703,82381600,45.44366455078125,16198700,31.2601261138916,44575100,59.05771255493164,3667400,119.69999694824219,9809000,92.7274169921875,11336000,84.51300811767578,2677000,11.470000267028809,0
2017-02-27,203.6844024658203,56515400,45.47377395629883,14039000,31.16264533996582,53625500,59.36888122558594,3326700,119.12000274658203,9263500,92.18023681640625,11039800,84.21024322509766,3292600,12.09000015258789,0
2017-02-28,203.1345977783203,96961900,45.40604019165039,20439100,30.862064361572266,71508900,58.96089553833008,5778100,119.2300033569336,8727800,92.52220153808594,8410500,84.17042541503906,2482500,12.920000076293945,0
2017-03-01,205.97793579101562,149158200,45.880123138427734,20198000,31.341371536254883,93966300,58.78107833862305,6282800,119.05999755859375,8679600,90.97187042236328,10717100,83.58406066894531,2249000,12.539999961853027,0
2017-03-02,204.6808624267578,70246000,45.57912826538086,16452800,30.78894805908203,63518000,58.462974548339844,3060400,117.58000183105469,10986300,90.6444320678711,8201200,83.34474182128906,2023300,11.8100004196167,0
2017-03-03,204.8096923828125,81974300,45.85001754760742,19149100,31.02454376220703,54969900,58.234771728515625,4177700,117.51000213623047,10665800,90.88053894042969,9515200,83.42449951171875,2509000,10.960000038146973,0
2017-03-06,204.19976806640625,55391500,45.7070426940918,10965800,31.04078483581543,30455800,57.971988677978516,3237400,116.72000122070312,4883500,90.44646453857422,4489200,83.40852355957031,1401700,11.239999771118164,0
2017-03-07,203.58982849121094,65103700,45.549015045166016,16308800,31.073286056518555,43470400,57.695350646972656,4658000,115.77999877929688,6846300,90.17239379882812,7080100,83.28887176513672,1596300,11.449999809265137,0
2017-03-08,203.21185302734375,78168800,45.38347244262695,11568200,30.780839920043945,60587000,56.63039016723633,4814100,115.05999755859375,7620900,89.68501281738281,11336300,83.0096435546875,2392800,11.859999656677246,0
2017-03-09,203.46957397460938,90683900,45.55654525756836,13369300,30.537118911743164,64159100,55.7797737121582,5604300,114.47000122070312,6410900,88.96926879882812,10575400,82.77831268310547,2322900,12.300000190734863,0
2017-03-10,204.18258666992188,81991700,45.94032669067383,18987900,30.878307342529297,45184900,55.606895446777344,6278800,114.72000122070312,7929500,89.28140258789062,9218500,82.95381164550781,1333000,11.65999984741211,0
2017-03-13,204.28564453125,57256800,46.181121826171875,19718700,31.30887222290039,42405900,55.745208740234375,4691000,114.73999786376953,5807400,88.71800231933594,6993100,82.74638366699219,1342600,11.350000381469727,0
2017-03-14,203.5039825439453,59880800,45.82744216918945,15953500,31.130151748657227,56600300,55.73136901855469,4582400,114.12000274658203,5301800,89.14434051513672,9869200,82.83416748046875,864600,12.300000190734863,0
2017-03-15,205.26498413085938,96081800,46.48212814331055,22841100,31.94251823425293,124080900,56.85859298706055,7177800,116.25,13524100,90.23323059082031,14600500,83.56013488769531,3701900,11.630000114440918,0
2017-03-16,204.86122131347656,78344000,46.70787811279297,24380100,32.13749694824219,137911800,56.74794387817383,4456700,116.7300033569336,9322000,89.77639770507812,8018200,83.3287582397461,2749900,11.210000038146973,0
2017-03-17,204.50146484375,89002100,46.82826614379883,20697400,32.08062744140625,68267900,57.0107421875,4380600,116.98999786376953,4683000,90.3398666381836,7266800,83.55213928222656,1186700,11.279999732971191,0
2017-03-20,204.27713012695312,52537000,46.73045349121094,13484400,32.45431900024414,70310000,56.962318420410156,2748500,117.51000213623047,4000200,90.72825622558594,5497800,83.75162506103516,1362700,11.34000015258789,0
2017-03-21,201.65431213378906,131809300,46.519737243652344,23331500,32.09687423706055,71712900,56.71337890625,6969700,118.54000091552734,9567900,91.48206329345703,12540700,84.0307846069336,1407000,12.470000267028809,0
2017-03-22,202.1288299560547,97569200,46.52727127075195,14492800,32.251220703125,70134100,56.68201446533203,4618000,118.83000183105469,7287400,91.8475570678711,11661400,84.19037628173828,2231300,12.8100004196167,0
2017-03-23,201.91314697265625,100410300,46.63262176513672,25394800,32.25934982299805,53877500,57.09998321533203,7610200,118.66999816894531,6201100,91.71810913085938,6746500,84.10263061523438,2584700,13.119999885559082,0
2017-03-24,201.7664337158203,112504900,46.76054382324219,25264500,32.3405876159668,68871400,57.037288665771484,4399200,118.86000061035156,6879600,92.04551696777344,5819600,84.1505126953125,2540000,12.960000038146973,0
2017-03-27,201.5594024658203,87454500,46.88095474243164,30294500,32.251220703125,52896700,56.52180099487305,4556000,119.52999877929688,8519600,92.46434020996094,6878500,84.35791015625,2614000,12.5,0
2017-03-28,203.026123046875,93483900,47.10669708251953,23196000,32.3405876159668,51799000,56.765621185302734,4232100,119.04000091552734,7112800,91.8475570678711,6811200,84.07070922851562,1356800,11.529999732971191,0
2017-03-29,203.21591186523438,61950400,47.10669708251953,19090800,32.3974609375,36857000,57.086036682128906,3123200,119.33000183105469,4911000,92.39579010009766,6291000,84.3100357055664,1860400,11.420000076293945,0
2017-03-30,203.86300659179688,56737900,46.94115447998047,16049800,32.226844787597656,33282500,57.19053649902344,4593300,118.47000122070312,6894600,91.64958190917969,7042400,84.07070922851562,1487800,11.539999961853027,0
2017-03-31,203.38848876953125,73733100,46.8734245300293,30871700,31.999393463134766,94971500,57.53186798095703,7167900,118.72000122070312,8520800,91.91609954833984,5144800,84.23825073242188,1698500,12.369999885559082,0
2017-04-03,203.03475952148438,85546500,46.805702209472656,32855200,32.17811584472656,60048300,57.69905471801758,7469000,119.3499984741211,6105700,92.84325408935547,12996500,84.65291595458984,4175500,12.380000114440918,0
2017-04-04,203.1641082763672,56466200,46.790653228759766,16793800,32.194366455078125,44136500,57.69905471801758,5359300,119.62000274658203,4687300,92.33959197998047,6976700,84.5331039428711,1319600,11.789999961853027,0
2017-04-05,202.56019592285156,108800600,46.54231643676758,22710400,32.09687423706055,44099200,57.78263854980469,4738600,119.62000274658203,8106000,92.62191772460938,8555200,84.69288635253906,2551100,12.890000343322754,0
2017-04-06,203.12965393066406,69135800,46.54984664916992,17795900,32.040016174316406,35544800,58.089149475097656,4711500,119.18000030517578,4633500,92.48460388183594,6497000,84.63695526123047,1496300,12.390000343322754,0
2017-04-07,202.92254638671875,74412300,46.519737243652344,15848900,31.98314666748047,40355800,58.17273712158203,4483800,119.45999908447266,12351100,92.11071014404297,10270000,84.38127136230469,1185400,12.869999885559082,0
2017-04-10,203.04339599609375,67615300,46.46706771850586,11321500,31.853160858154297,33853800,58.53496170043945,2547800,119.45999908447266,4623700,92.53800201416016,5314500,84.5331039428711,1752500,14.050000190734863,0
2017-04-11,202.8018035888672,88045300,46.685298919677734,18663100,31.780044555664062,46002800,58.93898010253906,3864200,121.19000244140625,12455300,93.41553497314453,11297400,84.92459869384766,2219200,15.069999694824219,0
2017-04-12,201.91314697265625,81864400,46.647674560546875,25045600,31.934402465820312,55149100,58.83449172973633,3526900,122.0199966430664,9502500,93.92681121826172,11532500,85.18826293945312,2273600,15.770000457763672,0
2017-04-13,200.60171508789062,92880400,46.34666442871094,16760100,31.796293258666992,48182500,58.702152252197266,2759500,122.5999984741211,9892600,94.21675872802734,8396700,85.44392395019531,1868200,15.960000038146973,0
2017-04-17,202.37901306152344,68405400,46.63262176513672,15573500,32.12936782836914,29862300,59.41268539428711,3875000,122.23999786376953,8469600,93.92681121826172,8015000,85.30812072753906,1110500,14.65999984741211,0
2017-04-18,201.77505493164062,83225800,46.42191696166992,21171100,31.72318458557129,50889200,59.5728874206543,2807300,122.81999969482422,10903700,95.15534973144531,11529700,85.79547882080078,1678400,14.420000076293945,0
2017-04-19,201.4041290283203,68699900,46.233795166015625,13263100,31.528213500976562,58751100,59.48931884765625,3622900,121.7300033569336,8472700,94.63642883300781,7344000,85.57178497314453,1750000,14.930000305175781,0
2017-04-20,203.04339599609375,92572200,46.602516174316406,20485300,31.91815185546875,46722900,59.49626159667969,3109100,121.95999908447266,11787300,94.27017211914062,7932900,85.38001251220703,1694700,14.149999618530273,0
2017-04-21,202.39630126953125,110389800,46.63262176513672,18989800,31.91815185546875,32949500,59.28030776977539,3261900,122.30999755859375,15608000,94.27017211914062,9798500,85.41995239257812,2792500,14.630000114440918,0
2017-04-24,204.62225341796875,119209900,47.814048767089844,32694900,32.37308120727539,63549800,58.62552261352539,6595300,121.4800033569336,11053600,93.8047103881836,8066400,85.24417877197266,3558000,10.84000015258789,0
2017-04-25,205.81285095214844,76698300,48.152687072753906,24975200,32.657413482666016,50957400,58.86933135986328,3412300,120.25,10344800,92.67537689208984,8122300,84.80474090576172,1985700,10.760000228881836,0
2017-04-26,205.68341064453125,84702500,48.01722717285156,20489600,32.53554916381836,56452000,58.43046951293945,4185400,120.83999633789062,9758800,93.18661499023438,5766200,85.0284652709961,1314400,10.850000381469727,0
2017-04-27,205.85598754882812,57410300,48.062374114990234,13855700,32.494937896728516,42298100,58.2772331237793,4822200,120.38999938964844,8267000,93.15609741210938,4978300,85.0843734741211,1988200,10.359999656677246,0
2017-04-28,205.4073486328125,63532800,48.009700775146484,25361200,32.543678283691406,56635400,57.67118835449219,5983700,120.7699966430664,9134200,93.36214447021484,8166300,85.17225646972656,5489800,10.819999694824219,0
2017-05-01,205.92501831054688,66882500,48.20534896850586,22211300,32.730525970458984,41171000,58.01252746582031,6003600,119.66999816894531,9331800,92.58599090576172,8795900,84.98824310302734,2044400,10.109999656677246,0
2017-05-02,206.0026397705078,57375700,48.45368194580078,23500000,32.96611022949219,55325500,57.914981842041016,4930000,119.6500015258789,4900800,93.06009674072266,6727800,85.16431427001953,1585300,10.59000015258789,0
2017-05-03,205.75245666503906,73137700,48.35585021972656,12811000,32.746768951416016,58336100,57.14177322387695,6207500,117.9800033569336,10811100,93.1212387084961,8932900,84.98824310302734,1861300,10.680000305175781,0
2017-05-04,205.9940185546875,61462700,48.814884185791016,16359700,32.3812141418457,81078300,56.86315155029297,8025100,116.79000091552734,12406900,92.66246795654297,9707200,84.79618072509766,1237100,10.460000038146973,0
2017-05-05,206.8050079345703,62001300,49.35667037963867,18990900,32.6492805480957,52581000,57.399532318115234,5458100,117.01000213623047,7127200,92.74654388427734,5605400,84.81220245361328,980000,10.569999694824219,0
2017-05-08,206.7705841064453,48385700,48.98796081542969,19823800,32.64116668701172,35951500,56.99549102783203,3940600,116.75,5438400,92.24185180664062,8057800,84.60413360595703,4887400,9.770000457763672,0
2017-05-09,206.5806884765625,51363200,48.8675651550293,28186600,33.055477142333984,70127300,56.6889762878418,5790900,116.05000305175781,6801300,92.23420715332031,5536700,84.50810241699219,1457900,9.960000038146973,0
2017-05-10,206.95169067382812,54293800,48.94280242919922,18524300,33.27481460571289,47629100,57.13480758666992,3801400,116.04000091552734,4290500,92.12720489501953,6517000,84.4760971069336,995500,10.210000038146973,0
2017-05-11,206.52894592285156,62358300,48.822410583496094,18381600,33.34792709350586,37366100,56.84919738769531,3542600,116.5,6274400,92.12720489501953,7479800,84.54012298583984,1088800,10.600000381469727,0
2017-05-12,206.183837890625,53912700,49.09330368041992,27683000,33.48603057861328,65418200,56.619319915771484,3115400,116.83000183105469,5434500,92.82305145263672,7463900,84.97222137451172,2005600,10.399999618530273,0
2017-05-15,207.3227081298828,61918900,49.34162521362305,20493900,33.82722854614258,52561000,56.7864990234375,3263900,117.13999938964844,5019600,92.5707015991211,5173200,84.91621398925781,672200,10.420000076293945,0
2017-05-16,207.13284301757812,51241800,49.65768051147461,21931200,33.85972595214844,41936300,56.40339279174805,4338600,117.6500015258789,4942800,92.91483306884766,6722700,85.02826690673828,1314500,10.649999618530273,0
2017-05-17,203.4574737548828,172174100,49.09330368041992,30198700,33.28293228149414,63287300,56.63325119018555,7243700,119.79000091552734,13936900,94.26819610595703,11236400,85.7083969116211,5644700,15.59000015258789,0
2017-05-18,204.27713012695312,107047700,49.17607879638672,19242600,32.730525970458984,121234700,56.94672393798828,4128200,118.80999755859375,10341100,94.3752670288086,8350500,85.68441009521484,1715200,14.65999984741211,0
2017-05-19,205.6057891845703,115011400,49.74799346923828,34855500,33.429168701171875,63742000,57.25322723388672,6390100,119.4000015258789,6787300,94.59703826904297,11277400,85.660400390625,3503100,12.039999961853027,0
2017-05-22,206.64968872070312,61010600,49.808197021484375,14692600,33.46166229248047,46357500,57.47613525390625,3433700,119.9000015258789,5132500,94.33712768554688,4062900,85.56439971923828,1425800,10.930000305175781,0
2017-05-23,207.1070098876953,48341700,49.81570816040039,12489200,33.49414825439453,39495600,57.52490997314453,2960100,119.13999938964844,8305400,93.702392578125,7901300,85.3403091430664,2984700,10.720000267028809,0
2017-05-24,207.59011840820312,46927700,49.8458137512207,15075500,33.6241340637207,48549600,57.99161148071289,2578500,119.61000061035156,7025000,94.23004150390625,7355200,85.51636505126953,1776300,10.020000457763672,0
2017-05-25,208.5823211669922,64071700,49.8458137512207,13265300,33.7866096496582,39606900,57.99858474731445,3146900,119.4800033569336,4105100,94.26065063476562,6464800,85.56439971923828,1361000,9.989999771118164,0
2017-05-26,208.5392303466797,46629900,49.702842712402344,25971500,33.908470153808594,31372700,57.580623626708984,3046100,120.54000091552734,6791600,94.42121124267578,2963800,85.62035369873047,1016600,9.8100004196167,0
2017-05-30,208.35800170898438,35201900,49.6501579284668,14415300,33.72975158691406,35122800,57.218414306640625,1865200,120.13999938964844,4507500,94.88764953613281,4819400,85.83642578125,2335200,10.380000114440918,0
2017-05-31,208.30625915527344,91796000,49.71035385131836,31167900,33.469783782958984,80159500,57.25322723388672,5515000,120.62000274658203,10360700,95.12472534179688,8000200,85.8764419555664,1752300,10.40999984741211,0
2017-06-01,209.96273803710938,68962000,50.033935546875,25610000,33.75410842895508,46802100,57.55276107788086,6557200,120.72000122070312,8702500,95.13463592529297,9037300,85.83157348632812,1769300,9.890000343322754,0
2017-06-02,210.66160583496094,88666100,50.58326721191406,22765300,33.924713134765625,43699200,58.14488983154297,3999500,121.61000061035156,7268100,96.26107788085938,13245000,86.20823669433594,1803200,9.75,0
2017-06-05,210.5062713623047,44698800,50.30483627319336,14304500,33.88409423828125,39245500,57.89409637451172,4919900,121.7300033569336,3979200,95.66337585449219,6775500,86.06395721435547,1414900,10.069999694824219,0
2017-06-06,209.8333740234375,50375400,50.161865234375,11387200,33.900333404541016,34184900,57.615455627441406,4358300,123.0999984741211,10798500,96.18445587158203,12841500,86.33645629882812,2078900,10.449999809265137,0
2017-06-07,210.2216033935547,54144300,50.17692184448242,15346400,33.85972595214844,34745400,58.01948547363281,3191200,122.44999694824219,9039200,95.72470092773438,12852400,86.1761703491211,1795800,10.390000343322754,0
2017-06-08,210.32513427734375,65950700,50.08660888671875,15425200,34.062828063964844,48941400,57.88016128540039,2963600,121.6500015258789,8169800,95.47181701660156,8758600,86.0399169921875,3863000,10.15999984741211,0
2017-06-09,210.00588989257812,132256400,49.89848709106445,20807900,33.80286407470703,73660800,58.2841796875,4950400,120.54000091552734,7054700,95.32625579833984,5130500,85.95979309082031,1203400,10.699999809265137,0
2017-06-12,209.96273803710938,86108100,49.71035385131836,17937200,33.6241340637207,52374200,58.80662536621094,4049500,120.36000061035156,4927400,95.29557800292969,4335800,85.94374084472656,766700,11.460000038146973,0
2017-06-13,210.98948669433594,60067000,50.094146728515625,19123700,33.7866096496582,38327800,58.93898010253906,2787500,120.4800033569336,3786600,95.31085968017578,4742600,85.97583770751953,682300,10.420000076293945,0
2017-06-14,210.72198486328125,78602300,50.0565185546875,18739500,33.77848815917969,70500400,59.0225715637207,5317300,119.81999969482422,21124800,96.78213500976562,20212300,86.42455291748047,3712100,10.640000343322754,0
2017-06-15,210.31643676757812,66464900,49.537288665771484,22870900,33.429168701171875,87660700,59.322120666503906,3757200,119.31999969482422,6796700,96.62887573242188,5863700,86.27236938476562,2000400,10.899999618530273,0
2017-06-16,210.36245727539062,84553100,49.95868682861328,24571500,33.48603057861328,53875900,59.16885757446289,4497900,119.33999633789062,6435700,96.82051086425781,6672500,86.32044982910156,3460300,10.380000114440918,0
2017-06-19,212.1137237548828,65123800,50.161865234375,26706100,33.81911087036133,68181200,59.17582321166992,4892200,118.43000030517578,6787000,96.68254852294922,5641300,86.07996368408203,1105900,10.369999885559082,0
2017-06-20,210.6832275390625,56906400,49.75811004638672,23798500,33.4453125,71372000,59.03650665283203,3194300,118.18000030517578,4617400,97.5484619140625,8405700,86.2963638305664,1252000,10.859999656677246,0
2017-06-21,210.63121032714844,55977600,49.696929931640625,10989000,33.518768310546875,54840400,58.918094635009766,2559700,118.5199966430664,4723700,97.74767303466797,5914800,86.28834533691406,1159800,10.75,0
2017-06-22,210.53585815429688,44148100,49.689292907714844,13521700,33.690155029296875,50400700,58.97379684448242,6220800,118.91999816894531,5811900,97.9622573852539,6608100,86.3685073852539,1160100,10.479999542236328,0
2017-06-23,210.7872314453125,66986800,49.8116340637207,15138700,33.86970901489258,46141200,59.178470611572266,3759000,119.43000030517578,9258600,97.91625213623047,4329900,86.39254760742188,1581000,10.020000457763672,0
2017-06-26,210.9259796142578,56700500,49.895751953125,21872800,34.1961669921875,44381000,59.60041427612305,6417400,118.36000061035156,6593400,98.28411865234375,5541600,86.46468353271484,3625000,9.899999618530273,0
2017-06-27,209.22671508789062,82247700,49.88810348510742,17466000,33.796260833740234,54898400,59.0659294128418,3925300,118.80999755859375,5759300,97.2342758178711,8354200,86.0399169921875,1755200,11.0600004196167,0
2017-06-28,211.09933471679688,70042600,50.323970794677734,26317300,34.057411193847656,33600800,59.20661163330078,2956300,118.9000015258789,4220100,96.91243743896484,7357900,85.95979309082031,1530900,10.029999732971191,0
2017-06-29,209.24404907226562,106949700,49.826942443847656,35923300,33.6248664855957,66218700,58.53147888183594,3985800,118.31999969482422,7705200,96.10016632080078,9115800,85.63925170898438,1997200,11.4399995803833,0
2017-06-30,209.63417053222656,86820700,49.857505798339844,28866100,33.77993392944336,76054300,58.53147888183594,4206900,118.0199966430664,7272600,95.87801361083984,10189800,85.43891143798828,1909600,11.180000305175781,0
2017-07-03,209.98963928222656,39153800,49.79634094238281,9564300,33.97581481933594,38427000,59.27692794799805,3169500,116.08999633789062,12145000,95.56927490234375,11021100,85.12505340576172,1255300,11.220000267028809,0
2017-07-05,210.4751434326172,54427600,49.79634094238281,26253300,33.9105110168457,49491000,58.44005584716797,5370200,116.5199966430664,7223300,95.59229278564453,11394500,85.18924713134766,10477800,11.069999694824219,0
2017-07-06,208.55044555664062,65400800,49.57457733154297,22874100,33.50244140625,48464800,57.342987060546875,4091400,116.47000122070312,4443400,94.8013916015625,10853100,85.02876281738281,1794300,12.539999961853027,0
2017-07-07,209.90298461914062,57972300,49.58222579956055,18885700,33.5677375793457,69254100,57.66647720336914,3249800,115.27999877929688,11153600,94.233154296875,9401800,84.89228057861328,1799900,11.1899995803833,0
2017-07-10,210.1283721923828,36663300,49.70458221435547,10674800,33.88603591918945,38230800,57.139060974121094,4164100,115.47000122070312,4970900,94.37139129638672,3859200,85.00466918945312,1247700,11.109999656677246,0
2017-07-11,209.9722900390625,50354600,49.81928634643555,13584000,34.163509368896484,41916900,57.07577133178711,3346600,115.62000274658203,6637900,94.53264617919922,4425600,85.11705780029297,1112600,10.890000343322754,0
2017-07-12,211.55020141601562,59610400,50.216915130615234,15995600,34.8245849609375,80106600,57.77901077270508,3189200,116.02999877929688,4654400,95.1853256225586,7839900,85.36583709716797,2451700,10.300000190734863,0
2017-07-13,211.90565490722656,39471600,50.36220932006836,22520700,34.9959831237793,38698800,57.87041473388672,2556100,115.81999969482422,4148900,94.58639526367188,7449300,85.2775650024414,2095900,9.899999618530273,0
2017-07-14,212.89401245117188,60262700,50.71396255493164,14145100,35.43668746948242,51171300,58.426002502441406,2577600,116.7699966430664,5788200,94.7015609741211,6566800,85.39791870117188,1260400,9.510000228881836,0
2017-07-17,212.8679962158203,33531900,50.61457061767578,10326100,35.273460388183594,44288000,58.89717102050781,2730700,117.29000091552734,5170800,94.96265411376953,4737300,85.50225830078125,1289200,9.819999694824219,0
2017-07-18,212.980712890625,42742500,50.66043472290039,11718200,35.37956237792969,49195500,58.77058410644531,3012500,118.11000061035156,7158600,95.79195404052734,9163000,85.81526947021484,1776100,9.890000343322754,0
2017-07-19,214.13377380371094,51034300,50.882198333740234,12542300,35.67337417602539,37949700,59.21363067626953,2949700,118.08000183105469,3205100,95.83035278320312,5140900,85.81526947021484,2466000,9.789999961853027,0
2017-07-20,214.2291259765625,47135200,51.088661193847656,13792700,35.632572174072266,35990000,58.939353942871094,3140400,118.23999786376953,5571600,96.10678100585938,12239100,85.8393783569336,2317200,9.579999923706055,0
2017-07-21,214.0384521484375,82340800,50.88984680175781,18391200,35.60808563232422,34217900,58.89717102050781,2967100,119.26000213623047,10135900,96.51374816894531,6201500,85.99188995361328,1664200,9.359999656677246,0
2017-07-24,213.98638916015625,46622300,50.752201080322266,17486100,35.71417999267578,37613800,58.78463363647461,2659300,119.30999755859375,3654300,96.13748168945312,5378500,85.93566131591797,2342700,9.430000305175781,0
2017-07-25,214.50657653808594,54915600,50.82102584838867,12297600,35.62440872192383,37103900,58.861995697021484,2785000,118.91999816894531,6203000,94.88589477539062,9743300,85.45410919189453,2513600,9.430000305175781,0
2017-07-26,214.51527404785156,47575400,51.134544372558594,19186700,35.91822052001953,49001700,59.26988983154297,2976800,119.87999725341797,8527900,95.03942108154297,8459500,85.7270278930664,3010400,9.600000381469727,0
2017-07-27,214.31581115722656,70766600,51.01984405517578,13754400,35.72233581542969,61916500,59.3401985168457,2828800,119.79000091552734,6385200,94.57103729248047,6390800,85.59056091308594,1853000,10.109999656677246,0
2017-07-28,214.0644073486328,50088400,51.073360443115234,15080800,35.70602035522461,46072600,59.178470611572266,3024500,120.69000244140625,7393600,95.1315689086914,5491800,85.73501586914062,1001600,10.289999961853027,0
2017-07-31,213.9430389404297,65838700,51.180416107177734,20998800,35.746822357177734,60833500,59.25583267211914,2967600,120.75,3944600,95.24676513671875,5464600,85.75910186767578,921800,10.260000228881836,0
2017-08-01,214.419921875,55050400,51.46336364746094,16206800,35.852928161621094,37138400,59.52305221557617,3142900,120.6500015258789,7365100,95.91547393798828,9676800,85.97212982177734,1958300,10.09000015258789,0
2017-08-02,214.52394104003906,47211200,51.486305236816406,8948300,35.88556671142578,29234800,58.9815559387207,2192000,120.4000015258789,5945300,95.96936798095703,5745600,85.89177703857422,516100,10.279999732971191,0
2017-08-03,214.1077880859375,40856000,51.51688766479492,11245900,35.73866271972656,45351400,58.861995697021484,2032500,120.58999633789062,4275600,96.96206665039062,10324500,86.18919372558594,1576200,10.4399995803833,0
2017-08-04,214.49795532226562,60191800,51.5857048034668,14178000,35.86924362182617,48442700,59.058895111083984,2068700,119.6500015258789,8644800,96.13861846923828,8485500,85.95609283447266,1266100,10.029999732971191,0
2017-08-07,214.89674377441406,31995000,51.608642578125,11865600,36.11408615112305,23791100,58.99561309814453,1642700,119.51000213623047,3010100,96.24638366699219,4684600,86.00431823730469,554100,9.930000305175781,0
2017-08-08,214.3678741455078,61719400,51.33335876464844,13510100,36.12224578857422,33793700,58.71430587768555,2324400,119.86000061035156,7227200,95.90010070800781,6197400,85.93196868896484,1277800,10.960000038146973,0
2017-08-09,214.35919189453125,62632600,51.24925231933594,15080100,35.79578399658203,29007400,58.51741409301758,4508400,121.30999755859375,9186200,96.42339324951172,9221800,86.03643035888672,1268000,11.109999656677246,0
2017-08-10,211.3334503173828,120479500,50.52280044555664,28825100,34.94700622558594,104326500,58.095489501953125,4190800,122.20999908447266,9817900,97.24676513671875,10378200,86.35800170898438,1412000,16.040000915527344,0
2017-08-11,211.6455841064453,74869900,50.4310302734375,27456400,35.02862548828125,52964600,57.73680114746094,2692800,122.79000091552734,8019500,97.29296875,5717800,86.4544677734375,911000,15.510000228881836,0
2017-08-14,213.74365234375,73291900,50.798072814941406,13311500,35.38772201538086,37340400,58.70027160644531,2160200,121.91999816894531,6035300,96.79276275634766,5111000,86.24544525146484,1386100,12.329999923706055,0
2017-08-15,213.7176055908203,55242700,50.75983810424805,13212200,35.428531646728516,29467800,58.52444839477539,2260000,120.9800033569336,6731300,96.38494110107422,7473200,85.98819732666016,1146300,12.039999961853027,0
2017-08-16,214.0904083251953,56715500,51.050437927246094,14030700,35.79578399658203,43356300,58.75650405883789,2945300,121.87000274658203,8267300,96.7388916015625,5283800,86.14896392822266,2160100,11.739999771118164,0
2017-08-17,210.7525634765625,128490400,50.4769172668457,18647700,35.3387565612793,65838600,58.39082336425781,2053900,122.48999786376953,8183800,97.46224212646484,9364700,86.4544677734375,1637300,15.550000190734863,0
2017-08-18,210.42311096191406,136748000,50.61457061767578,16347200,35.640724182128906,67014400,57.80010223388672,2011600,122.30000305175781,13654200,97.43917083740234,8382500,86.47049713134766,1235700,14.260000228881836,0
2017-08-21,210.5878448486328,65469700,50.59926223754883,11760800,35.77131271362305,27756400,58.41896438598633,2487600,122.76000213623047,5549700,97.67774200439453,7669800,86.52678680419922,718800,13.1899995803833,0
2017-08-22,212.7899932861328,63140100,50.84395217895508,11528800,36.17121505737305,30935800,58.250179290771484,1835300,122.20999908447266,6493900,97.30064392089844,6140700,86.35800170898438,984500,11.350000381469727,0
2017-08-23,212.0270233154297,50203800,50.85160827636719,13007000,36.34260177612305,48383900,58.84794235229492,1889800,122.66999816894531,5038400,97.96244812011719,7446400,86.65541076660156,1246100,12.25,0
2017-08-24,211.5328369140625,50741700,50.73691177368164,13150600,36.45685958862305,52141700,58.66510009765625,2012200,122.29000091552734,4193400,97.60079193115234,5569400,86.51873016357422,2520900,12.229999542236328,0
2017-08-25,212.0270233154297,64445900,51.042781829833984,14942000,36.669063568115234,55530900,58.94639587402344,2147300,122.73999786376953,12398200,97.97786712646484,7303300,86.6634750366211,1007500,11.279999732971191,0
2017-08-28,212.03567504882812,40565600,51.042781829833984,13422100,36.538475036621094,37424900,58.49629592895508,2072000,124.69000244140625,11578300,97.916259765625,4448500,86.74385070800781,921700,11.319999694824219,0
2017-08-29,212.27845764160156,51135700,50.83631896972656,11536900,36.47319030761719,45507800,58.43302917480469,1401700,124.41999816894531,9861500,98.23178100585938,7659400,86.94476318359375,1590200,11.699999809265137,0
2017-08-30,213.2841339111328,62030800,50.767494201660156,10510300,36.53031539916992,46687600,58.76356887817383,2054100,124.36000061035156,6328400,98.2010269165039,4735200,86.8724365234375,1299900,11.220000267028809,0
2017-08-31,214.5672607421875,103803900,51.15748596191406,20277900,36.58744430541992,62118300,59.101104736328125,3212700,125.81999969482422,11775500,98.49344635009766,7978400,87.00907897949219,1023600,10.59000015258789,0
2017-09-01,214.87071228027344,62007000,51.226295471191406,15541800,36.85676956176758,55195500,59.3050651550293,3385900,126.05999755859375,11567400,97.74005126953125,14128600,86.75308227539062,3460000,10.130000114440918,0
2017-09-05,213.32749938964844,91398800,50.882198333740234,18682300,36.37525177001953,49130500,59.14332580566406,3705200,127.45999908447266,11813100,99.2900390625,15215700,87.35689544677734,3054800,12.229999542236328,0
2017-09-06,214.05572509765625,57916900,51.19571304321289,21335800,36.61193084716797,44733800,59.29802703857422,3330500,126.80999755859375,10059300,98.68087768554688,9066400,87.14759063720703,1601500,11.630000114440918,0
2017-09-07,214.02975463867188,58034700,51.61629867553711,14599300,36.88125228881836,39114300,59.67777633666992,2313000,128.1300048828125,10219700,99.69100952148438,13618900,87.52598571777344,4292500,11.550000190734863,0
2017-09-08,213.77833557128906,63832800,51.623939514160156,16168800,36.636417388916016,41973600,59.72700119018555,2334500,127.97000122070312,9020000,99.47506713867188,9808500,87.46151733398438,1249100,12.119999885559082,0
2017-09-11,216.05845642089844,71364800,52.02922439575195,19127300,37.1260986328125,45287800,60.275543212890625,2352600,126.19000244140625,9126600,98.28753662109375,17856700,86.96244049072266,2206200,10.729999542236328,0
2017-09-12,216.7866973876953,56896000,52.1898078918457,11803000,37.08528137207031,49495000,59.56524658203125,3991300,126.55999755859375,8349000,97.77088928222656,7557400,86.75308227539062,3167800,10.579999923706055,0
2017-09-13,216.89077758789062,59228000,51.90687561035156,14672800,36.88941955566406,54758700,59.41056442260742,1840100,125.61000061035156,8491000,97.3853530883789,6740000,86.57598876953125,1590900,10.5,0
2017-09-14,216.82139587402344,95446300,51.99864959716797,14862300,36.98734664916992,36057900,59.902809143066406,2839400,126.16000366210938,5330700,97.78631591796875,6674500,86.59207916259766,1377700,10.4399995803833,0
2017-09-15,217.11325073242188,95432400,52.044517517089844,16315500,37.20771026611328,47816300,60.01533126831055,3172800,125.52999877929688,8375100,97.8249282836914,9769200,86.69672393798828,1477000,10.170000076293945,0
2017-09-18,217.5750274658203,46235200,52.11334228515625,13594900,37.33829116821289,37633400,59.69184112548828,3442200,124.36000061035156,8859800,97.26195526123047,6863000,86.35860443115234,3032500,10.149999618530273,0
2017-09-19,217.79287719726562,47108100,52.358036041259766,8877200,37.41990280151367,63741000,59.29802703857422,2916500,124.62000274658203,5826500,97.02291107177734,5554900,86.26202392578125,673300,10.180000305175781,0
2017-09-20,217.8712921142578,59574100,52.24333572387695,15309700,37.24851608276367,78810000,59.13628005981445,2741300,123.62000274658203,11415400,97.09227752685547,8037000,86.09294891357422,2397500,9.779999732971191,0
2017-09-21,217.2875213623047,48211400,52.13628005981445,10250100,37.24851608276367,32668200,59.02374267578125,6278500,122.68000030517578,7757900,97.03829956054688,6147800,85.98023986816406,2390000,9.670000076293945,0
2017-09-22,217.3311004638672,51214000,52.2968635559082,8442800,37.03631591796875,39264300,58.607398986816406,4549600,123.23999786376953,6011900,97.31596374511719,5660700,86.13322448730469,826600,9.59000015258789,0
2017-09-25,216.88674926757812,57064400,51.99864959716797,13473900,36.407894134521484,85660600,58.94843673706055,5536300,124.52999877929688,10257200,97.92514038085938,9679000,86.39080810546875,1927000,10.210000038146973,0
2017-09-26,217.01742553710938,54082000,51.88393020629883,20026600,36.30996322631836,62892900,59.04792022705078,3099300,123.13999938964844,8673600,97.74777221679688,7251900,86.31836700439453,1061000,10.170000076293945,0
2017-09-27,217.86256408691406,81001400,51.92216110229492,17751800,36.17937469482422,80084700,58.51506805419922,3812800,121.9800033569336,6903900,96.27496337890625,12145700,85.87557220458984,4039100,9.869999885559082,0
2017-09-28,218.12399291992188,44778800,52.05982208251953,11704000,36.1548957824707,54957600,58.91291427612305,4114300,122.20999908447266,5968200,95.98961639404297,8883700,85.85950469970703,1873300,9.550000190734863,0
2017-09-29,218.8906707763672,85578000,52.365692138671875,24981400,36.57112503051758,70546800,59.033695220947266,4245200,121.58000183105469,10208000,96.20550537109375,11285500,85.75481414794922,2037800,9.510000228881836,0
2017-10-02,219.8404083251953,59023000,52.31980895996094,16475600,36.57928466796875,68124300,58.94843673706055,4533800,120.7699966430664,11755400,96.02936553955078,7860700,85.65730285644531,3221600,9.449999809265137,0
2017-10-03,220.31088256835938,66810200,52.49568557739258,12073300,37.15874099731445,54087400,58.86319351196289,6710800,120.83000183105469,3728700,96.12206268310547,6219800,85.77822875976562,2521700,9.510000228881836,0
2017-10-04,220.57229614257812,55953600,52.396263122558594,12518600,37.15058135986328,45574100,59.161598205566406,4137400,121.16999816894531,6475200,96.12976837158203,7447000,85.75401306152344,2198300,9.630000114440918,0
2017-10-05,221.87918090820312,63522800,52.365692138671875,11871200,37.428070068359375,38759200,59.37472915649414,3398700,120.5199966430664,6205400,95.76661682128906,8180300,85.66534423828125,1779900,9.1899995803833,0
2017-10-06,221.62648010253906,80646000,52.327457427978516,16923300,37.240360260009766,44870200,59.182891845703125,2594800,121.08999633789062,10013300,95.4961929321289,10375000,85.56047821044922,2350600,9.649999618530273,0
2017-10-09,221.26052856445312,35803100,52.34273910522461,5155600,37.21586608886719,25022400,59.32499694824219,2248200,122.08000183105469,5264100,95.797607421875,3590900,85.65730285644531,893100,10.329999923706055,0
2017-10-10,221.84426879882812,43057400,52.83979415893555,16626700,37.5831298828125,45691800,59.502620697021484,6012600,122.4000015258789,9315500,95.95210266113281,6666800,85.6895523071289,1123100,10.079999923706055,0
2017-10-11,222.1927947998047,47674300,52.96977615356445,16732400,37.7545280456543,48802900,59.7015495300293,2944800,122.79000091552734,5649400,96.13750457763672,4385900,85.78626251220703,2841200,9.850000381469727,0
2017-10-12,221.8617401123047,47065100,52.923912048339844,10774000,37.73820495605469,35546600,60.08522415161133,2787500,122.88999938964844,3037600,96.54705810546875,7141600,85.86688232421875,1349300,9.90999984741211,0
2017-10-13,222.13182067871094,54800400,53.19919204711914,12928900,38.08097839355469,61902200,60.24153137207031,2662600,123.81999969482422,6820300,97.24246215820312,7746900,86.15716552734375,1521700,9.609999656677246,0
2017-10-16,222.4280242919922,38221700,53.16095733642578,8800600,38.05649948120117,34089400,59.943111419677734,1972300,122.97000122070312,8202000,97.17290496826172,5737300,86.01203155517578,1666100,9.90999984741211,0
2017-10-17,222.5849151611328,31561000,53.023311614990234,8286800,37.860618591308594,38828200,60.014163970947266,2191300,122.12999725341797,7041300,97.29656219482422,4969600,85.9797592163086,673800,10.3100004196167,0
2017-10-18,222.80267333984375,40888300,53.17625427246094,11793200,37.95038986206055,36187200,59.95020294189453,1935900,121.66999816894531,3666400,96.65523529052734,5943800,85.76206970214844,1788500,10.069999694824219,0
2017-10-19,222.8637237548828,61903800,53.09213638305664,10368300,37.61578369140625,51487000,59.772586822509766,1838700,122.38999938964844,5567300,96.82520294189453,8966500,85.85077667236328,1518700,10.050000190734863,0
2017-10-20,224.0137481689453,89176400,53.023311614990234,12636300,37.7545280456543,46370200,59.43157196044922,2929900,121.61000061035156,8481100,95.797607421875,12326900,85.49598693847656,2651400,9.970000267028809,0
2017-10-23,223.14247131347656,63915300,52.90861892700195,8422200,37.452552795410156,47564000,59.2042121887207,2618800,121.80000305175781,5069700,95.96751403808594,6871100,85.5766372680664,709800,11.069999694824219,0
2017-10-24,223.5345458984375,66935900,52.99273681640625,10586500,37.452552795410156,40213400,58.848968505859375,2521400,121.33000183105469,5114100,95.37252807617188,6842800,85.31864929199219,1605600,11.15999984741211,0
2017-10-25,222.4280242919922,103715300,52.7862548828125,11495500,37.370941162109375,57309600,58.6784782409668,3490900,121.3499984741211,4282400,94.91666412353516,9961400,85.18157196044922,1838800,11.229999542236328,0
2017-10-26,222.71556091308594,69798000,52.77861785888672,12355500,37.1179313659668,55320500,58.19533920288086,3916400,120.33000183105469,6438800,94.59983825683594,8179400,85.06868743896484,2062400,11.300000190734863,0
2017-10-27,224.53651428222656,85562500,52.90097427368164,18853800,37.65658950805664,55225600,58.458221435546875,2979900,120.9000015258789,6664200,95.22576904296875,10480900,85.34281921386719,1315000,9.800000190734863,0
2017-10-30,223.70018005371094,54285700,53.023311614990234,14308400,37.41990280151367,35732500,58.408477783203125,3061000,121.12999725341797,5119200,96.13750457763672,9051600,85.64923858642578,1692700,10.5,0
2017-10-31,224.04859924316406,60304800,53.24507522583008,24418400,37.77084732055664,63902300,58.4013786315918,4422700,120.66999816894531,3910500,96.1684341430664,4424300,85.59278869628906,1178000,10.180000305175781,0
2017-11-01,224.34486389160156,54202700,53.298614501953125,23674500,37.96672439575195,51926300,58.68557357788086,3507700,121.11000061035156,4647800,96.59659576416016,8940400,85.64443969726562,1321500,10.199999809265137,0
2017-11-02,224.43203735351562,56449500,53.45919418334961,20430900,38.01568603515625,38024500,59.182891845703125,5159300,121.19000244140625,5369500,97.02252960205078,7222700,85.7574691772461,1997900,9.930000305175781,0
2017-11-03,225.1812744140625,59589700,53.37507629394531,14078700,37.81981658935547,42909900,59.033695220947266,2458400,120.62000274658203,6330600,97.28579711914062,10984100,85.89482116699219,2532400,9.140000343322754,0
2017-11-06,225.5298614501953,49652600,53.451541900634766,11959000,38.24420166015625,30828500,59.43157196044922,3156300,121.6500015258789,6953800,97.64970397949219,6246700,85.99972534179688,858400,9.399999618530273,0
2017-11-07,225.37295532226562,57502200,53.252723693847656,13024200,37.99937057495117,46904400,59.914676666259766,3992500,121.20999908447266,4165900,98.06012725830078,6422700,86.03205871582031,734800,9.890000343322754,0
2017-11-08,225.75631713867188,50469600,53.42861557006836,15924200,38.17891311645508,35006300,60.21309280395508,2058200,121.62999725341797,5565200,97.84330749511719,3356200,85.92709350585938,947800,9.779999732971191,0
2017-11-09,224.9373321533203,95085500,53.12272644042969,22577000,37.94224166870117,39894900,60.27702331542969,3856400,122.12999725341797,6072400,97.56450653076172,6280400,85.89482116699219,925900,10.5,0
2017-11-10,224.8676300048828,59984700,52.97743606567383,11070800,37.77901077270508,32484400,60.34100341796875,3657400,121.12999725341797,7116200,96.09331512451172,11981000,85.45870971679688,1862000,11.289999961853027,0
2017-11-13,225.0767364501953,50228600,52.75567626953125,13605200,37.697391510009766,52239700,60.646484375,3487200,121.30999755859375,6249300,96.29461669921875,5880800,85.41834259033203,868300,11.5,0
2017-11-14,224.55398559570312,61315200,52.717445373535156,13850100,37.44438934326172,56682300,60.518592834472656,4039200,121.55999755859375,6189000,96.94505310058594,6195900,85.53947448730469,1629200,11.59000015258789,0
2017-11-15,223.4300079345703,80811500,52.4650993347168,18547300,37.24851608276367,49000900,59.90758514404297,5171100,121.41000366210938,4984800,97.99815368652344,9568200,85.84632110595703,1933100,13.130000114440918,0
2017-11-16,225.32940673828125,67777000,52.885677337646484,17372500,38.023841857910156,46316400,60.40492248535156,5137200,121.4000015258789,2796500,97.14636993408203,5894900,85.62828063964844,1749200,11.760000228881836,0
2017-11-17,224.667236328125,75756800,52.69450378417969,24773400,38.2115592956543,46258900,60.14204788208008,2782600,122.86000061035156,10614000,97.8664779663086,6938800,85.74138641357422,941200,11.430000305175781,0
2017-11-20,225.05062866210938,48075500,52.8092041015625,20689600,38.407432556152344,45493800,59.96446990966797,3613800,121.30999755859375,8356700,97.82775115966797,4232300,85.60406494140625,1153400,10.649999618530273,0
2017-11-21,226.52304077148438,69176800,53.206851959228516,17104800,38.92159652709961,63587700,60.412025451660156,3056900,121.51000213623047,4956500,98.13753509521484,5818400,85.62020874023438,835600,9.729999542236328,0
2017-11-22,226.32266235351562,45033400,53.352115631103516,17943200,39.019535064697266,60764000,60.27702331542969,2347400,122.62999725341797,5211800,98.45498657226562,4140700,85.89482116699219,1657900,9.880000114440918,0
2017-11-24,226.84539794921875,27856500,53.78799057006836,11732300,38.93791961669922,25838000,60.355186462402344,1255000,122.31999969482422,1779700,98.18396759033203,3141400,85.82208251953125,614400,9.670000076293945,0
2017-11-27,226.73219299316406,52274900,53.466835021972656,17066500,38.36662292480469,47853200,60.07100296020508,2218000,122.83000183105469,4961200,98.04460144042969,6079900,85.87865447998047,1927500,9.869999885559082,0
2017-11-28,229.03236389160156,98971700,53.772708892822266,19389400,38.652278900146484,54357600,59.843658447265625,2946800,122.80999755859375,5603100,98.17623901367188,5983000,85.89482116699219,1388000,10.029999732971191,0
2017-11-29,228.89291381835938,77512100,53.55860137939453,19328300,38.040164947509766,66269800,59.8649787902832,4633900,122.04000091552734,6138900,97.20834350585938,14547100,85.62020874023438,3193600,10.699999809265137,0
2017-11-30,230.89688110351562,127894400,53.61211395263672,24443400,37.62393569946289,118059300,59.95732879638672,4849800,121.0999984741211,7936300,96.88314819335938,9630000,85.35374450683594,3306400,11.279999732971191,0
2017-12-01,230.41769409179688,164390900,53.39801025390625,33370400,37.4117431640625,88358900,60.09942626953125,4664700,121.58999633789062,13080100,98.1905517578125,24583100,85.66914367675781,4341500,11.430000305175781,0
2017-12-04,230.1388702392578,94040600,53.206851959228516,19355500,37.48520278930664,67381600,59.801029205322266,4484100,121.18000030517578,6943700,98.23709106445312,9609200,85.62873840332031,2356200,11.680000305175781,0
2017-12-05,229.3110809326172,77994500,53.09213638305664,15853700,37.460716247558594,32126400,59.303688049316406,4372600,120.31999969482422,10041200,98.72587585449219,10958900,85.69343566894531,1586000,11.329999923706055,0
2017-12-06,229.354736328125,75898600,52.985084533691406,12481600,36.954715728759766,81862800,59.24684143066406,3967900,120.06999969482422,6643000,99.06730651855469,11834200,85.87139129638672,1459000,11.020000457763672,0
2017-12-07,230.07786560058594,77218600,53.12272644042969,16966100,37.06079864501953,70820800,59.396026611328125,4049100,118.48999786376953,12900200,98.29141998291016,13056800,85.71765899658203,1953400,10.15999984741211,0
2017-12-08,231.33250427246094,76563900,53.40565872192383,19106800,37.49336624145508,42794900,59.7015495300293,3448600,118.4800033569336,5231300,98.29911804199219,4786100,85.65296936035156,2519500,9.579999923706055,0
2017-12-11,232.029541015625,83077500,53.54330062866211,20038600,37.68107223510742,46795900,59.69445037841797,5326200,118.01000213623047,4522200,98.09742736816406,3863800,85.59635162353516,702200,9.34000015258789,0
2017-12-12,232.4390411376953,85195800,53.61211395263672,16514700,37.428070068359375,47157800,59.985755920410156,4732000,118.1500015258789,8020100,98.0586166381836,7502400,85.52361297607422,2557500,9.920000076293945,0
2017-12-13,232.41290283203125,102905400,53.81858825683594,25920500,37.87693786621094,75946200,60.08522415161133,3887100,119.16999816894531,10086700,98.79573822021484,8532900,85.87139129638672,1477800,10.180000305175781,0
2017-12-14,231.46324157714844,100666700,53.52035903930664,27424600,37.59945297241211,50968200,60.07100296020508,4901000,118.93000030517578,6993600,99.21470642089844,6885000,85.8389663696289,982100,10.489999771118164,0
2017-12-15,233.3906707763672,144610300,53.50506591796875,32906900,37.68107223510742,67881200,60.44755554199219,4909500,119.18000030517578,7532000,99.58716583251953,7239400,85.8227767944336,1845200,9.420000076293945,0
2017-12-18,234.87063598632812,83653600,54.13975524902344,38998500,38.10546112060547,61186100,60.84540939331055,5169400,119.7300033569336,5452200,98.67935943603516,7239700,85.62873840332031,1610300,9.529999732971191,0
2017-12-19,233.96868896484375,82382900,53.94114303588867,37373700,37.90413284301758,51306800,59.55235290527344,5259200,119.81999969482422,4018900,97.39910888671875,11045800,85.24053955078125,4535100,10.029999732971191,0
2017-12-20,233.84608459472656,76751500,53.848411560058594,18729500,37.953857421875,42832800,58.86319351196289,7831900,120.13999938964844,5734600,96.32058715820312,10005800,84.98977661132812,3027000,9.720000267028809,0
2017-12-21,234.3277587890625,67032300,54.0416145324707,22930000,38.202392578125,40602200,58.63518524169922,4701300,120.30999755859375,4823700,96.88198852539062,7026900,85.0497817993164,2098800,9.619999885559082,0
2017-12-22,234.26638793945312,78720900,54.18070983886719,18767000,38.525508880615234,40032700,59.039222717285156,6484400,120.94000244140625,5791300,97.01419830322266,3974300,85.08214569091797,696900,9.899999618530273,0
2017-12-26,233.9862060546875,45244400,54.165252685546875,15995000,38.49237823486328,29614100,59.33503723144531,2874500,121.7699966430664,8224400,97.30184936523438,3168400,85.11455535888672,2584800,10.25,0
2017-12-27,234.10003662109375,57751000,54.26572799682617,19835400,38.59178924560547,35373200,59.529823303222656,4341500,122.2300033569336,6232700,98.56925964355469,9059700,85.47903442382812,2291500,10.470000267028809,0
2017-12-28,234.58160400390625,45116100,54.29663848876953,20811200,38.85691452026367,34284300,59.8472785949707,3172900,122.8499984741211,5732700,98.48372650146484,5297100,85.37378692626953,1540500,10.180000305175781,0
2017-12-29,233.6971435546875,96007400,54.33527374267578,16214700,39.03917694091797,46485100,59.86894226074219,2957300,123.6500015258789,7852100,98.63922119140625,7580500,85.511474609375,1849600,11.039999961853027,0
2018-01-02,235.3698272705078,86655700,54.73713302612305,26530000,39.77655029296875,68969400,59.64527130126953,4639500,125.1500015258789,11762500,97.57402801513672,16238200,85.22796630859375,3902000,9.770000457763672,0
2018-01-03,236.85853576660156,90070400,54.999881744384766,33384900,40.15766906738281,56228700,59.472129821777344,5516900,124.81999969482422,7904300,98.04054260253906,8605100,85.31706237792969,2135900,9.149999618530273,0
2018-01-04,237.85694885253906,80636400,55.6026611328125,23974400,40.35650634765625,52154900,58.447601318359375,4734100,125.45999908447266,7329700,98.02499389648438,9217900,85.27657318115234,2430000,9.220000267028809,0
2018-01-05,239.44192504882812,83524000,55.911773681640625,17483800,40.70448684692383,50026900,58.47647476196289,5742900,125.33000183105469,5739900,97.74510955810547,10915400,85.1712646484375,2163600,9.220000267028809,0
2018-01-08,239.8798828125,57319200,55.896324157714844,21733700,40.70448684692383,36998200,58.77949523925781,4763200,125.30999755859375,3566700,97.68287658691406,8850600,85.13072204589844,2450600,9.520000457763672,0
2018-01-09,240.42279052734375,57254000,55.95814895629883,19138900,40.63819885253906,42131600,58.02193069458008,4631000,124.7300033569336,9153600,96.37655639648438,16226400,84.72576904296875,5924200,10.079999923706055,0
2018-01-10,240.05502319335938,69574300,55.84995651245117,18118900,40.38136672973633,72183900,57.37258529663086,6244400,125.02999877929688,14809300,96.2599105834961,14302600,84.70140075683594,2142500,9.819999694824219,0
2018-01-11,241.80641174316406,62361500,56.23634719848633,17314400,40.62990951538086,38720900,57.17777633666992,5067100,125.44000244140625,5994700,96.65648651123047,12511000,84.75819396972656,1798700,9.880000114440918,0
2018-01-12,243.38279724121094,90816100,56.80051040649414,22694300,41.01932144165039,69358300,56.71603775024414,5154600,126.95999908447266,9258600,96.81978607177734,9987100,84.70140075683594,1430700,10.15999984741211,0
2018-01-16,242.55076599121094,106555100,56.74640655517578,24617800,40.86189270019531,80418000,56.82425308227539,5760800,127.16999816894531,8083900,97.22412872314453,9125900,84.74195861816406,5927500,11.65999984741211,0
2018-01-17,244.86270141601562,113258800,57.040061950683594,21424400,41.40043258666992,65863500,57.22108459472656,5560300,126.13999938964844,10130500,97.09188842773438,8327000,84.55567169189453,2186100,11.90999984741211,0
2018-01-18,244.45120239257812,100728000,56.970516204833984,19094600,41.45014190673828,33947000,56.485164642333984,4548200,125.86000061035156,6289300,96.18994140625,10843900,84.28836059570312,3326100,12.220000267028809,0
2018-01-19,245.56329345703125,140920100,57.287353515625,19622600,41.78982162475586,60503700,56.788185119628906,4546800,126.41999816894531,8773800,95.6845932006836,11374300,84.06965637207031,2921600,11.270000457763672,0
2018-01-22,247.55996704101562,91322400,57.58100891113281,14992500,42.03009033203125,49191200,57.307655334472656,4767400,126.6500015258789,4893500,95.77788543701172,8984700,84.03726196289062,8047400,11.029999732971191,0
2018-01-23,248.08544921875,97084700,57.7664909362793,15575400,42.228939056396484,61277300,58.101280212402344,4599700,127.27999877929688,6190400,96.18994140625,12325700,84.2802505493164,1780100,11.100000381469727,0
2018-01-24,247.9890594482422,134816100,57.866947174072266,24383800,42.5851936340332,63963100,57.79827117919922,6242500,128.8300018310547,11827600,95.66902923583984,9038900,84.11830139160156,1952200,11.470000267028809,0
2018-01-25,248.0941162109375,84587300,57.64284133911133,23272500,42.56033706665039,61533700,57.697269439697266,4765000,127.97000122070312,15219700,96.45433807373047,12173300,84.30457305908203,3342000,11.579999923706055,0
2018-01-26,250.966552734375,107743100,58.15289306640625,19192600,43.14857864379883,80566200,57.49525451660156,4966400,128.07000732421875,7828700,96.0966567993164,6462900,84.05348205566406,3324500,11.079999923706055,0
2018-01-29,249.30262756347656,90118300,57.61965560913086,26906700,42.494049072265625,58884200,56.72328186035156,5280200,127.3499984741211,6956400,95.42794799804688,12223000,83.84283447265625,2328200,13.84000015258789,0
2018-01-30,246.7455596923828,131796400,57.14051818847656,113986300,41.91409683227539,87601400,56.31202697753906,6937600,126.80000305175781,9736100,94.86812591552734,12064400,83.64844512939453,2346900,14.789999961853027,0
2018-01-31,246.86817932128906,108364800,57.06324005126953,38465500,42.27863693237305,96654200,57.32209396362305,8845500,127.6500015258789,13418900,95.42794799804688,18045100,83.67274475097656,2966400,13.539999961853027,0
2018-02-01,246.58792114257812,90102500,57.22553253173828,30876200,41.706974029541016,72143800,56.08835983276367,7313200,128.07000732421875,10854600,94.04499053955078,18632800,83.24114990234375,8958300,13.470000267028809,0
2018-02-02,241.21966552734375,173174800,56.06633758544922,36590600,40.63819885253906,116832800,55.612152099609375,11151800,126.38999938964844,16789200,93.1722640991211,23944400,82.93280792236328,5753500,17.309999465942383,0
2018-02-05,231.13131713867188,294681800,53.717044830322266,78968000,39.21316909790039,151202100,53.95995330810547,8861900,126.70999908447266,13596300,94.05274963378906,28606200,83.61432647705078,6902000,37.31999969482422,0
2018-02-06,235.68508911132812,355026800,54.7757682800293,84302300,40.489070892333984,183650300,53.9671630859375,12554100,125.37999725341797,17672500,93.46839141845703,10935400,83.24922180175781,5382900,29.979999542236328,0
2018-02-07,234.40650939941406,167376100,54.19617462158203,44411300,39.21316909790039,156301200,53.736305236816406,7480000,124.79000091552734,8558500,92.58014678955078,16271100,83.00587463378906,4773700,27.729999542236328,0
2018-02-08,225.61422729492188,246449500,52.78195571899414,59223600,37.85442352294922,163250200,52.19232177734375,11116900,124.9800033569336,7343600,92.47884368896484,15155100,83.0788803100586,5685300,33.459999084472656,0
2018-02-09,229.00326538085938,283565300,53.00606155395508,67466800,38.459228515625,153419800,53.49821472167969,12718500,124.7699966430664,14140700,91.89450073242188,15661600,82.93280792236328,4376900,29.059999465942383,0
2018-02-12,232.3660888671875,143736000,53.817508697509766,37528600,39.06403732299805,104447700,53.51985549926758,15209300,125.37000274658203,6984900,92.29962921142578,10944600,82.90849304199219,2836300,25.610000610351562,0
2018-02-13,232.9440460205078,81223600,53.65521240234375,20574300,39.3623046875,55739700,53.895023345947266,8766100,126.08000183105469,5321300,92.71260070800781,8157600,83.04642486572266,2698100,24.969999313354492,0
2018-02-14,236.087890625,120735700,54.605751037597656,31475400,40.348228454589844,96491500,53.50542449951172,8225700,128.22999572753906,16416400,91.68409729003906,12043300,82.54337310791016,4141900,19.260000228881836,0
2018-02-15,239.1004638671875,111200300,54.94578552246094,31600600,41.17673110961914,95168100,54.02488708496094,7359200,128.3800048828125,7276500,91.99578094482422,8222400,82.5677490234375,3057300,19.1299991607666,0
2018-02-16,239.1704864501953,160420100,55.19308853149414,23606400,41.04417037963867,70876400,54.32070541381836,7002400,127.95999908447266,7956900,92.49443817138672,8454100,82.7624740600586,2277800,19.459999084472656,0
2018-02-20,237.67298889160156,86369700,54.675315856933594,25286900,40.48079299926758,78660300,53.678565979003906,5766000,126.23999786376953,11148700,92.08926391601562,8268800,82.6731948852539,2138300,20.600000381469727,0
2018-02-21,236.49078369140625,98883700,54.412559509277344,30247700,40.4476318359375,66591900,52.61800003051758,7852900,125.66000366210938,7908800,90.95948791503906,12054300,82.42981719970703,2253900,20.020000457763672,0
2018-02-22,236.79721069335938,110511300,54.6984977722168,20537000,40.47248840332031,62436300,53.216827392578125,7412700,126.30000305175781,5346300,91.23217010498047,9317900,82.54337310791016,4411800,18.719999313354492,0
2018-02-23,240.57168579101562,92766400,55.13125228881836,30298500,41.193294525146484,43623300,54.06819152832031,6884100,126.13999938964844,4239700,92.04252624511719,9072900,82.85983276367188,4484700,16.489999771118164,0
2018-02-26,243.36521911621094,86491400,55.64902877807617,21007200,41.57440185546875,51742600,54.2197151184082,6336100,126.44999694824219,3194300,92.07366943359375,8771600,82.9571762084961,2725600,15.800000190734863,0
2018-02-27,240.32647705078125,99099200,54.8221435546875,22449300,40.36479568481445,94671000,52.95710754394531,7635400,125.12999725341797,7082300,91.9412612915039,12525700,82.69756317138672,3308900,18.59000015258789,0
2018-02-28,237.8919677734375,121907800,54.30437088012695,31642500,39.78483963012695,102169900,52.9210205078125,9175500,125.0,4534900,92.52565002441406,9311600,82.89227294921875,2521400,19.850000381469727,0
2018-03-01,234.43272399902344,176855100,53.39246368408203,51282100,39.71027374267578,112694400,52.97153091430664,8794700,124.72000122070312,12910100,93.15721893310547,12287700,83.24901580810547,5352600,22.469999313354492,0
2018-03-02,235.6412353515625,139083200,53.64748764038086,35512000,39.875972747802734,72756200,52.94987869262695,8408100,125.38999938964844,9994300,92.39988708496094,10064300,82.94021606445312,2140800,19.59000015258789,0
2018-03-05,238.36485290527344,97307400,53.93342208862305,18968500,39.9339714050293,55905400,53.54872131347656,5558100,125.18000030517578,5778300,92.15007781982422,5658200,82.8345718383789,2059300,18.729999542236328,0
2018-03-06,238.96902465820312,79213200,54.250274658203125,20996900,40.30680465698242,57199200,53.80122375488281,6039100,126.52999877929688,8676800,92.2359390258789,5452000,82.82645416259766,2331300,18.360000610351562,0
2018-03-07,238.8815155029297,87063500,54.23481369018555,14492500,40.348228454589844,46554800,54.13311004638672,9868300,125.72000122070312,5158700,92.13445281982422,4461800,82.82645416259766,1258100,17.760000228881836,0
2018-03-08,240.03736877441406,66901200,54.35073471069336,14883300,40.35650634765625,46733900,54.234130859375,6381300,125.41999816894531,3474900,92.66535949707031,7086700,82.99707794189453,1636700,16.540000915527344,0
2018-03-09,244.21466064453125,113625300,54.6984977722168,17319800,41.2181510925293,58818700,54.529945373535156,6293400,125.54000091552734,5066800,92.05638885498047,6570400,82.81831359863281,1604500,14.640000343322754,0
2018-03-12,243.90814208984375,71924800,54.76030731201172,12801300,41.31757354736328,52944500,54.76803207397461,6661400,125.54000091552734,2884300,92.5872802734375,5801300,83.01334381103516,1885700,15.779999732971191,0
2018-03-13,242.3318328857422,91968900,54.39710235595703,19138100,40.94474411010742,60376000,54.81855010986328,4877100,125.77999877929688,4798300,93.0556869506836,7455300,83.15149688720703,1742100,16.350000381469727,0
2018-03-14,241.08834838867188,105895100,54.528465270996094,13670800,41.011024475097656,51067200,54.86902618408203,5945100,125.69999694824219,3777000,93.87548065185547,10175000,83.31401824951172,2598900,17.229999542236328,0
2018-03-15,240.82569885253906,83433000,54.49757385253906,21712300,40.86189270019531,65778900,54.85460662841797,5680500,124.9000015258789,6130100,93.87548065185547,6757900,83.2814712524414,2758000,16.59000015258789,0
2018-03-16,241.08676147460938,100343700,54.45893096923828,16119900,40.7707633972168,66155800,55.237003326416016,4951000,124.5999984741211,7402200,93.53976440429688,6084300,83.18399810791016,3595300,15.800000190734863,0
2018-03-19,237.82479858398438,109208400,54.0184211730957,24159700,40.33165740966797,65394200,54.76081466674805,3999400,124.87000274658203,4335400,93.24313354492188,8491200,83.10272216796875,2825000,19.020000457763672,0
2018-03-20,238.22930908203125,59757300,54.01070022583008,20578800,40.779056549072266,60101700,54.57321548461914,5677000,124.30999755859375,3399400,92.86837768554688,5446000,82.94021606445312,2600600,18.200000762939453,0
2018-03-21,237.77197265625,78709600,54.09571075439453,17479200,41.01932144165039,78575100,54.169185638427734,5905400,126.4800033569336,12532000,92.96983337402344,9742400,82.99707794189453,3365600,17.860000610351562,0
2018-03-22,231.82839965820312,148785900,53.091068267822266,42084300,39.65228271484375,87622700,53.85173416137695,5605700,125.9800033569336,5298700,93.8910903930664,12136600,83.3383560180664,5026500,23.34000015258789,0
2018-03-23,226.88706970214844,183534800,52.50374984741211,44983200,38.848636627197266,82908800,52.892154693603516,9530900,127.61000061035156,12025900,93.8208236694336,7250400,83.45215606689453,2519000,24.8700008392334,0
2018-03-26,233.09445190429688,141956100,53.44657516479492,31279000,40.10796356201172,73320800,53.4939079284668,6979200,128.27999877929688,6169800,93.46172332763672,8237900,83.22460174560547,4184900,21.030000686645508,0
2018-03-27,229.129150390625,129941400,53.05243682861328,36493900,39.378875732421875,84232100,53.69789123535156,9132000,127.48999786376953,6180700,94.4610366821289,9168500,83.6959228515625,3495900,22.5,0
2018-03-28,228.45211791992188,146452300,53.36155319213867,35737600,39.18002700805664,78140800,55.04560470581055,8917300,125.7300033569336,10254900,94.71083068847656,7412500,83.6796646118164,2762500,22.8700008392334,0
2018-03-29,231.3711700439453,111601600,53.848411560058594,34745000,40.0002555847168,82685500,54.98004913330078,5993400,125.79000091552734,7102000,95.1715087890625,9694300,83.85030364990234,2572100,19.969999313354492,0
2018-04-02,226.37710571289062,186286300,53.10653305053711,52362500,39.279457092285156,72405700,54.23697280883789,6487700,127.26000213623047,11421100,95.35932159423828,12036500,83.93575286865234,2748800,23.6200008392334,0
2018-04-03,229.278564453125,119956900,53.44657516479492,30413600,39.66884994506836,52874500,54.69593811035156,9987300,126.30000305175781,6083700,94.6238021850586,9855000,83.66718292236328,4229600,21.100000381469727,0
2018-04-04,231.73171997070312,123715300,53.63203811645508,26041500,39.68541717529297,68352400,55.271461486816406,5502800,126.44999694824219,7488300,94.4282455444336,6654300,83.61833190917969,2216900,20.059999465942383,0
2018-04-05,233.56048583984375,82652600,53.98751449584961,22625800,39.78483963012695,48247700,55.249595642089844,4195900,125.80000305175781,5333000,93.72406768798828,7603700,83.40669250488281,1789300,18.940000534057617,0
2018-04-06,228.35540771484375,179521200,53.63203811645508,24999600,39.006046295166016,76156700,54.83436584472656,4817500,126.38999938964844,6121200,94.74898529052734,8831200,83.77300262451172,2651200,21.489999771118164,0
2018-04-09,229.48081970214844,105442900,54.0725212097168,18498700,39.04746627807617,55352700,54.65950393676758,4466300,126.81999969482422,4189900,94.90550231933594,6307500,83.78926849365234,2071100,21.770000457763672,0
2018-04-10,233.12962341308594,103529000,54.652122497558594,19233800,39.8096923828125,87142000,54.601226806640625,7318500,127.12000274658203,5268800,94.73334503173828,6046000,83.64277648925781,1622400,20.469999313354492,0
2018-04-11,231.90757751464844,91140200,54.443458557128906,21099100,39.82625961303711,51569200,54.717796325683594,3892500,128.11000061035156,12348600,95.06979370117188,5901300,83.72413635253906,2520600,20.239999771118164,0
2018-04-12,233.81549072265625,68890500,54.652122497558594,18012500,39.8096923828125,52968500,54.1058464050293,4049600,126.62000274658203,8141300,94.37346649169922,6622800,83.42298126220703,2188600,18.489999771118164,0
2018-04-13,233.12962341308594,85079200,54.706214904785156,14515400,39.412025451660156,56518000,54.389957427978516,3817100,127.44999694824219,6821300,94.59253692626953,4964000,83.49620819091797,2937700,17.40999984741211,0
2018-04-16,235.0464324951172,63405300,54.791221618652344,15678300,39.461727142333984,43005800,54.72509002685547,4279000,127.62999725341797,4600000,94.6238021850586,4491300,83.45556640625,1637400,16.559999465942383,0
2018-04-17,237.56105041503906,64682000,55.03851318359375,17545600,39.544578552246094,58168100,55.36614990234375,4503600,127.75,4184100,94.88202667236328,5590400,83.5043716430664,1301800,15.25,0
2018-04-18,237.73684692382812,57303900,55.324459075927734,17035100,39.88426208496094,80289500,55.249595642089844,4122900,127.8499984741211,6755600,94.12312316894531,8138400,83.17876434326172,2127600,15.600000381469727,0
2018-04-19,236.41802978515625,77655900,55.115806579589844,20004000,39.65228271484375,67581100,54.44823455810547,6917900,127.5999984741211,8736100,93.3563232421875,9875800,82.95086669921875,3181500,15.960000038146973,0
2018-04-20,234.413330078125,99953100,54.907142639160156,27586500,39.155174255371094,80997700,53.94557571411133,5171200,126.62999725341797,10403100,92.68345642089844,7579400,82.67412567138672,2309400,16.8799991607666,0
2018-04-23,234.37818908691406,65558000,54.83759689331055,17696000,38.84034729003906,74337500,53.90187072753906,4325700,125.62000274658203,6921500,92.70697784423828,7073200,82.5927505493164,5022800,16.34000015258789,0
2018-04-24,231.2217254638672,112885500,54.61347198486328,22013400,38.658077239990234,72196800,54.1058464050293,5852200,126.2300033569336,4733100,92.28443908691406,8190800,82.49503326416016,3178800,18.020000457763672,0
2018-04-25,231.7932586669922,103840900,54.52074432373047,18280700,38.35980987548828,69106800,54.00385665893555,4055400,125.41000366210938,5985700,91.66634368896484,6603800,82.3160171508789,3295800,17.84000015258789,0
2018-04-26,234.14964294433594,67731900,54.791221618652344,23697700,38.9149055480957,45047800,54.71049118041992,5551000,124.97000122070312,7517100,92.3078842163086,6528600,82.55201721191406,1989500,16.239999771118164,0
2018-04-27,234.369384765625,57053600,54.84531784057617,15395400,39.155174255371094,33545000,55.650264739990234,6278700,125.5,5654000,93.0198745727539,5401800,82.69039154052734,2409300,15.40999984741211,0
2018-04-30,232.5669708251953,82182300,54.66757583618164,21883700,38.87348175048828,49179000,55.431724548339844,6625500,124.58999633789062,9830600,93.18419647216797,8321100,82.78001403808594,3504400,15.930000305175781,0
2018-05-01,232.9801788330078,74203400,54.4743766784668,17308000,38.68293380737305,75839300,55.93437194824219,5251600,123.70999908447266,7551600,92.8486099243164,7979200,82.6502685546875,1894000,15.489999771118164,0
2018-05-02,231.4151153564453,86368900,54.451194763183594,16409400,38.376380920410156,66837900,55.730403900146484,5361800,123.6500015258789,7614000,92.74664306640625,4644000,82.66658782958984,3852600,15.970000267028809,0
2018-05-03,230.9051971435547,136311500,54.621212005615234,19854600,38.29352951049805,83449200,55.693973541259766,5839500,124.27999877929688,4857400,93.16223907470703,6345300,82.87860107421875,6026900,15.899999618530273,0
2018-05-04,233.89456176757812,91222100,54.81441116333008,17022600,38.4675178527832,60099100,56.3059196472168,3746600,124.54000091552734,5883600,93.30340576171875,4283500,82.88676452636719,2370500,14.770000457763672,0
2018-05-07,234.68592834472656,55304900,54.8221435546875,8172600,38.24382019042969,58886100,56.68474578857422,4670300,124.56999969482422,3397500,93.15441131591797,3647800,82.84601593017578,1854900,14.75,0
2018-05-08,234.68592834472656,67499200,54.82986831665039,12400300,38.459228515625,58783600,56.400634765625,4311600,124.58999633789062,5551100,93.06816101074219,6091200,82.70735931396484,1654600,14.710000038146973,0
2018-05-09,236.95433044433594,59666100,54.961238861083984,15414000,38.5338020324707,46129500,56.779441833496094,4685300,124.33000183105469,4405600,92.51139831542969,7832500,82.51980590820312,2838400,13.420000076293945,0
2018-05-10,239.1699676513672,72063900,55.31673812866211,18107500,39.33745193481445,115804000,57.22382736206055,3664000,125.18000030517578,5218400,93.25634765625,7101500,82.69104766845703,4183700,13.229999542236328,0
2018-05-11,239.89987182617188,59871500,55.46356201171875,19083700,39.27117156982422,68838600,57.02714157104492,2694500,125.0,4299200,93.49158477783203,4273400,82.69922637939453,2816300,12.649999618530273,0
2018-05-14,240.01412963867188,54790600,55.564029693603516,17790300,39.32088088989258,34353300,56.539039611816406,3536200,124.48999786376953,3753200,92.99760437011719,4996200,82.51980590820312,4762000,12.930000305175781,0
2018-05-15,238.36111450195312,87036100,55.162166595458984,18330100,38.508941650390625,78379300,55.62112045288086,5134300,122.4800033569336,10911900,91.93902587890625,12901000,82.06310272216797,6812500,14.630000114440918,0
2018-05-16,239.36343383789062,53942600,55.23945236206055,13758300,39.08888626098633,60004200,55.45358657836914,4400400,122.29000091552734,4943300,91.5861587524414,6518000,81.89190673828125,4784200,13.420000076293945,0
2018-05-17,239.16119384765625,56536400,55.324459075927734,16191300,38.49237823486328,73014000,55.17675018310547,3998100,122.36000061035156,7781300,91.12354278564453,7330300,81.84290313720703,1702300,13.430000305175781,0
2018-05-18,238.56332397460938,64368000,55.1235237121582,21815600,38.16925048828125,59258700,55.249595642089844,3343800,122.41000366210938,6837100,91.90764617919922,9606500,82.16099548339844,2642300,13.420000076293945,0
2018-05-21,240.35702514648438,58025900,55.471282958984375,13441700,38.4012336730957,59330200,55.90525817871094,3671500,122.4800033569336,4126700,91.95469665527344,4448500,82.2181167602539,2845100,13.079999923706055,0
2018-05-22,239.68881225585938,52966400,55.401737213134766,12897900,38.5338020324707,32584700,55.985374450683594,3470800,122.41000366210938,4579600,91.81354522705078,4700700,82.18544006347656,1977000,13.220000267028809,0
2018-05-23,240.34817504882812,64694200,54.791221618652344,23332600,38.51723861694336,70687800,56.54633331298828,3983200,122.54000091552734,7007300,92.48005676269531,9634000,82.56057739257812,5102500,12.579999923706055,0
2018-05-24,239.8558349609375,76043800,54.621212005615234,21542400,38.31010437011719,79762900,56.42976379394531,3173500,123.58999633789062,8850100,93.21713256835938,8204100,82.77259826660156,2994100,12.529999732971191,0
2018-05-25,239.28433227539062,56374800,54.26572799682617,17225600,38.4675178527832,39374500,56.62647247314453,3597300,123.20999908447266,7920700,93.7973861694336,8482800,83.09881591796875,2838400,13.220000267028809,0
2018-05-29,236.53233337402344,115908600,53.16062927246094,57008900,37.572723388671875,112089900,56.895992279052734,4611800,123.19000244140625,9013200,95.851806640625,21668100,83.995849609375,11256200,17.020000457763672,0
2018-05-30,239.68881225585938,69678400,53.972068786621094,25531900,37.87099838256836,72813800,57.66823959350586,4901800,123.37000274658203,4573700,95.20881652832031,11616300,83.63699340820312,4512200,14.9399995803833,0
2018-05-31,238.2203369140625,93519900,53.63203811645508,47992800,37.85442352294922,92066200,57.47151184082031,5430500,123.0999984741211,7862500,95.05200958251953,10769900,83.59624481201172,5321700,15.430000305175781,0
2018-06-01,240.5592041015625,71258400,54.09571075439453,39232600,38.38467025756836,66762200,57.726505279541016,7233800,122.48999786376953,8059100,94.54978942871094,8718800,83.2873764038086,7891000,13.460000038146973,0
2018-06-04,241.7022705078125,45385200,54.257999420166016,18561900,38.7740592956543,36302900,58.22917175292969,5391500,122.37000274658203,4345400,93.86601257324219,7156500,82.99324035644531,3131800,12.739999771118164,0
2018-06-05,241.8780975341797,51135000,54.1729850769043,16641000,38.475799560546875,40092200,58.07618713378906,5543000,122.8499984741211,6864200,94.0860595703125,5635900,83.20568084716797,4305500,12.399999618530273,0
2018-06-06,243.90028381347656,62732200,54.659854888916016,25445400,39.05575942993164,46801500,58.214603424072266,4006100,122.91999816894531,4083700,93.32372283935547,7813300,82.87064361572266,3910500,11.640000343322754,0
2018-06-07,243.87396240234375,72969400,54.35073471069336,25977000,38.459228515625,89752500,58.214603424072266,3353300,122.86000061035156,3700700,94.22755432128906,13238300,83.22200012207031,4400400,12.130000114440918,0
2018-06-08,244.59500122070312,72139700,54.412559509277344,23206300,38.38467025756836,73944700,58.42585372924805,2773200,123.01000213623047,3865700,93.94459533691406,6790600,83.10758972167969,7342800,12.180000305175781,0
2018-06-11,244.9202117919922,58892500,54.76030731201172,26145100,38.38467025756836,38323500,58.33844757080078,4168300,123.2300033569336,3201200,93.77165985107422,6844200,83.02593231201172,1875800,12.350000381469727,0
2018-06-12,245.23678588867188,72329000,54.412559509277344,22706300,38.28524398803711,57189800,58.688133239746094,3287900,122.81999969482422,7279600,93.7952880859375,6048200,82.97686767578125,1664800,12.34000015258789,0
2018-06-13,244.45419311523438,79070600,54.489837646484375,20486700,38.028411865234375,100698800,57.54438400268555,7230900,123.19000244140625,5867700,93.74808502197266,8834700,82.87882995605469,3294700,12.9399995803833,0
2018-06-14,245.0697479248047,77097600,54.3739128112793,24099000,37.77157211303711,76094800,58.09074401855469,4458200,123.37999725341797,8015400,94.52618408203125,10078800,83.14031982421875,3626400,12.119999885559082,0
2018-06-15,244.75701904296875,120041600,54.09571075439453,31433500,37.47331237792969,86066000,58.05433654785156,11131800,121.33999633789062,14537000,94.61264038085938,7992800,83.20568084716797,5826500,11.979999542236328,0
2018-06-18,244.25355529785156,52917600,53.709312438964844,30778500,37.01763916015625,83532600,58.07050323486328,6391600,121.11000061035156,3846000,94.52618408203125,4893700,83.24649810791016,4600500,12.3100004196167,0
2018-06-19,243.31744384765625,97531500,53.21592330932617,30397600,36.609012603759766,122657600,58.01166915893555,11275400,120.80000305175781,4925800,95.07632446289062,6133300,83.4671630859375,4172800,13.350000381469727,0
2018-06-20,243.7326202392578,53785500,53.255332946777344,38687300,36.767459869384766,69822800,58.65871047973633,7327500,120.26000213623047,4548500,94.24324798583984,6879100,83.1974868774414,3059000,12.789999961853027,0
2018-06-21,242.2046356201172,71061400,52.877017974853516,23793400,36.250431060791016,86214100,58.9381103515625,3719700,120.05000305175781,5681900,94.73839569091797,7235800,83.4180679321289,2680500,14.640000343322754,0
2018-06-22,242.64614868164062,54898500,53.436614990234375,26146100,36.62569046020508,48711000,59.40132141113281,4391700,120.33999633789062,4489400,94.73054504394531,4082500,83.43443298339844,2309500,13.770000457763672,0
2018-06-25,239.3431396484375,137854200,52.69575119018555,39388300,36.1336784362793,110854500,59.246917724609375,5904500,119.88999938964844,9300200,94.94275665283203,8363700,83.548828125,8110800,17.329999923706055,0
2018-06-26,239.87307739257812,68547400,52.790321350097656,23117500,35.991912841796875,69228700,59.438079833984375,3751000,119.26000213623047,8674500,95.07632446289062,5450000,83.5896987915039,3873200,15.920000076293945,0
2018-06-27,237.88589477539062,105110700,52.293792724609375,29616800,35.29975891113281,95340400,59.21015167236328,4559900,118.58000183105469,6480100,95.97230529785156,8173400,83.90840911865234,3044200,17.90999984741211,0
2018-06-28,239.24598693847656,76650500,52.49082946777344,21384800,35.5999755859375,105345300,59.73954391479492,3896700,118.22000122070312,7760500,95.99593353271484,7109500,83.82667541503906,3705600,16.850000381469727,0
2018-06-29,239.59039306640625,97592500,52.78244400024414,32031400,36.1336784362793,108877000,59.88658142089844,5235400,118.6500015258789,8002800,95.66580200195312,11164700,83.76129150390625,2721200,16.09000015258789,0
2018-07-02,240.1026153564453,63554800,52.30168151855469,39167900,35.77509689331055,78848700,59.55571365356445,7926500,117.45999908447266,12021900,95.59098815917969,9662000,83.70399475097656,3911500,15.600000381469727,0
2018-07-03,239.25486755371094,42187100,52.45930099487305,14919900,35.80010986328125,28637200,60.004249572753906,7325300,118.6500015258789,8901000,96.10304260253906,3808800,83.91686248779297,1463800,16.139999389648438,0
2018-07-05,241.20669555664062,56925900,52.979488372802734,18593200,35.708377838134766,67394400,60.717430114746094,7214700,119.05000305175781,4951900,96.37870025634766,3860400,83.92504119873047,1682300,14.970000267028809,0
2018-07-06,243.24681091308594,66493700,53.26321029663086,16641600,36.20038986206055,69933900,61.04093933105469,7887400,118.86000061035156,2946900,96.69383239746094,4679900,83.99870300292969,3206500,13.369999885559082,0
2018-07-09,245.4370880126953,50550400,53.7755241394043,20682100,36.85084533691406,80552700,60.555686950683594,6621300,119.1500015258789,4074900,96.07147216796875,5952700,83.78585052490234,2258800,12.6899995803833,0
2018-07-10,246.32029724121094,51966800,53.751869201660156,18981400,36.767459869384766,63808300,60.680660247802734,4561900,118.93000030517578,3754800,96.06359100341797,5759700,83.72036743164062,4461100,12.640000343322754,0
2018-07-11,244.5186767578125,77054700,52.85337448120117,30172400,36.050289154052734,58679200,60.48213577270508,5127900,117.63999938964844,6974500,96.43385314941406,6869100,83.89225769042969,2198700,13.630000114440918,0
2018-07-12,246.7353973388672,60124700,53.26321029663086,18810600,36.54230499267578,53833300,60.665950775146484,4042100,118.12999725341797,4585300,96.42597961425781,4824700,83.85952758789062,1385900,12.579999923706055,0
2018-07-13,246.9297332763672,48216000,53.42872619628906,17206900,36.567317962646484,40515300,60.48213577270508,5013800,117.61000061035156,5444300,96.67020416259766,4079000,83.99870300292969,2891800,12.180000305175781,0
2018-07-16,246.70887756347656,48201000,53.405086517333984,15422200,36.36717987060547,31717300,60.15863037109375,3023900,117.55000305175781,3670700,96.26842498779297,5517100,83.85952758789062,1782600,12.829999923706055,0
2018-07-17,247.7069091796875,52315500,53.49966049194336,16965000,36.634033203125,46911500,59.7615966796875,4031200,116.27999877929688,7939600,96.08727264404297,3764300,83.8104248046875,1034700,12.0600004196167,0
2018-07-18,248.22801208496094,44593500,53.507545471191406,13712400,36.59232711791992,41182100,59.49690628051758,5185600,116.30999755859375,5391800,95.70124816894531,6330000,83.74496459960938,1355300,12.100000381469727,0
2018-07-19,247.2918243408203,61412100,53.3972053527832,26316500,36.14200973510742,72549300,60.195396423339844,4358700,115.80999755859375,14227600,96.30785369873047,6166700,83.97412109375,4201700,12.869999885559082,0
2018-07-20,247.00921630859375,82337700,53.64940643310547,28610200,36.6590461730957,75114300,59.61455154418945,3265500,116.55999755859375,7892000,95.126220703125,10469500,83.67948150634766,3362700,12.859999656677246,0
2018-07-23,247.46849060058594,47047600,53.64940643310547,10192900,36.41720962524414,57679100,59.48955154418945,4379600,116.0,6247100,93.95249938964844,11571800,83.2701416015625,5285700,12.619999885559082,0
2018-07-24,248.7137451171875,68026900,53.96468734741211,17645500,36.95091247558594,66639400,59.18808364868164,4174900,116.04000091552734,4801000,94.2754898071289,9053500,83.32743072509766,3293800,12.40999984741211,0
2018-07-25,250.83340454101562,78882900,54.366634368896484,29698900,37.55134201049805,77820500,59.65865707397461,4521400,116.68000030517578,5479600,94.12579345703125,7357900,83.2701416015625,2403800,12.289999961853027,0
2018-07-26,250.24160766601562,57919500,54.12230682373047,23009400,37.134376525878906,68705800,59.857173919677734,4385400,115.7699966430664,6382700,93.94464111328125,6821100,83.18009948730469,2598200,12.140000343322754,0
2018-07-27,248.54598999023438,76768700,54.224754333496094,28911800,37.26780700683594,63743400,59.217491149902344,4788000,115.83000183105469,5242000,94.1021728515625,4542000,83.31107330322266,1435100,13.029999732971191,0
2018-07-30,247.2476348876953,63742500,54.21688461303711,17630300,37.20943069458008,41541400,59.2542724609375,4002000,115.6500015258789,4157400,93.77924346923828,7111200,83.20466613769531,3832700,14.260000228881836,0
2018-07-31,248.46640014648438,68570500,54.28781509399414,25087500,37.409576416015625,88217500,60.246856689453125,5737300,115.98999786376953,5508500,94.29125213623047,6797400,83.31924438476562,3053600,12.829999923706055,0
2018-08-01,248.05130004882812,53853300,54.01195526123047,25402700,37.076011657714844,61755000,60.673301696777344,7798900,115.13999938964844,7941700,93.52303314208984,13312600,83.12237548828125,5366800,13.149999618530273,0
2018-08-02,249.40257263183594,63426400,53.65729904174805,24343200,36.58399200439453,68678600,60.43068313598633,4748200,114.5199966430664,6204200,93.65727233886719,4451100,83.22083282470703,3370800,12.1899995803833,0
2018-08-03,250.4713134765625,53935400,53.68882751464844,14176200,36.867523193359375,41043800,61.085052490234375,4342700,114.91999816894531,5953200,94.12306213378906,6162400,83.43406677246094,2174800,11.640000343322754,0
2018-08-06,251.3897247314453,39400900,53.46025848388672,12077900,36.58399200439453,33153800,61.004173278808594,4655000,114.33000183105469,5811600,94.17832946777344,4200200,83.4751205444336,3867200,11.270000457763672,0
2018-08-07,252.21994018554688,43196600,53.87796401977539,17495500,36.959251403808594,38719500,60.893882751464844,3047100,114.58999633789062,5188000,93.68885040283203,5346900,83.30286407470703,2181400,10.930000305175781,0
2018-08-08,252.11402893066406,42114600,53.830684661865234,13812800,36.90921401977539,30610200,60.54096221923828,2415400,114.91000366210938,3808000,93.78357696533203,5640900,83.37666320800781,2777900,10.850000381469727,0
2018-08-09,251.7696075439453,35717000,53.67304611206055,11964700,36.800811767578125,35013900,60.57036590576172,3720900,114.73999786376953,4253000,94.57305908203125,7144100,83.60633087158203,4318000,11.270000457763672,0
2018-08-10,250.08267211914062,77076000,52.60116958618164,28624600,36.01692581176758,86629900,60.10717010498047,4524100,114.69000244140625,6757900,95.25996398925781,8457900,83.96722412109375,4327800,13.15999984741211,0
2018-08-13,249.14649963378906,65732900,52.412010192871094,24817700,35.42484664916992,75183500,59.98951721191406,2755400,112.95999908447266,9150900,95.06254577636719,7923200,83.9426040649414,1764700,14.779999732971191,0
2018-08-14,250.7362518310547,43842000,52.40412902832031,22596700,35.64167404174805,56724600,60.28363037109375,3249400,113.06999969482422,7085900,94.8493881225586,4251200,83.860595703125,2487600,13.3100004196167,0
2018-08-15,248.86378479003906,102925400,51.64750671386719,41602700,34.61594009399414,138633600,60.74684143066406,5202600,111.19000244140625,12398400,95.40206146240234,7649800,84.065673828125,4810700,14.640000343322754,0
2018-08-16,250.87745666503906,69967900,52.01004409790039,23297100,34.832767486572266,78123900,61.239444732666016,3329800,111.0999984741211,7484600,95.39413452148438,5400400,84.04105377197266,2594400,13.449999809265137,0
2018-08-17,251.7606658935547,65618500,52.31743240356445,25722900,35.19968795776367,76030400,61.80561447143555,4698400,112.12999725341797,8471000,95.5125732421875,3537600,84.0738525390625,3043400,12.640000343322754,0
2018-08-20,252.29946899414062,39807500,52.60116958618164,16229300,35.358131408691406,50762900,61.84971237182617,4629200,112.69000244140625,5313400,96.15205383300781,5603700,84.33631134033203,2901100,12.489999771118164,0
2018-08-21,252.89122009277344,67272000,52.924320220947266,15670100,35.80845642089844,70462300,61.47473907470703,3149000,113.0199966430664,5042400,95.82833099365234,4695000,84.22154235839844,2516700,12.859999656677246,0
2018-08-22,252.7410888671875,44993300,53.129241943359375,13217500,36.091983795166016,45602900,61.129150390625,2954900,113.2699966430664,6215600,96.20734405517578,5309600,84.3773422241211,2396500,12.25,0
2018-08-23,252.4053955078125,49204900,52.750919342041016,22030700,35.508243560791016,68878400,60.97477340698242,2528800,112.19999694824219,5500100,96.3573226928711,5328700,84.36913299560547,871000,12.40999984741211,0
2018-08-24,253.92459106445312,57487400,53.05830001831055,21816600,36.16703414916992,69304200,61.33504104614258,3897100,114.16000366210938,9214700,96.54681396484375,6092200,84.39374542236328,1296600,11.989999771118164,0
2018-08-27,255.92929077148438,57072400,53.76763153076172,24820300,36.684059143066406,96574800,61.11445999145508,4479000,114.58999633789062,4364000,95.99417877197266,6407400,84.2051010131836,1851900,12.15999984741211,0
2018-08-28,256.0530700683594,46943500,53.72035217285156,19866800,36.55064010620117,50093400,61.93796157836914,4653100,113.68000030517578,6101400,95.4178466796875,4929300,84.01643371582031,1506300,12.5,0
2018-08-29,257.4307861328125,61485500,54.01195526123047,18107700,36.77579879760742,58165600,61.952667236328125,3564900,114.19999694824219,5616300,95.54415893554688,5613300,83.99181365966797,1420400,12.25,0
2018-08-30,256.3886413574219,61229500,53.49966049194336,20743000,35.81678009033203,120206400,61.555633544921875,2968300,113.63999938964844,5431600,95.74942016601562,5302900,84.14766693115234,2780900,13.529999732971191,0
2018-08-31,256.3974914550781,66140800,53.07405471801758,30945900,36.0002555847168,88660500,61.79824447631836,3305800,113.51000213623047,5048700,95.52835845947266,9677500,84.16404724121094,2132200,12.859999656677246,0
2018-09-04,255.95584106445312,57594400,52.624813079833984,25303400,35.29975891113281,76724700,61.06298828125,4718600,112.93000030517578,6617500,94.97605895996094,18343600,83.97173309326172,3419500,13.15999984741211,0
2018-09-05,255.2670135498047,72452400,52.14404296875,26850800,34.79106903076172,77835800,61.41592025756836,5407700,113.31999969482422,4459200,94.72283172607422,9422600,83.96359252929688,1332300,13.90999984741211,0
2018-09-06,254.49859619140625,65909900,51.986412048339844,25557900,34.824424743652344,73104400,61.59238052368164,3760300,113.54000091552734,4784700,95.07099914550781,9566000,84.13614654541016,1656700,14.649999618530273,0
2018-09-07,254.00393676757812,73524800,51.568702697753906,22989400,34.64929962158203,61590700,60.92329406738281,4234400,113.2300033569336,3714000,94.26392364501953,11212600,83.75809478759766,4405000,14.880000114440918,0
2018-09-10,254.4456329345703,50210900,51.883968353271484,15646700,34.30739974975586,61116600,61.195343017578125,3089200,113.1500015258789,2316500,94.61204528808594,6386400,83.80742645263672,3110800,14.15999984741211,0
2018-09-11,255.28465270996094,50530500,51.93124771118164,17652700,34.3824462890625,74608700,61.187992095947266,3980300,113.22000122070312,3791300,93.89200592041016,5440000,83.5032730102539,3360500,13.220000267028809,0
2018-09-12,255.34645080566406,59810800,52.15192413330078,19372500,34.55756759643555,116612700,61.21741485595703,2827800,114.16999816894531,6315900,94.11359405517578,3347200,83.60194396972656,1398800,13.140000343322754,0
2018-09-13,256.856689453125,51034200,52.538124084472656,26009600,35.02456283569336,96306500,61.51887130737305,3813600,113.76000213623047,5635900,94.25602722167969,4833000,83.59368133544922,1281600,12.369999885559082,0
2018-09-14,256.9007568359375,55079900,52.61692810058594,21047500,34.991214752197266,65202700,61.129150390625,5215800,113.0199966430664,5375600,93.80496978759766,5579500,83.43753051757812,3749900,12.069999694824219,0
2018-09-17,255.54080200195312,68244000,52.664222717285156,13679100,34.674320220947266,74603900,61.32770538330078,4414700,113.61000061035156,4727300,93.80496978759766,5433000,83.45396423339844,3808400,13.680000305175781,0
2018-09-18,256.9273986816406,61930400,53.21592330932617,20734400,35.00788497924805,52000700,61.0335693359375,8039400,113.44000244140625,4737800,92.8238296508789,10182300,83.10881805419922,4972900,12.789999961853027,0
2018-09-19,257.20111083984375,49080600,53.405086517333984,15330300,35.49156188964844,55892400,60.320396423339844,4410600,113.87999725341797,4223200,92.2698974609375,13379600,82.96903228759766,5515900,11.75,0
2018-09-20,259.28546142578125,100360600,54.067138671875,24625300,35.88350296020508,93427400,60.88652801513672,4308300,114.2699966430664,4384200,92.69718170166016,8657300,82.9773178100586,2973500,11.800000190734863,0
2018-09-21,259.04852294921875,105479700,54.09077072143555,19003300,36.050289154052734,102750700,60.86446762084961,7292200,113.48999786376953,6831400,92.65765380859375,6173800,83.01016998291016,1024100,11.680000305175781,0
2018-09-24,258.18804931640625,53409600,53.84645080566406,20382700,35.64167404174805,54411700,59.771484375,4111200,113.47000122070312,4435300,92.42023468017578,5505500,82.91979217529297,2389800,12.199999809265137,0
2018-09-25,257.948486328125,44370000,54.11442184448242,19623000,35.7834358215332,49467000,59.7789306640625,4781800,113.6500015258789,3004800,92.3252944946289,6650900,82.83757781982422,2878300,12.420000076293945,0
2018-09-26,257.1766052246094,79739700,54.138065338134766,26899900,35.858489990234375,84080400,59.063194274902344,8971900,113.05000305175781,8297300,92.97415924072266,9512700,83.10881805419922,2502900,12.890000343322754,0
2018-09-27,257.8951721191406,59249500,54.0277214050293,21555300,36.03361129760742,45547200,59.34652328491211,4942200,112.05000305175781,7683400,93.0374526977539,5758500,83.10881805419922,6342800,12.40999984741211,0
2018-09-28,257.921875,70091400,53.58636474609375,37330500,35.79177474975586,64732800,60.1517333984375,6092300,112.76000213623047,6020600,92.79212951660156,12807700,83.14990997314453,3931000,12.119999885559082,0
2018-10-01,258.8179016113281,62078900,53.64940643310547,27922300,35.80010986328125,31030500,59.592552185058594,7215600,112.56999969482422,3892600,92.11093139648438,22442400,82.93904876708984,6408000,12.0,0
2018-10-02,258.6671447753906,47258200,53.373558044433594,18689200,35.349796295166016,57719700,59.45834732055664,5746700,113.87000274658203,10776700,92.67400360107422,8266900,83.1531753540039,2915000,12.050000190734863,0
2018-10-03,258.8089904785156,64694600,53.27898406982422,19372300,35.05792236328125,76571200,58.82461929321289,7104300,113.41999816894531,6674500,91.06412506103516,20829200,82.5355453491211,6612700,11.609999656677246,0
2018-10-04,256.7862243652344,111545900,52.656341552734375,38671500,34.18230438232422,132360900,58.33256530761719,6759300,113.4800033569336,6616200,90.42178344726562,16207400,82.32140350341797,6427500,14.220000267028809,0
2018-10-05,255.3489990234375,105951700,52.341087341308594,28116900,34.05722427368164,80578500,58.3027229309082,4971600,113.80000305175781,7994400,89.64459228515625,18096500,82.12377166748047,5676600,14.819999694824219,0
2018-10-08,255.3489990234375,87742200,52.0888786315918,24471300,34.10725402832031,59744400,59.14521789550781,5246900,112.54000091552734,12111600,89.34324645996094,5855900,82.15672302246094,1947800,15.6899995803833,0
2018-10-09,254.976318359375,74339000,51.95488739013672,23011200,33.98217010498047,60976800,59.22721862792969,5852000,112.5999984741211,8352300,90.24726867675781,11530800,82.31317138671875,3066300,15.949999809265137,0
2018-10-10,246.9029998779297,214731000,50.851470947265625,64586200,32.97312927246094,99036700,58.34747314453125,8837400,112.87999725341797,10571300,90.00148010253906,15290100,82.35430908203125,3001900,22.959999084472656,0
2018-10-11,241.4645538330078,274840500,50.142147064208984,119275100,32.639564514160156,168923800,56.67741775512695,12471700,115.77999877929688,26810900,91.09585571289062,16086800,82.69198608398438,5821500,24.979999542236328,0
2018-10-12,244.818115234375,183186500,50.32341384887695,66647600,33.59857177734375,116892100,56.52829360961914,10167900,115.2300033569336,12939300,90.77864074707031,6794100,82.59321594238281,2647900,21.309999465942383,0
2018-10-15,243.44297790527344,102263700,50.2052001953125,32702300,33.23998260498047,52651000,56.90855407714844,8526800,116.0,11828400,90.7389907836914,7146300,82.6425552368164,1860000,21.299999237060547,0
2018-10-16,248.76612854003906,118255800,51.06427764892578,35959100,34.073909759521484,65949500,58.07905578613281,5315400,115.80000305175781,9531800,90.94515228271484,4762300,82.63432312011719,2703900,17.6200008392334,0
2018-10-17,248.81051635742188,110626000,50.77265548706055,26566600,33.65693664550781,69718700,57.855384826660156,5088900,115.79000091552734,7078600,90.40589904785156,5880700,82.39552307128906,3336200,17.399999618530273,0
2018-10-18,245.2174072265625,134557500,49.95298767089844,48286500,32.772987365722656,107005100,57.74356460571289,6818700,115.91999816894531,7964100,90.37417602539062,5728800,82.54376220703125,2587700,20.059999465942383,0
2018-10-19,245.0843048095703,139901600,50.236717224121094,31924100,33.08153533935547,81176200,58.24309539794922,5357300,116.01000213623047,7453900,90.17594146728516,10892400,82.44493103027344,5531900,19.889999389648438,0
2018-10-22,243.98422241210938,82415800,50.016029357910156,28641300,33.44012451171875,67724900,57.43043518066406,7499300,115.70999908447266,5200500,90.05699920654297,3244200,82.46143341064453,1690100,19.639999389648438,0
2018-10-23,242.7421417236328,146352700,49.543148040771484,54694300,33.073204040527344,89864600,57.68391418457031,6988400,116.38999938964844,12704200,90.34243774414062,10330700,82.67549133300781,4420100,20.709999084472656,0
2018-10-24,235.3874053955078,177806700,48.14024353027344,62942300,32.00578308105469,87632500,58.22816848754883,6016200,116.66000366210938,8563300,91.02449035644531,16008000,83.12023162841797,4881200,25.229999542236328,0
2018-10-25,239.6103515625,138061500,48.74711227416992,47758100,32.62287902832031,80961600,58.97372055053711,6215700,116.4000015258789,8303500,90.6438217163086,12613200,82.92259216308594,3559900,24.219999313354492,0
2018-10-26,235.39630126953125,201574600,48.416099548339844,72008800,32.247615814208984,139198800,57.55717086791992,11721400,116.7699966430664,15733100,91.19100952148438,18582500,83.29315948486328,4220800,24.15999984741211,0
2018-10-29,234.092041015625,160749100,48.282108306884766,60675300,31.68889617919922,102322800,58.287841796875,7159600,116.30999755859375,8732500,90.98479461669922,7679900,83.28494262695312,3766900,24.700000762939453,0
2018-10-30,237.56105041503906,157116000,48.86534118652344,50851500,32.30599594116211,99881500,59.0855598449707,9053000,115.80000305175781,7233300,90.53277587890625,9939500,83.10379028320312,5746600,23.350000381469727,0
2018-10-31,240.098388671875,128296300,49.227882385253906,49348900,32.6562385559082,92768300,58.392208099365234,8322000,115.1500015258789,11409300,90.07286071777344,8706400,82.89791107177734,3956700,21.229999542236328,0
2018-11-01,242.65345764160156,99495000,49.85840606689453,42760200,33.82372283935547,120482200,58.668052673339844,6062700,116.62999725341797,13662900,90.15631103515625,6100200,82.9688491821289,4834300,19.34000015258789,0
2018-11-02,241.21620178222656,122634100,49.929344177246094,39087900,34.0405387878418,111324700,58.18343734741211,7609100,116.6500015258789,8796900,89.03543853759766,11314800,82.50666046142578,5250900,19.510000228881836,0
2018-11-05,242.54702758789062,65622500,49.929344177246094,23002700,34.13227462768555,58319600,59.04827880859375,6753000,116.37000274658203,6291500,89.38520812988281,4760200,82.55619812011719,2446700,19.959999084472656,0
2018-11-06,244.08181762695312,60085900,50.13426208496094,18973700,34.073909759521484,40847800,59.34652328491211,4127900,116.04000091552734,7270800,89.32955932617188,3159900,82.46540832519531,2456700,19.90999984741211,0
2018-11-07,249.3072967529297,102752100,50.80418395996094,34148400,34.716026306152344,81011500,60.054813385009766,7559200,116.02999877929688,8392100,89.4488296508789,9313100,82.46540832519531,3297600,16.360000610351562,0
2018-11-08,248.85484313964844,65584900,50.30765914916992,31336600,33.81538009643555,90610900,60.09952926635742,3559700,115.77999877929688,7638800,89.44084167480469,6905100,82.34988403320312,2188900,16.719999313354492,0
2018-11-09,246.42396545410156,98812600,49.97663116455078,27581700,33.189945220947266,82943700,60.09207534790039,3388500,114.4800033569336,14159200,90.10858154296875,6465300,82.6717529296875,2772700,17.360000610351562,0
2018-11-12,241.8195343017578,99673600,49.15695571899414,31068900,32.72295379638672,68569700,60.211360931396484,4969800,113.66000366210938,7498600,90.69689178466797,6840000,82.9193344116211,3704900,20.450000762939453,0
2018-11-13,241.36703491210938,98176600,49.3697509765625,37193900,33.09821319580078,106305600,60.1517333984375,4882600,113.69999694824219,9309000,90.6412124633789,6525800,82.98536682128906,3265000,20.020000457763672,0
2018-11-14,239.71685791015625,125335900,49.4091682434082,51506100,33.2983512878418,96621100,60.002620697021484,4545800,114.63999938964844,13950200,90.69689178466797,8690800,83.15867614746094,4626400,21.25,0
2018-11-15,242.21871948242188,135101400,49.566802978515625,54666300,34.0405387878418,146475800,59.592552185058594,6413700,114.7699966430664,8910600,90.65715789794922,7879600,83.2164535522461,2621300,19.979999542236328,0
2018-11-16,242.84866333007812,126668000,49.62196731567383,30723600,34.10725402832031,135075800,60.23373794555664,4347600,115.62000274658203,8577000,91.1817855834961,9236700,83.47227478027344,7226700,18.139999389648438,0
2018-11-19,238.74099731445312,103061700,49.188472747802734,30409700,33.64860534667969,77777300,60.31575012207031,7117500,115.66999816894531,8508300,91.43621063232422,7027200,83.5960922241211,3447800,20.100000381469727,0
2018-11-20,234.32273864746094,136021300,48.337284088134766,41209700,32.923095703125,98272800,59.69694137573242,5295700,115.66999816894531,9075100,91.46798706054688,6332600,83.57958984375,3658600,22.479999542236328,0
2018-11-21,235.12124633789062,75563700,49.015079498291016,32720600,33.531856536865234,68104600,59.74912643432617,4139600,115.86000061035156,8834200,91.43621063232422,4951100,83.56310272216797,1897000,20.799999237060547,0
2018-11-23,233.55093383789062,42807900,48.691951751708984,13336500,33.1399040222168,32048200,59.62982177734375,2815500,115.7699966430664,3726600,91.5315933227539,3027900,83.61261749267578,531200,21.520000457763672,0
2018-11-26,237.3214111328125,79981400,49.4249267578125,31007400,33.54853820800781,76320100,59.74164962768555,4422200,115.63999938964844,4018600,91.32489776611328,6599000,83.54656982421875,2345600,18.899999618530273,0
2018-11-27,238.1199188232422,75502400,49.23576354980469,38111400,33.78202438354492,81069100,59.99514389038086,5183600,114.94999694824219,9671100,91.42825317382812,5967200,83.6291275024414,2334400,19.020000457763672,0
2018-11-28,243.60269165039062,127629600,49.937225341796875,40600800,34.5909309387207,121010900,60.531959533691406,8681300,115.37999725341797,13788800,90.98304748535156,7814000,83.62084197998047,3582500,18.489999771118164,0
2018-11-29,243.07040405273438,82346400,49.68501663208008,31259700,34.29072952270508,104239600,60.54688262939453,5681000,115.73999786376953,6479300,91.34076690673828,7295600,83.83544158935547,4313000,18.790000915527344,0
2018-11-30,244.55198669433594,98204200,49.47221374511719,32068600,34.25736618041992,92961200,61.12095260620117,6641000,115.54000091552734,8169600,91.68263244628906,9127800,84.00048065185547,3069700,18.06999969482422,0
2018-12-03,247.7902374267578,103176300,50.12637710571289,43673900,34.94951248168945,125024100,61.448997497558594,7407000,116.41000366210938,8469500,92.33362579345703,9763800,84.18408203125,6008500,16.440000534057617,0
2018-12-04,239.76116943359375,177986000,48.82593536376953,50079600,34.20732879638672,134758200,60.53942108154297,9346700,117.12000274658203,7186100,93.8794174194336,18100500,84.57280731201172,7748800,20.739999771118164,0
2018-12-06,239.3974609375,204185400,48.368804931640625,78905500,33.89043426513672,165155100,62.03798294067383,15059500,117.13999938964844,9267600,94.1742172241211,15319400,84.78783416748047,9429900,21.190000534057617,0
2018-12-07,233.83485412597656,161018900,47.88014602661133,54090300,33.25666427612305,134304600,61.22533416748047,9987800,118.08999633789062,10402900,94.34952545166016,8608400,85.03594970703125,7319100,23.229999542236328,0
2018-12-10,234.2783966064453,151445900,47.50971603393555,61630500,32.90641403198242,104465300,60.83018493652344,5804300,117.68000030517578,8117900,94.73995971679688,8777700,85.08556365966797,9045700,22.639999389648438,0
2018-12-11,234.3316192626953,121504400,47.65947341918945,71163600,33.15658187866211,104014700,60.86000061035156,5108800,117.54000091552734,6395400,94.72403717041016,8071900,84.87054443359375,5290100,21.760000228881836,0
2018-12-12,235.51162719726562,97976700,48.360923767089844,45925600,33.69864273071289,89712200,59.920589447021484,6943900,117.79000091552734,4136800,94.30169677734375,6182200,84.63896942138672,3727200,21.459999084472656,0
2018-12-13,235.43174743652344,96662700,48.27422332763672,44498200,33.690303802490234,72445400,60.26689910888672,6131600,117.52999877929688,4131800,94.07860565185547,5564200,84.6885757446289,4116000,20.649999618530273,0
2018-12-14,231.0845947265625,116961100,47.651588439941406,50416200,33.2149772644043,94915600,60.0933723449707,10390400,117.05999755859375,7501700,94.40532684326172,8169200,84.82090759277344,3530000,21.6299991607666,0
2018-12-17,226.55105590820312,165492300,47.27327346801758,58508500,32.90641403198242,109276200,57.82997131347656,20329300,117.87000274658203,8454900,94.95508575439453,9726800,85.06903076171875,7627000,24.520000457763672,0
2018-12-18,226.3026580810547,134515100,47.31150817871094,48896500,33.129878997802734,102509800,58.425987243652344,9575700,118.1500015258789,7542900,95.52377319335938,10018800,85.27871704101562,4461400,25.579999923706055,0
2018-12-19,222.91360473632812,214992800,46.8574333190918,68491500,32.579689025878906,204046200,57.78470230102539,10760000,117.43000030517578,13827500,96.78572845458984,23046300,85.57709503173828,7710900,25.579999923706055,0
2018-12-20,219.28500366210938,252053400,46.66624450683594,97602600,32.8336181640625,183908800,56.91707229614258,13284100,119.23999786376953,18615100,96.43425750732422,18543700,85.46935272216797,9245200,28.3799991607666,0
2018-12-21,214.79197692871094,255345600,45.85368347167969,93622500,32.60507583618164,143673400,56.12485885620117,16609300,118.72000122070312,13629800,96.41831970214844,9945100,85.54393768310547,4918800,30.110000610351562,0
2018-12-24,209.11659240722656,147311600,45.3199577331543,47120300,32.300357818603516,50709500,54.12553024291992,9335800,120.0199966430664,9736400,96.89754486083984,8377500,85.7593765258789,6373000,36.06999969482422,0
2018-12-26,219.68212890625,218485400,46.37149429321289,69827600,32.943660736083984,96347200,55.936256408691406,16977000,119.66000366210938,14293500,95.85921478271484,11700400,85.35330963134766,5477700,30.40999984741211,0
2018-12-27,221.3687286376953,186267300,46.506919860839844,76591200,32.90133285522461,81792700,55.92869186401367,12102300,120.56999969482422,11874400,95.87519073486328,12146500,85.56874084472656,4602100,29.959999084472656,0
2018-12-28,221.0831298828125,153100200,46.75387191772461,68541800,33.21452331542969,72869100,56.10979080200195,12729300,121.05999755859375,6864700,96.68185424804688,9879100,86.03288269042969,4543100,28.34000015258789,0
2018-12-31,223.01956176757812,144299400,46.825565338134766,62878800,33.062164306640625,72972200,56.26066207885742,15750600,121.25,8449400,97.04930114746094,17409000,86.35608673095703,7227500,25.420000076293945,0
2019-01-02,223.25161743164062,126925200,46.729976654052734,38723200,33.14680480957031,57198800,55.03841781616211,12880400,121.33000183105469,12776200,97.56045532226562,19841500,86.53839874267578,18668600,23.219999313354492,0
2019-01-03,217.9241943359375,144140700,46.30776596069336,35012600,32.54582977294922,62767600,55.423213958740234,12264300,122.43000030517578,15440800,98.67060852050781,21187000,87.22628784179688,10616700,25.450000762939453,0
2019-01-04,225.22369384765625,142628800,47.72575378417969,47001700,33.595420837402344,103055100,56.07205581665039,9389000,121.44000244140625,13334000,97.52851104736328,12970200,86.52184295654297,6616700,21.3799991607666,0
2019-01-07,226.99952697753906,103139100,47.90898132324219,30335900,33.67159652709961,76597000,56.622825622558594,9227900,121.86000061035156,7473600,97.2409439086914,8498100,86.2814712524414,5459200,21.399999618530273,0
2019-01-08,229.1322479248047,102512600,48.219661712646484,26444600,33.79856491088867,70518200,57.79225158691406,10761000,121.52999877929688,7643100,96.9853744506836,7737100,86.06600189208984,6879500,20.469999313354492,0
2019-01-09,230.20309448242188,95006600,48.76136016845703,34615300,34.39954376220703,125118800,57.70927047729492,6434200,122.30999755859375,10555900,96.8336181640625,9349200,86.11575317382812,3248700,19.979999542236328,0
2019-01-10,231.0151824951172,96823900,48.95255661010742,33699300,34.64501190185547,85207600,58.49391174316406,8671800,121.58999633789062,6672000,96.21067810058594,8222900,86.07432556152344,14413000,19.5,0
2019-01-11,231.1044158935547,73858100,48.61796951293945,40655600,34.47571563720703,63136200,58.65987777709961,5141900,121.80000305175781,8622400,96.58602142333984,5786900,86.33124542236328,3825700,18.190000534057617,0
2019-01-14,229.69447326660156,70908200,48.39492416381836,28319800,34.187931060791016,76217000,58.463722229003906,4934500,122.08999633789062,6477100,96.22662353515625,6730500,86.2814712524414,3090100,19.06999969482422,0
2019-01-15,232.326904296875,85208300,48.64983367919922,35202700,34.42493438720703,78913000,59.02201843261719,5377200,121.87999725341797,7512500,95.87519073486328,8997400,86.19863891601562,4148000,18.600000381469727,0
2019-01-16,232.88912963867188,77636700,48.785274505615234,38473900,34.848148345947266,82543600,59.436981201171875,6164000,122.2699966430664,6878100,95.97105407714844,6048400,86.14891815185547,4820800,19.040000915527344,0
2019-01-17,234.656005859375,96118400,48.96052169799805,28896000,35.00051498413086,85522800,59.72368621826172,4327000,122.11000061035156,8558500,95.9949951171875,8153400,85.9914321899414,5328100,18.059999465942383,0
2019-01-18,237.77926635742188,127900300,49.454429626464844,39380800,35.16980743408203,98168900,59.92738342285156,6397100,121.0199966430664,10896000,95.49185943603516,14106400,85.71794128417969,6617500,17.799999237060547,0
2019-01-22,234.5666961669922,115531200,48.68967056274414,36637900,34.56036376953125,101294900,59.7463264465332,6062600,121.44999694824219,7896500,96.13875579833984,8881100,86.01637268066406,5814400,20.799999237060547,0
2019-01-23,235.05755615234375,86030300,48.91272735595703,21725600,34.91587829589844,66625200,59.75384521484375,3972000,121.27999877929688,5224900,96.09883880615234,5776800,85.97489166259766,3507300,19.520000457763672,0
2019-01-24,235.1824493408203,59204100,48.96848678588867,21843800,35.254459381103516,76076900,59.95756530761719,4142500,121.08999633789062,5662500,96.72979736328125,7121900,86.24836730957031,6030700,18.889999389648438,0
2019-01-25,237.1724090576172,96883400,49.52613067626953,31128800,35.720001220703125,105779500,60.704498291015625,5713400,122.86000061035156,11103300,96.26653289794922,6460800,86.04943084716797,2763300,17.420000076293945,0
2019-01-28,235.369873046875,85613700,49.25528335571289,28738200,35.347557067871094,85543100,61.3005256652832,5471200,123.29000091552734,8522200,96.17073059082031,6435800,86.07432556152344,3116100,18.8700008392334,0
2019-01-29,235.05755615234375,66136300,49.36680603027344,23933700,35.40681838989258,56518900,61.78338623046875,4832200,123.9800033569336,11610200,96.65789794921875,5750100,86.32292938232422,2836700,19.1299991607666,0
2019-01-30,238.77870178222656,92473700,49.90850830078125,30465700,36.177085876464844,127796800,62.28131103515625,6635900,124.69000244140625,12104000,96.58602142333984,10571300,86.52184295654297,5788300,17.65999984741211,0
2019-01-31,240.87576293945312,104012100,49.932403564453125,33012500,36.48179626464844,119929200,62.93015670776367,13041700,124.75,10209500,97.41670227050781,11843400,86.91961669921875,10206500,16.56999969482422,0
2019-02-01,240.9917449951172,85782500,49.916465759277344,22056000,36.194007873535156,65766100,62.53028869628906,16142500,124.5,12485500,96.82833862304688,12024600,86.45457458496094,9191900,16.139999389648438,0
2019-02-04,242.68724060058594,60744800,50.099700927734375,20260600,36.25326156616211,45770200,62.99807357788086,13612800,123.95999908447266,6878900,96.39604187011719,8966200,86.2635726928711,7283500,15.729999542236328,0
2019-02-05,243.70458984375,79552800,50.49004364013672,29367100,36.75265884399414,81720100,63.36021423339844,10279100,124.27999877929688,6291100,96.8363037109375,6983300,86.4130630493164,3331100,15.569999694824219,0
2019-02-06,243.38330078125,58347800,50.23512649536133,19675600,36.25326156616211,58194900,62.94526672363281,8419900,123.44000244140625,6595100,96.88435363769531,5184000,86.47946166992188,3489800,15.380000114440918,0
2019-02-07,241.0631866455078,95482000,49.565956115722656,33930700,35.889286041259766,101061400,63.465843200683594,8823200,123.73999786376953,5935500,97.52474975585938,8781000,86.76184844970703,6937400,16.3700008392334,0
2019-02-08,241.35760498046875,75788900,49.40663146972656,21440400,35.686134338378906,64212200,63.465843200683594,6853900,124.20999908447266,4235200,97.94097900390625,5885400,86.87810516357422,2602700,15.720000267028809,0
2019-02-11,241.491455078125,68021400,49.35883331298828,22453000,35.5676383972168,42213400,63.639381408691406,4999200,123.5999984741211,4821800,97.55677032470703,4352800,86.74525451660156,2637200,15.970000267028809,0
2019-02-12,244.59690856933594,72270200,49.932403564453125,28176300,35.863895416259766,66073100,63.23949432373047,8588900,123.86000061035156,4271900,97.30860900878906,7939600,86.62895965576172,3305300,15.430000305175781,0
2019-02-13,245.3910675048828,65277200,49.94037628173828,22923500,35.609962463378906,82318100,63.563934326171875,5697000,123.37000274658203,7640500,96.9404067993164,4757700,86.4130630493164,3772100,15.649999618530273,0
2019-02-14,244.84681701660156,83234400,49.95630645751953,23166900,35.67768096923828,91302500,63.76762008666992,6928100,124.05999755859375,6276500,97.4926986694336,5868900,86.81999206542969,10568700,16.219999313354492,0
2019-02-15,247.51495361328125,97088700,50.68122863769531,29544700,35.626895904541016,72362200,64.19766998291016,4998600,124.80000305175781,12190100,97.6447982788086,5527200,86.73692321777344,6879000,14.90999984741211,0
2019-02-19,247.94326782226562,59120800,50.87242126464844,19126800,35.906219482421875,64391100,64.18258666992188,5981200,126.69999694824219,15614000,97.89298248291016,5872800,86.88642883300781,8557400,14.880000114440918,0
2019-02-20,248.44305419921875,76610800,51.01581573486328,27833100,36.10936737060547,73694800,63.7827262878418,7918900,126.4800033569336,8889700,97.61283111572266,4455800,86.86978149414062,4751100,14.020000457763672,0
2019-02-21,247.55953979492188,64214700,50.912254333496094,19709600,36.033180236816406,48092400,63.843082427978516,4756900,125.05000305175781,8634600,96.74024963378906,7382500,86.61235809326172,4140200,14.460000038146973,0
2019-02-22,249.0944366455078,78114600,51.07954406738281,19653800,36.4310188293457,58022200,64.22030639648438,4490300,125.5,5439400,97.31661987304688,6374600,86.86978149414062,3351000,13.510000228881836,0
2019-02-25,249.4335479736328,69030700,51.230899810791016,21208900,36.837303161621094,66533800,63.7148323059082,4956800,125.37000274658203,4882600,97.0284423828125,6293500,86.73692321777344,2849600,14.850000381469727,0
2019-02-26,249.25506591796875,56844100,51.47785949707031,23246200,36.7103385925293,58330600,63.51866149902344,4777100,125.58000183105469,5153200,97.5087890625,6028900,86.99437713623047,2647700,15.170000076293945,0
2019-02-27,249.14801025390625,56921600,51.270729064941406,19933400,36.397159576416016,69471200,63.2017707824707,8116400,124.69000244140625,7935600,96.404052734375,7737300,86.68709564208984,2530600,14.699999809265137,0
2019-02-28,248.6838836669922,69268300,51.199031829833984,27730700,35.92314529418945,87434700,63.367767333984375,6547100,123.98999786376953,7811700,96.07585144042969,9533400,86.46287536621094,4949900,14.779999732971191,0
2019-03-01,250.2366180419922,78880500,51.47785949707031,26191800,35.96547317504883,94263900,63.171600341796875,10635700,121.87999725341797,16411700,95.18783569335938,13541100,86.17915344238281,9003000,13.569999694824219,0
2019-03-04,249.32640075683594,106494600,51.28666687011719,22255100,36.01625442504883,94168300,63.45829772949219,7103600,121.55999755859375,10272600,95.93386840820312,9808500,86.44538116455078,3506600,14.630000114440918,0
2019-03-05,248.98727416992188,59114600,51.334476470947266,22315100,36.37175750732422,54576700,63.6318244934082,9077500,121.72000122070312,7120100,96.1344223022461,5595200,86.49532318115234,2112200,14.739999771118164,0
2019-03-06,247.47930908203125,75039800,51.207008361816406,14060100,36.16860580444336,61237800,63.33757781982422,5370800,121.61000061035156,4820400,96.48738098144531,7766700,86.73661804199219,2401600,15.739999771118164,0
2019-03-07,245.40895080566406,94885100,50.553768157958984,29445800,35.49991989135742,83415300,63.2017707824707,8328500,121.51000213623047,6088800,97.11309051513672,8187200,87.02787017822266,4822900,16.59000015258789,0
2019-03-08,244.91815185546875,85795800,50.561737060546875,21427600,35.24598693847656,97742100,63.26966857910156,9264800,122.83999633789062,10427700,97.52223205566406,7517600,87.15266418457031,5212000,16.049999237060547,0
2019-03-11,248.46974182128906,65098900,50.999881744384766,16204800,35.906219482421875,63002300,64.19766998291016,4679300,122.23999786376953,6708700,97.23338317871094,5157800,87.08611297607422,4654100,14.329999923706055,0
2019-03-12,249.40673828125,79667500,50.96800994873047,31559400,36.092430114746094,42726900,64.4919204711914,6072500,122.9800033569336,6289900,97.9152603149414,6422300,87.32740783691406,4942800,13.770000457763672,0
2019-03-13,251.05760192871094,80639200,51.406158447265625,17856300,36.134761810302734,61450000,64.80878448486328,4282900,123.83999633789062,7377300,97.73077392578125,4386300,87.29413604736328,1715000,13.40999984741211,0
2019-03-14,250.89703369140625,67518400,51.3981819152832,20861400,35.94007110595703,58460400,64.90687561035156,4303200,122.41000366210938,6778200,97.0248794555664,8188400,87.16935729980469,2514700,13.5,0
2019-03-15,252.13661193847656,81309000,51.95582580566406,44272000,36.464874267578125,139870800,64.70317840576172,4742200,122.97000122070312,9412000,97.66659545898438,4302000,87.44391632080078,7846600,12.880000114440918,0
2019-03-18,253.0508575439453,62199800,52.1390495300293,27734300,36.871158599853516,42149100,64.37873840332031,4125300,123.04000091552734,7783200,97.61043548583984,3893300,87.32740783691406,4166200,13.100000381469727,0
2019-03-19,253.11354064941406,90268100,52.242610931396484,32094800,36.888092041015625,53192700,64.18258666992188,6169200,123.37999725341797,6558700,97.39384460449219,5220200,87.26917266845703,2138000,13.5600004196167,0
2019-03-20,252.35171508789062,84609200,52.266517639160156,33136000,36.94734573364258,90678800,64.37873840332031,6499300,124.18000030517578,11304900,98.41265106201172,10123700,87.87660217285156,8061700,13.90999984741211,0
2019-03-21,255.2019500732422,79550400,52.234649658203125,34686500,36.998130798339844,71400600,65.52554321289062,6948200,123.68000030517578,7739800,98.62921905517578,7182600,87.8349609375,4633500,13.630000114440918,0
2019-03-22,250.29026794433594,122659300,51.230899810791016,36194200,35.9146842956543,118616600,65.05020904541016,8769700,123.97000122070312,5874000,100.16138458251953,13077000,88.48399353027344,4721900,16.479999542236328,0
2019-03-25,250.10198974609375,85575200,51.30259704589844,26707900,35.999324798583984,53285300,65.13322448730469,6324300,124.91999816894531,7288300,100.32184600830078,9736300,88.7086410522461,7828800,16.329999923706055,0
2019-03-26,251.96620178222656,68125900,51.55752944946289,36734400,36.10936737060547,57145800,65.65380096435547,8576400,124.30000305175781,5056100,100.2496566772461,7502000,88.63379669189453,7483700,14.680000305175781,0
2019-03-27,250.648681640625,72224700,51.58141326904297,21772300,35.720001220703125,72804300,65.46517944335938,7252600,123.6500015258789,6595000,101.17217254638672,14207200,88.8917465209961,3555900,15.149999618530273,0
2019-03-28,251.59884643554688,56238500,51.45395278930664,16531200,35.957000732421875,41052500,66.10043334960938,5600000,121.9000015258789,11878300,101.5251235961914,9143200,88.9000244140625,3769600,14.430000305175781,0
2019-03-29,253.1853485107422,82186800,51.669044494628906,23423900,36.329444885253906,70439100,66.03963470458984,13743500,122.01000213623047,7093900,101.42887878417969,10841400,88.7585678100586,2748900,13.710000038146973,0
2019-04-01,256.18780517578125,77617900,52.33024978637695,33228100,36.930419921875,70455500,66.00164031982422,8528500,121.52999877929688,13560000,99.9881362915039,16501500,88.14826202392578,9430400,13.399999618530273,0
2019-04-02,256.3132629394531,40070400,52.34617614746094,18209100,36.81191635131836,48692200,66.46515655517578,10358100,121.9800033569336,4475000,100.17304229736328,9725000,88.29833984375,7318600,13.359999656677246,0
2019-04-03,256.7167053222656,68243200,52.75245666503906,25471600,37.06584930419922,73639400,66.38919067382812,5004200,121.80000305175781,6152200,99.30481719970703,10407000,88.02320098876953,5207300,13.739999771118164,0
2019-04-04,257.3977966308594,48997500,52.640926361083984,23580500,37.29438781738281,47028400,66.28279876708984,4249100,122.11000061035156,7508400,99.58621978759766,7503400,88.1148910522461,2293700,13.579999923706055,0
2019-04-05,258.6437072753906,58621700,52.7763557434082,27828800,37.582176208496094,50360800,66.74630737304688,4827100,121.9800033569336,5114500,99.71485137939453,6321800,88.15657806396484,1749900,12.819999694824219,0
2019-04-08,258.84088134765625,53566300,52.80821228027344,21464100,37.582176208496094,30209000,66.37397766113281,4575500,122.51000213623047,4270800,99.36109161376953,4446400,88.01482391357422,3591500,13.180000305175781,0
2019-04-09,257.5143127441406,66142300,52.473636627197266,17074900,37.50599670410156,49530300,66.0244369506836,3507600,123.1500015258789,4648400,99.67465209960938,7020300,88.17326354980469,3210600,14.279999732971191,0
2019-04-10,258.3927001953125,52601500,52.67280197143555,25289300,37.68375778198242,51143400,66.63233184814453,4264500,123.52999877929688,6344800,99.91578674316406,7519900,88.38174438476562,2059800,13.300000190734863,0
2019-04-11,258.3210144042969,55093100,52.5612678527832,16309400,37.27745819091797,55153600,66.58672332763672,2925600,121.94999694824219,11694500,99.32891082763672,8679300,88.181640625,1547500,13.020000457763672,0
2019-04-12,260.0688171386719,69727800,52.9277229309082,31507700,37.54832077026367,54695700,66.90587615966797,4148900,121.83000183105469,5272800,98.62142944335938,7005500,87.7730712890625,6032100,12.010000228881836,0
2019-04-15,259.89849853515625,49596700,52.95160675048828,11608000,37.3536376953125,37957800,66.56393432617188,3468900,121.5999984741211,4252400,98.87065887451172,3070000,87.88980102539062,2410700,12.319999694824219,0
2019-04-16,260.0688171386719,52153200,52.99143600463867,19958100,37.63296890258789,43860100,65.05941772460938,7256100,120.51000213623047,10097800,98.25166320800781,8927300,87.58966064453125,5003600,12.180000305175781,0
2019-04-17,259.43243408203125,58268300,53.14279556274414,23540000,37.743003845214844,56935400,64.46672821044922,6121300,120.27999877929688,4693900,98.29183959960938,6118500,87.60630798339844,2348800,12.600000381469727,0
2019-04-18,259.943359375,68708500,53.110939025878906,21794000,37.717613220214844,56639800,64.96065521240234,4827400,120.37000274658203,4090400,98.80635833740234,27589400,87.81472778320312,4893200,12.09000015258789,0
2019-04-22,260.1673889160156,40160100,53.02330017089844,21336700,37.47214126586914,35929100,64.24636840820312,5012000,120.37000274658203,2250900,98.33203125,6241200,87.6896743774414,3630000,12.420000076293945,0
2019-04-23,262.5067138671875,52246600,53.12686538696289,17741400,37.556785583496094,32829900,65.09739685058594,4692300,120.12000274658203,5574800,98.54103088378906,6239700,87.84805297851562,2462100,12.279999732971191,0
2019-04-24,261.92413330078125,50392900,52.76041793823242,26417500,37.048912048339844,68961600,65.57613372802734,4853800,120.47000122070312,4173000,99.34500122070312,7302000,88.181640625,3266700,13.140000343322754,0
2019-04-25,261.7627258300781,57770900,52.7205924987793,16020300,36.998130798339844,61168500,65.43933868408203,3732500,120.56999969482422,4836900,99.20027160644531,5380900,88.07321166992188,1457600,13.25,0
2019-04-26,262.981689453125,50916400,52.9356803894043,17705700,37.14202117919922,55441700,65.95606231689453,3109400,121.37000274658203,6022700,99.53795623779297,5950700,88.30669403076172,2156100,12.729999542236328,0
2019-04-29,263.39410400390625,57197700,53.1507682800293,16992700,37.21821212768555,34398300,65.31016540527344,4280600,120.83000183105469,4469300,98.90282440185547,10246000,88.12323760986328,2715000,13.109999656677246,0
2019-04-30,263.5284423828125,81111700,53.1826286315918,36645900,37.184356689453125,69577000,65.93325805664062,5541400,121.19999694824219,4758600,99.40931701660156,7957400,88.29833984375,3621900,13.119999885559082,0
2019-05-01,261.547607421875,71671900,52.87991714477539,25870800,36.905025482177734,98629100,65.9864501953125,7675800,120.4000015258789,12331800,99.81936645507812,14371900,88.25824737548828,6870700,14.800000190734863,0
2019-05-02,260.98297119140625,65030200,52.80025863647461,21120700,36.98966598510742,53101500,66.0548324584961,5675900,119.94000244140625,6759600,99.34407806396484,6612800,88.00760650634766,3126200,14.420000076293945,0
2019-05-03,263.53741455078125,56543700,53.365848541259766,22117400,37.429813385009766,56642000,66.61712646484375,4678400,120.6500015258789,8414400,99.62605285644531,6191700,88.12457275390625,2625200,12.869999885559082,0
2019-05-06,262.4529724121094,107198100,52.76041793823242,24641100,36.6595458984375,80977000,66.40438079833984,4836000,120.80999755859375,3479600,99.89991760253906,4482500,88.35015106201172,3370100,15.4399995803833,0
2019-05-07,258.07000732421875,144729900,51.836334228515625,30661400,35.94007110595703,94189000,65.20378875732422,7037100,121.20999908447266,4010700,100.66532897949219,8984900,88.6509017944336,3965800,19.31999969482422,0
2019-05-08,257.7115173339844,91568300,51.90007019042969,31028300,35.889286041259766,73548600,65.13541412353516,5976800,120.91000366210938,4178800,100.23027801513672,6907600,88.48384094238281,4226600,19.399999618530273,0
2019-05-09,256.9317932128906,103471100,51.66107940673828,28991500,35.322166442871094,130849000,65.30255889892578,4005000,121.19999694824219,5015500,100.64112091064453,9411900,88.71773529052734,4224100,19.100000381469727,0
2019-05-10,258.22247314453125,112429300,52.04345703125,34968000,35.533775329589844,90343300,66.00164031982422,4269000,121.43000030517578,4586000,100.50420379638672,6037800,88.65926361083984,2855400,16.040000915527344,0
2019-05-13,251.73318481445312,127290500,50.83259582519531,42253200,34.348758697509766,154670900,65.93325805664062,5794100,122.66999816894531,11130900,101.29374694824219,10501600,89.10203552246094,5653400,20.549999237060547,0
2019-05-14,254.0098876953125,77003200,51.34242630004883,32214000,34.83123016357422,89406800,66.1764144897461,4740500,122.45999908447266,5556000,100.99563598632812,5690400,89.01850128173828,2573200,18.059999465942383,0
2019-05-15,255.49766540527344,73956400,51.52565383911133,39054900,34.89894104003906,79039500,66.6247329711914,3410600,122.38999938964844,10299000,101.6159439086914,9566300,89.30253601074219,5512300,16.440000534057617,0
2019-05-16,257.8638916015625,76749600,51.93989562988281,27414300,34.729652404785156,60101000,66.89067840576172,4008500,121.51000213623047,6349400,101.2776107788086,7666400,89.12708282470703,3898400,15.289999961853027,0
2019-05-17,256.1968078613281,100353000,51.597354888916016,35566300,34.10329055786133,83972200,66.7614974975586,5346600,120.6500015258789,6589300,101.5031967163086,4747100,89.16893005371094,2128400,15.960000038146973,0
2019-05-20,254.50277709960938,62877600,51.390235900878906,27914500,33.959388732910156,53810000,65.79647064208984,4221100,120.63999938964844,4345800,101.29374694824219,6043100,89.01850128173828,2439600,16.309999465942383,0
2019-05-21,256.7973327636719,46847100,51.73277282714844,20838900,34.391075134277344,59832600,66.35877990722656,2930100,120.36000061035156,3845600,101.13257598876953,4021800,88.9182357788086,2675300,14.949999809265137,0
2019-05-22,256.0085754394531,49482500,51.52565383911133,22818000,34.22179412841797,44117200,66.55635070800781,2825100,120.23999786376953,3741800,101.71267700195312,5675300,89.18560791015625,3561900,14.75,0
2019-05-23,252.8805389404297,98733800,51.055641174316406,29106800,33.781646728515625,86731100,66.70832061767578,3304500,121.16999816894531,6054600,102.85663604736328,9743700,89.72863006591797,6184500,16.920000076293945,0
2019-05-24,253.4542236328125,55268100,51.605308532714844,23320000,33.81549835205078,66379700,66.91346740722656,3121800,121.30000305175781,2324700,102.94530487060547,4981900,89.70356750488281,2422800,15.850000381469727,0
2019-05-28,251.09686279296875,70029400,51.10344314575195,32637000,33.933998107910156,98395200,66.25241088867188,4614500,120.83000183105469,4303500,103.68650817871094,8098600,90.09626007080078,7039000,17.5,0
2019-05-29,249.411865234375,104972900,50.77682876586914,32910400,34.154075622558594,82060400,65.37095642089844,8170000,120.87000274658203,4133200,104.00067138671875,13260600,90.06285858154297,5251800,17.899999618530273,0
2019-05-30,250.0930938720703,62523800,50.96800994873047,28874300,34.34029006958008,69626300,65.64449310302734,3984100,121.69000244140625,7757000,104.89496612548828,13024800,90.38865661621094,3461100,17.299999237060547,0
2019-05-31,246.72296142578125,86862800,50.50597381591797,34278600,34.45879364013672,85220400,66.0244369506836,5369200,123.33000183105469,15367000,106.20816802978516,18933600,90.9902114868164,6020600,18.709999084472656,0
2019-06-03,246.09552001953125,96428000,50.800724029541016,36735900,34.7719841003418,75619900,66.18401336669922,6347800,125.11000061035156,14173600,106.91856384277344,17822400,91.42803955078125,23830900,18.860000610351562,0
2019-06-04,251.43743896484375,77231900,51.382259368896484,34241600,34.848148345947266,64141900,65.88768005371094,6993200,125.1500015258789,7997100,105.6995849609375,14250000,91.0931625366211,5503200,16.969999313354492,0
2019-06-05,253.61553955078125,71169700,51.366336822509766,19015300,34.5688362121582,64072200,67.26300811767578,6775400,125.47000122070312,7637900,105.1021728515625,8815200,91.0931625366211,7712300,16.09000015258789,0
2019-06-06,255.26461791992188,69430400,51.573448181152344,28586900,34.58576965332031,47722500,67.39218139648438,4077200,125.87999725341797,5551800,105.44123077392578,9621100,91.07642364501953,2392400,15.930000305175781,0
2019-06-07,257.8190612792969,74272200,52.2266845703125,31020100,34.856624603271484,63584200,67.64293670654297,3525700,126.58999633789062,8145900,106.35347747802734,11378500,91.43639373779297,2805900,16.299999237060547,0
2019-06-10,259.002197265625,60799100,52.37006759643555,21435800,35.220603942871094,57245800,67.42256164550781,2945500,125.33000183105469,5410000,105.3524169921875,8288700,90.98435974121094,6071200,15.9399995803833,0
2019-06-11,258.939453125,58641300,52.63295364379883,22255000,35.61842346191406,69040600,67.60494232177734,3834000,125.18000030517578,4757800,105.4169692993164,5115100,90.98435974121094,2735800,15.989999771118164,0
2019-06-12,258.482421875,47096300,52.242610931396484,17110500,35.23753356933594,55120600,67.83291625976562,2768500,125.83000183105469,5756200,105.49769592285156,5278700,91.21871948242188,2062800,15.90999984741211,0
2019-06-13,259.5489501953125,48945200,52.29041290283203,24194500,35.17827606201172,59717500,68.12167358398438,2799400,126.5999984741211,5374800,105.86101531982422,5560400,91.4447250366211,1684700,15.819999694824219,0
2019-06-14,259.26214599609375,52324700,51.90803909301758,37202100,34.788909912109375,71468300,68.15965270996094,2981700,126.55999755859375,9226100,106.12743377685547,5838800,91.5116958618164,3880700,15.279999732971191,0
2019-06-17,259.3606872558594,39205700,51.945472717285156,22615800,34.92622756958008,48715600,68.88911437988281,3574900,126.4800033569336,4763300,106.3130874633789,6046400,91.4949722290039,3038800,15.350000381469727,0
2019-06-18,262.07647705078125,85434800,52.63721466064453,34024300,35.77059555053711,112482400,68.82073974609375,4449200,127.12000274658203,10309600,106.84590148925781,10320700,91.6707992553711,4564900,15.149999618530273,0
2019-06-19,262.6680603027344,78674400,52.962730407714844,25092700,36.06911087036133,105746200,69.19305419921875,3694600,127.88999938964844,11660600,106.999267578125,11962500,91.92189025878906,4541500,14.329999923706055,0
2019-06-20,265.17767333984375,116570000,53.42660140991211,32817400,36.59791564941406,89200400,69.54261779785156,4862000,131.11000061035156,18636300,107.28187561035156,10721500,92.07256317138672,4575000,14.75,0
2019-06-21,264.79217529296875,83309500,53.19873809814453,25032400,36.478511810302734,55544000,68.5623779296875,7941700,131.97999572753906,15068000,106.10316467285156,14495000,91.69586181640625,4305200,15.399999618530273,0
2019-06-24,264.4679870605469,47582700,53.31267547607422,23238800,36.42732620239258,37025600,68.32681274414062,3773600,133.94000244140625,17851800,106.89434814453125,6378800,92.01398468017578,3046300,15.260000228881836,0
2019-06-25,261.87396240234375,82028700,52.99528503417969,24373000,36.05204772949219,62167500,67.31620788574219,5381300,134.1999969482422,24772200,107.22537231445312,9604600,92.15626525878906,5251000,16.280000686645508,0
2019-06-26,261.6129150390625,51584900,53.06039047241211,13170700,36.39320755004883,45126700,65.97126007080078,12897000,132.97000122070312,12016400,106.53911590576172,12766800,91.77959442138672,6675000,16.209999084472656,0
2019-06-27,262.54052734375,40355200,53.190589904785156,14439800,36.649078369140625,42358200,66.82051086425781,6924500,132.83999633789062,8412800,107.2898941040039,9724200,92.05582427978516,2538400,15.819999694824219,0
2019-06-28,263.8915710449219,59350900,53.49170684814453,27667900,36.59791564941406,66235700,67.05066680908203,9638200,133.1999969482422,8077000,107.21725463867188,8149200,92.09768676757812,4341500,15.079999923706055,0
2019-07-01,266.2872619628906,78705600,53.743995666503906,25538600,37.03288269042969,73169000,67.01995849609375,9746000,130.6199951171875,13317700,106.966552734375,14131200,91.98197937011719,8183600,14.0600004196167,0
2019-07-02,266.9808349609375,61504500,53.89861297607422,26045900,36.939064025878906,67518700,68.18607330322266,7633700,133.41000366210938,13282100,107.7916030883789,10494300,92.30899047851562,3117100,12.930000305175781,0
2019-07-03,269.1153564453125,40898900,54.26482391357422,14359300,36.87084197998047,31218500,68.99927520751953,5418000,133.6300048828125,6351500,108.56000518798828,5380300,92.4851303100586,2607000,12.569999694824219,0
2019-07-05,268.8091125488281,51677300,53.84979248046875,21696200,36.61496353149414,51678000,68.75377655029297,5375100,132.13999938964844,11536600,107.12020874023438,12180100,91.89810943603516,3664100,13.279999732971191,0
2019-07-08,267.3320617675781,45841800,53.54053497314453,15839500,36.39320755004883,37679000,68.99927520751953,4509700,131.2899932861328,8028900,107.26580810546875,6490000,91.8058853149414,3254100,13.960000038146973,0
2019-07-09,267.6653137207031,41101300,53.31267547607422,11661800,36.28234100341797,28227600,69.22941589355469,4906800,131.75,6633400,107.2253646850586,6215700,91.74718475341797,2061800,14.09000015258789,0
2019-07-10,268.9442443847656,58448500,53.49983596801758,15051500,36.58938217163086,53673100,69.62833404541016,6833700,133.8300018310547,13920600,106.63491821289062,9470000,91.7974624633789,4343700,13.029999732971191,0
2019-07-11,269.57470703125,50826100,53.48357009887695,14023800,36.52114486694336,44486100,68.72308349609375,4020600,132.6999969482422,7535100,105.21127319335938,14126800,91.34466552734375,4769800,12.930000305175781,0
2019-07-12,270.7815246582031,40326000,53.548675537109375,14459500,36.54673767089844,30512200,68.63103485107422,2948600,133.52999877929688,6309500,105.33256530761719,6992000,91.44528198242188,4141900,12.390000343322754,0
2019-07-15,270.87164306640625,33900000,53.597496032714844,12363200,36.683197021484375,28026300,68.57732391357422,3185700,133.52999877929688,4026600,105.93921661376953,6055500,91.63815307617188,1753200,12.680000305175781,0
2019-07-16,269.9979553222656,36650100,53.377769470214844,23641400,36.63201904296875,37093700,68.41622161865234,3611600,132.39999389648438,7966000,105.62376403808594,6172700,91.4369125366211,2766100,12.859999656677246,0
2019-07-17,268.16064453125,36036300,53.304534912109375,13318800,36.52114486694336,32865600,68.18607330322266,6422000,134.5800018310547,11288300,106.7642822265625,9662200,91.86456298828125,2624400,13.970000267028809,0
2019-07-18,269.1423645019531,51392600,53.467288970947266,18639700,36.74290466308594,63374400,68.18607330322266,7048200,136.47999572753906,18448200,106.77239227294922,5724900,92.09095764160156,2386700,13.529999732971191,0
2019-07-19,267.64727783203125,58678600,53.31267547607422,16908600,36.555267333984375,81774700,67.07366180419922,5064600,134.47000122070312,18079200,106.5216064453125,5804800,91.92326354980469,1728100,14.449999809265137,0
2019-07-22,268.3047180175781,43638100,53.36963653564453,15203900,36.56378936767578,29826200,67.01229858398438,3265200,134.4499969482422,7570400,106.72382354736328,5204100,91.9651870727539,1629800,13.529999732971191,0
2019-07-23,270.2231750488281,44564500,53.70328903198242,22078400,36.606441497802734,37246400,67.77179718017578,4239800,133.69000244140625,9981400,106.1414566040039,8108900,91.81428527832031,2329800,12.609999656677246,0
2019-07-24,271.49310302734375,47213200,53.743995666503906,11192500,36.66614532470703,40358800,67.82548522949219,2946100,134.3699951171875,6715200,106.6025161743164,6389700,91.94841766357422,2268500,12.069999694824219,0
2019-07-25,270.19610595703125,55394100,53.19873809814453,24288100,36.34203338623047,55327700,67.42655944824219,5629200,133.4199981689453,11708200,106.09291076660156,8893100,91.78911590576172,3172000,12.739999771118164,0
2019-07-26,272.0064697265625,45084100,53.304534912109375,16616500,36.41879653930664,33068600,67.73344421386719,3111900,133.63999938964844,6249900,106.34368896484375,6188400,91.77235412597656,3004100,12.15999984741211,0
2019-07-29,271.510986328125,38126500,53.41846466064453,11655500,36.350563049316406,31912400,67.91757202148438,4898200,134.52999877929688,9162400,106.37604522705078,6231800,91.856201171875,2505600,12.829999923706055,0
2019-07-30,270.84466552734375,45849000,52.799964904785156,24945300,36.06911087036133,57335800,68.46222686767578,3818100,134.97999572753906,9458700,106.63491821289062,5678500,91.89810943603516,2514800,13.9399995803833,0
2019-07-31,267.88140869140625,104245200,52.45002746582031,32619000,35.6256103515625,98764700,68.19375610351562,5979800,133.2100067138672,18797200,107.49226379394531,15798700,92.13291931152344,6669300,16.1200008392334,0
2019-08-01,265.5486755371094,142646600,52.30354690551758,38568600,34.92622756958008,139325900,68.19375610351562,8371300,136.41000366210938,27719800,109.62712097167969,26664800,93.17793273925781,16938700,17.8700008392334,0
2019-08-02,263.54931640625,116749700,51.839683532714844,37778000,34.585060119628906,92796300,68.52362060546875,4794000,135.88999938964844,13753200,110.64026641845703,15143100,93.37110900878906,8503000,17.610000610351562,0
2019-08-05,255.62359619140625,178745400,50.545719146728516,54766700,33.30571746826172,131194100,67.17340087890625,6840000,137.7899932861328,17519800,112.5529556274414,18543000,94.17754364013672,7626200,24.59000015258789,0
2019-08-06,259.20806884765625,120711700,50.88751220703125,33907400,33.78334426879883,88071500,67.91757202148438,7789000,138.91000366210938,9471200,113.45269012451172,12747400,94.32880401611328,6462400,20.170000076293945,0
2019-08-07,259.36126708984375,140572300,51.08283233642578,41814700,33.936859130859375,106772500,68.57732391357422,8674600,141.02000427246094,26671100,113.49323272705078,32582000,94.32880401611328,9665300,19.489999771118164,0
2019-08-08,264.4499816894531,87713900,51.57925796508789,29156400,34.354774475097656,81187700,69.78177642822266,5766700,141.72999572753906,13108600,113.73638916015625,14746000,94.33721923828125,5178800,16.90999984741211,0
2019-08-09,262.6486511230469,93730000,51.22117614746094,23227400,34.005088806152344,64704000,69.69738006591797,3304800,141.25999450683594,9485900,113.50940704345703,10626000,94.19440460205078,2869000,17.969999313354492,0
2019-08-12,259.4512939453125,65527600,50.814266204833984,21906000,33.595703125,78559800,69.5132827758789,2944000,142.6300048828125,15264000,115.87600708007812,14094300,94.79077911376953,4739900,21.09000015258789,0
2019-08-13,263.4862365722656,94299800,51.29442596435547,30781900,34.02215576171875,110271800,69.61299896240234,4540200,141.77999877929688,29842800,115.47888946533203,15974900,94.45479583740234,5888000,17.520000457763672,0
2019-08-14,255.69549560546875,135622100,49.88652801513672,39692900,33.04132080078125,102911500,68.55431365966797,4645100,142.75,20672900,118.08057403564453,15068900,95.0848388671875,8124300,22.100000381469727,0
2019-08-15,256.3710632324219,99556600,50.05742645263672,40936100,33.2630729675293,78018300,69.2370834350586,4582900,143.6999969482422,13467800,119.39359283447266,23588700,95.68963623046875,5240200,21.18000030517578,0
2019-08-16,260.15386962890625,83018300,50.659645080566406,22856400,33.723636627197266,52047900,69.95057678222656,3951100,142.77999877929688,11728800,118.4371566772461,17150500,95.4376449584961,4957800,18.469999313354492,0
2019-08-19,263.2880554199219,53571800,50.96889877319336,22998600,33.86009979248047,43330900,70.45687103271484,3255600,141.11000061035156,10552700,116.7432861328125,13614700,94.98402404785156,3691400,16.8799991607666,0
2019-08-20,261.2706604003906,51596400,50.797996520996094,21710200,33.92832946777344,44920900,69.95823669433594,2556300,142.2100067138672,7478500,117.95093536376953,7451500,95.40402221679688,3161800,17.5,0
2019-08-21,263.3961181640625,49524700,51.15606689453125,25971800,34.25243377685547,39677100,70.249755859375,2739400,141.75999450683594,8114700,117.16468811035156,9372000,95.15202331542969,4921700,15.800000190734863,0
2019-08-22,263.3150939941406,51666400,51.05842208862305,20505100,33.808929443359375,41603000,70.57195281982422,2587300,141.39999389648438,6846500,116.38666534423828,13878800,94.94204711914062,5860400,16.68000030517578,0
2019-08-23,256.5513000488281,149161500,50.423648834228516,34410500,33.30571746826172,80560300,69.58233642578125,5776500,144.1699981689453,20282200,118.2994384765625,16191800,95.58045196533203,8192600,19.8700008392334,0
2019-08-26,259.3882751464844,72423800,50.838687896728516,27774800,33.484832763671875,58145000,70.11933135986328,2736200,144.19000244140625,12195800,117.82120513916016,12174500,95.48805236816406,7581600,19.31999969482422,0
2019-08-27,258.3706359863281,66668900,50.797996520996094,24511400,33.54452896118164,62899100,69.91987609863281,3252300,145.57000732421875,12844100,119.6366958618164,11332300,95.89969635009766,3266900,20.309999465942383,0
2019-08-28,260.1899108886719,59696700,50.797996520996094,25028400,33.63835144042969,49483900,70.15003204345703,3498600,145.16000366210938,11452400,119.79070281982422,10095900,95.93328857421875,2505400,19.350000381469727,0
2019-08-29,263.5132751464844,57899400,51.23745346069336,19046700,34.01362991333008,43359900,70.6947021484375,2688000,144.1199951171875,14762500,119.33680725097656,8884900,95.74846649169922,4232400,17.8799991607666,0
2019-08-30,263.3961181640625,62901200,51.440895080566406,33527300,34.278018951416016,57071300,70.7484130859375,5678300,143.75,9642200,119.36920928955078,13550800,95.77367401123047,3651100,18.979999542236328,0
2019-09-03,261.8560791015625,69101400,51.34325408935547,33998200,34.06480407714844,50339600,71.45423126220703,5927900,145.75,15615200,119.5235595703125,15660800,95.98402404785156,11754000,19.65999984741211,0
2019-09-04,264.8282470703125,46887300,52.067543029785156,25619300,34.63623809814453,65958900,72.0526123046875,4757100,146.66000366210938,11285900,119.7021255493164,7962200,96.13548278808594,3447000,17.329999923706055,0
2019-09-05,268.232666015625,83258100,52.34423065185547,22265900,35.02857971191406,72704000,71.53092193603516,6036600,143.13999938964844,20293200,117.5342788696289,19382900,95.36136627197266,4597800,16.270000457763672,0
2019-09-06,268.4398193359375,49584300,52.51513671875,21338300,35.182098388671875,48716200,71.6920394897461,2986400,141.9199981689453,14175200,118.37057495117188,9466400,95.4202651977539,3111000,15.0,0
2019-09-09,268.5749816894531,51260300,52.669761657714844,15965600,35.292972564697266,38554200,71.34681701660156,3772100,141.38999938964844,11323800,116.26768493652344,15862700,94.83124542236328,4818700,15.270000457763672,0
2019-09-10,268.5118713378906,57947100,52.7592887878418,19028800,35.318565368652344,48449600,70.61033630371094,5379400,140.17999267578125,12629200,114.22980499267578,13851400,94.1412582397461,4797200,15.199999809265137,0
2019-09-11,270.4212646484375,68821100,53.052249908447266,18413200,35.56589889526367,62563900,70.6870346069336,3972200,141.02999877929688,7453000,114.02677917480469,10941700,94.04871368408203,4737000,14.609999656677246,0
2019-09-12,271.3580322265625,72908700,53.36149597167969,30292200,35.8217658996582,74590100,71.06295013427734,3486100,141.32000732421875,12673700,113.2797622680664,19163300,93.83832550048828,8612500,14.220000267028809,0
2019-09-13,271.1777648925781,62104800,53.6626091003418,22132200,36.026466369628906,58403500,70.30345916748047,6109300,140.14999389648438,13451700,110.86027526855469,18922200,92.98005676269531,24187700,13.739999771118164,0
2019-09-16,270.34033203125,58191200,53.182456970214844,31083600,35.74501037597656,62905800,70.9172134399414,4688300,141.32000732421875,8094600,112.27298736572266,10971600,93.38396453857422,5388300,14.670000076293945,0
2019-09-17,271.0247802734375,41475500,53.36149597167969,23554300,35.74501037597656,98835700,71.68436431884766,3674800,141.60000610351562,7010200,112.8819808959961,9081200,93.62797546386719,8211700,14.4399995803833,0
2019-09-18,271.1868591308594,73375800,53.29639434814453,17807600,35.60002136230469,70984700,71.43888092041016,5655000,140.7100067138672,15026300,113.36100006103516,10984600,93.66160583496094,5170400,13.949999809265137,0
2019-09-19,271.1688232421875,76560500,53.475433349609375,18972500,35.45502471923828,52527900,71.6920394897461,2892800,141.27999877929688,8057400,113.7020263671875,13176200,93.70372009277344,7131900,14.050000190734863,0
2019-09-20,269.8876037597656,89565000,53.35335922241211,35368700,35.4891471862793,84880500,71.6920394897461,6900400,142.9499969482422,12110000,115.2041015625,11519800,94.24224090576172,9915000,15.319999694824219,0
2019-09-23,269.82427978515625,43476800,53.21501159667969,15457000,35.52326202392578,41828800,71.80711364746094,3515200,143.75,9006500,115.17971801757812,15246700,94.3768539428711,13163900,14.90999984741211,0
2019-09-24,267.70703125,94869400,53.01155471801758,32233100,35.147979736328125,57006500,71.64781188964844,3705600,144.50999450683594,10576300,116.5681381225586,12421600,94.84809875488281,10459100,17.049999237060547,0
2019-09-25,269.2904052734375,71854000,52.85693359375,21342600,35.12239456176758,43393200,71.78699493408203,7088700,141.8300018310547,11648400,114.86309814453125,14147100,94.22541809082031,8430900,15.960000038146973,0
2019-09-26,268.7293701171875,56179700,53.052249908447266,25098000,35.11385726928711,37645800,72.39020538330078,2984700,141.7899932861328,7984600,115.60188293457031,9636500,94.4273452758789,4233000,16.06999969482422,0
2019-09-27,267.2817077636719,84746600,52.87322235107422,20607400,34.661827087402344,79236200,71.98807525634766,4090300,141.05999755859375,9804200,115.8860855102539,10386900,94.56200408935547,4545500,17.219999313354492,0
2019-09-30,268.52130126953125,51662400,53.06853103637695,25423400,34.85798645019531,43961000,72.11178588867188,3189800,138.8699951171875,15459100,116.1702880859375,8006900,94.63770294189453,2797900,16.239999771118164,0
2019-10-01,265.3273010253906,88242400,52.54767990112305,42550500,34.61064910888672,48520000,71.4312744140625,5226300,139.6300048828125,12476200,116.51997375488281,16613700,94.89979553222656,8555100,18.559999465942383,0
2019-10-02,260.6405029296875,122539500,51.473453521728516,43464100,34.346256256103516,41806300,71.12968444824219,3384300,141.25999450683594,11914300,116.80469512939453,12891500,95.22846221923828,3908600,20.559999465942383,0
2019-10-03,262.7758483886719,85278800,51.81525802612305,39571700,34.78976058959961,62287700,71.81793212890625,6634500,141.89999389648438,12396100,117.87018585205078,13470500,95.72565460205078,6128300,19.1200008392334,0
2019-10-04,266.3316955566406,65091200,52.222164154052734,18837500,34.94328308105469,54314800,72.25099182128906,2189400,141.89999389648438,9651000,118.74038696289062,11516200,95.91104888916016,4707600,17.040000915527344,0
2019-10-07,265.1825866699219,59610500,52.15705871582031,19228000,34.65329360961914,57065700,72.09632873535156,3667600,140.69000244140625,6127200,117.75628662109375,11013900,95.5908432006836,3193100,17.860000610351562,0
2019-10-08,261.06561279296875,95708100,51.66877365112305,27797800,34.40596389770508,57784200,71.71739959716797,3108100,141.9199981689453,10428900,118.07347869873047,14529700,95.79305267333984,4304900,20.280000686645508,0
2019-10-09,263.5447692871094,62359400,52.04313278198242,22989500,34.67035675048828,41122500,71.8565902709961,4166000,142.0500030517578,6927700,117.4065170288086,8608800,95.54871368408203,3336800,18.639999389648438,0
2019-10-10,265.3273010253906,55296300,52.409339904785156,25532400,35.02857971191406,49289100,71.97257995605469,3719700,140.80999755859375,9301700,115.65782928466797,15054200,94.95036315917969,3924400,17.56999969482422,0
2019-10-11,268.07794189453125,98720400,53.3452262878418,37665600,35.59148406982422,95248800,71.9416732788086,3376300,140.02999877929688,11333400,114.22635650634766,26294000,94.30146026611328,8685300,15.579999923706055,0
2019-10-14,267.7793884277344,40394800,53.125492095947266,12662000,35.43796157836914,29228200,71.97257995605469,1877600,140.58999633789062,4006700,115.05591583251953,5936900,94.56271362304688,1932200,14.569999694824219,0
2019-10-15,270.4304504394531,46754500,53.743995666503906,24932600,35.753536224365234,50663000,72.06539916992188,3218500,139.61000061035156,9128300,113.66517639160156,11832300,94.10763549804688,6638500,13.539999961853027,0
2019-10-16,269.9961853027344,48928200,53.82536697387695,28518700,35.85588455200195,40768400,72.07313537597656,3413900,140.41000366210938,10330300,113.80343627929688,7729500,94.29302978515625,2755500,13.680000305175781,0
2019-10-17,270.79241943359375,45736600,53.95557403564453,26853900,35.99235534667969,56380200,72.54486083984375,3223100,140.61000061035156,6131000,113.52688598632812,6219300,94.25933074951172,3188700,13.789999961853027,0
2019-10-18,269.6071472167969,64304000,53.9311637878418,21446100,35.804710388183594,78858900,73.1016616821289,2492100,140.4600067138672,6416100,113.52688598632812,6456100,94.34358215332031,2406400,14.25,0
2019-10-21,271.4348449707031,39048600,54.22412872314453,29016200,36.12881851196289,38432200,73.65841674804688,2591900,139.7899932861328,8306200,112.67284393310547,8038000,93.9980697631836,1735300,14.0,0
2019-10-22,270.5480651855469,48594700,54.093929290771484,21293000,36.15440368652344,53409500,73.44190216064453,2644200,140.1999969482422,3879700,113.3316879272461,6683300,94.21719360351562,3334400,14.460000038146973,0
2019-10-23,271.33538818359375,34352200,54.38690185546875,14206200,36.162925720214844,43342700,73.60430908203125,3020200,140.52999877929688,4155300,113.44554901123047,5995400,94.25090789794922,3305600,14.010000228881836,0
2019-10-24,271.77862548828125,35453100,54.48455810546875,23429100,36.162925720214844,61391900,73.418701171875,3148800,141.52999877929688,6174800,113.21778106689453,6161700,94.2340316772461,2645400,13.710000038146973,0
2019-10-25,272.8916015625,45205400,54.54152297973633,17184200,36.41879653930664,49443700,72.79232788085938,4184600,141.86000061035156,6011500,112.66475677490234,5669800,94.03181457519531,2381000,12.649999618530273,0
2019-10-28,274.42974853515625,42147000,54.78566360473633,16490600,36.63201904296875,56279100,72.3515396118164,4897400,140.63999938964844,5442000,111.63988494873047,11402100,93.67781829833984,5837600,13.109999656677246,0
2019-10-29,274.3482971191406,44284900,54.76939392089844,15251900,36.44437789916992,33949800,72.79232788085938,5512200,140.25,3835400,111.71312713623047,5296600,93.76212310791016,2199500,13.199999809265137,0
2019-10-30,275.1898193359375,49643900,54.997249603271484,22592900,36.606441497802734,60881000,73.05522155761719,3861400,141.02000427246094,6992900,113.34798431396484,10914100,94.21719360351562,5276700,12.329999923706055,0
2019-10-31,274.4569091796875,69053800,54.86704635620117,22047900,36.31645584106445,56057700,72.92377471923828,4723500,142.42999267578125,7050900,114.8770980834961,15834100,94.81554412841797,5540700,13.220000267028809,0
2019-11-01,276.99951171875,71141500,55.35532760620117,32338600,36.8623046875,72772400,72.90830993652344,6520400,142.55999755859375,8090000,114.52342987060547,11425500,94.63665008544922,8149400,12.300000190734863,0
2019-11-04,278.1123352050781,60606900,55.640174865722656,20429900,37.22905731201172,62191600,72.39791107177734,3878100,142.14999389648438,4740300,113.01609802246094,11124300,94.15554809570312,4145200,12.829999923706055,0
2019-11-05,277.8047180175781,42933200,55.53436279296875,15727300,37.44227981567383,62354500,71.16835021972656,9141700,139.85000610351562,11782300,111.74506378173828,13493000,93.64915466308594,6853500,13.100000381469727,0
2019-11-06,277.8680725097656,46487100,55.509944915771484,16600200,37.3228759765625,61670500,71.32301330566406,4500400,140.4499969482422,6416500,112.42137908935547,9351900,93.9192123413086,4129800,12.619999885559082,0
2019-11-07,278.84527587890625,54272300,55.680850982666016,21271500,37.59580612182617,97598200,70.611572265625,4945300,138.27000427246094,15214200,110.3844223022461,19209800,93.16804504394531,5890100,12.729999542236328,0
2019-11-08,279.5330505371094,49032100,55.6483039855957,10298800,37.254634857177734,68666900,70.44143676757812,7330200,137.38999938964844,10377400,109.9200439453125,10222900,93.04145050048828,3037300,12.069999694824219,0
2019-11-11,278.99908447265625,35797300,55.5750617980957,8544000,36.99024200439453,47092800,70.59610748291016,3525200,137.05999755859375,7037300,109.99334716796875,4577000,93.14270782470703,1563000,12.6899995803833,0
2019-11-12,279.587158203125,46484600,55.5994758605957,18570100,36.751426696777344,57453500,70.06251525878906,5701600,137.42999267578125,6448600,110.49849700927734,5772900,93.1849365234375,4446200,12.680000305175781,0
2019-11-13,279.6777648925781,53917700,55.40416717529297,21006500,36.469974517822266,63134600,70.7043685913086,4316000,137.97999572753906,8776000,111.21551513671875,6672400,93.4381332397461,2475200,13.0,0
2019-11-14,280.0848388671875,51219900,55.24953842163086,17870900,36.49555969238281,48737400,71.25340270996094,5136200,138.55999755859375,5220500,112.36431121826172,10213300,93.91075897216797,3189600,13.050000190734863,0
2019-11-15,282.1116027832031,62023600,55.5994758605957,23494600,36.785545349121094,67670700,71.64006805419922,2785200,138.2100067138672,10106700,112.24208068847656,4657600,93.8348159790039,2104500,12.050000190734863,0
2019-11-18,282.3197021484375,49228000,55.664588928222656,20587500,36.72584533691406,52545500,71.98807525634766,3251900,138.6199951171875,5717900,112.44573974609375,5943900,93.99515533447266,1893600,12.460000038146973,0
2019-11-19,282.23822021484375,67804700,55.591339111328125,18664800,36.80260467529297,40853600,72.11178588867188,4065100,138.69000244140625,4824400,113.38279724121094,7893100,94.17240905761719,8306500,12.859999656677246,0
2019-11-20,281.1886901855469,79406200,55.241397857666016,20655200,36.64055633544922,51991800,72.07313537597656,5698800,138.75999450683594,6892100,114.55601501464844,7905500,94.51844787597656,3838000,12.779999732971191,0
2019-11-21,280.7362976074219,54664700,55.168155670166016,14293400,36.56378936767578,43842600,71.06008911132812,5002900,138.0,4197200,113.83898162841797,5980900,94.28214263916016,3034700,13.130000114440918,0
2019-11-22,281.36065673828125,44850200,55.32278823852539,14969300,36.56378936767578,23519900,70.79715728759766,5112000,137.74000549316406,3620300,113.98567199707031,4664800,94.26524353027344,1879700,12.34000015258789,0
2019-11-25,283.5412292480469,48647200,55.762229919433594,19329100,36.9305419921875,57048200,71.02139282226562,5183500,137.0800018310547,6415800,114.3197250366211,4157300,94.30748748779297,3573100,11.869999885559082,0
2019-11-26,284.18359375,37569000,55.729679107666016,24276000,36.819664001464844,49571200,71.9648666381836,4858500,137.74000549316406,4724400,114.98782348632812,4281100,94.48470306396484,3579300,11.539999961853027,0
2019-11-27,285.4503479003906,44444600,55.876182556152344,16942100,36.8623046875,30402300,72.30512237548828,4121600,137.00999450683594,4111000,114.6537857055664,4095700,94.23992156982422,2351800,11.75,0
2019-11-29,284.3916931152344,36592700,55.485538482666016,11587200,36.28234100341797,35476600,71.97257995605469,3531100,137.86000061035156,4516400,114.40933227539062,6251100,94.16398620605469,2882300,12.619999885559082,0
2019-12-02,281.9759216308594,75767800,55.200714111328125,38855400,36.273807525634766,59762300,70.88221740722656,9430800,137.7899932861328,8274700,112.88395690917969,17702200,93.82587432861328,6826400,14.90999984741211,0
2019-12-03,280.0848388671875,73941700,54.997249603271484,28161500,36.08616638183594,50471700,71.3384780883789,4762900,139.11000061035156,8481700,115.25084686279297,13062400,94.66265106201172,6561900,15.960000038146973,0
2019-12-04,281.81298828125,49080000,55.50181198120117,21762200,36.359092712402344,47026100,71.63233184814453,4129800,138.9199981689453,6322300,114.10002136230469,8586300,94.2991943359375,2072200,14.800000190734863,0
2019-12-05,282.3197021484375,40709000,55.396018981933594,21039700,36.52114486694336,43346400,71.6709976196289,4846800,139.0,5671500,113.5450439453125,7273800,94.0794448852539,3062000,14.520000457763672,0
2019-12-06,284.8984375,48927000,55.90058135986328,23179600,36.734371185302734,56766600,71.81793212890625,4486000,137.6199951171875,8714500,112.91658020019531,7931100,93.79206848144531,2717400,13.619999885559082,0
2019-12-09,284.0027160644531,34838500,55.60761642456055,21946200,36.58938217163086,37622000,71.9571533203125,3961000,137.5800018310547,2711600,113.16146850585938,4016900,93.8681869506836,1928500,15.859999656677246,0
2019-12-10,283.68597412109375,52649800,55.63201904296875,23419000,36.71731185913086,34791300,71.53955078125,5227100,137.97000122070312,3240800,113.16961669921875,4947600,93.75823974609375,1707000,15.680000305175781,0
2019-12-11,284.4913635253906,53429100,55.92500305175781,16546800,37.254634857177734,60083200,70.8126220703125,5112100,138.9199981689453,6097500,114.05924224853516,6256700,94.14704132080078,2462600,14.989999771118164,0
2019-12-12,286.94329833984375,96389600,56.299346923828125,30690900,37.90284729003906,132196700,69.85371398925781,7923900,138.42999267578125,8815100,112.18202209472656,14857000,93.40328979492188,5490400,13.9399995803833,0
2019-12-13,287.115234375,81503900,56.68998336791992,46988400,37.88578414916992,160526800,69.86917877197266,6814200,139.0500030517578,6964300,113.4797592163086,11335100,93.95269012451172,4162000,12.630000114440918,0
2019-12-16,289.0877380371094,82749700,57.29570007324219,34004700,38.20722961425781,81828000,70.37184143066406,5185200,139.0399932861328,4646100,112.45952606201172,9156600,93.5131607055664,3028500,12.140000343322754,0
2019-12-17,289.151123046875,61097700,56.966495513916016,28111100,38.55567932128906,79046200,69.706787109375,9649900,139.00999450683594,4287500,112.304443359375,6179700,93.5216064453125,3471400,12.289999961853027,0
2019-12-18,289.1691589355469,48133000,56.89242172241211,18590900,38.764747619628906,67065000,70.55640411376953,6340700,139.02000427246094,3607600,111.38224029541016,6244700,93.2680435180664,2249500,12.579999923706055,0
2019-12-19,290.3544616699219,85310500,56.89242172241211,25939200,38.78216552734375,59364600,71.18169403076172,6117400,139.3800048828125,4975000,111.5604248046875,6591100,93.34087371826172,1962500,12.5,0
2019-12-20,291.6274108886719,147142100,56.93357467651367,38587700,38.860565185546875,69295600,71.57250213623047,9514600,139.52000427246094,4463900,111.70752716064453,5455700,93.34087371826172,4660500,12.510000228881836,0
2019-12-23,292.0729064941406,52990000,57.02411651611328,21313800,38.91283416748047,29479500,71.21295166015625,5369100,139.9499969482422,5180900,111.54405212402344,5175000,93.25621032714844,1809400,12.609999656677246,0
2019-12-24,292.08203125,20270000,56.966495513916016,5947000,38.82572937011719,18951500,71.4005355834961,1962000,141.27000427246094,5303700,111.86284637451172,4667400,93.41703033447266,857600,12.670000076293945,0
2019-12-26,293.6369323730469,30911200,57.2133903503418,8372000,39.10448455810547,24947900,71.71318054199219,2243900,142.3800048828125,8342500,112.13261413574219,5290200,93.55242919921875,1285100,12.649999618530273,0
2019-12-27,293.5641174316406,42528800,57.31214904785156,16281600,39.26127243041992,48407900,71.93986511230469,4195900,142.3300018310547,5119900,112.25528717041016,7300500,93.6878662109375,1771100,13.430000305175781,0
2019-12-30,291.9456787109375,49729100,56.884193420410156,24069000,38.99995040893555,44522800,72.01019287109375,3466500,142.6300048828125,4810600,111.84649658203125,7979700,93.6286392211914,2035400,14.819999694824219,0
2019-12-31,292.6549072265625,57077300,57.14756774902344,20142100,39.08706283569336,47292800,72.52608489990234,4649500,142.89999389648438,5313500,110.7511215209961,10707400,93.29007720947266,2801600,13.779999732971191,0
2020-01-02,295.3918151855469,59151200,57.72364044189453,24749300,39.8797721862793,78570100,71.67410278320312,5106600,143.9499969482422,7733800,112.00186157226562,11034100,93.72171783447266,4022300,12.470000267028809,0
2020-01-03,293.1549377441406,77709700,57.00764465332031,29921500,39.13933181762695,78998200,72.11963653564453,5015500,145.86000061035156,12272800,113.7266845703125,12366000,94.34806060791016,3839600,14.020000457763672,0
2020-01-06,294.2734069824219,55653900,57.2298469543457,22636400,39.04349899291992,40085300,72.20560455322266,4889000,147.38999938964844,14403300,113.08090209960938,11369800,94.24649810791016,2714300,13.850000381469727,0
2020-01-07,293.4459228515625,40496400,57.073490142822266,15107500,39.017372131347656,65705300,71.4005355834961,6529100,147.97000122070312,7978500,112.52499389648438,8381200,94.11107635498047,2038800,13.789999961853027,0
2020-01-08,295.00982666015625,68296000,57.238075256347656,14249500,39.24386215209961,86913300,71.61940002441406,6766100,146.86000061035156,22248500,111.7811279296875,10621700,93.89098358154297,5081100,13.449999809265137,0
2020-01-09,297.0102233886719,48473300,57.369754791259766,13749100,39.50519561767578,53199900,71.58031463623047,4213800,146.02999877929688,10292300,112.17352294921875,7411500,93.95870971679688,3680600,12.539999961853027,0
2020-01-10,296.15557861328125,53029300,57.15578842163086,33832300,39.714263916015625,67573300,72.12744140625,5838800,146.91000366210938,6183300,113.17076873779297,8776000,94.16185760498047,2600000,12.5600004196167,0
2020-01-13,298.1922912597656,47086800,57.452056884765625,16443000,40.332759857177734,79593800,72.99502563476562,5552600,145.82000732421875,7593800,112.8274917602539,5966900,94.05181121826172,2672600,12.319999694824219,0
2020-01-14,297.7376403808594,62832800,57.50966262817383,28826600,40.106266021728516,75746900,72.72149658203125,4120700,145.69000244140625,6589700,113.40789031982422,13920300,94.238037109375,2376300,12.390000343322754,0
2020-01-15,298.4105529785156,72056600,57.50966262817383,12217900,39.792667388916016,60620600,73.3780288696289,4471500,146.5399932861328,6510000,114.1599349975586,6290500,94.47503662109375,2734800,12.420000076293945,0
2020-01-16,300.8927917480469,54050300,57.748329162597656,12883400,40.045291900634766,50712700,73.96421813964844,4426700,146.30999755859375,6069100,113.80030059814453,6798600,94.28033447265625,2200500,12.319999694824219,0
2020-01-17,301.8293762207031,95846000,57.921146392822266,18473700,40.271785736083984,72382100,74.03458404541016,3581300,146.5800018310547,11121100,112.8274917602539,9693100,94.20419311523438,2627000,12.100000381469727,0
2020-01-21,301.23834228515625,77742400,57.460289001464844,20026600,39.25257110595703,106662600,74.738037109375,4217400,146.74000549316406,6086100,114.0128173828125,6794900,94.5766372680664,2355600,12.850000381469727,0
2020-01-22,301.2746276855469,48914900,57.575504302978516,14047000,39.574886322021484,57584900,74.23780822753906,5024300,146.7899932861328,4778200,114.41338348388672,6317000,94.59353637695312,1787600,12.90999984741211,0
2020-01-23,301.6202087402344,51963000,57.43559646606445,18720200,39.16545486450195,88714300,74.86308288574219,4825000,147.1199951171875,8419800,115.21446990966797,9747400,94.83048248291016,1891300,12.979999542236328,0
2020-01-24,298.9378662109375,87578400,57.18870162963867,24107500,38.85185241699219,88654500,74.60515594482422,3518100,147.97999572753906,9919900,116.14642333984375,8585000,95.16907501220703,7932600,14.5600004196167,0
2020-01-27,294.1460876464844,84062500,56.00361633300781,32766700,37.51033020019531,129321800,74.24562072753906,3047000,148.99000549316406,9988100,117.95307922363281,10935200,95.81229400634766,3824600,18.229999542236328,0
2020-01-28,297.228515625,63834000,56.53032302856445,18001700,37.82393264770508,82396700,74.54265594482422,3006100,147.66000366210938,7543100,117.02928924560547,10612900,95.49071502685547,1923600,16.280000686645508,0
2020-01-29,296.98297119140625,53888900,56.538543701171875,14916600,38.00687789916992,51814700,74.2690658569336,3785500,148.4600067138672,5013100,118.17369842529297,9566800,95.94780731201172,2429500,16.389999389648438,0
2020-01-30,297.94677734375,75491800,56.489166259765625,26285300,37.44064712524414,105864200,74.32379150390625,4142400,148.47000122070312,9119500,118.19010162353516,14711800,96.0408706665039,4405500,15.489999771118164,0
2020-01-31,292.5367126464844,113845600,55.53451919555664,40101600,36.68277359008789,99532200,73.41709899902344,6370900,149.3300018310547,14788300,119.26912689208984,14538100,96.52332305908203,9764500,18.84000015258789,0
2020-02-03,294.7099304199219,69083000,55.666194915771484,35288000,37.09220886230469,71309200,73.659423828125,7508200,148.36000061035156,9105300,119.17253112792969,15309000,96.44113159179688,5722100,17.969999313354492,0
2020-02-04,299.20166015625,62573200,56.596160888671875,32540000,38.05042266845703,73939300,74.41758728027344,4422900,146.42999267578125,10525600,117.5676498413086,11388300,95.88169860839844,2569600,16.049999237060547,0
2020-02-05,302.6567077636719,65951100,57.13931655883789,28162100,38.268211364746094,74350800,74.46448516845703,4413700,146.61000061035156,6160700,116.28211975097656,10782600,95.46644592285156,9027500,15.149999618530273,0
2020-02-06,303.6752014160156,50359700,57.29570007324219,23422500,38.30305480957031,80118800,74.71458435058594,3327500,147.39999389648438,4819800,116.80611419677734,6683100,95.53424835205078,1697100,14.960000038146973,0
2020-02-07,302.05670166015625,64139400,56.752525329589844,22188200,37.771671295166016,58449900,74.69895935058594,3176200,147.7899932861328,6379300,118.26371002197266,11374800,95.99188232421875,6177900,15.470000267028809,0
2020-02-10,304.3115234375,42070000,56.86773681640625,13957600,37.98073959350586,45350800,75.5352783203125,4457000,148.1699981689453,5793600,118.59121704101562,6699300,96.17835998535156,1909100,15.039999961853027,0
2020-02-11,304.8389892578125,54864500,57.254547119140625,16040600,38.477272033691406,58708400,76.1058578491211,5362200,147.66000366210938,5179400,117.99343872070312,7784100,95.94952392578125,1657100,15.180000305175781,0
2020-02-12,306.80303955078125,43992700,57.452056884765625,13218100,38.99995040893555,41641100,76.55921173095703,6298700,147.5399932861328,5040600,117.3956298828125,5595500,95.70372009277344,1473800,13.739999771118164,0
2020-02-13,306.47564697265625,54501900,57.048789978027344,20113100,38.485992431640625,64757500,77.02035522460938,3683500,148.3800048828125,7082100,117.84600067138672,7883400,95.78849792480469,1868000,14.149999618530273,0
2020-02-14,306.9665832519531,64582200,56.95003890991211,15005100,38.5034065246582,45095300,77.81758880615234,3004800,149.0,5345400,118.3619384765625,7137400,96.0257797241211,2043600,13.680000305175781,0
2020-02-18,306.1755676269531,57226200,56.58793258666992,29201900,38.25078201293945,40176200,77.73161315917969,4186800,150.91000366210938,11524900,119.17253112792969,6909200,96.17835998535156,8356600,14.829999923706055,0
2020-02-19,307.6394958496094,48814700,56.7772102355957,16232700,38.529541015625,45651500,76.68428039550781,4415200,151.7899932861328,9269800,119.16433715820312,5707700,96.16138458251953,1681800,14.380000114440918,0
2020-02-20,306.3756408691406,74163400,56.439796447753906,24607700,37.928470611572266,109316300,77.59874725341797,5556500,152.41000366210938,8457300,120.0978012084961,9332900,96.44113159179688,3452900,15.5600004196167,0
2020-02-21,303.22052001953125,113788200,56.17644119262695,24361900,37.71070098876953,70553100,77.82543182373047,3670800,154.6999969482422,16344500,121.21961975097656,13860300,96.8309326171875,5381000,17.079999923706055,0
2020-02-24,293.1640625,161088400,53.929710388183594,51653500,36.29948043823242,101505600,76.7624282836914,5214600,156.08999633789062,27171000,123.02923583984375,15929300,97.58525848388672,6803600,25.030000686645508,0
2020-02-25,284.2806396484375,218913200,53.040889739990234,55520000,36.01201629638672,118601100,74.68331909179688,7378900,153.3000030517578,28091500,123.68431091308594,20802900,97.85650634765625,10014300,27.850000381469727,0
2020-02-26,283.2349853515625,194773800,53.10673522949219,64966000,36.29948043823242,109411100,73.87828826904297,9407200,153.97000122070312,17912500,123.02923583984375,22589500,97.80562591552734,19649400,27.559999465942383,0
2020-02-27,270.5143127441406,284353500,51.53485107421875,80201400,35.42836380004883,151063200,69.94673156738281,11869100,154.0,27878500,124.36392974853516,30687900,98.28026580810547,8629700,39.15999984741211,0
2020-02-28,269.3778381347656,384975800,51.22211837768555,122342000,35.29769515991211,201191200,68.25846099853516,22471800,148.3800048828125,42699600,127.17250061035156,44935200,99.38204956054688,13437000,40.11000061035156,0
2020-03-02,281.0436706542969,238703600,51.88050079345703,78735900,36.06428146362305,135152300,71.17387390136719,14250500,149.1999969482422,16295400,126.23689270019531,28152400,99.31414794921875,19402100,33.41999816894531,0
2020-03-03,272.99664306640625,300139100,51.460777282714844,77691700,35.82037353515625,141798700,71.00971984863281,14654200,153.88999938964844,28687700,128.19680786132812,38608000,100.4681625366211,11462300,36.81999969482422,0
2020-03-04,284.4715270996094,176613400,52.999752044677734,41681700,36.45628356933594,80064800,73.690673828125,10638200,154.16000366210938,12315500,126.83551025390625,23463700,100.24759674072266,7627100,31.989999771118164,0
2020-03-05,275.01513671875,186366800,51.59245681762695,46294000,35.689697265625,107474200,72.11181640625,9803600,157.49000549316406,17973500,129.99253845214844,17786200,101.13851928710938,5284200,39.619998931884766,0
2020-03-06,270.4689025878906,228667200,50.8188591003418,64277200,34.95796203613281,104006900,70.8690414428711,10302700,157.5500030517578,26973400,136.75796508789062,76288300,102.165283203125,11614800,41.939998626708984,0
2020-03-09,249.34674072265625,309417300,46.87678909301758,68431000,32.57109451293945,143376900,65.40556335449219,14017500,157.80999755859375,24868700,140.4644775390625,41552800,103.08171081542969,24791700,54.459999084472656,0
2020-03-10,262.2491455078125,276444100,48.60505294799805,110061600,34.22622299194336,142773700,68.1688461303711,11782100,154.47999572753906,18811500,133.26461791992188,37728300,101.18943786621094,15072900,47.29999923706055,0
2020-03-11,249.46495056152344,255316300,46.12788772583008,77459000,32.632076263427734,137795400,64.07274627685547,16447000,153.92999267578125,18159900,128.36077880859375,29519300,100.17967224121094,13316100,53.900001525878906,0
2020-03-12,225.59690856933594,392220700,41.058345794677734,91385100,29.36538314819336,171341200,57.58198165893555,16761500,147.7899932861328,32893400,129.15615844726562,24361800,100.2305908203125,10671600,75.47000122070312,0
2020-03-13,244.88230895996094,329566100,43.54373550415039,73588700,31.482202529907227,128272900,62.607574462890625,10968600,143.27999877929688,35177200,126.23689270019531,19812900,99.57721710205078,8697200,57.83000183105469,0
2020-03-16,218.08639526367188,297240000,39.0502815246582,54122400,27.553457260131836,101553900,51.50867462158203,11396500,141.63999938964844,24496000,134.4126739501953,30496700,102.20771026611328,6971700,82.69000244140625,0
2020-03-17,229.861328125,262070500,40.951358795166016,55045400,29.452495574951172,92310900,54.48625183105469,9100900,143.55999755859375,24490300,125.4495849609375,18570900,99.64510345458984,5680300,75.91000366210938,0
2020-03-18,218.22274780273438,327597100,38.605865478515625,74919600,26.908828735351562,101136100,49.30308151245117,15714500,140.6999969482422,21953400,118.3726806640625,47061000,98.2619857788086,13256300,76.44999694824219,0
2020-03-19,218.6864776611328,289322000,39.20664978027344,65863000,27.117897033691406,68919700,49.47638702392578,13090000,138.0399932861328,20828900,121.59545135498047,21175300,98.58439636230469,6702900,72.0,0
2020-03-20,209.26239013671875,347158800,38.72108459472656,62803000,27.318256378173828,100290200,47.01083755493164,18838000,140.11000061035156,20056000,130.73890686035156,20863100,101.09613800048828,9641600,66.04000091552734,0
2020-03-23,203.9119110107422,326025200,38.26844787597656,61708000,26.664918899536133,97832900,44.82886505126953,15558600,146.3000030517578,28275200,136.12648010253906,19971800,102.29251861572266,12234700,61.59000015258789,0
2020-03-24,222.38697814941406,235494500,41.51097869873047,51118500,28.668487548828125,84450500,48.861961364746094,14401600,153.39999389648438,20743500,133.5926513671875,11948600,101.59674835205078,5235500,61.66999816894531,0
2020-03-25,225.7161407470703,299430300,42.86067199707031,60405600,29.67897605895996,79588900,51.49292755126953,15209300,151.3000030517578,16457200,133.2891845703125,10750600,101.65618133544922,5527600,63.95000076293945,0
2020-03-26,238.89564514160156,257632800,44.7781982421875,60511800,30.8027286529541,89991500,55.12431335449219,14486100,153.24000549316406,12778200,133.94525146484375,10576200,101.90225219726562,3384400,61.0,0
2020-03-27,231.78001403808594,224341200,43.502586364746094,53372400,29.051782608032227,74103800,55.17943572998047,11521700,152.25,9824600,137.52059936523438,12550000,102.65748596191406,5282300,65.54000091552734,0
2020-03-30,239.30723571777344,171369500,44.38317108154297,45987700,29.530900955200195,47544900,56.384647369384766,12754300,152.9199981689453,12080900,136.388916015625,13473200,102.89503479003906,4649400,57.08000183105469,0
2020-03-31,235.74024963378906,194881100,43.99637222290039,64906600,29.731250762939453,64131300,55.021888732910156,16815900,148.0500030517578,13319500,135.28192138671875,11464800,103.08171081542969,6356500,53.540000915527344,0
2020-04-01,225.1307830810547,189554600,42.04591751098633,40960200,28.45941925048828,65580600,51.40629196166992,12174800,149.4499969482422,11827400,137.17726135253906,11334700,103.50138854980469,9256400,57.060001373291016,0
2020-04-02,230.32574462890625,177660400,42.868900299072266,38008700,29.41765022277832,55784000,51.57958221435547,10916700,151.89999389648438,9188300,138.0477752685547,5771200,103.51840209960938,4789400,50.90999984741211,0
2020-04-03,226.99656677246094,135561200,41.88955307006836,33029800,28.860136032104492,68672500,50.83125305175781,8986700,152.64999389648438,8469100,138.37631225585938,6570800,103.59485626220703,3441100,46.79999923706055,0
2020-04-06,242.2430877685547,188061200,44.11158752441406,42257500,30.436857223510742,82394800,54.596527099609375,8382200,156.8800048828125,14739300,138.01487731933594,9434800,103.12760925292969,4697500,45.2400016784668,0
2020-04-07,242.49005126953125,201427200,44.358482360839844,36678000,30.593658447265625,74322600,55.10065841674805,7675100,156.0399932861328,9195400,136.56959533691406,13811400,102.66877746582031,9340600,46.70000076293945,0
2020-04-08,250.63003540039062,153774500,44.72059631347656,35282900,30.907257080078125,47112900,58.858062744140625,9628300,154.64999389648438,7600800,135.5758514404297,10147100,102.5414047241211,3341000,43.349998474121094,0
2020-04-09,254.4440155029297,189999200,45.73285675048828,42218200,30.79401969909668,67239300,62.15859603881836,13840900,158.69000244140625,18123000,135.82223510742188,14259100,102.76229858398438,4543600,41.66999816894531,0
2020-04-13,252.12095642089844,114839100,45.29667663574219,33424700,30.837574005126953,38193400,59.54338073730469,10139000,161.41000366210938,20549200,134.5821533203125,8750300,102.5414047241211,2103100,41.16999816894531,0
2020-04-14,259.55670166015625,134143400,46.10320281982422,36915600,31.54317283630371,52817400,61.213348388671875,9400800,162.67999267578125,17095100,134.54942321777344,9019100,102.67731475830078,2180100,37.7599983215332,0
2020-04-15,254.04153442382812,121775000,44.66298294067383,30158700,30.7330379486084,60775200,58.787174224853516,8568200,161.85000610351562,12141900,138.1134490966797,10027800,103.59485626220703,3137400,40.84000015258789,0
2020-04-16,255.26719665527344,131798300,44.68768310546875,37284200,30.89854621887207,37215100,58.11761474609375,6252800,161.7100067138672,9233200,139.68199157714844,8265400,103.70530700683594,1901600,40.11000061035156,0
2020-04-17,262.16326904296875,146684800,45.872772216796875,36205100,31.586734771728516,40870300,59.952999114990234,8593100,158.57000732421875,14652700,137.8096160888672,8612100,103.43345642089844,2375000,38.150001525878906,0
2020-04-20,257.5445861816406,100109300,45.189693450927734,25077400,31.186016082763672,44402700,57.72376251220703,6631000,159.6999969482422,10688700,138.9182586669922,6462600,103.70530700683594,4230700,43.83000183105469,0
2020-04-21,249.72457885742188,126385700,44.30910873413086,35535300,30.323612213134766,46166600,56.67609405517578,8620400,158.61000061035156,12478100,140.66746520996094,7850700,103.994140625,3287700,45.40999984741211,0
2020-04-22,255.26719665527344,92951600,45.05801773071289,28732700,31.151172637939453,37455800,57.54258346557617,6484200,161.72999572753906,12902100,139.2303924560547,6230200,103.67134094238281,3168700,41.97999954223633,0
2020-04-23,255.2488250732422,104709700,44.918113708496094,34733400,31.037931442260742,40733100,57.06207275390625,7648200,163.33999633789062,14928500,139.96942138671875,5968600,103.73927307128906,2345900,41.380001068115234,0
2020-04-24,258.8067321777344,85063200,45.43658447265625,30445100,30.99437141418457,30553700,57.306251525878906,6419000,162.63999938964844,11199300,140.29794311523438,6211800,103.76478576660156,2373500,35.93000030517578,0
2020-04-27,262.538330078125,77896600,46.037353515625,30786900,31.621578216552734,30617400,59.26766586303711,7669500,161.55999755859375,9033500,137.68649291992188,9039500,103.21258544921875,2508100,33.290000915527344,0
2020-04-28,261.3310241699219,105270000,46.38301086425781,35115400,31.68254852294922,34463600,59.75607681274414,8177900,160.83999633789062,10383000,139.27142333984375,9905400,103.66282653808594,2847600,33.56999969482422,0
2020-04-29,268.1722717285156,118745600,47.54341506958008,34921800,32.60594177246094,45483100,60.6540412902832,7307000,161.72999572753906,12232300,138.5487060546875,8619600,103.61183166503906,2600100,31.229999542236328,0
2020-04-30,265.6753234863281,122901700,46.55583572387695,52183100,31.91775131225586,59181700,59.952999114990234,8606000,158.8000030517578,13633500,136.93092346191406,11606100,103.36548614501953,5371500,34.150001525878906,0
2020-05-01,258.64208984375,125180000,45.54356384277344,32088300,30.767885208129883,56829000,57.92855453491211,6013600,159.77999877929688,10914300,138.10350036621094,10209400,103.50835418701172,8357700,37.189998626708984,0
2020-05-04,259.35546875,80873200,45.52711486816406,23432000,31.098907470703125,37036200,57.644989013671875,7288000,160.33999633789062,7986200,137.4539337158203,8300900,103.52536010742188,3580500,35.970001220703125,0
2020-05-05,261.7517395019531,79569900,45.60940933227539,23459100,31.273130416870117,41772700,57.92855453491211,7520300,161.02000427246094,10563100,136.5740509033203,7831800,103.44883728027344,3487600,33.61000061035156,0
2020-05-06,259.9774475097656,73632600,45.31313705444336,22596000,31.177310943603516,36584500,56.88877868652344,6266800,158.9499969482422,13352000,134.37030029296875,14721500,103.06610870361328,3279500,34.119998931884766,0
2020-05-07,263.1144714355469,75250400,45.99620819091797,30628700,31.42993927001953,36883300,57.70013427734375,6727300,161.38999938964844,13691700,136.6151885986328,9164800,103.69544982910156,3252800,31.440000534057617,0
2020-05-08,267.468017578125,76452400,46.77804183959961,20445800,32.09197998046875,60613000,59.07075119018555,6625600,160.4199981689453,12240900,134.8389434814453,8129800,103.35523986816406,3486800,27.979999542236328,0
2020-05-11,267.52288818359375,79514200,46.73688507080078,30772300,31.88291358947754,31053700,58.21215057373047,6874900,159.4199981689453,11209800,133.78651428222656,8713500,103.06610870361328,4569400,27.56999969482422,0
2020-05-12,262.1907043457031,95870800,46.144351959228516,59246700,31.760953903198242,49641400,55.5654182434082,11764700,160.0399932861328,10406000,135.15969848632812,10057300,103.40628051757812,4267700,33.040000915527344,0
2020-05-13,257.55364990234375,144721100,45.790462493896484,31920300,31.699981689453125,55002900,54.21842575073242,8358600,161.5800018310547,10950400,136.10533142089844,13305600,103.61888122558594,2615800,35.279998779296875,0
2020-05-14,260.6358642578125,121977900,45.35428237915039,41217500,31.821928024291992,58633700,54.407470703125,8609800,163.00999450683594,17084400,137.43736267089844,10080000,103.780517578125,2257600,32.61000061035156,0
2020-05-15,261.8340148925781,111146300,45.39543533325195,34086000,31.38637351989746,40402000,54.194801330566406,11916700,163.92999267578125,13918800,137.08387756347656,7225600,103.71244049072266,1828900,31.889999389648438,0
2020-05-18,269.8094482421875,119703800,47.23067855834961,39999500,32.614646911621094,47487700,57.40080642700195,8617200,162.69000244140625,14133800,134.0742645263672,10073100,103.07462310791016,3091200,29.299999237060547,0
2020-05-19,267.0381774902344,95189300,46.58052062988281,31462400,32.35331726074219,36152600,56.62883377075195,5804700,164.25999450683594,8535800,134.57582092285156,8639100,103.36375427246094,1941700,30.530000686645508,0
2020-05-20,271.57464599609375,85861700,47.551639556884766,32827600,32.78017044067383,43140300,57.132972717285156,5133700,164.64999389648438,10666100,134.97877502441406,10927300,103.38925170898438,2366700,27.989999771118164,0
2020-05-21,269.69970703125,78293900,47.000240325927734,27554400,32.405582427978516,42845500,57.18022155761719,5385100,162.25,11791000,135.3159942626953,8920000,103.45731353759766,2063800,29.530000686645508,0
2020-05-22,270.2117919921875,63958200,46.86857223510742,27513100,31.734827041625977,47355000,57.95220184326172,4737900,163.2100067138672,8540900,136.1300048828125,4956700,103.6529312133789,1352400,28.15999984741211,0
2020-05-26,273.5409851074219,88951400,48.210018157958984,46679700,32.43171310424805,54511200,60.11840057373047,6001000,160.88999938964844,13972000,134.3045654296875,8098900,103.3807601928711,3484800,28.010000228881836,0
2020-05-27,277.61102294921875,104817400,48.79433822631836,33723400,32.53624725341797,47182400,61.315731048583984,5880500,161.17999267578125,13063500,134.05789184570312,8047400,103.46582794189453,2542900,27.6200008392334,0
2020-05-28,277.098876953125,90405200,49.25519943237305,40630200,32.30976486206055,53388700,61.60719680786133,5642800,161.72000122070312,9758500,133.56442260742188,10272600,103.37227630615234,3873900,28.59000015258789,0
2020-05-29,278.3335876464844,119090800,49.08237838745117,47437100,32.867279052734375,63616700,60.99277877807617,8989500,162.91000366210938,12581800,134.5182647705078,14632700,103.70398712158203,2993800,27.510000228881836,0
2020-06-01,279.4585876464844,55758300,50.176937103271484,30195300,33.62514877319336,49360200,62.40277099609375,11218300,163.66000366210938,8140200,133.61260986328125,13341400,103.66304779052734,8531700,28.229999542236328,0
2020-06-02,281.7724609375,74267200,50.64603805541992,31663000,34.42658233642578,54010500,62.906925201416016,7162100,162.60000610351562,10388900,133.1268310546875,11517100,103.49279022216797,4711800,26.84000015258789,0
2020-06-03,285.5223693847656,92567600,51.855804443359375,29773100,35.22800827026367,60769300,64.92346954345703,7485600,159.60000610351562,17000500,131.35665893554688,12255700,102.87989044189453,4226600,25.65999984741211,0
2020-06-04,284.77239990234375,75794400,51.63360595703125,26190300,34.731468200683594,50969300,64.27754974365234,5503500,161.27999877929688,10094000,129.4547576904297,14038600,102.47126007080078,4744100,25.809999465942383,0
2020-06-05,292.07098388671875,150524700,52.52241897583008,31208000,35.64614486694336,52467500,66.71159362792969,6158800,158.00999450683594,16021200,128.53262329101562,17778500,101.96046447753906,10611700,24.520000457763672,0
2020-06-08,295.601318359375,73641200,53.20549392700195,29644000,35.863922119140625,39777100,68.36577606201172,7130500,159.72000122070312,9244400,129.0265350341797,10346700,102.0711669921875,3314700,25.809999465942383,0
2020-06-09,293.3971862792969,77479200,52.51419448852539,30176500,35.62001037597656,44389800,67.23147583007812,7168900,161.25999450683594,9045600,130.49215698242188,9095300,102.43719482421875,3238600,27.56999969482422,0
2020-06-10,291.75994873046875,95000800,52.39897155761719,27492200,35.88134765625,81172700,65.52214813232422,6433900,163.57000732421875,13009300,132.42698669433594,13135500,103.203369140625,4944600,27.56999969482422,0
2020-06-11,274.9402770996094,209243600,49.592620849609375,54699700,34.00844192504883,91271100,61.315731048583984,8611900,162.38999938964844,11673900,134.9300079345703,17086400,103.56944274902344,6365800,40.790000915527344,0
2020-06-12,278.2329406738281,194678900,50.44851303100586,57668900,34.731468200683594,73779500,63.513465881347656,8871700,162.6199951171875,6895400,133.62905883789062,9716100,103.33958435058594,3051000,36.09000015258789,0
2020-06-15,280.8304443359375,135782700,50.655517578125,30698700,34.41604995727539,76868600,64.41146087646484,6138600,162.3300018310547,8532500,133.7031707763672,7759800,103.25445556640625,2658000,34.400001525878906,0
2020-06-16,286.2358093261719,137627500,51.2815055847168,37029400,34.63508605957031,79638000,65.67965698242188,5811700,162.25,7964000,131.65304565429688,13698900,103.04164123535156,5252000,33.66999816894531,0
2020-06-17,285.0467834472656,83398900,51.473480224609375,26238300,34.96803665161133,61471100,64.72657012939453,5041500,162.55999755859375,4758200,132.1964874267578,7113900,103.203369140625,2308300,33.470001220703125,0
2020-06-18,285.15655517578125,80828700,51.19804382324219,20035700,34.98555374145508,48131400,64.0176010131836,5005900,162.24000549316406,5397600,133.59613037109375,7691400,103.4332275390625,1694600,32.939998626708984,0
2020-06-19,283.5269470214844,135549600,50.9476432800293,32270800,34.9767951965332,72411300,63.08810043334961,10402000,164.02999877929688,12187400,133.7031707763672,8565500,103.4672622680664,2033200,35.119998931884766,0
2020-06-22,285.3457946777344,74649400,51.55695343017578,20743000,35.406124114990234,39024200,63.02506637573242,3995500,165.08999633789062,12385600,133.71971130371094,9319700,103.37364959716797,2284900,31.770000457763672,0
2020-06-23,286.6594543457031,68471200,51.840728759765625,20897800,35.747825622558594,32995800,62.76512908935547,3958100,166.47999572753906,12137300,132.8057403564453,9088600,103.33958435058594,2010600,31.3700008392334,0
2020-06-24,279.34710693359375,132813500,50.51362228393555,34030900,35.27470016479492,51150200,60.97702407836914,7034900,165.89999389648438,10901400,134.2301788330078,11436500,103.53536224365234,2310700,33.84000015258789,0
2020-06-25,282.34185791015625,89468000,51.23142623901367,26357100,35.423648834228516,48199000,61.755836486816406,6626000,165.8000030517578,7093800,134.61705017089844,10968000,103.55242156982422,1650900,32.220001220703125,0
2020-06-26,275.63580322265625,127961000,50.48857879638672,32279300,34.99432373046875,53901200,60.57051086425781,7277100,166.5399932861328,9753500,136.05796813964844,12119300,103.83332824707031,3413900,34.72999954223633,0
2020-06-29,279.6869812011719,79773300,50.897560119628906,23749700,35.152034759521484,34712700,61.739925384521484,4687100,166.6300048828125,6735700,135.6297607421875,7274400,103.93550872802734,28632400,31.780000686645508,0
2020-06-30,283.2696838378906,113394800,50.805747985839844,32612900,35.03813171386719,67644600,62.47178268432617,5212200,167.3699951171875,12762300,134.97113037109375,14841700,103.74822998046875,4126700,30.43000030517578,0
2020-07-01,285.2538757324219,72396500,50.99772644042969,25243100,35.43240737915039,51766200,63.91168212890625,5023700,166.6199951171875,13214800,134.70899963378906,13181000,103.58627319335938,8416500,28.6200008392334,0
2020-07-02,286.8248596191406,69344200,51.55695343017578,20854100,36.23849105834961,42240200,63.728721618652344,4588100,166.97999572753906,8753500,134.84915161132812,7599800,103.7141342163086,3054100,27.68000030517578,0
2020-07-06,291.25262451171875,61713800,52.39994812011719,21537100,37.798072814941406,69159900,63.6968879699707,6174300,167.97999572753906,7265700,134.29689025878906,7972700,103.56074523925781,2821900,27.940000534057617,0
2020-07-07,288.2486267089844,82910000,51.63206481933594,17394200,37.167232513427734,34004100,62.43202590942383,3389200,169.0399932861328,11633100,136.18455505371094,12791900,103.89303588867188,2920400,29.43000030517578,0
2020-07-08,290.4533996582031,54638600,52.06608963012695,17363400,38.131019592285156,42278100,62.344520568847656,3848100,170.08999633789062,11662700,135.64048767089844,7253900,103.73117065429688,2096700,28.079999923706055,0
2020-07-09,288.7998046875,83354200,51.473480224609375,26098200,38.131019592285156,64950400,61.9547233581543,3455900,169.6300048828125,13327400,137.8001708984375,13373100,104.06349182128906,2769400,29.260000228881836,0
2020-07-10,291.74871826171875,57550400,52.02436065673828,22008800,37.885684967041016,45293500,62.1456413269043,3809900,169.19000244140625,8218000,137.1077880859375,8478000,103.85902404785156,1939000,27.290000915527344,0
2020-07-13,289.2223815917969,102997500,51.690494537353516,20515500,37.6316032409668,47039600,61.405792236328125,6071800,169.39999389648438,11095900,137.5611114501953,8054000,103.96976470947266,2051100,32.189998626708984,0
2020-07-14,292.970458984375,93657000,52.45003128051758,35121300,37.684165954589844,56528000,61.922874450683594,3473900,170.19000244140625,9812700,137.7589111328125,11344600,103.96124267578125,1721500,29.520000457763672,0
2020-07-15,295.6620178222656,87196500,53.042640686035156,28888600,37.798072814941406,48309100,62.527469635009766,3547200,170.33999633789062,7533800,137.11599731445312,7840300,103.92716217041016,2085400,27.760000228881836,0
2020-07-16,294.68829345703125,54622500,52.70043182373047,24677200,37.263607025146484,36512000,61.779693603515625,3605400,168.72999572753906,10242400,137.7672576904297,9107400,104.00383758544922,1907100,28.0,0
2020-07-17,295.5426025390625,62774900,53.00925827026367,19641800,37.47389602661133,40913000,62.58316421508789,3720500,170.1199951171875,10296000,137.4786834716797,8549900,103.97830200195312,2405200,25.68000030517578,0
2020-07-20,297.9309997558594,56308800,53.268001556396484,17996600,37.955780029296875,23319300,61.835391998291016,4364100,170.94000244140625,10095500,137.81666564941406,6907200,104.04642486572266,2695900,24.459999084472656,0
2020-07-21,298.5649719238281,57292200,53.37650680541992,21179700,38.306251525878906,44420500,61.98654556274414,3007200,173.0,12826100,137.8991241455078,8454400,104.1572036743164,3228400,24.84000015258789,0
2020-07-22,300.2643737792969,57792900,53.518402099609375,18023400,38.139774322509766,31232200,62.93318557739258,2682400,175.6300048828125,18712500,138.31126403808594,6592100,104.1912841796875,2431500,24.31999969482422,0
2020-07-23,296.6816711425781,75738000,53.09271240234375,16080700,37.83312225341797,39243400,62.67066955566406,4630900,177.17999267578125,23006800,139.92678833007812,10471800,104.29356384277344,2006500,26.079999923706055,0
2020-07-24,294.7710266113281,73766600,52.80058670043945,16017900,37.798072814941406,30184800,62.209266662597656,2702200,178.6999969482422,15601300,139.91867065429688,7520700,104.24241638183594,3395600,25.84000015258789,0
2020-07-27,296.92059326171875,48293000,53.49335479736328,16368200,38.38511657714844,39112200,62.7979621887207,4111800,182.22999572753906,21115600,139.39935302734375,6146400,104.08053588867188,1976500,24.739999771118164,0
2020-07-28,295.03741455078125,57495000,53.151145935058594,20470300,38.06968688964844,31219100,64.04690551757812,6613300,183.75,21164600,140.36378479003906,8520700,104.32764434814453,1870300,25.440000534057617,0
2020-07-29,298.6659851074219,48454200,53.71036148071289,20055900,38.683006286621094,37830900,65.28791046142578,5429600,185.1300048828125,25640100,140.12481689453125,6733700,104.4639663696289,1874200,24.100000381469727,0
2020-07-30,297.600341796875,61861700,52.91743850708008,24664100,38.19235610961914,47900300,64.86630249023438,6602700,183.75999450683594,18061200,141.04798889160156,9376100,104.60882568359375,28331800,24.760000228881836,0
2020-07-31,299.9520568847656,84986800,51.790653228759766,36002300,37.92950439453125,62457700,64.7469711303711,9312300,185.42999267578125,15876700,140.95733642578125,8886000,104.63438415527344,4039200,24.459999084472656,0
2020-08-03,302.03729248046875,53077900,52.80058670043945,23609700,38.19235610961914,30603000,63.887821197509766,5629700,185.63999938964844,12897000,140.24754333496094,9066200,104.58317565917969,6595900,24.280000686645508,0
2020-08-04,303.2039794921875,41917900,53.09271240234375,16236800,38.70053482055664,40597400,64.84244537353516,4078000,189.58999633789062,20773200,141.58450317382812,9878900,104.94134521484375,3842000,23.760000228881836,0
2020-08-05,305.08721923828125,42697700,53.268001556396484,17901300,39.121097564697266,36768200,64.51625061035156,3374500,191.35000610351562,27078100,140.34658813476562,6954100,104.59175872802734,2423700,22.989999771118164,0
2020-08-06,307.1265563964844,43679400,53.32642364501953,17210500,39.24375915527344,33523700,64.61969757080078,3646500,193.88999938964844,20640100,141.13063049316406,9481800,104.71113586425781,2286500,22.649999618530273,0
2020-08-07,307.3470458984375,57308300,53.10940933227539,14988900,38.43767547607422,35759300,65.54249572753906,4447800,190.80999755859375,24570200,140.18980407714844,8176900,104.48942565917969,2363400,22.209999084472656,0
2020-08-10,308.2657165527344,44282100,53.28468322753906,10049000,38.534053802490234,26964700,65.64591217041016,3410000,190.14999389648438,19047200,139.5626983642578,6408500,104.3785629272461,1994900,22.1299991607666,0
2020-08-11,305.7210693359375,69601100,53.47666931152344,31465500,38.42892074584961,34166400,64.69922637939453,5193800,179.94000244140625,45355000,137.90396118164062,19234200,104.02042388916016,7166500,24.030000686645508,0
2020-08-12,309.9834899902344,53774400,54.66188430786133,28638500,38.945858001708984,30740100,65.3515625,2245300,179.10000610351562,28660500,136.6495819091797,11744800,103.71338653564453,5538100,22.280000686645508,0
2020-08-13,309.4230651855469,41816100,54.419837951660156,17783100,38.83195114135742,26509200,64.54808044433594,3585400,183.3300018310547,18596800,135.1889190673828,12744700,103.50017547607422,5748400,22.1299991607666,0
2020-08-14,309.43231201171875,47260400,54.085968017578125,10874100,38.761863708496094,24593800,64.5560531616211,3399300,182.5399932861328,11792000,134.6607666015625,6398100,103.55137634277344,2722800,22.049999237060547,0
2020-08-17,310.415283203125,35481000,54.49494934082031,11429900,39.25252151489258,26422200,65.08108520507812,2749900,186.5,15709800,134.99911499023438,6901500,103.72190856933594,3357700,21.350000381469727,0
2020-08-18,311.08587646484375,38733900,54.46156692504883,23832500,39.208709716796875,34464800,64.77084350585938,3635300,188.17999267578125,16291600,135.96463012695312,8140600,103.9010009765625,1853600,21.510000228881836,0
2020-08-19,309.79058837890625,68054200,54.219512939453125,15591900,38.7268180847168,28391100,63.63325119018555,4376200,182.24000549316406,24646900,135.1147003173828,12497700,103.76454162597656,4493800,22.540000915527344,0
2020-08-20,310.7551574707031,42207800,54.044227600097656,19825800,38.604156494140625,38399500,64.23783111572266,2949900,183.5,16692200,136.33604431152344,10319900,104.06303405761719,2880300,22.719999313354492,0
2020-08-21,311.8575439453125,55106600,53.7687873840332,15926400,38.796905517578125,34657800,64.34125518798828,3380700,182.02999877929688,12713700,137.1529541015625,6836000,104.13975524902344,2103700,22.540000915527344,0
2020-08-24,315.0176696777344,48588700,54.47825622558594,14627700,39.226234436035156,26576500,64.75492095947266,2553700,181.0,11605800,136.9300994873047,6490600,103.99478149414062,1974900,22.3700008392334,0
2020-08-25,316.1199035644531,38463400,54.51163864135742,18507500,39.620513916015625,27608400,64.9219741821289,3123500,181.22000122070312,10056100,135.8821258544922,10518300,103.74752044677734,3562800,22.030000686645508,0
2020-08-26,319.289306640625,50790200,54.82881164550781,19549800,39.72565841674805,31465300,64.32534790039062,3139800,183.36000061035156,12715800,135.36224365234375,8276600,103.70486450195312,3337400,23.270000457763672,0
2020-08-27,319.98748779296875,58034100,54.269588470458984,24413900,39.3927001953125,31947400,65.27202606201172,4006700,181.24000549316406,16299200,133.0599365234375,19860100,103.3381576538086,4672900,24.469999313354492,0
2020-08-28,322.0543518066406,48588900,54.653533935546875,15197300,39.90964889526367,24151700,65.70159912109375,4548700,184.38999938964844,13200800,132.96087646484375,8415400,103.50872039794922,2277200,22.959999084472656,0
2020-08-31,320.8876647949219,66099200,54.23621368408203,24929800,39.02471923828125,52790000,65.03336334228516,4835100,184.8300018310547,10251200,133.84390258789062,11388100,103.61957550048828,3273300,26.40999984741211,0
2020-09-01,323.9099426269531,54908700,54.29463577270508,23945500,39.69060134887695,34212200,65.08108520507812,3498500,185.0500030517578,10662100,135.37477111816406,10587000,103.95922088623047,4622900,26.1200008392334,0
2020-09-02,328.59503173828125,69540000,55.02078628540039,20748400,39.5854606628418,50638400,66.29026794433594,3136500,182.6199951171875,11536900,136.6636199951172,15167700,104.10428619384766,3013400,26.56999969482422,0
2020-09-03,317.2866516113281,148011100,53.777137756347656,43834300,38.83195114135742,82433300,65.49476623535156,5716500,181.13999938964844,12148100,137.0518341064453,16416600,104.24079895019531,5750500,33.599998474121094,0
2020-09-04,314.6960754394531,139156300,53.85226058959961,33992800,38.8494758605957,62284500,65.15267944335938,4956900,181.63999938964844,11567900,134.44943237304688,13780300,103.66056823730469,7512800,30.75,0
2020-09-08,306.09771728515625,114465300,53.19287109375,26869600,38.17482376098633,50051100,64.3571548461914,3774000,181.2899932861328,13229200,135.27557373046875,13790400,103.8824234008789,3442700,31.459999084472656,0
2020-09-09,312.142333984375,91462300,54.186126708984375,23374000,38.744346618652344,49010500,64.99356842041016,3158300,183.0500030517578,8424100,134.9120635986328,9558900,103.83123016357422,3964300,28.809999465942383,0
2020-09-10,306.72235107421875,90569500,53.551788330078125,30361000,38.12225341796875,54276200,64.19806671142578,4308700,182.4600067138672,9143600,135.59774780273438,8847700,103.95922088623047,3164200,29.709999084472656,0
2020-09-11,306.8785705566406,84680200,54.085968017578125,29958900,38.49025344848633,49400700,63.84008026123047,4255400,182.4499969482422,7662300,135.88694763183594,5458200,104.1213607788086,4905000,26.8700008392334,0
2020-09-14,310.9205322265625,65605700,54.37809753417969,14663300,39.112327575683594,38892300,65.39928436279297,3732000,183.88999938964844,9709500,135.8786163330078,4274900,104.02751922607422,1797100,25.850000381469727,0
2020-09-15,312.4913635253906,52920900,54.72865295410156,17678700,39.52413558959961,30541000,66.18685150146484,3017500,183.4499969482422,7993700,135.54818725585938,6928500,103.97628784179688,2897600,25.59000015258789,0
2020-09-16,311.2512512207031,82096000,54.72865295410156,18052600,39.47156524658203,38179100,66.53689575195312,3722400,183.97000122070312,12702400,135.1433563232422,8815200,103.91653442382812,4015700,26.040000915527344,0
2020-09-17,308.5137023925781,91523300,54.803768157958984,18149700,39.3138542175293,38231100,65.24019622802734,5981400,182.9600067138672,8836200,135.55641174316406,7813900,103.95066833496094,3426800,26.459999084472656,0
2020-09-18,304.96185302734375,105877900,54.36139678955078,27897500,39.00718688964844,34270500,63.76847839355469,5024200,183.1999969482422,9959700,135.1350860595703,7246300,103.85679626464844,5606900,25.829999923706055,0
2020-09-21,301.5678405761719,99450800,52.984214782714844,39928700,38.64796447753906,42901100,61.8513069152832,5297300,179.52000427246094,17436100,135.8208465576172,11086900,104.04454040527344,5838100,27.780000686645508,0
2020-09-22,304.6391296386719,63612100,52.9675178527832,15810800,38.358821868896484,44884000,62.591129302978516,4486400,178.64999389648438,7977900,135.71347045898438,10524100,104.04454040527344,3387900,26.860000610351562,0
2020-09-23,297.5741882324219,93112200,52.52515411376953,18325800,37.76301956176758,40837000,60.705753326416016,7876400,174.7899932861328,18134000,135.89515686035156,6224800,104.04454040527344,3172000,28.579999923706055,0
2020-09-24,298.3674011230469,76681300,52.47507095336914,25234900,37.587791442871094,46493800,61.03190994262695,6813300,175.44000244140625,11759200,136.4156494140625,8278100,104.0958023071289,2866900,28.510000228881836,0
2020-09-25,303.1910705566406,71069400,52.650352478027344,24180700,37.62284469604492,44165700,62.290550231933594,3503300,174.94000244140625,6779200,136.4156494140625,5140300,104.18109893798828,2187400,26.3799991607666,0
2020-09-28,308.2268371582031,64584600,53.443275451660156,18102700,38.043399810791016,45528300,63.56523513793945,3470900,176.6999969482422,7109700,136.02740478515625,4470100,104.16403198242188,4167200,26.190000534057617,0
2020-09-29,306.5482482910156,51304000,53.384849548339844,16168300,38.017120361328125,25333200,63.10826873779297,3662900,178.19000244140625,8718500,136.184326171875,10297600,104.24079895019531,2577100,26.270000457763672,0
2020-09-30,308.87249755859375,104081100,53.12610626220703,37083000,38.630435943603516,48674300,63.300655364990234,4507100,177.1199951171875,8371800,134.87901306152344,12971000,103.95922088623047,4276400,26.3700008392334,0
2020-10-01,310.85552978515625,88698700,53.4349250793457,33266700,38.98966598510742,51521100,64.56732177734375,6406300,178.6999969482422,10402800,135.1014862060547,11523900,104.01815032958984,8733800,26.700000762939453,0
2020-10-02,307.90399169921875,89431100,53.32642364501953,25285500,38.54281997680664,32647100,65.6816635131836,3346700,178.5399932861328,7488500,134.59707641601562,8828800,103.91566467285156,7509700,27.6299991607666,0
2020-10-05,313.36419677734375,45713100,54.13604736328125,14564100,39.05976486206055,36059100,66.0584487915039,2654800,179.41000366210938,6969600,131.96710205078125,14726000,103.25811767578125,6132200,27.959999084472656,0
2020-10-06,308.9093322753906,90128900,53.560123443603516,22901400,39.129859924316406,43464800,65.62554168701172,5830300,177.3000030517578,8632800,132.6782684326172,22419400,103.49722290039062,8516400,29.479999542236328,0
2020-10-07,314.28643798828125,56999600,54.019195556640625,17055500,39.559181213378906,45691100,65.72175598144531,2362400,177.22000122070312,6410900,131.710693359375,9429200,103.1983413696289,7116700,28.059999465942383,0
2020-10-08,317.07183837890625,45242500,54.39479446411133,13385000,39.88336181640625,29669900,66.8200454711914,2269000,177.85000610351562,6530800,132.42198181152344,8431500,103.3862075805664,3499000,26.360000610351562,0
2020-10-09,319.9033508300781,59528600,54.820465087890625,22181600,40.15498733520508,31901900,66.55548095703125,6556200,181.0800018310547,15979800,132.39710998535156,8441500,103.33500671386719,4358500,25.0,0
2020-10-12,325.0498046875,80388500,55.137630462646484,9676100,40.505455017089844,40037700,66.86814880371094,5655800,180.55999755859375,4843000,132.81893920898438,3962000,103.44599151611328,3287900,25.06999969482422,0
2020-10-13,322.928466796875,73255500,54.519989013671875,16260500,40.33897399902344,35585000,65.72175598144531,4406300,177.72000122070312,8384300,133.77000427246094,7914300,103.67656707763672,6583300,26.06999969482422,0
2020-10-14,320.8994445800781,57727900,54.42818069458008,13144000,40.067359924316406,42300500,64.92005157470703,4651400,178.27000427246094,9076600,134.0759735107422,6954800,103.71072387695312,5200600,26.399999618530273,0
2020-10-15,320.5028076171875,60357700,53.78549575805664,20631800,39.77822494506836,41119300,65.25677490234375,2915400,178.9199981689453,6815400,133.844482421875,9458800,103.59972381591797,3839200,26.969999313354492,0
2020-10-16,320.3091735839844,89501900,54.03588104248047,15792600,39.91840362548828,31611400,64.79177856445312,2925400,178.3000030517578,7260700,133.47219848632812,8416300,103.53993225097656,2726200,27.40999984741211,0
2020-10-19,315.4394226074219,68425600,53.83556365966797,14736400,39.804508209228516,30869500,63.78166961669922,9873000,178.38999938964844,6084400,132.9677734375,9286600,103.36915588378906,3635800,29.18000030517578,0
2020-10-20,316.7029113769531,60051900,54.1026611328125,23268000,40.24259567260742,51631300,64.23863220214844,4038600,179.25,7121400,131.70245361328125,11189000,103.1470947265625,6129700,29.350000381469727,0
2020-10-21,316.1033935546875,63575000,53.84391403198242,21699100,40.35649871826172,42909300,64.04621887207031,2685900,180.60000610351562,7548100,131.24758911132812,10453700,103.01052856445312,6425300,28.649999618530273,0
2020-10-22,317.8372802734375,55399300,53.88563919067383,20533700,40.34773254394531,41884100,64.0382080078125,3828900,178.8300018310547,8377000,129.88304138183594,12664900,102.65184783935547,6749000,28.110000610351562,0
2020-10-23,318.91644287109375,49143900,54.23621368408203,19334200,40.58430099487305,36931400,64.42302703857422,2588700,178.63999938964844,5919300,130.67694091796875,8783800,102.79704284667969,5049900,27.549999237060547,0
2020-10-26,313.02288818359375,91473000,53.25965118408203,17745700,40.058597564697266,53574300,63.50107955932617,2691200,178.5500030517578,5105100,131.89260864257812,7227300,103.07025909423828,4817800,32.459999084472656,0
2020-10-27,311.9438171386719,65994100,52.84232711791992,19616900,40.23382568359375,41828600,62.482948303222656,2264100,179.02000427246094,5826900,132.77757263183594,6062300,103.30084228515625,3620100,33.349998474121094,0
2020-10-28,301.2818908691406,127094300,51.26481246948242,36132600,39.226234436035156,67047200,60.99182891845703,4422000,176.1300048828125,11734100,132.9016571044922,11765800,103.29229736328125,5586600,40.279998779296875,0
2020-10-29,304.3439636230469,90597700,51.506866455078125,30898400,39.620513916015625,44763400,61.809532165527344,4645500,175.39999389648438,8474500,131.61154174804688,11932400,102.85677337646484,7504800,37.59000015258789,0
2020-10-30,301.1711730957031,120287300,51.23977279663086,35889900,39.17366409301758,66155200,61.40069580078125,3978900,176.1999969482422,7303000,130.31301879882812,13095400,102.52375030517578,7246800,38.02000045776367,0
2020-11-02,304.5468444824219,86068300,51.907501220703125,24388600,39.6730842590332,51001600,62.86775588989258,4254500,177.91000366210938,6498400,131.2891387939453,10810500,102.69976043701172,7674300,37.130001068115234,0
2020-11-03,309.9239807128906,93294200,53.268001556396484,26474500,39.84831619262695,49744300,64.07830810546875,4214600,178.9199981689453,7577200,130.5274658203125,16228700,102.46907043457031,9203500,35.54999923706055,0
2020-11-04,316.8504943847656,126959700,53.85226058959961,26490200,41.10123825073242,81110200,64.19054412841797,2867500,178.82000732421875,11117300,133.35890197753906,21570800,103.33206939697266,14922300,29.56999969482422,0
2020-11-05,323.0299377441406,82039700,55.145992279052734,28528300,41.802181243896484,78029300,64.49516296386719,3984900,182.92999267578125,16102800,133.5906982421875,18537500,103.31500244140625,6250700,27.579999923706055,0
2020-11-06,322.9561767578125,74973000,55.26283264160156,21980100,41.994937896728516,57353300,64.05424499511719,3696600,183.19000244140625,10378300,131.9762725830078,12408400,102.96466827392578,10402200,24.860000610351562,0
2020-11-09,327.01434326171875,172304200,56.87372589111328,43606500,42.28407669067383,74889400,66.32300567626953,8999300,175.0800018310547,29800700,129.20281982421875,23245000,102.20416259765625,11195800,25.75,0
2020-11-10,326.53472900390625,85552000,57.38287353515625,37172600,41.802181243896484,68735600,67.29305267333984,6146100,175.66000366210938,11728500,128.4577178955078,12561000,101.91365051269531,4810500,24.799999237060547,0
2020-11-11,328.9604187011719,58649000,57.86697769165039,16643200,42.07379913330078,46272000,67.54957580566406,3416100,174.89999389648438,9008500,128.9213104248047,5888200,102.07599639892578,1699900,23.450000762939453,0
2020-11-12,325.7691650390625,67546200,57.02396774291992,24076600,41.75837326049805,41292600,66.66773223876953,3939500,175.9600067138672,7167900,131.11526489257812,15999700,102.65707397460938,6324000,25.350000381469727,0
2020-11-13,330.2793273925781,62892200,57.900367736816406,21594600,42.34541320800781,48143400,68.44744110107422,3443000,177.16000366210938,6469800,130.94143676757812,7344600,102.5203628540039,6766000,23.100000381469727,0
2020-11-16,334.40203857421875,74541100,58.501304626464844,20294600,42.87111282348633,63565900,69.2170639038086,2978300,177.14999389648438,8358500,130.62681579589844,6310400,102.44343566894531,3911400,22.450000762939453,0
2020-11-17,332.6035461425781,66111000,58.44289016723633,18574500,42.827301025390625,34661600,69.28121185302734,3856900,176.5,8229100,131.4796142578125,7444600,102.70831298828125,4707900,22.709999084472656,0
2020-11-18,328.6007080078125,70591300,58.13405990600586,15018000,42.67835235595703,32343400,67.93437957763672,9655500,175.49000549316406,7384700,131.86036682128906,10333300,102.67415618896484,7931200,23.84000015258789,0
2020-11-19,329.9841613769531,59940900,58.543052673339844,24048000,42.748443603515625,27524000,68.19894409179688,4225400,175.16000366210938,6965100,132.5392608642578,10637200,102.78520965576172,9323000,23.110000610351562,0
2020-11-20,327.72442626953125,70417300,58.71832275390625,18571900,42.98501968383789,35259100,67.83015441894531,3136400,175.69000244140625,6379400,133.7149200439453,7246800,102.96466827392578,16772200,23.700000762939453,0
2020-11-23,329.6889953613281,63230600,58.64320755004883,14340300,43.09891128540039,38979600,67.95842742919922,4520000,172.22999572753906,15510600,133.10227966308594,11300000,102.75959014892578,2511900,22.65999984741211,0
2020-11-24,335.00152587890625,62415900,59.51959991455078,23399300,43.67718505859375,39275200,68.31918334960938,4805500,169.58999633789062,19504000,131.77755737304688,10891700,102.59723663330078,4349300,21.639999389648438,0
2020-11-25,334.4849853515625,45330900,59.44448471069336,19214900,43.43186569213867,47358000,68.35926055908203,5792800,169.50999450683594,10286600,131.3719024658203,9145800,102.63143157958984,2125500,21.25,0
2020-11-27,335.41656494140625,28514100,59.85346984863281,11839100,43.84366226196289,27040300,68.05464172363281,2063900,167.7899932861328,10569100,132.64694213867188,4708200,102.9389877319336,2988100,20.84000015258789,0
2020-11-30,333.9316101074219,83872700,58.55139923095703,46146500,42.69587326049805,60622800,67.34113311767578,6413600,166.6699981689453,13210000,132.48133850097656,13071600,102.87066650390625,2390900,20.56999969482422,0
2020-12-01,337.5839538574219,74231400,59.9285888671875,29860500,43.53700256347656,50376400,68.20693969726562,6489100,170.17999267578125,13533300,130.52796936035156,13662800,102.32344818115234,13902200,20.770000457763672,0
2020-12-02,338.2941589355469,45927000,59.93691635131836,20864700,43.598331451416016,42826100,67.66984558105469,3738500,171.4600067138672,9199700,129.49203491210938,12114300,102.15242004394531,5578500,21.170000076293945,0
2020-12-03,338.2020263671875,62882000,60.037086486816406,16572700,44.097755432128906,61408300,68.23902893066406,3386300,172.80999755859375,10457300,130.53622436523438,9626500,102.42607116699219,4484900,21.280000686645508,0
2020-12-04,341.1164855957031,50749900,60.54623031616211,18956100,44.553367614746094,42230900,69.28121185302734,3053200,172.32000732421875,10098600,128.621826171875,12734500,102.0241470336914,4709100,20.790000915527344,0
2020-12-07,340.41552734375,48944300,60.05377960205078,19537700,44.553367614746094,43115100,68.679931640625,2620500,174.88999938964844,10555100,129.78211975097656,9316100,102.34056091308594,4441600,21.299999237060547,0
2020-12-08,341.4115905761719,42458900,60.26243591308594,12428100,44.57088088989258,28632600,68.4394302368164,2648100,175.5,6348400,130.39535522460938,7397200,102.44314575195312,4735700,20.68000030517578,0
2020-12-09,338.3495178222656,74098300,60.345909118652344,18355000,44.185367584228516,40762600,68.01453399658203,5024000,172.5,10743200,129.96437072753906,7750100,102.29778289794922,3444100,22.270000457763672,0
2020-12-10,338.2388000488281,57735400,60.42938232421875,20871300,44.754878997802734,36032000,67.71792602539062,3737900,172.1699981689453,6564000,131.11647033691406,10025100,102.52864837646484,3557600,22.520000457763672,0
2020-12-11,337.84222412109375,57698600,60.24575424194336,21812000,44.439453125,38034400,67.65377807617188,4044400,172.49000549316406,6084800,131.5804901123047,8135900,102.73388671875,4336600,23.309999465942383,0
2020-12-14,336.32958984375,69216200,60.28282928466797,26176400,44.20841979980469,34407200,67.357177734375,3735200,171.5399932861328,7644400,131.21580505371094,7535900,102.67400360107422,2870600,24.719999313354492,0
2020-12-15,340.87664794921875,63865300,60.89805221557617,24075700,44.686439514160156,39345000,68.7360610961914,2867700,173.94000244140625,6840500,130.77659606933594,6847500,102.5713882446289,2889200,22.889999389648438,0
2020-12-16,341.4115905761719,58420500,61.134033203125,15642300,44.898887634277344,38243300,68.81621551513672,3419900,174.89999389648438,8174700,130.42852783203125,9954200,102.48589324951172,5058400,22.5,0
2020-12-17,343.32073974609375,64119500,61.56383514404297,18633100,45.19101333618164,36323800,69.48161315917969,3341400,176.74000549316406,9475800,130.08340454101562,9422700,102.41146087646484,3233200,21.93000030517578,0
2020-12-18,341.949951171875,136542300,61.24358367919922,27367900,45.137901306152344,47662800,68.08670043945312,3988500,176.44000244140625,6789900,129.69351196289062,6505000,102.32593536376953,3189500,21.56999969482422,0
2020-12-21,340.727294921875,96386700,60.45981216430664,31488000,44.47398376464844,48558100,67.70189666748047,4993600,175.8800048828125,8168900,130.20787048339844,8988200,102.39436340332031,2850500,25.15999984741211,0
2020-12-22,340.1529846191406,47949000,60.3081169128418,20355000,44.11989212036133,35229900,68.17488861083984,2828900,174.49000549316406,9442400,130.8798370361328,7370800,102.56548309326172,3688500,24.229999542236328,0
2020-12-23,340.4585876464844,46201400,60.957061767578125,13577300,44.571353912353516,36469400,67.73394775390625,3659000,175.64999389648438,6542800,129.97557067871094,9266600,102.35157775878906,3047100,23.309999465942383,0
2020-12-24,341.7831726074219,26457900,60.98231887817383,7252900,44.376609802246094,20689000,68.32698059082031,1563600,176.35000610351562,3695400,130.4899139404297,3117100,102.49702453613281,1529300,21.530000686645508,0
2020-12-28,344.7193603515625,39000400,61.479557037353516,11142200,44.50054168701172,26906100,68.73426818847656,5655100,175.7100067138672,7778700,130.5479736328125,7791100,102.50556182861328,3677500,21.700000762939453,0
2020-12-29,344.0617370605469,53680500,61.87565231323242,17541500,45.164466857910156,41965900,68.14776611328125,3880100,176.35000610351562,5983700,130.38211059570312,9030900,102.48847198486328,2157300,23.079999923706055,0
2020-12-30,344.5526428222656,49455300,61.95992660522461,15147100,45.76641845703125,35759500,68.52247619628906,3995900,177.6999969482422,5914000,130.66409301757812,9097300,102.55690002441406,2549100,22.770000457763672,0
2020-12-31,346.30322265625,78520700,61.48799133300781,34218500,45.739864349365234,35680200,69.1822738647461,4827300,178.36000061035156,7540800,130.85487365722656,7742100,102.6253433227539,2626200,22.75,0
2021-01-04,341.5887451171875,110210800,61.808231353759766,26703400,46.0319938659668,48201300,66.9340591430664,5311500,182.3300018310547,14331400,130.69729614257812,13152900,102.65100860595703,5499000,26.969999313354492,0
2021-01-05,343.9413146972656,66426200,62.44873046875,19748500,47.138526916503906,53358000,67.03179168701172,4932600,182.8699951171875,12718800,129.72669982910156,10458100,102.41146087646484,5004400,25.34000015258789,0
2021-01-06,345.9975891113281,107997700,63.16508865356445,25426900,46.74017333984375,56418700,67.14584350585938,6520100,179.89999389648438,18453500,127.06359100341797,22827300,101.81254577636719,10039300,25.06999969482422,0
2021-01-07,351.13824462890625,68766800,63.23250961303711,18783700,47.18278884887695,41031300,67.01548767089844,4068400,179.47999572753906,7110200,125.94358825683594,14651900,101.45320129394531,7751700,22.3700008392334,0
2021-01-08,353.1390075683594,71677200,63.82243347167969,25272200,48.43096160888672,76024300,67.66716003417969,4931600,173.33999633789062,24399900,125.53713989257812,13622500,101.16233825683594,8378700,21.559999465942383,0
2021-01-11,350.758544921875,51034700,62.98810577392578,23190200,47.77589797973633,40816400,66.77113342285156,6565100,173.0,8571400,125.32970428466797,8370700,100.96556091308594,6061000,24.079999923706055,0
2021-01-12,350.8325500488281,52547700,63.27464294433594,20914000,48.24506378173828,47570500,66.9259033203125,7857300,174.1199951171875,9798500,125.2301254272461,12186300,100.94845581054688,6516600,23.329999923706055,0
2021-01-13,351.77734375,45303600,63.190364837646484,15580700,48.35129165649414,33561200,67.74048614501953,9024900,173.3699951171875,14110300,126.6404800415039,12533300,101.29922485351562,7562900,22.209999084472656,0
2021-01-14,350.54541015625,49989100,63.69601821899414,22607500,48.802764892578125,38837200,68.13961791992188,5866400,173.27999877929688,13522700,125.45417785644531,14835500,101.06824493408203,8113000,23.25,0
2021-01-15,347.989013671875,107160000,62.701576232910156,27355900,48.11227798461914,58519000,68.92161560058594,3939700,171.1300048828125,16172500,125.95185089111328,11624700,101.34197998046875,5978400,24.34000015258789,0
2021-01-19,350.721435546875,51233300,63.15666580200195,20162300,48.90898895263672,50429300,68.72612762451172,5521200,172.5800018310547,7485700,126.35836791992188,9575600,101.40188598632812,4035700,23.239999771118164,0
2021-01-20,355.5749816894531,61836100,63.586463928222656,14419000,49.76766586303711,38832500,70.03758239746094,5198300,175.38999938964844,9456000,126.48291015625,5368900,101.44467163085938,4277700,21.579999923706055,0
2021-01-21,355.89910888671875,47840100,63.63704299926758,20536300,49.85618209838867,31457000,69.70361328125,4213200,175.27999877929688,7246800,125.59515380859375,8162700,101.29922485351562,4254500,21.31999969482422,0
2021-01-22,354.6394348144531,52860500,63.33365249633789,18854700,49.422428131103516,48223800,69.86653900146484,5272700,173.89999389648438,7269600,126.00172424316406,9507200,101.45320129394531,4706200,21.90999984741211,0
2021-01-25,356.0380859375,70402000,63.257781982421875,21748100,49.79422378540039,50793700,70.39600372314453,7819700,174.0500030517578,5936800,127.4867172241211,8712600,101.86392974853516,5689200,23.190000534057617,0
2021-01-26,355.4823303222656,42665300,63.350494384765625,14175200,49.431270599365234,32283000,70.89290618896484,4706300,173.6199951171875,4685600,127.24614715576172,7690300,101.82965850830078,4257100,23.020000457763672,0
2021-01-27,346.794189453125,123351100,61.90093231201172,31245200,48.05916976928711,45279700,69.63845825195312,5907600,172.52000427246094,9036500,127.5697250366211,7895200,101.949462890625,5764700,37.209999084472656,0
2021-01-28,349.7767333984375,94198100,62.29704666137695,26658600,48.39555358886719,38055000,70.01314544677734,6237000,172.67999267578125,9392400,126.86453247070312,10667800,101.68424987792969,5394200,30.209999084472656,0
2021-01-29,342.7742614746094,126765100,61.00761413574219,42149500,47.19164276123047,57657800,69.20673370361328,7349800,172.61000061035156,11252800,126.10127258300781,14965900,101.50455474853516,7952100,33.09000015258789,0
2021-02-01,348.4799499511719,75817600,61.73238754272461,23243900,48.46636962890625,51427000,70.78701782226562,6149000,174.22999572753906,9105500,126.24745178222656,8165500,101.6312255859375,3640700,30.239999771118164,0
2021-02-02,353.40753173828125,64450700,62.35603713989258,20388500,49.094886779785156,33172200,71.2105941772461,3849800,172.11000061035156,7221700,125.4334716796875,9177500,101.37442016601562,3609800,25.559999465942383,0
2021-02-03,353.6854248046875,52427100,62.50773239135742,11345800,49.342750549316406,32363100,71.03137969970703,5148700,171.85000610351562,4658100,124.32050323486328,9633100,101.12615203857422,3844200,22.90999984741211,0
2021-02-04,357.7052307128906,47142600,62.57514953613281,10500300,49.360450744628906,40161800,71.52011108398438,4118200,168.14999389648438,13736600,123.98829650878906,8262600,101.0919418334961,2146000,21.770000457763672,0
2021-02-05,359.1131286621094,48669800,62.96281814575195,10955600,49.785362243652344,24242300,71.77263641357422,2583900,169.80999755859375,6538500,122.95011901855469,10258900,100.87788391113281,5498000,20.8700008392334,0
2021-02-08,361.7066955566406,38365200,63.40107345581055,16405600,49.8738899230957,21606000,72.16363525390625,3212700,171.52000427246094,6887500,123.48992919921875,11574800,100.9206771850586,2861300,21.239999771118164,0
2021-02-09,361.4659118652344,35551100,63.74658966064453,16337600,50.40502166748047,27200000,72.41615295410156,2518800,172.0800018310547,5131800,123.58126831054688,5218300,100.99772644042969,4458500,21.6299991607666,0
2021-02-10,361.3083801269531,59154400,63.527462005615234,15402800,50.58207702636719,30531200,72.80713653564453,3421400,172.7100067138672,6112800,124.40359497070312,8079800,101.25454711914062,6726800,21.989999771118164,0
2021-02-11,361.891845703125,42913300,63.957275390625,12314100,51.1220588684082,48875000,72.96192932128906,3717000,171.2100067138672,5994500,123.72248077392578,11962700,101.17754364013672,5949900,21.25,0
2021-02-12,363.6795959472656,50593300,64.31124114990234,11946800,51.16633224487305,28400400,72.97823333740234,2297400,170.69000244140625,6018900,122.18594360351562,14088400,100.84363555908203,8802400,19.969999313354492,0
2021-02-16,363.3646545410156,50972400,64.77476501464844,20225600,51.29025650024414,34954000,72.41615295410156,2774500,168.24000549316406,14761100,120.32539367675781,17789100,100.1159439086914,8909000,21.459999084472656,0
2021-02-17,363.4480285644531,52290600,64.39551544189453,19198800,51.307960510253906,37789100,72.32656860351562,2939000,166.3300018310547,11400700,121.08953094482422,11199100,100.18440246582031,4789700,21.5,0
2021-02-18,361.9011535644531,59712800,64.07527923583984,19191700,50.59977722167969,46118400,72.01702880859375,3254600,166.32000732421875,7498200,120.59954833984375,10755300,100.1758804321289,4469900,22.489999771118164,0
2021-02-19,361.2620849609375,83241000,64.26068115234375,14962300,50.927310943603516,39809800,72.43244934082031,4170700,167.00999450683594,8273500,118.99654388427734,12741700,99.77347564697266,5851800,22.049999237060547,0
2021-02-22,358.4832763671875,67414200,64.10054779052734,19515800,49.431270599365234,46924200,73.03524780273438,3493000,169.50999450683594,10072000,118.09119415283203,13203900,99.61080932617188,3828000,23.450000762939453,0
2021-02-23,358.91864013671875,107284100,64.15953826904297,25014500,49.65258026123047,40316200,73.4914321899414,4378300,169.1199951171875,8616800,117.75068664550781,12658500,99.68785858154297,7344900,23.110000610351562,0
2021-02-24,362.87371826171875,72433900,64.36180114746094,21877600,49.333892822265625,36631300,74.05347442626953,3551200,169.0,8890600,116.97825622558594,17363100,99.5508804321289,7133700,21.34000015258789,0
2021-02-25,354.13006591796875,146670500,63.26621627807617,36921800,48.209651947021484,50895200,72.63609313964844,7548800,165.82000732421875,16359400,115.0678939819336,52621700,98.22386169433594,35760600,28.889999389648438,0
2021-02-26,352.30523681640625,152701600,62.37288284301758,48798100,47.563438415527344,68933600,71.57714080810547,6519800,161.80999755859375,23730400,118.87191772460938,45423300,99.10568237304688,28188400,27.950000762939453,0
2021-03-01,360.8453063964844,105348800,63.54431915283203,24268100,48.83816146850586,53421400,71.89482879638672,4834000,161.52999877929688,13828300,117.30191040039062,22048000,98.99433135986328,9616500,23.350000381469727,0
2021-03-02,358.0295104980469,79595300,63.47690963745117,22204900,48.36014938354492,38533600,71.20243835449219,4715600,162.41000366210938,11424600,117.31021881103516,12482200,99.17420196533203,6271000,24.100000381469727,0
2021-03-03,353.287109375,119940200,63.0892333984375,20856100,48.26276779174805,43013300,70.79515075683594,6231400,160.6199951171875,13059900,116.03792572021484,19763700,98.64310455322266,8377300,26.670000076293945,0
2021-03-04,348.91522216796875,183433000,62.490867614746094,34648600,47.138526916503906,70653800,69.98872375488281,6869500,159.0399932861328,13870100,115.28949737548828,22366600,98.15481567382812,12327900,28.56999969482422,0
2021-03-05,355.3341064453125,152039600,62.895389556884766,29694200,47.65196228027344,64018500,70.75443267822266,7166100,159.13999938964844,12821600,115.5140380859375,20598000,98.01770782470703,8634600,24.65999984741211,0
2021-03-08,353.5650634765625,123149200,62.67628860473633,25080900,46.36837387084961,54120600,71.3653564453125,4823000,157.49000549316406,12134900,114.61593627929688,15236600,97.63221740722656,7416400,25.469999313354492,0
2021-03-09,358.6130065917969,113633600,63.519046783447266,19060200,47.38638687133789,42450100,71.83781433105469,3873600,160.83999633789062,10382600,116.20425415039062,14463400,98.09484100341797,7035000,24.030000686645508,0
2021-03-10,360.8453063964844,109899400,63.788734436035156,19467400,47.17393112182617,42853900,72.55464172363281,3429700,161.66000366210938,7962000,116.4370346069336,12387600,98.30042266845703,5683100,22.559999465942383,0
2021-03-11,364.5038757324219,86245000,64.12581634521484,15485300,48.661128997802734,57247200,73.40179443359375,3830000,161.52000427246094,6749200,115.59720611572266,14150700,98.26614379882812,7576500,21.90999984741211,0
2021-03-12,364.99481201171875,64653600,64.28595733642578,16342500,47.79359436035156,41559600,74.63182067871094,3262800,161.49000549316406,8608500,113.14403533935547,20402700,97.55513763427734,7332600,20.690000534057617,0
2021-03-15,367.1714172363281,73427200,64.3365249633789,17320100,47.908668518066406,32447400,75.73965454101562,6026400,162.1999969482422,8104500,113.80931854248047,11366500,97.67506408691406,4465500,20.030000686645508,0
2021-03-16,366.7083435058594,73722500,64.44608306884766,16662600,48.11227798461914,41261600,75.43011474609375,3122500,162.35000610351562,7547400,113.3519287109375,15567900,97.65795135498047,5479400,19.790000915527344,0
2021-03-17,367.95880126953125,97959300,64.82532501220703,16305000,48.17424774169922,57032400,75.49527740478516,3663100,163.50999450683594,12626700,112.50372314453125,27107500,97.49518585205078,8975900,19.229999542236328,0
2021-03-18,362.60516357421875,115349100,64.23540496826172,23176300,47.28901672363281,49205900,74.72958374023438,3496000,162.55999755859375,8711100,111.36447143554688,21615100,96.88694763183594,8281400,21.579999923706055,0
2021-03-19,361.9341735839844,113624500,64.4123764038086,31465200,47.87327194213867,60265700,73.71133422851562,4429400,163.24000549316406,6868900,112.0546875,18685000,96.82701873779297,8748100,20.950000762939453,0
2021-03-22,364.82421875,73778600,64.47135925292969,27978200,47.731624603271484,24860300,74.23268127441406,2677000,163.0,5240000,113.3103256225586,17047500,97.14396667480469,4679800,18.8799991607666,0
2021-03-23,361.95269775390625,90686600,63.578041076660156,22514200,46.81984329223633,40356400,74.12680053710938,2966400,161.80999755859375,6048300,114.33318328857422,16768400,97.62367248535156,7544000,20.299999237060547,0
2021-03-24,360.1127624511719,97588600,63.257781982421875,20717000,45.748714447021484,45315400,73.71133422851562,4144500,162.3699951171875,6183700,114.9485092163086,13863000,97.75220489501953,14634800,21.200000762939453,0
2021-03-25,362.138671875,116128600,63.729740142822266,25183000,45.96116638183594,73684400,74.46187591552734,4218800,161.77999877929688,8398600,114.04212951660156,20782000,97.62367248535156,10573800,19.809999465942383,0
2021-03-26,367.9744873046875,114409100,64.55564880371094,27419100,47.15623092651367,142402800,76.06779479980469,3864600,162.24000549316406,6153900,113.64299011230469,8433300,97.29814910888672,6409700,18.860000610351562,0
2021-03-29,367.7886657714844,108107600,64.30281829833984,18381600,46.828697204589844,51309500,75.6253433227539,5116600,160.30999755859375,8409300,112.67835998535156,13968100,96.96405029296875,6298000,20.739999771118164,0
2021-03-30,366.8128356933594,76262200,64.21855163574219,15377400,46.97918701171875,44414300,75.72364044189453,5822100,157.57000732421875,8353200,113.26879119873047,15020800,96.87840270996094,5784900,19.610000610351562,0
2021-03-31,368.2997131347656,112734200,63.940433502197266,32191600,47.218204498291016,38807500,75.26483917236328,4430400,159.9600067138672,10623800,112.63674926757812,19271300,96.74134063720703,8620000,19.399999618530273,0
2021-04-01,372.2770080566406,99682900,64.77476501464844,26312600,47.67852020263672,44592700,76.63311767578125,5461200,161.97999572753906,7105200,114.5062026977539,14885900,97.169921875,8535300,17.329999923706055,0
2021-04-05,377.6203308105469,91684800,65.7186508178711,20340500,47.864410400390625,30891600,76.92809295654297,4239900,161.9199981689453,6163800,114.00662994384766,8243000,96.8956298828125,9944500,17.90999984741211,0
2021-04-06,377.3973388671875,62021000,65.01915740966797,18995900,48.12998962402344,31509200,77.12472534179688,5111600,163.22000122070312,6761200,114.78103637695312,9282400,97.36708068847656,8765200,18.1200008392334,0
2021-04-07,377.8341064453125,55836300,65.15399169921875,14349400,47.42180252075195,47888100,77.18208312988281,3038500,162.75999450683594,5436000,113.98165130615234,11052700,97.30707550048828,6316800,17.15999984741211,0
2021-04-08,379.6275939941406,57863100,65.52482604980469,15502500,47.81129455566406,50373000,76.89532470703125,5034300,164.50999450683594,6574500,114.922607421875,7847900,97.64138793945312,6334700,16.950000762939453,0
2021-04-09,382.3874206542969,61104600,65.72708892822266,16330500,47.404090881347656,35808300,76.80518341064453,5371000,163.27000427246094,6657900,114.5062026977539,8717800,97.38422393798828,5887400,16.690000534057617,0
2021-04-12,382.52691650390625,56704900,65.36470794677734,13729500,47.120826721191406,30045900,77.25582885742188,2828200,162.27999877929688,4896700,114.45628356933594,7659000,97.32420349121094,5466000,16.90999984741211,0
2021-04-13,383.6606140136719,56551000,65.74393463134766,12712500,47.315574645996094,33697900,77.64091491699219,3975300,163.42999267578125,6995900,115.31396484375,13232800,97.72708892822266,7663800,16.649999618530273,0
2021-04-14,382.35040283203125,61659900,65.79451751708984,13079200,47.55458068847656,27449500,77.23124694824219,4569100,162.72000122070312,6312300,114.94758605957031,7293200,97.60707092285156,4876900,16.989999771118164,0
2021-04-15,386.4577331542969,60229800,66.34230041503906,20480100,47.988346099853516,42622000,78.58317565917969,6497000,165.35000610351562,8250600,116.87112426757812,23896700,98.23280334472656,9958500,16.56999969482422,0
2021-04-16,387.74945068359375,82037300,66.82267761230469,17058700,48.11227798461914,32031300,78.75523376464844,3754200,166.35000610351562,10057600,115.96347045898438,15238400,97.96708679199219,7334900,16.25,0
2021-04-19,385.8444519042969,78498500,66.70468139648438,15206800,47.935237884521484,34318500,78.9109115600586,2882900,165.88999938964844,5721700,115.63036346435547,13886800,97.86420440673828,5738600,17.290000915527344,0
2021-04-20,383.01947021484375,81851800,65.50796508789062,29570100,47.545738220214844,27732600,79.55817413330078,4968700,166.47999572753906,6532000,116.16334533691406,11476500,98.15567016601562,6468300,18.68000030517578,0
2021-04-21,386.6436462402344,66793000,66.18217468261719,15615600,47.83786392211914,33407600,80.08255767822266,4407000,168.1300048828125,8380200,116.396484375,11902200,98.20711517333984,7976500,17.5,0
2021-04-22,383.1123046875,97582800,65.96305847167969,22677800,47.6696662902832,39452000,79.6483154296875,3207200,167.0399932861328,7680100,116.90440368652344,14156400,98.28423309326172,7681300,18.709999084472656,0
2021-04-23,387.2662658691406,73209200,66.63727569580078,18607900,48.36014938354492,27062900,80.1153335571289,5225600,166.39999389648438,7106400,116.62963104248047,12302200,98.15567016601562,5509900,17.329999923706055,0
2021-04-26,388.0747375488281,52182400,66.68782806396484,14052100,48.42211151123047,26805200,80.35295104980469,5404600,166.83999633789062,4786600,116.46309661865234,9103500,98.05281066894531,7145300,17.639999389648438,0
2021-04-27,387.9910583496094,51303100,66.46871948242188,13612200,48.39555358886719,25563100,80.3447494506836,3091100,166.4199981689453,5363500,115.44720458984375,14137300,97.66707611083984,7720500,17.559999465942383,0
2021-04-28,387.8795471191406,51238900,66.63727569580078,14288600,48.75849914550781,37381000,80.17269897460938,3509200,166.91000366210938,6932200,115.52213287353516,15263700,97.79568481445312,8692900,17.280000686645508,0
2021-04-29,390.35137939453125,78544300,66.66254425048828,16411000,48.6434211730957,36617000,80.86092376708984,3319100,166.22000122070312,9067600,115.1806869506836,17178200,97.62420654296875,5547800,17.610000610351562,0
2021-04-30,387.78656005859375,85527000,65.82821655273438,28951400,47.78474044799805,46299900,81.18048858642578,4371300,165.66000366210938,6248700,115.44720458984375,15692000,97.70992279052734,5160000,18.610000610351562,0
2021-05-03,388.6229248046875,68128300,66.5530014038086,21382200,47.78474044799805,20628000,81.0248031616211,6844100,167.80999755859375,9014700,115.51642608642578,16447700,97.87638854980469,8593300,18.309999465942383,0
2021-05-04,386.2253723144531,101591200,65.56695556640625,29144900,47.24475860595703,38634800,80.50041961669922,6449000,166.5800018310547,10267400,116.3003158569336,18639700,98.00498962402344,11171000,19.479999542236328,0
2021-05-05,386.34619140625,60162200,66.46029663085938,17680000,47.466060638427734,26062900,79.16488647460938,4580300,167.27000427246094,5950000,116.49209594726562,11127900,98.12509155273438,6810000,19.149999618530273,0
2021-05-06,389.4314270019531,74321400,67.0080795288086,21533100,47.91752624511719,29454200,79.60733032226562,5649700,170.05999755859375,13574100,116.68389129638672,21907600,98.16797637939453,6546200,18.389999389648438,0
2021-05-07,392.26580810546875,67733800,67.76657104492188,23316000,48.41325759887695,41590600,80.65608978271484,5884900,171.58999633789062,14748600,116.1084976196289,18346900,98.2022705078125,10657600,16.690000534057617,0
2021-05-10,388.38140869140625,81852400,67.4041976928711,16927500,47.545738220214844,40686800,80.63153839111328,3436700,172.11000061035156,8276600,114.93263244628906,15146200,98.00498962402344,5906800,19.65999984741211,0
2021-05-11,384.9151611328125,116888000,66.51927947998047,34624600,47.41294860839844,37374100,79.61554718017578,4036900,172.13999938964844,8348200,114.28218078613281,15158600,97.8420181274414,6591300,21.84000015258789,0
2021-05-12,376.7374572753906,134811000,65.45740509033203,32608200,46.10280990600586,53632900,77.5999526977539,4601200,170.42999267578125,12666300,113.08130645751953,20859400,97.37026977539062,14509800,27.59000015258789,0
2021-05-13,381.2630920410156,106394000,65.94619750976562,36208800,46.04083251953125,42935200,78.60773468017578,5118900,171.1300048828125,8078300,113.25643920898438,13073900,97.69620513916016,8242700,23.1299991607666,0
2021-05-14,387.1175537109375,82201600,67.05022430419922,18601700,46.87295150756836,40363000,79.54178619384766,3936600,172.69000244140625,9686800,114.31550598144531,17566700,97.91064453125,7943100,18.809999465942383,0
2021-05-17,386.1324768066406,65129200,66.92382049560547,16699500,46.828697204589844,23169500,79.62371826171875,3320200,174.6999969482422,11956800,114.07368469238281,6113800,97.8163070678711,6711100,19.719999313354492,0
2021-05-18,382.8057556152344,59810200,67.06709289550781,16526900,47.45720672607422,32405300,79.6401138305664,3359800,175.0399932861328,7294000,113.78181457519531,11423100,97.8163070678711,4319600,21.34000015258789,0
2021-05-19,381.8020935058594,106467100,66.47714233398438,30391700,47.315574645996094,46284100,79.38612365722656,3602500,175.16000366210938,20741100,113.50662994384766,14296000,97.524658203125,13156500,22.18000030517578,0
2021-05-20,385.9095153808594,78022200,67.35363006591797,21650300,47.589988708496094,33273000,80.2791976928711,2466500,175.9600067138672,9802800,114.44064331054688,13310500,97.92776489257812,8412700,20.670000076293945,0
2021-05-21,385.59356689453125,76578700,67.44632720947266,26751600,47.04115295410156,39110900,80.19725799560547,3020000,176.0399932861328,7677200,114.80754852294922,10171600,97.96212005615234,6648700,20.149999618530273,0
2021-05-24,389.5244445800781,51376700,67.8592758178711,12267900,47.4306526184082,22436200,81.19689178466797,3491500,176.35000610351562,5557300,115.23287200927734,6868700,98.05646514892578,4826000,18.399999618530273,0
2021-05-25,388.66009521484375,57451400,67.87613677978516,14338900,47.89982986450195,40993700,81.17227935791016,4243300,177.9499969482422,8986900,116.3003158569336,12346900,98.41670227050781,5748200,18.84000015258789,0
2021-05-26,389.4314270019531,43088600,67.83399200439453,12732000,48.2539176940918,26984700,81.53278350830078,4518100,177.63999938964844,8495400,116.10015106201172,9793700,98.30518341064453,4501600,17.360000610351562,0
2021-05-27,389.6358642578125,56707700,67.96041870117188,16211200,48.26276779174805,35598900,81.3443374633789,4362900,177.7100067138672,7993000,115.63318634033203,10695200,98.13367462158203,5998100,16.739999771118164,0
2021-05-28,390.3328552246094,58520200,68.12053680419922,21449500,48.572601318359375,43730300,81.83595275878906,3409400,178.3800048828125,9967000,115.4496841430664,10258000,98.12509155273438,5575700,16.760000228881836,0
2021-06-01,389.989013671875,54216600,68.36492156982422,27524200,49.572914123535156,41656100,83.3107681274414,4385000,177.89999389648438,9143300,115.42382049560547,11778500,98.10707092285156,9498100,17.899999618530273,0
2021-06-02,390.602294921875,49097100,68.59248352050781,13561200,49.65258026123047,24532400,84.28578186035156,4446100,178.77000427246094,6613100,115.6910629272461,7347900,98.2186279296875,4269900,17.479999542236328,0
2021-06-03,389.1526794433594,58138800,68.25536346435547,16987600,49.12144470214844,40790400,83.97444152832031,4187600,175.27000427246094,10153900,115.25679016113281,10994000,97.9697494506836,3591200,18.040000915527344,0
2021-06-04,392.7117919921875,55938800,68.83688354492188,13335200,49.56406021118164,29038100,84.01539611816406,3121200,177.16000366210938,8375300,116.83516693115234,15773700,98.51046752929688,6326000,16.420000076293945,0
2021-06-07,392.3306884765625,51555000,69.06442260742188,16738700,49.31618881225586,24830500,85.00680541992188,4773100,177.8699951171875,7709100,116.47608184814453,7799800,98.43321228027344,3068500,16.420000076293945,0
2021-06-08,392.4144287109375,47134300,69.03072357177734,13218700,49.07718276977539,38113700,85.71144104003906,3935800,177.32000732421875,5905800,117.29447937011719,11230900,98.71646881103516,4760500,17.06999969482422,0
2021-06-09,391.8288879394531,48436300,68.8453140258789,20203600,48.935546875,30916900,85.8261489868164,3243000,176.97999572753906,6346100,118.33007049560547,12768300,99.02545928955078,5679300,17.889999389648438,0
2021-06-10,393.6503601074219,51020100,69.03495025634766,16555200,49.327640533447266,28571100,86.4406509399414,4010100,177.74000549316406,9896600,119.03990936279297,19698300,99.37737274169922,6494800,16.100000381469727,0
2021-06-11,394.3008117675781,45570800,69.197265625,12864700,49.15871047973633,28375700,86.09651947021484,3274100,175.74000549316406,7836900,118.84782409667969,8646700,99.2314453125,3914200,15.649999618530273,0
2021-06-14,395.1837158203125,42358500,69.31686401367188,17044400,49.29207992553711,26421400,86.4324722290039,3531700,174.7100067138672,7733600,117.9375991821289,9401300,98.92243957519531,3730900,16.389999389648438,0
2021-06-15,394.45880126953125,51508500,69.40230560302734,17729200,48.954219818115234,34121300,85.5066146850586,4099600,174.0500030517578,7550200,117.79559326171875,18207300,98.93965148925781,4212700,17.020000457763672,0
2021-06-16,392.2564392089844,80386100,68.97515869140625,21706700,48.28738784790039,44138300,84.94945526123047,4498600,171.11000061035156,16919700,117.69535064697266,19676300,98.26158142089844,13529000,18.149999618530273,0
2021-06-17,392.1263732910156,90949700,68.49676513671875,27756300,48.55411911010742,27846900,84.84294128417969,5055100,165.85000610351562,27232200,119.45748138427734,35225800,98.6134262084961,8838100,17.75,0
2021-06-18,386.8363952636719,118676300,67.07862091064453,36755100,48.21625900268555,42443600,83.40088653564453,5358000,164.92999267578125,15744300,121.70399475097656,26616900,99.17138671875,13435000,20.700000762939453,0
2021-06-21,392.37432861328125,72822000,67.95856475830078,20228000,48.420753479003906,26977400,85.12152099609375,3672900,166.9499969482422,8371000,119.66625213623047,16485000,98.85381317138672,6460000,17.889999389648438,0
2021-06-22,394.4720153808594,57700300,67.96709442138672,14010200,48.19847106933594,35862600,84.67906951904297,3088200,166.25,7223900,119.9585952758789,14530200,99.0340347290039,5459700,16.65999984741211,0
2021-06-23,393.99664306640625,49445400,67.53141021728516,17074600,48.49187469482422,26049200,84.5315933227539,3682900,166.13999938964844,8474300,119.64961242675781,12040900,98.8366470336914,5429800,16.31999969482422,0
2021-06-24,396.327392578125,45110300,68.18067169189453,19833300,48.936439514160156,20096200,84.34920501708984,3229000,166.0399932861328,6903400,119.8416519165039,8788400,98.81945037841797,3631700,15.970000267028809,0
2021-06-25,397.7351379394531,58129500,68.32592010498047,12418800,49.345420837402344,24992400,84.91860961914062,2739100,166.58999633789062,7473700,118.59732818603516,15562200,98.6134262084961,6716800,15.619999885559082,0
2021-06-28,398.53692626953125,53159600,67.89020538330078,26952900,49.3898811340332,22644900,84.6710433959961,3940700,166.5800018310547,6508900,119.81658172607422,11460700,98.92243957519531,4968900,15.760000228881836,0
2021-06-29,398.75140380859375,35970500,67.90729522705078,9357500,49.35430908203125,18308800,84.44000244140625,3777300,164.8300018310547,7451400,120.01710510253906,11217900,98.97399139404297,3373200,16.020000457763672,0
2021-06-30,399.0869445800781,64827900,67.38617706298828,33578500,49.03424072265625,33223400,83.99439239501953,6640100,165.6300048828125,7955800,120.55152130126953,15708900,99.12845611572266,6572800,15.829999923706055,0
2021-07-01,401.2966003417969,53441000,67.54850769042969,28075400,48.75860595703125,27478400,84.35746002197266,6491100,166.1999969482422,7430500,120.55818939208984,10810000,99.05718994140625,11966200,15.479999542236328,0
2021-07-02,404.3638916015625,57697700,67.77914428710938,13712600,48.70526885986328,24289100,84.61328887939453,4451800,167.2899932861328,7873600,121.28571319580078,9650200,99.41793060302734,5071900,15.069999694824219,0
2021-07-06,403.6273498535156,68710400,67.33493041992188,21289800,47.851722717285156,38126800,85.23216247558594,4478800,168.1199951171875,7932100,122.70734405517578,20037200,99.94184112548828,9095300,16.440000534057617,0
2021-07-07,405.0538635253906,63549500,67.70227813720703,21686400,47.798377990722656,25651700,85.52922821044922,5085500,168.75999450683594,7108900,123.79438018798828,20964400,100.23385620117188,7456400,16.200000762939453,0
2021-07-08,401.75341796875,97595200,66.83090209960938,24175500,46.80257797241211,45146300,85.28992462158203,6426800,168.64999389648438,7244300,124.27938842773438,17487800,100.49153900146484,7368000,19.0,0
2021-07-09,406.0420837402344,76238600,67.96709442138672,35200100,47.611656188964844,28860500,86.69273376464844,5780200,169.2100067138672,4997400,122.53175354003906,14483600,99.98479461669922,5531200,16.18000030517578,0
2021-07-12,407.4964904785156,52889600,68.25755310058594,11995800,47.6561164855957,22116100,87.43535614013672,5627600,169.0,7315400,122.37281036376953,10610400,99.93326568603516,3867700,16.170000076293945,0
2021-07-13,406.1072998046875,52911300,67.89875030517578,15689500,47.7005729675293,29025300,86.21410369873047,5474100,169.22000122070312,7040300,121.436279296875,23340200,99.62408447265625,6926500,17.1200008392334,0
2021-07-14,406.7133483886719,64130400,68.05253601074219,14023600,47.905067443847656,19739600,86.81648254394531,3397400,171.0399932861328,8830300,122.8160171508789,16038600,100.053466796875,6029200,16.329999923706055,0
2021-07-15,405.32421875,55126400,67.40327453613281,21637900,48.020652770996094,33310600,86.95677185058594,2990100,171.07000732421875,6520100,124.170654296875,18462400,100.4743881225586,5704500,17.010000228881836,0
2021-07-16,402.1449890136719,75874700,66.90778350830078,23034100,47.6472282409668,23386300,86.89901733398438,6435400,169.41000366210938,9460300,123.93656921386719,12787900,100.45719909667969,3577900,18.450000762939453,0
2021-07-19,396.2061767578125,147987000,65.6947021484375,44844800,46.8470344543457,33737900,85.3146743774414,5097800,169.61000061035156,6707400,126.65422058105469,40203900,101.31612396240234,20557500,22.5,0
2021-07-20,401.8839416503906,99608200,66.17308807373047,30309900,46.9981803894043,37946000,87.32810974121094,4999700,169.38999938964844,6540100,125.43341064453125,25674800,101.18727111816406,8729000,19.729999542236328,0
2021-07-21,405.1376953125,64724400,67.18115234375,22928600,47.300472259521484,24101400,87.31986236572266,4329100,168.75999450683594,4622600,123.84454345703125,19988900,100.60321807861328,7438300,17.90999984741211,0
2021-07-22,405.9861755371094,47878500,67.206787109375,15874000,47.3893928527832,27160800,86.62670135498047,3932400,169.08999633789062,4793600,125.01529693603516,18136900,100.83512878417969,6363500,17.690000534057617,0
2021-07-23,410.1629943847656,63766600,67.6766357421875,16550600,46.68699264526367,31210100,87.34461212158203,4128200,168.55999755859375,5831500,124.1790771484375,12639300,100.6805191040039,6804600,17.200000762939453,0
2021-07-26,411.16986083984375,43719200,67.7706069946289,14870900,45.79787826538086,43701400,87.38585662841797,2857700,168.16000366210938,5229800,123.81112670898438,10737700,100.61180114746094,6179600,17.579999923706055,0
2021-07-27,409.2958984375,67397100,67.49724578857422,20952500,44.87321090698242,73640700,87.88096618652344,3096100,168.44000244140625,6300200,125.13230895996094,13036500,101.04126739501953,8621200,19.360000610351562,0
2021-07-28,409.1280212402344,52472400,67.7876968383789,19700600,46.09129333496094,56446200,87.5756607055664,3577300,169.2899932861328,7905800,125.14075469970703,14346700,101.12715911865234,11533500,18.309999465942383,0
2021-07-29,410.8248291015625,47435300,68.25755310058594,23670000,46.32245635986328,43339400,87.59215545654297,3357700,171.1699981689453,8119600,124.44666290283203,11532000,100.81790924072266,6203800,17.700000762939453,0
2021-07-30,408.8297424316406,68951200,67.90729522705078,23997100,45.87790298461914,59797000,87.70767211914062,4325800,169.82000732421875,7391700,125.03203582763672,14342100,101.10137176513672,5656400,18.239999771118164,0
2021-08-02,407.9719543457031,58783300,68.24901580810547,25364000,46.206878662109375,40234700,87.51787567138672,4089800,169.61000061035156,10783200,126.14715576171875,21232700,101.5448226928711,19495800,19.459999084472656,0
2021-08-03,411.2910461425781,58053900,68.7359619140625,19028100,46.40248107910156,30589900,87.62517547607422,5178600,169.49000549316406,5402300,126.21424102783203,13361900,101.57064056396484,6627300,18.040000915527344,0
2021-08-04,409.2679138183594,46732200,68.53091430664062,12852000,46.642539978027344,32586600,87.35285186767578,4038300,169.52999877929688,9796300,126.47376251220703,18267900,101.5448226928711,7545000,17.969999313354492,0
2021-08-05,411.85968017578125,38969700,68.86409759521484,11868900,46.571407318115234,15941700,88.37606811523438,3294800,168.86000061035156,8015000,125.82899475097656,15345400,101.17530059814453,5164600,17.280000686645508,0
2021-08-06,412.54034423828125,46930000,68.6078109741211,10892500,46.18020248413086,36049500,88.21929168701172,2753600,164.63999938964844,13547600,123.7275619506836,21144300,100.58223724365234,7807600,16.149999618530273,0
2021-08-09,412.2046813964844,41222600,68.57364654541016,7897000,46.33135223388672,24062300,87.74893951416016,2727800,161.72000122070312,11547000,123.28384399414062,12942400,100.36742401123047,10842500,16.719999313354492,0
2021-08-10,412.7174377441406,43339300,68.72740173339844,10438200,46.393585205078125,15222600,86.91551971435547,3771000,161.77000427246094,6870800,122.71456909179688,13716900,100.17831420898438,7192400,16.790000915527344,0
2021-08-11,413.7430419921875,44034300,69.197265625,14996100,46.51805877685547,22374700,87.4271240234375,3256700,164.0,7382400,122.6391830444336,17227600,100.29003143310547,7254300,16.170000076293945,0
2021-08-12,414.9829406738281,38909400,69.13748168945312,12443200,46.10907745361328,25726000,87.61689758300781,2891900,164.0399932861328,5211700,122.43830871582031,14709400,100.18689727783203,6932200,15.59000015258789,0
2021-08-13,415.73822021484375,39470300,69.55608367919922,14590400,45.99349594116211,28396200,88.09552001953125,2601600,166.38999938964844,7466900,124.37230682373047,18653800,100.76276397705078,6896500,15.449999809265137,0
2021-08-16,416.7171630859375,73740000,69.197265625,19192300,45.57561111450195,46222700,87.98822021484375,3166800,167.22000122070312,7776500,124.6736068725586,19170900,100.9861831665039,6928100,16.1200008392334,0
2021-08-17,413.9855041503906,92673900,68.54801177978516,23555000,44.73985290527344,78463000,87.89746856689453,3004300,166.97000122070312,7107000,124.62345123291016,14126900,100.93465423583984,7785500,17.90999984741211,0
2021-08-18,409.45440673828125,89351900,68.2831802368164,16384700,44.81098175048828,42994800,87.09705352783203,3439200,167.10000610351562,7697900,125.04203033447266,13144000,100.88304901123047,7025800,21.56999969482422,0
2021-08-19,410.08831787109375,92812200,67.6082992553711,30515300,44.04634094238281,63275200,87.51787567138672,4069500,166.61000061035156,6934300,125.96300506591797,15474300,101.10652923583984,6242600,21.670000076293945,0
2021-08-20,413.3514099121094,72008700,67.87311553955078,15774200,44.01078796386719,44682100,87.9552230834961,3238900,166.6999969482422,7154000,126.04676818847656,12388400,101.0119857788086,6510200,18.559999465942383,0
2021-08-23,416.9874572753906,54973000,68.50530242919922,22524800,44.677608489990234,45453900,87.79019927978516,3230600,168.72999572753906,8190500,125.96300506591797,10615000,101.03775787353516,3958500,17.149999618530273,0
2021-08-24,417.6494445800781,38744700,68.65052795410156,13722900,45.69119644165039,51292000,87.40238189697266,2867100,168.64999389648438,4519200,124.98345184326172,13835900,100.76276397705078,3649700,17.219999313354492,0
2021-08-25,418.5257873535156,40529700,68.6761474609375,12891400,45.744544982910156,25272500,87.34461212158203,3329400,167.47999572753906,5588800,123.94522857666016,16743800,100.36742401123047,5874700,16.790000915527344,0
2021-08-26,416.0551452636719,57829600,68.3173599243164,16927900,45.30887222290039,29030600,87.37760925292969,2889400,167.6699981689453,4371900,124.28854370117188,16657400,100.36742401123047,6850600,18.84000015258789,0
2021-08-27,419.7751159667969,77235100,68.94097900390625,24935800,45.869022369384766,32971400,88.2935562133789,3059300,170.19000244140625,10036400,125.1341323852539,15384700,100.6939926147461,6360700,16.389999389648438,0
2021-08-30,421.62103271484375,48357400,68.92390441894531,8142000,45.96681594848633,18518900,89.17649841308594,3600600,169.35000610351562,3768600,125.46070861816406,10596300,100.89164733886719,6546200,16.190000534057617,0
2021-08-31,420.9964904785156,59300200,68.88973236083984,18738400,46.59808349609375,43226700,89.59735107421875,4210100,169.69000244140625,6336000,124.60667419433594,15262400,100.70257568359375,7418400,16.479999542236328,0
2021-09-01,421.22021484375,48721400,69.51336669921875,30472100,47.193782806396484,35980500,91.03313446044922,5683100,169.6999969482422,4764900,124.81541442871094,10807100,100.74562072753906,11908600,16.110000610351562,0
2021-09-02,422.51617431640625,42501000,69.7952651977539,13827400,46.98039627075195,24988400,91.51171875,5207100,169.25,4599800,125.3603286743164,9765900,100.86597442626953,2976200,16.40999984741211,0
2021-09-03,422.41351318359375,47170500,70.11135864257812,16303200,47.22935104370117,21311000,91.52823638916016,4460700,171.05999755859375,8353300,124.2202377319336,12928000,100.62517547607422,4988900,16.40999984741211,0
2021-09-07,420.90325927734375,51671500,70.1626205444336,13967800,47.50497055053711,33509700,90.49675750732422,4929300,167.7100067138672,10004600,123.1723861694336,15547800,100.22956085205078,7098600,18.139999389648438,0
2021-09-08,420.39044189453125,56181900,69.60733032226562,22764200,46.811466217041016,53397900,90.95061492919922,4265700,167.2899932861328,6576000,124.01061248779297,14533700,100.5047836303711,6046200,17.959999084472656,0
2021-09-09,418.59100341796875,57970400,69.48772430419922,18963300,46.72256088256836,34707100,89.10223388671875,6221300,168.02999877929688,6641400,125.51116943359375,20324600,100.7885971069336,7009500,18.799999237060547,0
2021-09-10,415.2906799316406,89948200,69.3339614868164,26709900,46.669212341308594,40329300,87.79844665527344,5894700,167.17999267578125,7426300,124.40464782714844,14894600,100.47039794921875,8147100,20.950000762939453,0
2021-09-13,416.35345458984375,83738600,69.8807144165039,22335000,46.79368591308594,35318400,88.3926010131836,5725300,167.74000549316406,5474300,125.15917205810547,15036100,100.59075927734375,4269300,19.3700008392334,0
2021-09-14,414.1066589355469,78197100,69.59024810791016,19177500,46.40248107910156,35994400,88.23580932617188,3848200,168.82000732421875,7922900,126.67640686035156,19918400,100.96920013427734,6991000,19.459999084472656,0
2021-09-15,417.5655822753906,78792200,69.7952651977539,26233800,46.393585205078125,38735100,88.516357421875,4027400,167.8300018310547,5624900,126.23210906982422,11940300,100.79720306396484,5108900,18.18000030517578,0
2021-09-16,416.90362548828125,77786700,69.6842269897461,25765500,45.869022369384766,43721300,88.59062194824219,3405200,164.02999877929688,11780400,125.65372467041016,13328900,100.4789810180664,5682700,18.690000534057617,0
2021-09-17,412.8424987792969,118425000,68.77013397216797,37070600,45.673404693603516,45481400,87.79844665527344,6964300,163.77000427246094,8369700,125.05016326904297,13782900,100.18653106689453,7611700,20.809999465942383,0
2021-09-20,405.95867919921875,166445500,67.49724578857422,45028000,44.44644546508789,52798200,87.26207733154297,6207000,164.94000244140625,7566600,126.60099792480469,14660400,100.69397735595703,8781600,25.709999084472656,0
2021-09-21,405.57525634765625,92526100,68.16358947753906,37472300,44.77541732788086,39347200,87.3033447265625,4371800,166.0399932861328,7181500,126.49205780029297,10035800,100.63381958007812,4867900,24.360000610351562,0
2021-09-22,409.5314636230469,102350100,68.50530242919922,28718400,45.33555221557617,46189200,88.15328216552734,4650400,165.4199981689453,9777800,127.24649047851562,22277800,100.7283935546875,10966400,20.8700008392334,0
2021-09-23,414.5072937011719,76396000,69.24852752685547,31257800,45.69119644165039,27138400,87.97998809814453,4042800,163.50999450683594,8451900,124.37112426757812,23853300,99.81673431396484,10650100,18.6299991607666,0
2021-09-24,415.1900634765625,62094800,68.59928131103516,20066300,45.14883804321289,29743500,87.03927612304688,4881000,163.3000030517578,6937500,123.15557861328125,20203900,99.51570129394531,10528000,17.75,0
2021-09-27,414.0023193359375,61371100,68.55655670166016,15526500,45.44224166870117,31181700,85.86856079101562,4311000,163.63999938964844,4943000,122.70293426513672,13464300,99.24909973144531,6742100,18.760000228881836,0
2021-09-28,405.65936279296875,130436300,67.06156158447266,48064900,44.855438232421875,44156300,85.28736114501953,7096500,162.0500030517578,9282800,120.79151916503906,26613500,98.8707046508789,10295500,23.25,0
2021-09-29,406.34222412109375,82329200,66.90778350830078,31733200,44.43754959106445,43140500,85.92668914794922,6227000,161.32000732421875,8360700,121.00117492675781,23569400,98.97393798828125,8364000,22.559999465942383,0
2021-09-30,401.3757629394531,140506000,66.64295196533203,39506300,44.79319763183594,66460100,84.50689697265625,7019300,164.22000122070312,10572900,120.98436737060547,22567600,99.09432220458984,7307900,23.139999389648438,0
2021-10-01,406.1456604003906,129240100,66.80525207519531,44524800,44.74874496459961,45259100,85.70250701904297,6106100,164.58999633789062,6654700,122.00251770019531,26151800,99.49880981445312,19830100,21.100000381469727,0
2021-10-04,400.9080505371094,128570000,66.10476684570312,32751400,44.09080123901367,43597100,85.71910858154297,5638600,165.36000061035156,7651700,121.69193267822266,28027600,99.3783187866211,7691800,22.959999084472656,0
2021-10-05,405.0794677734375,90682500,66.55752563476562,25903300,44.40198516845703,28761900,85.12960815429688,4313800,164.58999633789062,5617300,120.5168228149414,22659200,99.0684814453125,6861900,21.299999237060547,0
2021-10-06,406.76300048828125,113032200,66.11328887939453,36917200,44.153038024902344,57466000,85.94329833984375,5587900,165.02999877929688,6067200,121.19669342041016,18696500,99.09431457519531,7473500,21.0,0
2021-10-07,410.27978515625,72437500,66.6258773803711,19908700,45.01546859741211,60345100,86.17576599121094,4055300,164.16000366210938,4791500,119.9292984008789,14856000,98.69841003417969,8160200,19.540000915527344,0
2021-10-08,409.5314636230469,74557400,66.61731719970703,23628700,45.18440246582031,24990600,85.36207580566406,5295400,164.22999572753906,8536100,119.08989715576172,17257800,98.4832534790039,9455100,18.770000457763672,0
2021-10-11,406.5666198730469,65233300,66.40375518798828,23542500,45.09549331665039,26808200,85.57794189453125,2634200,163.9199981689453,3820100,118.78775024414062,7213400,98.24230194091797,2261300,20.0,0
2021-10-12,405.5658874511719,71181200,66.43792724609375,18697400,44.864322662353516,29309400,86.69884490966797,3666500,164.66000366210938,5453000,120.81901550292969,17968700,98.68978881835938,7938400,19.850000381469727,0
2021-10-13,407.0249328613281,72974000,67.0957260131836,23073600,45.4867057800293,35305500,87.32987976074219,3371000,167.58999633789062,11113800,121.99417877197266,23584600,98.879150390625,11662400,18.639999389648438,0
2021-10-14,413.87127685546875,70236800,67.76205444335938,19304400,45.62895584106445,23980900,88.39263916015625,2721900,168.0,5081400,122.44737243652344,12946400,99.11150360107422,9518200,16.860000610351562,0
2021-10-15,417.02325439453125,66260200,68.32592010498047,24447200,46.18020248413086,41223700,88.32621765136719,3065400,165.3300018310547,8699200,121.73391723632812,11811500,98.62094116210938,8689700,16.299999237060547,0
2021-10-18,418.2579650878906,62213200,68.03543853759766,19044700,46.06461715698242,26239000,88.55042266845703,3424100,164.9199981689453,4029600,122.3047103881836,12115900,98.4832534790039,8703300,16.309999465942383,0
2021-10-19,421.4847106933594,46996800,68.44549560546875,14649000,46.6781005859375,40639700,88.59191131591797,3104500,165.4499969482422,6588500,120.6175537109375,12156300,98.13035583496094,7445200,15.699999809265137,0
2021-10-20,423.1401672363281,49571600,68.68470764160156,11235500,46.669212341308594,27540300,89.9867935180664,6018900,166.89999389648438,5022000,119.80337524414062,12782500,98.08735656738281,6230000,15.489999771118164,0
2021-10-21,424.2437438964844,41305400,68.36006164550781,16278800,46.366912841796875,35404000,90.11134338378906,4849600,166.75,4412400,119.66064453125,13660000,97.82916259765625,7103900,15.010000228881836,0
2021-10-22,423.8042297363281,58845100,68.77013397216797,22173500,46.26911544799805,51231000,90.5347900390625,4873000,167.77000427246094,10703900,120.97847747802734,13740000,98.0787582397461,10204600,15.430000305175781,0
2021-10-25,426.07696533203125,45214500,68.63343811035156,13658000,46.5091667175293,32479900,90.82539367675781,2625200,168.92999267578125,4881300,120.7938232421875,8137900,98.19924926757812,4835000,15.239999771118164,0
2021-10-26,426.4604797363281,56075100,68.77013397216797,10552900,46.26911544799805,32195200,91.07447814941406,2940600,167.67999267578125,6658900,121.79269409179688,13671000,98.31973266601562,5603100,15.979999542236328,0
2021-10-27,424.5711669921875,72438000,68.49676513671875,18449000,45.89568328857422,32422100,90.30231475830078,3573000,168.1199951171875,5823100,124.00859069824219,22092300,98.87052917480469,16140300,16.979999542236328,0
2021-10-28,428.6678771972656,51437900,69.16310119628906,15260200,45.94014358520508,27363500,91.56436920166016,3681000,168.0800018310547,7000700,123.58892059326172,17497600,98.61234283447266,9940400,16.530000686645508,0
2021-10-29,429.53765869140625,70162400,68.76158905029297,25406900,45.27330780029297,51488900,90.5347900390625,5990500,166.64999389648438,7531900,123.9666748046875,19087300,98.65536499023438,11254300,16.260000228881836,0
2021-11-01,430.2765197753906,48433600,69.42794036865234,20337400,45.62895584106445,31197400,90.9831314086914,5846500,167.52000427246094,4975600,123.07410430908203,18035500,98.64762115478516,14479000,16.40999984741211,0
2021-11-02,432.0162353515625,48908400,69.28271484375,10184500,45.219966888427734,34098000,91.4148941040039,3405900,167.16000366210938,3760700,123.62039947509766,9836700,98.88877868652344,12191100,16.030000686645508,0
2021-11-03,434.65374755859375,52509800,69.84651947021484,14911000,45.433345794677734,49350800,91.72209167480469,2723200,165.77000427246094,9055200,122.34293365478516,20639400,98.5787353515625,17031100,15.100000381469727,0
2021-11-04,436.7020263671875,52847100,69.80381774902344,14083300,45.326663970947266,23722200,90.85029602050781,3378800,167.64999389648438,6656100,123.6287841796875,15922400,99.11271667480469,12665400,15.4399995803833,0
2021-11-05,438.21722412109375,66390600,69.90633392333984,15593600,45.27330780029297,23969900,91.31525421142578,3209300,169.83999633789062,9368900,125.4778060913086,21513000,99.6552734375,12955100,16.479999542236328,0
2021-11-08,438.59136962890625,50405200,69.89778137207031,9065900,45.69119644165039,23735200,91.24053192138672,2989800,170.4499969482422,4966100,125.24243927001953,12083800,99.2246322631836,7404300,17.219999313354492,0
2021-11-09,437.1416320800781,51149100,69.7440185546875,16011200,45.513370513916016,28482200,91.3982925415039,2671500,171.2899932861328,5781200,126.87288665771484,23430200,99.68113708496094,12345400,17.780000686645508,0
2021-11-10,433.6249084472656,69429700,68.89827728271484,21546800,45.326663970947266,36032600,90.9748306274414,4021900,173.14999389648438,11461800,124.55326080322266,28170600,98.82847595214844,19425100,18.729999542236328,0
2021-11-11,433.7652587890625,34848500,69.14603424072266,9264600,46.10907745361328,55636800,91.1242904663086,2395200,174.1199951171875,5959600,124.36836242675781,5552500,98.50983428955078,3746100,17.65999984741211,0
2021-11-12,437.0387268066406,53466700,69.52189636230469,14817900,46.233551025390625,31956200,91.05786895751953,3194300,174.4499969482422,7894800,123.82211303710938,12712000,98.71654510498047,10613400,16.290000915527344,0
2021-11-15,437.18841552734375,46980500,69.39376831054688,14064500,46.082401275634766,31610700,91.69721221923828,2713500,174.17999267578125,5630800,122.26724243164062,15232700,98.32892608642578,8021400,16.489999771118164,0
2021-11-16,438.91876220703125,48857500,69.239990234375,12167900,46.14463424682617,32898900,91.0910873413086,3043900,172.9199981689453,8667300,121.95634460449219,12998700,98.24283599853516,6573700,16.3700008392334,0
2021-11-17,437.85247802734375,47858300,69.15455627441406,10415400,45.90457534790039,22601900,91.3733901977539,4667900,174.5,6523100,122.92280578613281,14239900,98.59595489501953,10006200,17.110000610351562,0
2021-11-18,439.3396301269531,50625600,69.22289276123047,13236800,45.34444046020508,36719300,91.38996887207031,2812800,173.94000244140625,6252000,123.38502502441406,11054600,98.65621948242188,10183400,17.59000015258789,0
2021-11-19,438.5539245605469,57315600,68.63343811035156,20761900,45.27330780029297,36975700,90.85029602050781,2928800,172.61000061035156,8785600,124.68771362304688,14022100,98.92324829101562,10731600,17.90999984741211,0
2021-11-22,437.3193664550781,72762000,68.23194885253906,17802300,44.908775329589844,37116100,90.40193939208984,3352600,168.74000549316406,13091900,123.22537994384766,15266000,98.19978332519531,10876200,19.170000076293945,0
2021-11-23,437.89923095703125,73206500,68.16358947753906,26736800,44.864322662353516,38638200,91.1325912475586,3867100,167.27999877929688,8047800,121.44366455078125,15318500,97.79497528076172,11543700,19.3799991607666,0
2021-11-24,439.06842041015625,61858800,67.7108154296875,20238700,44.802085876464844,32810400,92.23686218261719,3227600,167.1199951171875,5359500,123.3934555053711,13769700,98.09642028808594,8322900,18.579999923706055,0
2021-11-26,429.2757568359375,112669600,65.89116668701172,37776000,43.299495697021484,58023300,89.67130279541016,3514700,166.85000610351562,9605200,126.5114517211914,20064800,99.36248779296875,13878500,28.6200008392334,0
2021-11-29,434.54150390625,86268800,66.2243423461914,31913600,43.46842575073242,44405000,90.33553314208984,4825900,166.6199951171875,7394900,125.49453735351562,23234200,99.13851928710938,13908200,22.959999084472656,0
2021-11-30,426.08636474609375,148559600,65.6434326171875,52770800,43.42396926879883,81647500,88.6251449584961,6335800,165.5,12925300,127.4023208618164,31481100,99.73280334472656,19416800,27.190000534057617,0
2021-12-01,421.35369873046875,131939200,65.26754760742188,43883900,43.58401107788086,52613200,87.16382598876953,8641300,166.16000366210938,7808600,128.18829345703125,30826500,99.92070770263672,24991000,31.1200008392334,0
2021-12-02,427.807373046875,127637800,66.0791244506836,42264500,44.11747741699219,73971400,89.77922058105469,7134400,165.24000549316406,9604100,128.3481903076172,17754200,99.7052230834961,11448900,27.950000762939453,0
2021-12-03,424.0848083496094,137331600,65.80575561523438,46147500,43.495094299316406,79115000,89.48030853271484,7798400,166.6300048828125,9507900,129.87960815429688,34427100,100.29133605957031,19790900,30.670000076293945,0
2021-12-06,429.1074523925781,98977500,66.43792724609375,30884300,43.83295440673828,54871300,91.04956817626953,7212400,166.22000122070312,4813600,128.095703125,30924200,99.79139709472656,9863200,27.18000030517578,0
2021-12-07,437.9833679199219,95484700,67.83897399902344,28244900,44.52646255493164,51825000,92.36141967773438,5363400,166.80999755859375,4900700,127.06077575683594,22115900,99.41216278076172,7678400,21.889999389648438,0
2021-12-08,439.1431884765625,72238800,67.96709442138672,21619400,44.704280853271484,38176500,93.02565002441406,5542400,166.89999389648438,4288900,124.86449432373047,33633900,99.09326934814453,11126500,19.899999618530273,0
2021-12-09,436.17828369140625,61272600,67.40327453613281,32026500,44.49089813232422,36476000,91.68059539794922,3724500,165.8800048828125,4913800,125.56292724609375,17544900,99.34321594238281,9198400,21.579999923706055,0
2021-12-10,440.2842712402344,77159800,67.54850769042969,23412200,44.52646255493164,42011300,91.96287536621094,3828200,166.5800018310547,6450600,125.26000213623047,14298700,99.41216278076172,5051500,18.690000534057617,0
2021-12-13,436.3840637207031,87724700,66.9157485961914,27594700,43.8203239440918,50773400,92.8263931274414,6555000,167.0,6610700,127.11124420166016,17860500,99.88621520996094,5706900,20.309999465942383,0
2021-12-14,433.3817443847656,97264100,66.5594253540039,30040400,43.72112274169922,42023900,91.63908386230469,5924500,165.44000244140625,8637900,126.80831909179688,14015500,99.71383666992188,4749500,21.889999389648438,0
2021-12-15,440.1532897949219,116899300,67.46332550048828,31109400,43.59486389160156,57129100,92.926025390625,6675800,166.14999389648438,14231200,125.58821105957031,25383900,99.56727600097656,8428000,19.290000915527344,0
2021-12-16,436.2718505859375,116568600,67.47200775146484,44621100,43.64897537231445,60401000,92.89280700683594,6178900,168.16000366210938,11186200,125.63699340820312,18677900,99.857177734375,9085400,20.56999969482422,0
2021-12-17,431.628662109375,135511600,66.62025451660156,44476200,43.43252944946289,55420900,92.77656555175781,7201700,167.8000030517578,9856900,127.06075286865234,18093500,100.08147430419922,7933100,21.56999969482422,0
2021-12-20,427.0389404296875,107134800,66.47249603271484,26303400,42.78321075439453,40091700,92.0542221069336,6071100,167.08999633789062,6973000,126.10875701904297,17147300,99.99522399902344,13772100,22.8700008392334,0
2021-12-21,434.62274169921875,69806300,67.21127319335938,22744100,43.50468444824219,31786900,93.09207916259766,4251000,167.02000427246094,4548500,125.62859344482422,16598200,99.5983657836914,7672800,21.010000228881836,0
2021-12-22,438.9683837890625,58890200,67.83705139160156,21609700,43.712100982666016,27630800,94.0468978881836,4517500,168.58999633789062,4672900,126.20986938476562,12253900,99.69328308105469,5538200,18.6299991607666,0
2021-12-23,441.69964599609375,56439700,68.23686218261719,28320000,43.93756866455078,22174400,93.94728088378906,6977700,168.97000122070312,4551100,125.11473846435547,11642500,99.48619842529297,7209700,17.959999084472656,0
2021-12-27,447.9507141113281,56808600,68.76704406738281,15219700,44.13595962524414,27011600,95.54216003417969,9185100,169.3699951171875,4760300,125.41801452636719,7821800,99.52073669433594,3471800,17.68000030517578,0
2021-12-28,447.58465576171875,47274600,68.79312133789062,15631300,43.99167251586914,24529800,95.89415740966797,3630400,168.63999938964844,4541900,124.92095184326172,9174600,99.50347900390625,8314500,17.540000915527344,0
2021-12-29,448.1571960449219,54503000,68.76704406738281,15046900,43.793270111083984,27939200,96.53948974609375,3842900,168.58999633789062,5889700,123.55624389648438,11771200,98.99447631835938,11879900,16.950000762939453,0
2021-12-30,446.9182434082031,55329000,68.58675384521484,20617500,44.29496383666992,34900300,96.95853424072266,3990400,169.8000030517578,5426300,124.59242248535156,10355000,99.32229614257812,10296000,17.329999923706055,0
2021-12-31,445.7919616699219,65237400,68.52579498291016,23252200,44.078399658203125,30439000,97.22672271728516,5440300,170.9600067138672,7039300,124.83673095703125,13402300,99.21014404296875,7584500,17.219999313354492,0
2022-01-03,448.3730163574219,72668200,68.96997833251953,24096900,44.39421463012695,27572700,96.46406555175781,9845000,168.3300018310547,9014400,121.55977630615234,33860400,98.28706359863281,27744600,16.600000381469727,0
2022-01-04,448.2228698730469,71178700,69.36190795898438,24314300,44.24081802368164,24579500,96.34673309326172,5330700,169.57000732421875,6965600,121.05428314208984,21996400,98.23533630371094,15911800,16.90999984741211,0
2022-01-05,439.61602783203125,104538900,68.75224304199219,24704100,43.51896667480469,46425100,93.58940124511719,6928300,169.05999755859375,8715600,120.39726257324219,20911700,97.82123565673828,13715700,19.729999542236328,0
2022-01-06,439.20306396484375,86858900,68.40386962890625,32472900,43.71747970581055,34288700,93.6732406616211,5974500,166.99000549316406,10902700,120.7088623046875,18996400,97.57966613769531,10957400,19.610000610351562,0
2022-01-07,437.4666748046875,85111600,68.60417175292969,22833900,44.11449432373047,32640900,93.05302429199219,6999300,167.75,8191900,119.84123992919922,18756800,97.26045227050781,13318200,18.760000228881836,0
2022-01-10,436.9222717285156,119362000,67.96839141845703,45587600,44.11449432373047,43581800,92.51665496826172,6571900,168.25999450683594,7026500,120.13610076904297,13775800,97.23455810546875,8430700,19.399999618530273,0
2022-01-11,440.90185546875,74303100,68.70870208740234,30847000,45.134117126464844,57536400,92.65911865234375,5568500,170.2899932861328,8369000,120.93635559082031,24388700,97.46751403808594,8086500,18.40999984741211,0
2022-01-12,442.0938415527344,67605400,69.37932586669922,30780700,45.88304138183594,56499100,92.7680892944336,4331700,170.74000549316406,6280700,120.47307586669922,14440600,97.48475646972656,7996500,17.6200008392334,0
2022-01-13,436.00244140625,91173100,68.87417602539062,24991200,45.233375549316406,33229000,92.58370208740234,3921700,170.16000366210938,7034200,121.54290008544922,15166000,97.79532623291016,8431100,20.309999465942383,0
2022-01-14,436.1808166503906,95890900,68.80448913574219,26136500,45.21532440185547,40642300,91.7456283569336,6465300,169.6699981689453,7865900,119.70648193359375,22997500,97.12242126464844,10595700,19.190000534057617,0
2022-01-18,428.4561767578125,109709100,67.794189453125,37504600,44.41226577758789,45012000,90.78180694580078,5828700,169.38999938964844,9322800,118.02169799804688,21171700,96.3891372680664,11594100,22.790000915527344,0
2022-01-19,424.0072937011719,109357600,67.73322296142578,34437700,44.601749420166016,43998100,89.5582046508789,5111000,172.0800018310547,15784500,118.83881378173828,17930500,96.62205505371094,10349700,23.850000381469727,0
2022-01-20,419.3143615722656,122379700,67.40228271484375,38225400,44.86342239379883,58279500,88.4100341796875,6982000,171.64999389648438,9570500,119.57168579101562,13959000,96.82911682128906,8297300,25.59000015258789,0
2022-01-21,411.0829772949219,202271200,66.48779296875,60761300,44.213748931884766,59673800,88.19213104248047,8031500,171.08999633789062,10982500,120.99532318115234,28916600,97.38986206054688,13250000,28.850000381469727,0
2022-01-24,412.8286437988281,251783900,65.82586669921875,85455900,43.591156005859375,87752800,88.35974884033203,15646100,172.02999877929688,15727700,120.00125885009766,25001600,97.3035888671875,22377400,29.899999618530273,0
2022-01-25,407.7884826660156,167997300,65.42524719238281,54516800,43.509944915771484,54804100,88.00772857666016,9942900,172.5800018310547,17382100,119.80757904052734,15599000,97.17418670654297,13534000,31.15999984741211,0
2022-01-26,406.7654724121094,186391100,65.17266082763672,55217000,42.95952224731445,55516700,86.6332778930664,9589300,169.7899932861328,17799400,118.35858154296875,23655500,96.4840316772461,12694700,31.959999084472656,0
2022-01-27,404.7568359375,149878300,64.86782836914062,46252100,42.463253021240234,61062300,85.20012664794922,7459300,167.60000610351562,15867300,120.53201293945312,21501800,96.88949584960938,11609400,30.489999771118164,0
2022-01-28,414.80914306640625,164457400,65.0855712890625,44588300,42.67078399658203,48799200,87.95744323730469,6924500,167.10000610351562,9782500,120.57415771484375,12826500,97.11381530761719,6713500,27.65999984741211,0
2022-01-31,422.2802734375,152251400,66.03490447998047,38299200,44.06938552856445,65614900,89.0385971069336,7457700,168.08999633789062,8539300,119.95075988769531,13998400,97.11381530761719,8258600,24.829999923706055,0
2022-02-01,425.13360595703125,123155400,66.66197967529297,53240700,44.34007263183594,50158000,88.72013092041016,9610000,168.22999572753906,9763900,119.55262756347656,20806100,96.9825439453125,16338700,21.959999084472656,0
2022-02-02,429.263427734375,117361000,67.1584243774414,35225900,44.26789855957031,35128100,89.85154724121094,4619300,168.83999633789062,9085300,119.95751190185547,18404600,97.18116760253906,5997100,22.09000015258789,0
2022-02-03,419.1735534667969,118024400,66.09585571289062,46207200,43.79868698120117,38246800,88.89612579345703,5453100,168.60000610351562,10650800,119.0211410522461,17234100,96.76668548583984,8032600,24.350000381469727,0
2022-02-04,421.1446228027344,118454400,66.25263977050781,32188300,43.90696334838867,36644200,88.01612091064453,6865600,168.86000061035156,9619600,117.26652526855469,23609800,96.02400970458984,8616400,23.219999313354492,0
2022-02-07,419.7929992675781,84472900,66.3658447265625,17045500,43.81672668457031,31917100,87.89041900634766,5860900,170.11000061035156,7796900,117.34241485595703,12962400,96.04994201660156,10294700,22.860000610351562,0
2022-02-08,423.2471008300781,81012000,66.70551300048828,27066900,44.24081802368164,25562200,87.47974395751953,6106100,170.6300048828125,5802000,116.55785369873047,16269200,95.73906707763672,8111500,21.440000534057617,0
2022-02-09,429.4417419433594,92589900,67.78549194335938,26858900,44.935604095458984,40082900,89.45765686035156,5746600,171.2100067138672,8002800,116.77721405029297,14349100,95.86860656738281,10113400,19.959999084472656,0
2022-02-10,421.7265625,140103700,66.92325592041016,27349500,44.637840270996094,55440700,87.34564971923828,6948000,170.55999755859375,10693500,114.92131805419922,30896200,94.98778533935547,16633900,23.90999984741211,0
2022-02-11,413.41058349609375,153214600,65.9129638671875,51519400,43.96110153198242,53838300,86.5494613647461,5679000,173.80999755859375,25741500,116.6253662109375,43210300,95.97224426269531,18315600,27.360000610351562,0
2022-02-14,412.0590515136719,123006300,65.4862060546875,45356000,43.65431213378906,59439800,85.76168060302734,5350200,174.74000549316406,13650700,115.17437744140625,23157400,95.30731201171875,11090000,28.329999923706055,0
2022-02-15,418.70428466796875,88482700,66.68810272216797,30223600,44.601749420166016,32938500,86.53270721435547,3612600,173.0800018310547,12603600,113.8668212890625,18198500,95.0223388671875,8490500,25.700000762939453,0
2022-02-16,419.1735534667969,84863600,66.94068908691406,22557600,44.92658615112305,47236800,86.93499755859375,4333000,174.86000061035156,12772100,114.54173278808594,16473700,95.2209243774414,9007700,24.290000915527344,0
2022-02-17,410.21942138671875,102259100,65.8607177734375,34691300,44.40324020385742,41245300,86.01309967041016,4847000,177.25,18612500,115.3936996459961,24508200,95.73043823242188,8749500,28.110000610351562,0
2022-02-18,407.56317138671875,132642900,65.5820083618164,34752000,43.96110153198242,41312300,85.49347686767578,4809500,177.1199951171875,12760700,116.60848236083984,17522600,96.04131317138672,8486800,27.75,0
2022-02-22,403.1893615722656,124391800,64.8155746459961,32967600,43.338497161865234,60704500,85.1833724975586,6656900,177.49000549316406,14960500,116.91217041015625,19534000,96.0326919555664,8392500,28.809999465942383,0
2022-02-23,396.0374450683594,132578000,64.28429412841797,39771800,42.83319854736328,38873700,83.77539825439453,6201000,178.2899932861328,11772200,115.3009262084961,17757800,95.53182220458984,7941800,31.020000457763672,0
2022-02-24,401.9973449707031,213942900,63.42206954956055,72044600,41.94892120361328,95679500,85.1833724975586,9479200,177.13999938964844,32726000,115.37686157226562,28150400,95.75633239746094,19162100,30.31999969482422,0
2022-02-25,410.8670349121094,121804500,65.0071792602539,47641800,42.724918365478516,58887800,87.23668670654297,5870300,176.5500030517578,11530900,115.46121215820312,15025400,95.73043823242188,8101900,27.59000015258789,0
2022-02-28,409.8157958984375,145615000,63.770450592041016,50821600,42.16548156738281,79366600,85.93766784667969,7296900,178.3800048828125,16055800,117.99195861816406,25817700,96.8184814453125,12291800,30.149999618530273,0
2022-03-01,403.5742492675781,137785900,62.37694549560547,49003900,41.60604476928711,72297300,85.48509216308594,8896200,181.6199951171875,21942100,119.356201171875,35664400,97.76144409179688,28285600,33.31999969482422,0
2022-03-02,410.9984436035156,117726500,63.16078186035156,43906000,41.678226470947266,61858700,87.0858383178711,6946100,179.72999572753906,19727200,115.2762222290039,30397400,96.2921371459961,12303800,30.739999771118164,0
2022-03-03,408.9523010253906,105501700,61.915340423583984,44389700,41.09171676635742,57514100,87.79822540283203,6517000,180.8000030517578,15164400,116.45039367675781,20649100,96.70698547363281,12247400,30.479999542236328,0
2022-03-04,405.629638671875,113978200,60.121192932128906,54455500,40.2615852355957,68351300,88.20050048828125,6438500,183.67999267578125,22390100,118.46078491210938,25853100,97.66635131835938,20102300,31.979999542236328,0
2022-03-07,393.6721496582031,137896600,58.21382522583008,55499400,38.75471115112305,77557700,86.45726776123047,6506200,186.41000366210938,27951800,117.55693817138672,23710900,97.25146484375,13633200,36.45000076293945,0
2022-03-08,390.6874694824219,164772700,58.71896743774414,56682500,38.88103103637695,90831500,86.03823852539062,7090600,191.50999450683594,47347700,116.3743667602539,28331300,96.62053680419922,10819400,35.130001068115234,0
2022-03-09,401.1620788574219,116990800,61.1750373840332,55565000,39.98186492919922,59840900,87.36241149902344,5785900,185.82000732421875,26839700,115.23402404785156,18819200,96.02416229248047,7932300,32.45000076293945,0
2022-03-10,399.3505554199219,93972700,60.44344711303711,33804200,39.23293685913086,59158300,87.58032989501953,4034900,186.39999389648438,18455200,113.57839965820312,26868900,95.58338928222656,11100100,30.229999542236328,0
2022-03-11,394.2728576660156,95636300,59.79024124145508,32380700,38.41182327270508,72846700,86.88470458984375,5381600,185.08999633789062,14824700,113.95849609375,15583800,95.55746459960938,5567600,30.75,0
2022-03-14,391.39129638671875,95729200,60.33893966674805,32048200,37.48243713378906,85651000,86.20585632324219,4539900,182.3000030517578,13186400,111.2977294921875,24385000,94.34745025634766,8622500,31.770000457763672,0
2022-03-15,399.99822998046875,106219100,60.91374969482422,36961200,37.53657150268555,85987500,86.78413391113281,5245000,178.88999938964844,16962300,111.10344696044922,17518800,94.30420684814453,9294400,29.829999923706055,0
2022-03-16,408.8678894042969,144954800,63.099830627441406,44821400,40.559349060058594,134225700,87.81497955322266,6561300,180.00999450683594,17548100,112.19310760498047,25857700,94.17455291748047,12847300,26.670000076293945,0
2022-03-17,413.983154296875,102676900,63.631099700927734,35025600,40.3518180847168,80743600,89.17269134521484,3844300,180.88999938964844,10954100,111.3568115234375,19330600,93.99305725097656,7215900,25.670000076293945,0
2022-03-18,418.51751708984375,106345500,64.24945831298828,36684100,40.929298400878906,77755100,89.17269134521484,5815300,179.3000030517578,13996500,112.716796875,55891700,94.26963806152344,7509200,23.8700008392334,0
2022-03-21,418.3950500488281,88349800,63.84881591796875,29985700,40.297672271728516,58558700,88.6279296875,4571900,180.6699981689453,10582200,110.10667419433594,26122000,93.04232025146484,11003600,23.530000686645508,0
2022-03-22,423.2908630371094,74650400,64.44977569580078,21840800,41.028564453125,61380900,88.8542251586914,4749800,179.36000061035156,9621800,108.69603729248047,21830900,92.53242492675781,7710300,22.940000534057617,0
2022-03-23,417.839599609375,79426100,63.613677978515625,22375800,40.75785827636719,76986600,87.8573226928711,4595400,181.80999755859375,12557300,111.07811737060547,21266100,93.15470123291016,11222700,23.56999969482422,0
2022-03-24,424.1382141113281,64736900,64.20591735839844,22098200,40.97441864013672,52016600,88.41348266601562,3893400,183.1300048828125,10970100,110.20803833007812,17141600,92.63607788085938,11112300,21.670000076293945,0
2022-03-25,426.2096252441406,77101300,64.24076843261719,18372100,40.64958190917969,39294500,89.51741027832031,4495100,182.3800048828125,7911100,108.67913818359375,25684500,91.68537139892578,9055600,20.809999465942383,0
2022-03-28,429.24114990234375,68529800,64.03172302246094,24829900,40.78492736816406,49757000,90.46961975097656,4130800,179.05999755859375,9489700,109.60828399658203,17657800,91.89281463623047,12858500,19.6299991607666,0
2022-03-29,434.55126953125,86581500,65.45137023925781,25591200,41.479713439941406,54088200,93.12406158447266,5350500,179.13999938964844,10458900,110.43611145019531,19319700,92.35088348388672,7539900,18.899999618530273,0
2022-03-30,431.86798095703125,79666900,65.18138885498047,22487000,41.36241912841797,57717400,92.44991302490234,5216200,180.5800018310547,8361300,111.2977294921875,16310200,92.71391296386719,6430100,19.329999923706055,0
2022-03-31,425.2209777832031,121699900,64.10140228271484,31677200,40.73981857299805,74448400,91.32072448730469,7466900,180.64999389648438,9844400,111.56803131103516,19901000,92.88676452636719,9147200,20.559999465942383,0
2022-04-01,426.4261169433594,89048800,64.70234680175781,23182800,41.416561126708984,54193400,93.09877014160156,6568700,179.5,13034400,111.99270629882812,23489700,92.2819595336914,10237000,19.6299991607666,0
2022-04-04,430.0791015625,59601000,64.96363067626953,20875700,42.14744186401367,48057700,92.64372253417969,6311800,180.3699951171875,7063100,111.2143783569336,13609900,92.22138214111328,7372100,18.56999969482422,0
2022-04-05,424.64666748046875,74214500,64.083984375,27759400,41.371437072753906,45058100,92.1886978149414,4993700,179.24000549316406,10828500,108.70179748535156,25196900,91.12246704101562,9675600,21.030000686645508,0
2022-04-06,420.40045166015625,106898000,63.31755447387695,30692700,40.83004379272461,56877100,93.28414916992188,5050800,179.66000366210938,8942100,107.82196044921875,22952000,90.80231475830078,9054400,22.100000381469727,0
2022-04-07,422.5188903808594,78097200,63.456912994384766,27838500,40.505210876464844,38954900,92.35720825195312,5338200,180.33999633789062,10140600,107.0097885131836,23458800,90.57732391357422,5518900,21.549999237060547,0
2022-04-08,421.3890380859375,79272700,63.483036041259766,21937200,40.54130554199219,41263400,92.50890350341797,5941000,181.47000122070312,10655700,105.85079193115234,26859200,90.11873626708984,8091800,21.15999984741211,0
2022-04-11,414.1866149902344,89770500,62.81241226196289,22149900,40.03600311279297,47878200,91.51454162597656,4315700,182.3699951171875,10071300,104.17570495605469,30020700,89.68610382080078,7356400,24.3700008392334,0
2022-04-12,412.6519470214844,84363600,62.342098236083984,28916200,39.9096794128418,41815200,91.37970733642578,5094800,183.77000427246094,12024600,104.03191375732422,23124200,90.11873626708984,12211000,24.260000228881836,0
2022-04-13,417.37823486328125,74070400,63.01272201538086,20164900,40.433021545410156,33529400,92.02857971191406,4673100,184.64999389648438,8651600,104.24340057373047,17189500,90.31775665283203,6346100,21.81999969482422,0
2022-04-14,412.18115234375,97869500,62.725311279296875,19861900,39.9096794128418,38915000,91.63250732421875,4464700,184.0399932861328,11567200,102.15379333496094,34274500,89.50439453125,6158700,22.700000762939453,0
2022-04-18,412.3506774902344,66002500,62.35951614379883,18508900,39.77432632446289,29106500,91.26173400878906,4256900,184.61000061035156,8886700,101.6462173461914,18784300,89.24479675292969,4591500,22.170000076293945,0
2022-04-19,419.0071105957031,77821000,62.6556396484375,24863500,39.57581329345703,40066400,93.25045776367188,7536100,181.82000732421875,12585600,100.88480377197266,26012300,88.65644836425781,7004900,21.3700008392334,0
2022-04-20,418.69635009765625,65224400,63.07368850708008,30249800,39.341217041015625,36373300,94.80097198486328,5395900,182.7100067138672,7038600,102.91517639160156,31423200,89.3486557006836,7479300,20.31999969482422,0
2022-04-21,412.4353332519531,85417300,62.39435577392578,32960800,38.58326721191406,44857400,94.14368438720703,4820700,182.05999755859375,9639800,102.15379333496094,23323200,88.85543060302734,9137500,22.68000030517578,0
2022-04-22,401.1184387207031,132471800,61.37535858154297,34878400,38.240386962890625,68371900,92.4920425415039,4917800,180.2899932861328,9147000,101.5108413696289,19773400,88.89868927001953,5451600,28.209999084472656,0
2022-04-25,403.4439392089844,119647700,61.07923126220703,37193600,37.96066665649414,67643800,92.256103515625,6032300,177.0500030517578,13073700,102.52603912353516,25418900,89.46977233886719,8617400,27.020000457763672,0
2022-04-26,391.7598876953125,103996300,59.37217712402344,41284200,37.130531311035156,70774400,90.73927307128906,6217500,177.32000732421875,9042400,103.55815124511719,26931300,90.06678771972656,9575400,33.52000045776367,0
2022-04-27,392.86138916015625,122030000,59.642181396484375,43593100,37.56364059448242,61594000,90.14097595214844,6007100,175.97999572753906,8854700,102.22992706298828,14560500,89.56493377685547,7908900,31.600000381469727,0
2022-04-28,402.7849426269531,105449100,60.48698806762695,32154000,38.10503387451172,43763100,91.8010482788086,7235300,176.92999267578125,6381100,102.38218688964844,16892500,89.43513488769531,6943500,29.989999771118164,0
2022-04-29,387.8997802734375,145491100,59.781517028808594,54305300,38.240386962890625,61703900,87.58767700195312,9573900,176.91000366210938,7719700,101.05399322509766,26153400,88.9592514038086,10012500,33.400001525878906,0
2022-05-02,390.2347106933594,158312500,59.63347625732422,45813900,38.18624496459961,55015700,85.47256469726562,11885700,173.6300048828125,14318600,99.3023681640625,29233900,88.2965087890625,11327000,32.34000015258789,0
2022-05-03,392.02349853515625,100028200,60.0776481628418,39643500,38.465965270996094,45593000,86.53433990478516,7245400,174.08999633789062,7214300,99.97183990478516,21256700,88.4004898071289,8129100,29.25,0
2022-05-04,403.9617919921875,144247900,61.13148880004883,47419100,38.88103103637695,57175300,87.52870178222656,8686700,175.8000030517578,10491700,100.52267456054688,25575700,88.9722671508789,11934700,25.420000076293945,0
2022-05-05,389.6038513183594,172929100,59.16315460205078,38827000,37.44634246826172,63268900,85.19446563720703,8884000,175.1300048828125,12794200,97.76850891113281,48384500,88.07994842529297,11675700,31.200000762939453,0
2022-05-06,387.2783203125,151770800,58.58833694458008,48268900,36.9320182800293,67425600,84.18327331542969,9398500,175.4199981689453,7643300,96.3278579711914,32790500,87.57743835449219,12538400,30.190000534057617,0
2022-05-09,374.8787536621094,155586100,56.820316314697266,50145000,35.86727523803711,83251500,80.47547912597656,8491700,172.8800048828125,10742400,97.17530822753906,26773000,88.22721099853516,7301200,34.75,0
2022-05-10,375.7449645996094,132497200,57.247093200683594,57682400,36.038719177246094,69865000,79.00926208496094,12528300,171.4199981689453,11010400,98.056640625,33640800,88.52176666259766,8054600,32.9900016784668,0
2022-05-11,369.7757263183594,142361000,56.90740966796875,49751100,35.786067962646484,75198500,78.8406982421875,9095800,172.82000732421875,9179600,99.9464111328125,34173600,89.06754302978516,7167900,32.560001373291016,0
2022-05-12,369.3897705078125,125090800,56.768070220947266,39410900,35.55147171020508,73481300,79.45585632324219,8312300,170.1699981689453,11626800,99.75997924804688,26405700,89.36209869384766,8132400,31.770000457763672,0
2022-05-13,378.2210693359375,104174400,58.34447479248047,34682200,36.53499984741211,49196100,81.55412292480469,7536700,168.7899932861328,13031100,98.28543090820312,20782700,88.894287109375,6016900,28.8700008392334,0
2022-05-16,376.68634033203125,78622400,58.396732330322266,21254300,36.390625,32425000,81.04009246826172,4614200,170.39999389648438,7319300,98.1837158203125,11050600,89.26681518554688,3315600,27.469999313354492,0
2022-05-17,384.4350280761719,83029700,59.48541259765625,31487000,37.2839241027832,49516400,82.14399719238281,4492000,169.3300018310547,6441100,96.99736022949219,15040800,88.591064453125,4286800,26.100000381469727,0
2022-05-18,368.9378356933594,117674500,58.06576919555664,23553000,36.390625,53296300,79.75923919677734,5130300,169.4199981689453,7472900,99.06507110595703,21337300,89.22350311279297,4465500,30.959999084472656,0
2022-05-19,366.67828369140625,98510700,58.6231689453125,35999600,36.968116760253906,55163500,79.4052963256836,6365100,171.91000366210938,10580300,99.3023681640625,21937500,89.54400634765625,5137600,29.350000381469727,0
2022-05-20,366.83831787109375,131432200,59.0238037109375,36357000,37.12150192260742,59025400,79.91089630126953,4471300,172.02999877929688,6578100,100.4294662475586,22780900,89.95987701416016,5908800,29.43000030517578,0
2022-05-23,373.70184326171875,76414900,60.02538299560547,23838500,37.401222229003906,36619400,80.83784484863281,4662400,172.8300018310547,5518500,98.77693176269531,15925200,89.41407012939453,5720600,28.479999542236328,0
2022-05-24,370.8490905761719,91448800,59.929588317871094,19504600,36.75155258178711,46400400,81.52041625976562,5895300,174.1300048828125,6794000,100.72602844238281,23388200,90.18510437011719,6786600,29.450000762939453,0
2022-05-25,374.1255187988281,91472900,59.94700622558594,18826400,36.9320182800293,37863200,82.21139526367188,4589300,173.0800018310547,4595900,101.12437438964844,14410800,90.3670425415039,4274500,28.3700008392334,0
2022-05-26,381.60107421875,82168300,60.60892868041992,20930500,37.50950622558594,51355800,82.31251525878906,4355200,172.75999450683594,6467000,100.6667251586914,14912900,90.32374572753906,3478900,27.5,0
2022-05-27,390.9691162109375,84768700,61.340511322021484,13697600,37.94261932373047,31262900,84.52033996582031,4990000,172.85000610351562,3847900,100.91246032714844,11190400,90.45368194580078,2508200,25.719999313354492,0
2022-05-31,388.77532958984375,95937000,60.97472381591797,25025200,38.47498321533203,72069000,83.48384094238281,6276900,171.13999938964844,6244000,98.77693176269531,28393700,89.50936889648438,6773200,26.190000534057617,0
2022-06-01,385.63067626953125,86585800,60.3302116394043,28336400,38.20429229736328,40495600,82.79285430908203,4607100,172.22999572753906,6946500,98.6640396118164,15544800,89.0053939819336,5555900,25.690000534057617,0
2022-06-02,392.9744873046875,79609600,61.58437728881836,21642000,38.86298370361328,44322300,83.93046569824219,5450800,174.35000610351562,5623100,98.7149658203125,9832000,89.13550567626953,3014300,24.719999313354492,0
2022-06-03,386.525146484375,71874300,60.7047119140625,21327200,38.23136520385742,39337000,82.80970764160156,4989900,172.5800018310547,5519400,98.50276947021484,15330400,88.9620361328125,2687800,24.790000915527344,0
2022-06-06,387.7020568847656,57508900,60.94859313964844,15192300,38.43889236450195,43126000,82.5484848022461,5445300,171.82000732421875,3766000,96.68600463867188,20815400,88.29413604736328,4800600,25.06999969482422,0
2022-06-07,391.42095947265625,59272400,61.13148880004883,19039600,38.556190490722656,57455300,83.68608856201172,6489200,172.94000244140625,3860000,97.73020935058594,14278700,88.64974975585938,3230000,24.020000457763672,0
2022-06-08,387.1654052734375,64350000,60.2779655456543,21219400,38.763729095458984,43591800,81.75635528564453,4566100,172.77999877929688,5140800,96.86428833007812,11476100,88.32014465332031,2917900,23.959999084472656,0
2022-06-09,377.9574890136719,86289800,59.012081146240234,25675700,37.84646224975586,53116000,79.81820678710938,4358600,172.22999572753906,4701100,97.1868896484375,15527300,88.24208068847656,4178600,26.09000015258789,0
2022-06-10,366.99835205078125,132893900,57.58774948120117,34102000,37.42786407470703,44176700,78.048583984375,7260100,174.5399932861328,16856100,96.5841064453125,21917100,87.3746566772461,4443400,27.75,0
2022-06-13,353.06402587890625,170004900,55.68269729614258,54218000,36.11747741699219,67647000,74.14701843261719,8559700,169.92999267578125,13265200,93.55340576171875,36968300,85.822021484375,9200800,34.02000045776367,0
2022-06-14,352.0001525878906,104011800,55.15747833251953,38601700,36.61797332763672,58868400,73.58240509033203,8707300,168.57000732421875,7347900,92.37335968017578,21865900,85.13674926757812,7829800,32.689998626708984,0
2022-06-15,357.0184631347656,125666800,56.19011306762695,37790700,37.10026550292969,67577900,75.32673645019531,8851100,170.77000427246094,9000300,94.09671020507812,25202800,86.3250732421875,10256200,29.6200008392334,0
2022-06-16,345.2024841308594,134473300,54.95272445678711,38025300,35.96278381347656,68035800,73.3464584350586,8083300,172.69000244140625,8823600,94.84381103515625,26067300,86.88892364501953,9168800,32.95000076293945,0
2022-06-17,345.9466857910156,111113900,54.73017120361328,43097500,36.099281311035156,63646300,73.90261840820312,7791800,171.27000427246094,7407200,95.14940643310547,21614300,86.91494750976562,7029700,31.1299991607666,0
2022-06-21,354.6553955078125,76811900,55.55807113647461,31891400,36.681678771972656,35943900,74.93069458007812,5933100,170.6300048828125,5608500,93.53639221191406,17663800,86.46389770507812,10342000,30.190000534057617,0
2022-06-22,354.01239013671875,90059400,55.184181213378906,30368200,36.0264778137207,41337900,75.8829116821289,6250200,171.30999755859375,6558700,96.10870361328125,23703800,87.55683135986328,9501900,28.950000762939453,0
2022-06-23,357.482666015625,79292100,55.121856689453125,26482500,36.13568115234375,44261600,77.32457733154297,6139300,170.25999450683594,6535300,96.89822387695312,20669200,88.05125427246094,9247200,29.049999237060547,0
2022-06-24,368.8483581542969,98050300,56.76875686645508,31235000,36.99107360839844,41176300,78.96979522705078,4656500,170.08999633789062,6143100,95.55690002441406,18161300,87.73896789550781,5127000,27.229999542236328,0
2022-06-27,367.4395446777344,66009600,56.52839279174805,20987600,37.03657150268555,27076400,78.85107421875,3784200,169.89999389648438,5719700,94.74191284179688,12053000,87.24456787109375,5439400,26.950000762939453,0
2022-06-28,359.93170166015625,86548900,56.14560317993164,19187400,36.8090705871582,31095700,77.89278411865234,4735900,169.6199951171875,2982700,95.18339538574219,13706600,87.35733032226562,3763300,28.360000610351562,0
2022-06-29,359.6385803222656,65676000,55.93196105957031,18226800,36.663475036621094,33969200,77.40939331054688,4606700,169.49000549316406,4785600,96.66905212402344,12925400,88.0599365234375,3559600,28.15999984741211,0
2022-06-30,356.7167663574219,112508300,55.62929153442383,37316200,36.490570068359375,52233200,77.26524353027344,6402600,168.4600067138672,9144400,97.51798248291016,25802100,88.73654174804688,5409500,28.709999084472656,0
2022-07-01,360.4896240234375,74839700,55.7628173828125,26046600,36.2630729675293,44010400,78.65601348876953,4512500,168.32000732421875,11380300,98.5191421508789,21858800,89.68777465820312,63222900,26.700000762939453,0
2022-07-05,361.17041015625,81438000,54.5699348449707,30911300,35.980987548828125,49452600,78.4355239868164,5154400,164.75,14035400,99.293212890625,16689700,90.01787567138672,6651400,27.540000915527344,0
2022-07-06,362.3901062011719,70426200,54.614444732666016,18030000,35.762577056884766,36060300,78.29135131835938,3428900,162.13999938964844,11861100,97.62596893310547,20205400,89.25338745117188,4754700,26.729999542236328,0
2022-07-07,367.81781005859375,64525900,55.44234085083008,17215100,36.481475830078125,56831500,78.50337219238281,3032400,162.22999572753906,4588400,96.76689147949219,13088000,88.70613098144531,4058100,26.079999923706055,0
2022-07-08,367.51519775390625,72397800,55.50465393066406,13135200,36.481475830078125,20993400,78.08782958984375,3509800,162.3000030517578,4584100,95.69507598876953,15320000,88.16748809814453,3664900,24.639999389648438,0
2022-07-11,363.31683349609375,58366900,54.60554504394531,15757900,35.50778579711914,52682500,77.9182357788086,3453200,161.42999267578125,4321700,97.34529876708984,13639900,88.86245727539062,2765700,26.170000076293945,0
2022-07-12,360.1019287109375,62219200,54.59663772583008,16350500,35.37128829956055,24669600,77.61293029785156,4396100,160.8300018310547,5375100,97.92374420166016,18547300,89.07099151611328,3669200,27.290000915527344,0
2022-07-13,358.210693359375,84224600,54.5699348449707,17907500,35.289390563964844,39435300,77.23979187011719,5572400,161.60000610351562,8456600,99.04654693603516,20594800,89.45321655273438,6809400,26.81999969482422,0
2022-07-14,357.3408508300781,89704800,53.804351806640625,25329100,34.970890045166016,43245400,76.54439544677734,4494500,159.3300018310547,12213600,98.23844146728516,15665000,88.9580307006836,5370400,26.399999618530273,0
2022-07-15,364.16790771484375,79060400,54.658958435058594,28570100,35.15289306640625,44468400,77.8418960571289,5124800,159.00999450683594,6783800,98.79133605957031,16022600,89.2621078491211,3834000,24.229999542236328,0
2022-07-18,361.1609802246094,63203600,54.881507873535156,23785600,35.398590087890625,38982900,77.29065704345703,3397900,159.16000366210938,5791800,97.76210021972656,15838300,89.00146484375,3150700,25.299999237060547,0
2022-07-19,370.919189453125,78506000,56.37705993652344,25474500,35.980987548828125,33006200,79.29204559326172,3659100,159.5399932861328,3796200,97.23470306396484,9276800,88.59317779541016,2996100,24.5,0
2022-07-20,373.2831115722656,71843800,56.003173828125,18738200,35.82627868652344,38969800,79.10546112060547,4212400,158.0399932861328,4795800,97.48988342285156,9117300,88.50627136230469,53057500,23.8799991607666,0
2022-07-21,377.08441162109375,64903900,56.58181381225586,19165500,36.235782623291016,36814900,79.7330322265625,5062800,160.27000427246094,5863300,99.17411804199219,14754900,89.5140151977539,5344300,23.110000610351562,0
2022-07-22,373.5857238769531,72197300,56.43938064575195,18771500,35.871788024902344,25611800,80.14856719970703,3615200,160.6699981689453,5733800,100.84135437011719,17715300,90.53911590576172,7747100,23.030000686645508,0
2022-07-25,374.0396728515625,53631500,56.875579833984375,17451300,35.999183654785156,21653200,80.28427124023438,3252800,160.22999572753906,3713400,99.85462188720703,24868100,90.21768188476562,2994500,23.360000610351562,0
2022-07-26,369.6143798828125,52946400,56.08329391479492,11610000,35.71708297729492,22891400,80.36905670166016,3337300,160.0399932861328,2672800,99.9311752319336,13536000,90.25244140625,4736300,24.690000534057617,0
2022-07-27,379.2119140625,82342100,57.40970230102539,20945500,36.381378173828125,37678900,80.85243225097656,4160900,161.6699981689453,5766100,99.36976623535156,15725600,90.43488311767578,7475300,23.239999771118164,0
2022-07-28,383.9681091308594,73966600,57.70347595214844,19385400,36.536075592041016,37796700,83.47290802001953,4100300,163.63999938964844,5606400,100.16084289550781,16637900,91.32966613769531,5768100,22.329999923706055,0
2022-07-29,389.5659484863281,87003700,58.50466537475586,23958000,36.36317825317383,54050700,83.92236328125,3301300,164.10000610351562,7537300,99.88865661621094,16655900,91.36441040039062,5961100,21.329999923706055,0
2022-08-01,388.4122619628906,69997500,58.584781646728516,19450500,36.05377960205078,34808000,83.24393463134766,3572700,165.02999877929688,4666900,102.2943344116211,17974600,91.89875793457031,9672400,22.84000015258789,0
2022-08-02,385.84979248046875,63435400,57.65007019042969,17857700,35.88088607788086,41014300,82.17539978027344,4731300,164.0500030517578,5725400,100.12979888916016,17896300,90.62816619873047,9269700,23.93000030517578,0
2022-08-03,391.89202880859375,67820600,57.98834228515625,16011100,36.16297149658203,34939500,82.43830108642578,3107000,164.4499969482422,4417800,101.70633697509766,16731200,91.00238800048828,7829500,21.950000762939453,0
2022-08-04,391.627197265625,45656600,58.2821159362793,15153600,36.41777420043945,31865200,82.31107330322266,2884200,167.1699981689453,5502000,101.67224884033203,11003000,91.46363830566406,9873200,21.440000534057617,0
2022-08-05,390.96527099609375,56814900,57.872623443603516,15130400,36.45417404174805,28488300,82.5400619506836,2719300,165.2899932861328,6023300,99.2520751953125,19492300,90.14085388183594,10047200,21.149999618530273,0
2022-08-08,390.5115051269531,53886100,58.00614547729492,12069100,36.499671936035156,39087300,83.2778549194336,4694200,166.69000244140625,3456300,100.85414123535156,17476300,90.67172241210938,6681300,21.290000915527344,0
2022-08-09,388.9607849121094,44931800,57.694580078125,10867800,36.36317825317383,22828600,83.73579406738281,3403700,167.1999969482422,3205500,100.462158203125,8223200,90.40192413330078,3814700,21.770000457763672,0
2022-08-10,397.1304931640625,68665700,58.99427795410156,16870800,36.818172454833984,27028200,85.00785064697266,3165200,166.77999877929688,4077300,99.80601501464844,14665300,90.45413970947266,7260300,19.739999771118164,0
2022-08-11,397.1304931640625,59489700,58.97649002075195,11539400,36.963768005371094,39235300,84.80433654785156,2151600,166.33999633789062,4446000,97.47956848144531,20663800,89.85365295410156,8309300,20.200000762939453,0
2022-08-12,403.8534851074219,61694500,59.43049621582031,13680300,37.355064392089844,24877900,86.26296997070312,3423700,167.8699951171875,5151700,98.46807861328125,12178400,90.21044921875,4128600,19.530000686645508,0
2022-08-15,405.5176086425781,54048300,59.07440185546875,15733100,37.182167053222656,29734500,86.61064910888672,2135300,165.7100067138672,5236100,98.38286590576172,9031800,90.49765014648438,3441100,19.950000762939453,0
2022-08-16,406.31195068359375,59289000,59.05659484863281,13497100,37.17306137084961,20907000,86.38169860839844,3680800,165.4199981689453,4291500,98.79190063476562,11066000,90.39323425292969,3241800,19.690000534057617,0
2022-08-17,403.4279479980469,63563400,58.584781646728516,14822100,37.01837158203125,34206700,85.86437225341797,3683400,164.35000610351562,5569100,97.76081085205078,14131300,89.78404998779297,6366700,19.899999618530273,0
2022-08-18,404.6004638671875,49023200,58.38893508911133,14303900,36.8090705871582,30611900,85.29620361328125,2263400,163.9199981689453,3646100,97.9056625366211,10738200,89.95808410644531,3709200,19.559999465942383,0
2022-08-19,399.1634521484375,68016900,57.58774948120117,20257600,36.3085823059082,36042800,84.39724731445312,2788800,162.72000122070312,8173000,96.32916259765625,16330900,89.18357849121094,6678000,20.600000381469727,0
2022-08-22,390.8519592285156,77695600,56.608516693115234,20062200,35.990074157714844,26934100,82.5570068359375,3517500,161.63999938964844,4458100,96.0053482055664,10457200,88.79197692871094,4125800,23.799999237060547,0
2022-08-23,389.90631103515625,49105200,56.635215759277344,19101400,36.181175231933594,33028200,81.4969711303711,5605300,162.77000427246094,4425100,95.4769515991211,17813200,88.57438659667969,7755000,24.110000610351562,0
2022-08-24,391.1544494628906,49177800,56.70643997192383,12086600,36.172080993652344,23561600,81.96337890625,2292200,163.25,3202400,94.77818298339844,13971600,88.27850341796875,3504600,22.81999969482422,0
2022-08-25,396.6766662597656,50942300,57.329586029052734,13980500,36.95466995239258,44653100,83.1845703125,2129200,163.75,2857500,96.09907531738281,21429700,88.84416961669922,6645300,21.780000686645508,0
2022-08-26,383.2494812011719,103087000,55.82512664794922,19338300,36.40867614746094,41080900,81.08989715576172,3187200,161.75999450683594,6689300,96.82341766357422,18764400,88.73974609375,5535900,25.559999465942383,0
2022-08-29,380.71533203125,65370800,55.70050048828125,16199700,36.181175231933594,22689800,80.36058044433594,2833800,161.86000061035156,4702300,96.02236938476562,14278300,88.23501586914062,4416900,26.209999084472656,0
2022-08-30,376.5358581542969,85652400,55.29990768432617,24907400,35.753482818603516,34508600,79.2496337890625,3643600,160.50999450683594,4856600,96.2609634399414,14346600,88.20889282226562,4474200,26.209999084472656,0
2022-08-31,373.67083740234375,76029700,54.926021575927734,32178200,35.88088607788086,37142200,78.87650299072266,4100800,159.27000427246094,5438600,95.34060668945312,13623500,87.84337615966797,5797600,25.8700008392334,0
2022-09-01,374.8433532714844,78740100,54.1871452331543,33526300,35.59878158569336,38353400,79.02067565917969,4746100,157.8699951171875,7390800,93.59510040283203,22490400,87.14507293701172,10324200,25.559999465942383,0
2022-09-02,370.8908386230469,99632100,53.831058502197266,28234000,35.27119064331055,35916900,77.9182357788086,3561800,159.25999450683594,5196900,94.12460327148438,13024400,87.63329315185547,5741900,25.469999313354492,0
2022-09-06,369.49139404296875,76637400,53.6975212097168,21862300,34.852596282958984,50091500,78.62208557128906,4591800,158.3300018310547,4863800,91.79324340820312,24648500,86.6568832397461,6769400,26.90999984741211,0
2022-09-07,376.1293640136719,70964200,54.169334411621094,21289000,35.1619873046875,39074600,80.15705871582031,3681100,159.94000244140625,3981400,93.24498748779297,17050100,87.2235336303711,7169700,24.639999389648438,0
2022-09-08,378.5877990722656,80821700,54.2049446105957,17589900,34.970890045166016,55415100,80.37755584716797,3408300,158.97999572753906,4607100,92.28853607177734,14671400,86.90098571777344,5773600,23.610000610351562,0
2022-09-09,384.4692687988281,76706900,55.584774017333984,22655100,35.489585876464844,26119600,81.25101470947266,4129900,159.82000732421875,3927800,92.49346923828125,12529800,86.9096908569336,5780600,22.790000915527344,0
2022-09-12,388.6014099121094,69256300,56.359256744384766,22338600,36.01737976074219,41791000,82.03971099853516,2737500,160.6300048828125,4537500,91.73345947265625,14806900,86.70044708251953,4034200,23.8700008392334,0
2022-09-13,371.7041015625,122947100,54.400794982910156,26513900,34.90719223022461,44191300,78.9019546508789,4824900,158.5399932861328,6526400,91.94696044921875,22158900,86.21224212646484,5100500,27.270000457763672,0
2022-09-14,373.1224365234375,85023700,54.57883834838867,19052800,35.08009338378906,37146200,78.00301361083984,5301500,157.92999267578125,6091100,92.26290893554688,13077800,86.255859375,3866600,26.15999984741211,0
2022-09-15,368.8862609863281,87633800,54.098121643066406,23181900,34.70699691772461,47618900,76.56134033203125,6727800,154.97999572753906,13181200,92.20313262939453,10260200,85.95941162109375,4622600,26.270000457763672,0
2022-09-16,366.0720520019531,103084800,53.76874923706055,31914300,34.38850402832031,67125000,76.56982421875,6807800,155.83999633789062,7141200,91.43456268310547,18903800,86.02918243408203,4718200,26.299999237060547,0
2022-09-19,368.9109802246094,73278500,53.9556884765625,19597500,34.49769592285156,33531700,76.45957946777344,4467100,155.9600067138672,5582800,91.6480484008789,11084400,85.78504180908203,3879000,25.760000228881836,0
2022-09-20,364.6763000488281,77274900,53.03877258300781,23429600,34.306602478027344,36967300,74.60237884521484,5850800,155.07000732421875,5943700,90.73430633544922,20133800,85.25323486328125,4869100,27.15999984741211,0
2022-09-21,358.3150329589844,106746600,52.34440612792969,22678800,33.73331069946289,62370500,73.42359924316406,7128900,155.7899932861328,7816100,92.25437927246094,23132900,85.5932388305664,5414900,27.989999771118164,0
2022-09-22,355.3052062988281,89472600,52.193077087402344,25400900,33.56950759887695,41989200,72.4907455444336,6743600,155.6999969482422,5975200,89.89743041992188,29030600,84.30301666259766,6662400,27.350000381469727,0
2022-09-23,349.35211181640625,122346900,50.52837371826172,33958900,32.74140930175781,49807100,71.5271987915039,8982100,153.00999450683594,9598000,90.2646255493164,23042200,84.40762329101562,7630600,29.920000076293945,0
2022-09-26,345.8961181640625,92581200,49.780601501464844,41892400,32.341026306152344,53011900,69.52129364013672,8119600,151.22999572753906,8240500,88.53960418701172,25104600,83.00402069091797,8015500,32.2599983215332,0
2022-09-27,345.0130615234375,108294100,49.442317962646484,38742700,32.304622650146484,47114100,68.59549713134766,10015000,151.5399932861328,7151300,86.2082748413086,34609500,82.43734741210938,8668400,32.599998474121094,0
2022-09-28,351.8017272949219,110802200,50.63520431518555,35116000,32.58672332763672,49946800,70.01850128173828,9000200,154.69000244140625,8977200,89.09468078613281,39283100,84.29426574707031,8471700,30.18000030517578,0
2022-09-29,344.4529724121094,112952300,50.03876495361328,30971600,31.85873031616211,43114100,67.96115112304688,8576300,154.66000366210938,6317000,88.63355255126953,19127100,83.90198516845703,6056500,31.84000015258789,0
2022-09-30,339.12652587890625,153711200,49.8607177734375,38527600,31.74043083190918,50082400,68.72407531738281,9023600,154.6699981689453,6832400,87.4892349243164,26485700,83.68402099609375,8847200,31.6200008392334,0
2022-10-03,348.07989501953125,89756500,50.84885025024414,37451600,32.25912857055664,41489700,69.94991302490234,8718400,158.42999267578125,10362200,88.87937927246094,27192200,84.67719268798828,10579900,30.100000381469727,0
2022-10-04,358.8656921386719,103602800,52.88743591308594,32480200,33.31471633911133,51598600,71.36434936523438,6439300,160.6999969482422,8024500,88.6311264038086,13788700,84.85188293457031,7361400,29.06999969482422,0
2022-10-05,358.03021240234375,88065700,52.326602935791016,28550700,33.332908630371094,30037200,69.96705627441406,6518400,159.80999755859375,5296300,87.78369140625,20522100,84.04829406738281,8603700,28.549999237060547,0
2022-10-06,354.33685302734375,82333500,51.40968322753906,28668800,33.132713317871094,29747200,68.0211410522461,7820800,159.6300048828125,5712600,87.29578399658203,13965700,83.58531188964844,11298400,30.520000457763672,0
2022-10-07,344.4529724121094,107789500,50.59069061279297,22200000,32.441123962402344,35957400,66.38385009765625,6913700,157.8800048828125,5030000,86.44833374023438,14814800,83.17477416992188,5085300,31.360000610351562,0
2022-10-10,341.82293701171875,76042800,50.305824279785156,26510200,31.986127853393555,31109900,65.75806427001953,6549500,155.47999572753906,6110800,85.1043930053711,15652600,82.6856460571289,3829100,32.45000076293945,0
2022-10-11,339.6582336425781,92482800,49.75389099121094,26577200,31.47653579711914,46679000,66.42669677734375,7189700,155.16000366210938,5306700,85.48104858398438,33246700,82.8952407836914,5498500,33.630001068115234,0
2022-10-12,338.537841796875,76991800,49.593658447265625,24455800,31.512935638427734,42471500,65.73233795166016,6634400,155.99000549316406,3998500,85.90045928955078,21447600,83.16604614257812,5847400,33.56999969482422,0
2022-10-13,347.4721984863281,147254500,50.61740493774414,48010100,31.603931427001953,51431200,66.93246459960938,8561200,154.91000366210938,7083800,85.07870483398438,30292500,82.81663513183594,6220100,31.940000534057617,0
2022-10-14,339.5538024902344,123737000,49.8607177734375,28145900,31.130733489990234,33384600,65.26944732666016,7320700,152.97999572753906,5471900,84.37680053710938,18728200,82.35367584228516,5886200,32.02000045776367,0
2022-10-17,348.2792663574219,93168200,51.089210510253906,32731000,31.986127853393555,51122100,67.72968292236328,5823800,153.4199981689453,4348000,83.96588897705078,18969900,82.44103240966797,3215200,31.3700008392334,0
2022-10-18,352.3714294433594,97162900,51.454200744628906,26876700,31.995229721069336,33911100,68.46690368652344,5609200,153.75,4528400,84.16275787353516,16931500,82.65069580078125,4006600,30.5,0
2022-10-19,349.87432861328125,79746900,50.822147369384766,22958200,31.412832260131836,31393700,66.76101684570312,6452100,151.69000244140625,8257100,82.6305160522461,25431600,81.78590393066406,5762600,30.760000228881836,0
2022-10-20,346.9405212402344,88283100,50.706417083740234,25989700,31.6130313873291,44240000,66.46956634521484,4959700,151.4499969482422,5019800,81.21808624267578,25434900,81.17444610595703,5738400,29.979999542236328,0
2022-10-21,355.3717041015625,131038400,51.62333679199219,37761800,32.09532165527344,43879500,66.99246978759766,6060100,154.14999389648438,6898400,79.75432586669922,46280300,81.3578872680664,7528500,29.690000534057617,0
2022-10-24,359.7201843261719,85436900,51.632240295410156,20327600,30.87594223022461,55046000,66.9839096069336,4918000,153.64999389648438,4673300,79.09517669677734,31332600,81.25308990478516,6210800,29.850000381469727,0
2022-10-25,365.46435546875,78846300,52.771705627441406,21583300,31.130733489990234,31871500,69.6156005859375,5815800,154.0,3434100,81.39786529541016,31213100,82.26631927490234,6301500,28.459999084472656,0
2022-10-26,362.7109069824219,104087300,53.270225524902344,27095500,31.640331268310547,37973800,69.57273864746094,5746800,154.97999572753906,4448200,82.57056427001953,24843900,82.6856460571289,6692700,27.280000686645508,0
2022-10-27,360.77410888671875,81971800,52.771705627441406,20349600,31.394634246826172,34227600,69.67560577392578,5239600,154.74000549316406,3654900,83.43516540527344,20270000,83.27085876464844,7238100,27.389999389648438,0
2022-10-28,369.357177734375,100302000,53.29693603515625,19235500,31.203542709350586,46296700,71.21005249023438,4651400,153.16000366210938,4645400,82.8616714477539,22244100,82.84284973144531,5659800,25.75,0
2022-10-31,366.689208984375,96631300,52.79841232299805,27032700,31.112533569335938,44107400,71.13288879394531,5112200,151.91000366210938,6097800,82.27101135253906,23956700,82.46723175048828,4586900,25.8799991607666,0
2022-11-01,365.0846252441406,85407600,53.216819763183594,42687000,31.685834884643555,50932800,71.10717010498047,4751100,153.4600067138672,4603600,83.03985595703125,17585100,82.4523696899414,6066400,25.809999465942383,0
2022-11-02,355.9223937988281,126990400,52.44232940673828,30497700,31.421932220458984,47639100,69.15267944335938,7240200,152.38999938964844,7210900,82.67943572998047,25010500,82.31230163574219,7581400,25.860000610351562,0
2022-11-03,352.25750732421875,87100100,51.997222900390625,23604200,31.603931427001953,38319300,69.05840301513672,5231600,151.80999755859375,5378800,82.23323059082031,29097500,81.9533920288086,8403900,25.299999237060547,0
2022-11-04,357.3274841308594,103505200,54.08031463623047,33756400,32.94161605834961,70533600,70.0013427734375,5664800,156.47000122070312,7692000,80.8516616821289,23561400,81.77832794189453,5287000,24.549999237060547,0
2022-11-07,360.7456970214844,68286900,54.249454498291016,19904600,32.95982360839844,38404800,70.0013427734375,5545800,155.85000610351562,4425700,80.0450439453125,14522800,81.48942565917969,4289300,24.350000381469727,0
2022-11-08,362.69195556640625,84641100,54.86370086669922,19882900,33.196414947509766,36282400,70.21566009521484,5578400,159.4499969482422,11299600,80.92032623291016,20360600,82.03215789794922,4679200,25.540000915527344,0
2022-11-09,355.21978759765625,78495500,54.098121643066406,22418600,32.62311935424805,34148700,69.4955825805664,5510300,158.64999389648438,6040600,81.18632507324219,15637500,82.31230163574219,3658100,26.09000015258789,0
2022-11-10,374.7406005859375,141455800,57.13374328613281,29640900,33.80611038208008,53986900,74.57894897460938,8312600,163.47999572753906,9939900,84.30989074707031,45380900,84.15935516357422,9608300,23.530000686645508,0
2022-11-11,378.3675537109375,93839900,58.27320861816406,24071300,34.72520065307617,52270400,74.57038116455078,5928000,164.55999755859375,4622400,84.00093078613281,15943100,83.9842758178711,2840200,22.520000457763672,0
2022-11-14,375.14886474609375,71903500,57.658958435058594,21599900,34.51590347290039,42158100,72.75305938720703,6181900,164.9199981689453,6187600,83.79501342773438,13741100,83.78294372558594,4130800,23.729999542236328,0
2022-11-15,378.34844970703125,93194500,58.041748046875,34956600,35.30759048461914,77069300,73.54170989990234,5283900,165.5,9903500,85.15082550048828,26608200,84.40445709228516,6841600,24.540000915527344,0
2022-11-16,375.462158203125,68508500,57.90822982788086,22730400,34.7433967590332,49376500,72.87308502197266,4258200,165.1199951171875,3645800,87.012939453125,28507700,85.0259780883789,6140100,24.110000610351562,0
2022-11-17,374.3133239746094,74496300,57.88151931762695,21271100,34.80709457397461,56473600,72.37586212158203,4463400,163.9199981689453,4574400,86.09475708007812,24528900,84.44822692871094,5986800,23.93000030517578,0
2022-11-18,376.01287841796875,92922500,57.997249603271484,18431100,34.606895446777344,45040200,73.29309844970703,3854100,162.7899932861328,4321100,85.50262451171875,14941300,84.15060424804688,3102100,23.1200008392334,0
2022-11-21,374.6455993652344,51243200,57.56104278564453,21877400,34.17009735107422,29250900,73.6788558959961,3505900,161.8800048828125,4766500,85.86309051513672,15534000,84.09807586669922,4477700,22.360000610351562,0
2022-11-22,379.687255859375,60429000,58.36223602294922,14698700,34.25199890136719,33677500,74.0817642211914,3514700,162.07000732421875,3203800,87.08161163330078,18103100,84.57952880859375,5532800,21.290000915527344,0
2022-11-23,382.0798645019531,68261600,59.0031852722168,13400800,34.53409957885742,43490300,74.14176177978516,4423800,163.0800018310547,4167000,88.60045623779297,23234600,85.03471374511719,5236500,20.350000381469727,0
2022-11-25,381.994384765625,30545400,59.30586242675781,10934400,34.370304107666016,19986900,74.61324310302734,1524100,163.22000122070312,1436500,88.30010223388672,9486100,85.00846862792969,1345400,20.5,0
2022-11-28,375.89892578125,67881600,58.54027557373047,18618500,34.215599060058594,45015900,72.61588287353516,4032700,161.92999267578125,4052900,88.54899597167969,14563200,85.04349517822266,4218400,22.209999084472656,0
2022-11-29,375.2532958984375,52310000,58.709415435791016,17666900,34.95269012451172,50909500,73.8160171508789,6035700,162.72999572753906,2620600,87.51065826416016,16576400,84.68455505371094,3356600,21.889999389648438,0
2022-11-30,387.0740051269531,144566700,59.75096130371094,41966500,35.96278381347656,103403400,75.5047607421875,7077800,164.80999755859375,4874700,88.15422821044922,21581700,85.4461898803711,7127100,20.579999923706055,0
2022-12-01,386.7891540527344,76398200,60.329593658447266,24209700,35.844486236572266,50195900,75.34188842773438,5038900,167.83999633789062,8625800,90.97039794921875,53156800,86.37944793701172,17629100,19.84000015258789,0
2022-12-02,386.3428955078125,85342700,60.28508377075195,36230700,35.980987548828125,47593700,75.11900329589844,3953700,167.25999450683594,5185900,92.1144027709961,24479500,86.55487060546875,5783700,19.059999465942383,0
2022-12-05,379.392822265625,77289800,59.492801666259766,26304900,35.57148361206055,62268800,73.74744415283203,5983200,164.38999938964844,5436200,90.82418060302734,20159700,85.67772674560547,6295800,20.75,0
2022-12-06,373.9240417480469,77972200,59.225730895996094,25663000,35.52599334716797,31558200,73.05307006835938,5276900,164.83999633789062,3597800,91.99398040771484,21754500,86.20401000976562,5745500,22.170000076293945,0
2022-12-07,373.2879638671875,65927900,59.225730895996094,23274300,35.316688537597656,46263200,73.19880676269531,6206700,166.3300018310547,4610700,94.16158294677734,30546700,86.95834350585938,5386200,22.68000030517578,0
2022-12-08,376.21221923828125,60737900,59.52840805053711,20080400,35.744380950927734,41138200,73.71315002441406,3994400,166.47000122070312,3217900,93.90351867675781,13377300,86.46714782714844,5325800,22.290000915527344,0
2022-12-09,373.40185546875,81447700,59.564022064208984,25772900,35.50778579711914,48742700,73.57598114013672,4572500,167.05999755859375,5431300,91.46068572998047,25872200,85.82684326171875,4343100,22.829999923706055,0
2022-12-12,378.7853088378906,75405800,59.742061614990234,18725400,35.398590087890625,41524600,74.14176177978516,5115900,165.67999267578125,3504400,91.75312805175781,16897100,85.70402526855469,5192200,25.0,0
2022-12-13,381.6526794433594,123782500,60.589359283447266,29377300,35.651729583740234,60886900,75.51333618164062,6864400,168.50999450683594,6750200,92.63909912109375,23854700,86.47589111328125,7856600,22.549999237060547,0
2022-12-14,379.21246337890625,108111300,60.535743713378906,23707700,35.67020797729492,62300900,74.99897766113281,6553300,168.10000610351562,5643000,93.03478240966797,19517500,86.71273040771484,6533200,21.139999389648438,0
2022-12-15,369.936279296875,117705900,58.98949432373047,25617500,34.84796905517578,48081300,73.99603271484375,5325500,165.35000610351562,8363000,93.39778900146484,20246200,86.88146209716797,4344200,22.829999923706055,0
2022-12-16,365.5688781738281,119858000,58.47111129760742,23998700,34.9495964050293,48065200,72.08440399169922,8166400,166.7899932861328,5372000,92.35448455810547,20838300,86.66177368164062,4432800,22.6200008392334,0
2022-12-19,362.4688415527344,79878100,58.32810592651367,21180700,34.97731018066406,22995200,71.16718292236328,3776100,166.32000732421875,3940500,90.80242919921875,26126800,85.95869445800781,3951100,22.420000076293945,0
2022-12-20,362.9649658203125,74427200,58.560482025146484,21440600,34.96806716918945,25688000,70.98715209960938,6614800,169.0800018310547,7803100,89.1900634765625,28869000,85.33472442626953,4199800,21.479999542236328,0
2022-12-21,368.39215087890625,78167400,59.168243408203125,17112200,35.28218078613281,23607700,71.5958023071289,7101700,168.8000030517578,3990100,89.4142074584961,15894100,85.440185546875,4406600,20.06999969482422,0
2022-12-22,363.1366271972656,100120900,58.68561553955078,21251200,34.96806716918945,27011800,71.29501342773438,6619400,166.75999450683594,5672700,89.39698028564453,11322500,85.413818359375,2143100,21.969999313354492,0
2022-12-23,365.2254638671875,59857300,58.89118194580078,12536600,34.921878814697266,19543300,71.92963409423828,3539500,167.25999450683594,2912300,88.08641052246094,15408900,85.02714538574219,3164900,20.8700008392334,0
2022-12-27,363.78515625,51638200,58.98055648803711,16247400,35.43923568725586,42338900,71.90354919433594,3961900,168.6699981689453,6885700,86.34467315673828,26475700,84.31529235839844,4780800,21.649999618530273,0
2022-12-28,359.26409912109375,70911500,58.35491943359375,14526900,34.921878814697266,31813900,70.6777572631836,5168000,167.91000366210938,3662500,85.83594512939453,17302900,84.1131362915039,3161200,22.139999389648438,0
2022-12-29,365.73101806640625,66970900,59.275508880615234,17455400,35.503902435302734,27088700,72.22520446777344,5398400,168.85000610351562,3345900,86.8102798461914,16593000,84.52618408203125,4021800,21.440000534057617,0
2022-12-30,364.76763916015625,84022200,58.667724609375,25629000,35.01426315307617,38297800,71.70358276367188,4897700,169.63999938964844,2864500,85.84457397460938,20810200,84.1746826171875,5043800,21.670000076293945,0
2023-01-03,363.23193359375,74850700,59.186134338378906,25179300,35.309898376464844,35557900,71.77313995361328,5906600,171.05999755859375,7992900,87.48280334472656,25313200,84.83380889892578,6808300,22.899999618530273,0
2023-01-04,366.03619384765625,85934100,59.972652435302734,26751400,36.372337341308594,57044200,73.3988037109375,6860200,172.6699981689453,7574600,88.68134307861328,21678200,85.48411560058594,7800100,22.010000228881836,0
2023-01-05,361.8584899902344,76970500,59.373817443847656,17376900,36.261474609375,25175600,71.42539978027344,6839500,170.52000427246094,4692600,89.05209350585938,14771100,85.36109924316406,3177900,22.459999084472656,0
2023-01-06,370.1566467285156,104189600,60.89324951171875,17951400,37.01903533935547,49058000,73.34664916992188,5962000,173.7100067138672,7889000,90.69036102294922,27473700,86.45962524414062,6807700,21.1299991607666,0
2023-01-09,369.94683837890625,73978100,61.152442932128906,23392800,37.29619598388672,59967500,73.37273406982422,5699200,174.10000610351562,5134500,91.17320251464844,21472200,86.67935180664062,4988000,21.969999313354492,0
2023-01-10,372.5412292480469,65358100,61.331207275390625,18811500,37.56411361694336,34936500,73.53790283203125,8040700,174.74000549316406,4398400,89.66426086425781,20545200,86.13446807861328,4026900,20.579999923706055,0
2023-01-11,377.2530517578125,68881100,61.79597473144531,17732700,37.72117614746094,41854800,76.17202758789062,5663300,174.6199951171875,3374200,91.12149047851562,18794000,86.68814086914062,7118700,21.09000015258789,0
2023-01-12,378.6265869140625,90157700,62.70762252807617,19767100,37.905941009521484,42088800,77.13700866699219,5890600,176.63999938964844,6936900,92.91493225097656,32029600,87.46149444580078,5768000,18.829999923706055,0
2023-01-13,380.0954284667969,63903900,63.03832244873047,18092100,38.1553840637207,32838900,76.65885925292969,4153800,178.75999450683594,7468800,92.0440673828125,17750800,86.99574279785156,5573500,18.350000381469727,0
2023-01-17,379.3992004394531,62677300,63.23495101928711,25184100,37.942893981933594,41016000,76.87618255615234,3943900,177.58999633789062,6610800,91.44912719726562,13911700,86.72330474853516,3709000,19.360000610351562,0
2023-01-18,373.4091491699219,99632300,63.01151657104492,35935300,37.6842155456543,54860300,75.7547378540039,5984200,177.0800018310547,5384700,93.66510009765625,35497200,87.90091705322266,7926400,20.34000015258789,0
2023-01-19,370.69085693359375,86958900,62.91319274902344,23519000,37.970611572265625,33834900,75.33745574951172,4696800,179.88999938964844,6678700,93.0787353515625,17194700,87.73396301269531,4234100,20.520000457763672,0
2023-01-20,377.5965270996094,91806400,63.467342376708984,28289500,38.552642822265625,42854900,76.2328872680664,4251100,179.2899932861328,5754800,91.56983184814453,22754100,87.1539077758789,8822700,19.850000381469727,0
2023-01-23,382.1271057128906,84178800,63.72654342651367,24252900,38.829803466796875,38252700,76.58061981201172,5154100,179.6300048828125,5265500,91.13871002197266,12961500,86.87271118164062,4334900,19.809999465942383,0
2023-01-24,381.7169189453125,59524900,63.646087646484375,12996500,38.85751724243164,34713300,76.77186584472656,3810600,180.27999877929688,4604600,92.44929504394531,16417200,87.37360382080078,3540300,19.200000762939453,0
2023-01-25,381.8599853515625,84800300,64.06616973876953,14250500,38.89447021484375,30325100,76.806640625,4953300,181.11000061035156,6925300,92.67349243164062,11906500,87.47029113769531,2924700,19.079999923706055,0
2023-01-26,386.05670166015625,72287400,64.11978149414062,13272300,39.26401138305664,28722100,77.66728973388672,3939000,179.47000122070312,5860100,92.24239349365234,15549400,87.1539077758789,2875400,18.729999542236328,0
2023-01-27,386.94384765625,68346200,63.99467086791992,13986800,39.07924270629883,36989100,78.53665161132812,4972100,179.22000122070312,6052700,92.00958251953125,11845500,87.02207946777344,5524100,18.510000228881836,0
2023-01-30,382.08892822265625,74202000,63.583534240722656,14111500,38.29396057128906,38598300,77.5368881225586,4737700,178.75999450683594,4210700,91.67330169677734,11459700,86.74964904785156,2584600,19.940000534057617,0
2023-01-31,387.7068786621094,86811800,63.94998550415039,23544400,38.210819244384766,43197800,79.16256713867188,5449600,179.41000366210938,5976900,92.40620422363281,13705300,87.1890640258789,4856400,19.399999618530273,0
2023-02-01,391.82733154296875,101459200,64.52200317382812,27861400,38.68198013305664,51809100,79.6493911743164,9787400,181.6699981689453,7996000,93.51701354980469,25305800,87.81614685058594,20159100,17.8700008392334,0
2023-02-02,397.53118896484375,101654500,64.4326171875,15588000,38.451019287109375,45943800,81.45764923095703,5218600,177.89999389648438,8842400,93.63805389404297,19548400,87.78089141845703,5823000,18.729999542236328,0
2023-02-03,393.3057861328125,94736800,63.83378601074219,18589800,37.76736068725586,42341000,79.92759704589844,5353000,173.4600067138672,13674400,92.23761749267578,20619500,86.83854675292969,5267000,18.329999923706055,0
2023-02-06,390.9021911621094,60295300,63.18132781982422,18409500,37.21304702758789,41471500,79.34513854980469,3787500,173.82000732421875,8957000,91.55471801757812,15182400,86.08993530273438,5500400,19.43000030517578,0
2023-02-07,396.0146789550781,90990700,63.71760177612305,19440100,37.36086654663086,31941600,79.17127227783203,5912700,173.97999572753906,6794200,90.81993865966797,18290300,85.8785629272461,5678900,18.65999984741211,0
2023-02-08,391.6842956542969,76227500,63.3243293762207,18281400,37.31467056274414,38255400,78.79743957519531,4886900,174.41000366210938,4075600,91.25214385986328,13530700,86.19561767578125,6137600,19.6299991607666,0
2023-02-09,388.2887268066406,78694900,63.440513610839844,10875300,37.49020767211914,27083800,77.93680572509766,2905100,173.02999877929688,5361300,90.38770294189453,20469900,85.80810546875,7358300,20.709999084472656,0
2023-02-10,389.19482421875,70769700,63.16344451904297,16681200,37.12990188598633,34463800,78.20629119873047,3270300,173.36000061035156,2971100,89.3762435913086,16598300,85.39419555664062,5290000,20.530000686645508,0
2023-02-13,393.76361083984375,64913500,63.798030853271484,11806300,37.43477249145508,20906700,78.90177154541016,2921900,172.47999572753906,3970800,90.12836456298828,13134300,85.59671020507812,17262300,20.34000015258789,0
2023-02-14,393.5823974609375,88389300,63.91423034667969,14082900,37.37010192871094,21664300,78.27584075927734,4217600,172.61000061035156,5403100,89.92089080810547,15440300,85.20924377441406,7133600,18.90999984741211,0
2023-02-15,394.8605041503906,61555700,63.62821960449219,14031200,37.055992126464844,31114000,78.58879852294922,3669900,170.88999938964844,5423800,89.08240509033203,15246900,84.95381164550781,4964700,18.229999542236328,0
2023-02-16,389.42376708984375,76431500,63.31539535522461,13151000,37.06523132324219,30045300,77.82377624511719,4493100,170.75,4540400,87.82025909423828,19267300,84.67198181152344,27126400,20.170000076293945,0
2023-02-17,388.4508972167969,89257800,63.47627639770508,13768200,36.658729553222656,35131700,77.5195083618164,4299600,171.25999450683594,4809800,88.503173828125,19560900,84.9097671508789,4540500,20.020000457763672,0
2023-02-21,380.6581726074219,82655900,62.77912139892578,14419700,36.196800231933594,33984300,75.96337890625,4926400,170.6199951171875,4035900,86.78291320800781,22728000,83.98504638671875,11382100,22.8700008392334,0
2023-02-22,380.1336364746094,83742300,62.43054962158203,12991700,36.02127456665039,37035500,75.27659606933594,4456500,169.66000366210938,4105700,87.57820129394531,15165400,84.13475036621094,30136400,22.290000915527344,0
2023-02-23,382.15570068359375,96242400,62.7523078918457,25783700,36.196800231933594,28551700,75.8416748046875,6074900,169.57000732421875,5073500,88.43402862548828,15829100,84.4605941772461,7059800,21.139999389648438,0
2023-02-24,378.0733337402344,108194400,61.70659637451172,25120200,35.383811950683594,48596300,74.5115737915039,5065400,168.35000610351562,6496500,87.2843017578125,21403600,83.94978332519531,10757200,21.670000076293945,0
2023-02-27,379.3609924316406,80444700,62.439491271972656,19736300,35.568572998046875,24344400,74.62458038330078,5170800,169.00999450683594,4509200,87.52635192871094,14209200,84.20520782470703,3693200,20.950000762939453,0
2023-02-28,377.95892333984375,96438600,61.98365783691406,28408000,35.31913757324219,39670600,74.52025604248047,7261100,169.77999877929688,6761600,87.92398071289062,14955700,84.3373031616211,4690000,20.700000762939453,0
2023-03-01,376.5090637207031,99706800,62.314361572265625,20961000,36.076698303222656,39597500,73.58136749267578,7041800,170.75999450683594,6590500,86.97942352294922,19000000,83.66305541992188,8328600,20.579999923706055,0
2023-03-02,379.437255859375,85127800,62.439491271972656,20540100,36.20603942871094,28952900,74.4420166015625,5208800,170.66000366210938,3950700,86.2081527709961,23763600,83.31890106201172,12952800,19.59000015258789,0
2023-03-03,385.5226135253906,90120000,63.35114288330078,23663300,36.529396057128906,20682400,75.57218170166016,4542100,172.49000549316406,6894500,88.296630859375,30877300,83.9896011352539,5696900,18.489999771118164,0
2023-03-06,385.7896728515625,72795900,63.19026184082031,22289600,36.400054931640625,26014300,75.27659606933594,3893700,171.6199951171875,4264100,87.61203002929688,16631900,83.8395767211914,3766400,18.610000610351562,0
2023-03-07,379.8760986328125,108310600,62.13560104370117,26319800,35.79030990600586,36382400,73.52051544189453,6540600,168.6199951171875,8713300,88.14933776855469,23096500,83.84840393066406,5053300,19.59000015258789,0
2023-03-08,380.49603271484375,74746600,62.47523498535156,21016200,35.93811798095703,18795900,74.36378479003906,5750400,168.5399932861328,5718600,88.23596954345703,20252400,83.82191467285156,5163500,19.110000610351562,0
2023-03-09,373.4759216308594,111945300,62.0194091796875,25914100,35.14360427856445,40118900,72.65988159179688,5974200,170.1999969482422,5583000,88.45259857177734,21550400,84.34262084960938,12498800,22.610000610351562,0
2023-03-10,368.08685302734375,189253000,61.35801315307617,31703800,34.95882797241211,49329400,70.25177764892578,10351000,173.8699951171875,13803400,91.50299835205078,43921500,85.89585876464844,11041300,24.799999237060547,0
2023-03-13,367.5622863769531,157790000,60.93793869018555,27005100,35.01426315307617,43071400,71.17328643798828,16288000,177.86000061035156,20554400,91.71099853515625,51502500,86.93724060058594,23930600,26.520000457763672,0
2023-03-14,373.6380920410156,149752400,61.75127410888672,18054000,35.03274154663086,36333400,71.86006927490234,8706400,176.8300018310547,10019000,90.20310974121094,38417800,86.11647033691406,47886700,23.729999542236328,0
2023-03-15,371.3012390136719,172996900,59.83858871459961,37928500,34.43223571777344,53217000,71.80791473388672,10284900,178.2100067138672,14546100,91.94496154785156,45164100,87.36082458496094,25157400,26.139999389648438,0
2023-03-16,377.8157958984375,143254200,60.76811981201172,33179100,34.95882797241211,39880200,71.65142059326172,10324300,178.57000732421875,10762200,91.22569274902344,43089300,86.57538604736328,13961000,22.989999771118164,0
2023-03-17,373.39813232421875,140553400,60.04416275024414,23846200,34.74634552001953,40165600,70.02574920654297,9103200,183.77000427246094,24156300,92.59488677978516,38129000,87.59911346435547,12293700,25.510000228881836,0
2023-03-20,376.98858642578125,93055800,60.982635498046875,24003200,34.87568283081055,28310700,70.8255615234375,6300300,183.83999633789062,11845700,91.78031158447266,24242800,87.24610137939453,7982400,24.149999618530273,0
2023-03-21,381.9386291503906,91524200,61.90322494506836,16669400,35.189796447753906,27670600,70.51258850097656,5024500,180.3699951171875,10734500,90.99169921875,18934900,86.48713684082031,9851600,21.3799991607666,0
2023-03-22,375.42791748046875,111746600,61.68870544433594,16277900,35.3283805847168,40375300,67.87847137451172,8283600,183.44000244140625,11969600,92.20494842529297,26388500,87.62557983398438,10705200,22.260000228881836,0
2023-03-23,376.44287109375,119351300,61.69765090942383,23067200,35.81801986694336,39622100,67.4524917602539,6274400,185.74000549316406,11347100,92.20494842529297,25475100,88.12864685058594,7118800,22.610000610351562,0
2023-03-24,378.9130859375,107682400,61.50994873046875,27879000,35.72563552856445,28044500,69.1822738647461,8380000,183.64999389648438,9245900,92.59488677978516,23652700,88.15510559082031,9135800,21.739999771118164,0
2023-03-27,379.6216125488281,74010400,62.090911865234375,23269300,35.5316276550293,36646700,69.10323333740234,4956700,181.9499969482422,6925000,90.41976928710938,22224500,87.06961059570312,8284400,20.600000381469727,0
2023-03-28,378.76947021484375,62871700,62.117733001708984,20324500,36.03974533081055,43707600,68.9364242553711,4213800,183.44000244140625,6202600,90.58443450927734,17794300,87.01665496826172,13324800,19.969999313354492,0
2023-03-29,384.27490234375,77497900,62.86850357055664,29119300,36.14137268066406,32173100,70.46424102783203,6364000,182.52999877929688,4996500,90.40245056152344,16804400,86.86661529541016,13404700,19.1200008392334,0
2023-03-30,386.52484130859375,69840000,63.601409912109375,21615800,36.501678466796875,32982200,71.38619995117188,4838000,184.17999267578125,6360300,90.81840515136719,14315800,86.99899291992188,4157500,19.020000457763672,0
2023-03-31,391.9728088378906,112062600,63.92315673828125,28532600,36.455482482910156,36174700,72.91402435302734,6148200,183.22000122070312,8003300,92.17897033691406,25396700,87.47557067871094,6330100,18.700000762939453,0
2023-04-03,393.46636962890625,67391100,64.4326171875,20737100,36.529396057128906,19637700,72.3344955444336,7582700,184.5399932861328,9206600,92.61247253417969,18234800,87.88762664794922,7226600,18.549999237060547,0
2023-04-04,391.2834777832031,66601500,64.4415512084961,15364600,36.529396057128906,31518500,72.2378921508789,6243400,187.97999572753906,13765400,93.07293701171875,18052400,88.45356750488281,6763200,19.0,0
2023-04-05,390.25897216796875,65200200,63.99467086791992,16313900,36.24299621582031,35785500,71.85157775878906,7024100,187.8300018310547,11440800,94.04597473144531,23047700,88.82495880126953,6257100,19.079999923706055,0
2023-04-06,391.78125,63743300,64.2985610961914,13659900,36.39081954956055,22277700,72.3432846069336,7008200,186.49000549316406,6648400,94.28923034667969,16447300,88.85147857666016,4264700,18.399999618530273,0
2023-04-10,392.1833801269531,63681000,64.25386047363281,12854000,36.42776870727539,20271700,72.67694091796875,3972100,185.11000061035156,6408100,92.76885223388672,19134400,87.9760513305664,6025100,18.969999313354492,0
2023-04-11,392.2886657714844,59297900,64.4683609008789,11264100,36.64949417114258,23177000,72.98426055908203,4839400,186.27999877929688,6031500,92.95996856689453,13971200,87.9406967163086,5459000,19.100000381469727,0
2023-04-12,390.6898498535156,86420400,64.87950134277344,13241500,36.39081954956055,30341900,72.63304138183594,5920500,187.19000244140625,10000900,92.86442565917969,20563000,88.1971206665039,5857200,19.09000015258789,0
2023-04-13,395.8791198730469,85814800,65.71072387695312,12233000,36.88969802856445,28752600,72.41352844238281,3884400,189.72000122070312,14060100,92.13462829589844,22079400,87.90533447265625,39858200,17.799999237060547,0
2023-04-14,394.9121398925781,78161500,65.44258880615234,14209900,36.69568634033203,26673200,71.28959655761719,5078300,186.36000061035156,13272500,91.29190063476562,19801900,87.47201538085938,4968500,17.06999969482422,0
2023-04-17,396.3292236328125,66436400,65.3263931274414,17323800,36.85274124145508,26173500,72.77352142333984,5148900,185.52999877929688,7468100,90.20592498779297,19528800,86.9149169921875,5681000,16.950000762939453,0
2023-04-18,396.5877380371094,63560000,65.68390655517578,13753400,36.80655288696289,23990600,72.60670471191406,4189600,186.25,8056900,90.52738952636719,15922600,87.05641174316406,5061300,16.829999923706055,0
2023-04-19,396.52069091796875,55227300,65.47834014892578,8840800,36.43700408935547,25851700,73.03694152832031,3624200,185.36000061035156,7373500,90.44051361083984,16093900,86.87073516845703,4648100,16.459999084472656,0
2023-04-20,394.3568420410156,75840400,65.47834014892578,12478600,36.38158416748047,29763400,72.31694030761719,4604400,186.08999633789062,5789900,91.21371459960938,16450100,87.37474822998047,4608000,17.170000076293945,0
2023-04-21,394.6632385253906,73457400,65.80902862548828,14053000,36.03974533081055,26632600,72.32572174072266,5136600,184.25,10698700,90.70115661621094,15244700,87.16254425048828,5948100,16.770000457763672,0
2023-04-24,395.074951171875,64332100,65.97885131835938,12864900,35.95659637451172,19963200,72.05352783203125,3673500,184.80999755859375,8303400,91.57862854003906,17034300,87.58696746826172,5143700,16.889999389648438,0
2023-04-25,388.8036193847656,97766700,65.05826568603516,12582200,35.28218078613281,31095100,71.3423080444336,5127500,185.75,8451900,92.92523956298828,21899900,88.45356750488281,13076800,18.760000228881836,0
2023-04-26,387.1567077636719,80447000,65.01358032226562,16928600,35.48542785644531,45521300,70.65740966796875,5128500,184.74000549316406,8203600,91.93482208251953,19610400,88.10868072509766,5903000,18.84000015258789,0
2023-04-27,394.86431884765625,92968400,65.82691192626953,14505700,35.9658317565918,23496200,72.25547790527344,6439300,184.75,9107400,91.02259826660156,20247600,87.53392028808594,5065800,17.030000686645508,0
2023-04-28,398.2345275878906,89433100,65.80010223388672,16936800,36.15061569213867,22481000,73.14231872558594,5352800,184.8000030517578,6700400,92.49081420898438,26954100,88.18830108642578,8525900,15.779999732971191,0
2023-05-01,397.8324279785156,62122300,65.70178985595703,24499500,36.03050994873047,16797000,72.59790802001953,4817200,183.97000122070312,7997700,89.82389831542969,32487300,87.15029907226562,17442000,16.079999923706055,0
2023-05-02,393.3611145019531,103998500,65.04039001464844,12907200,35.679439544677734,24041500,71.36863708496094,5442500,187.52000427246094,14680600,92.06232452392578,30057800,88.28488159179688,8540700,17.780000686645508,0
2023-05-03,390.6610412597656,91531800,65.210205078125,13977300,35.6240119934082,18827800,71.08765411376953,7538900,189.11000061035156,11133800,92.57618713378906,23656200,88.86104583740234,9534800,18.34000015258789,0
2023-05-04,387.8940124511719,94901900,65.07614135742188,17411200,35.910404205322266,29417100,71.67595672607422,7231800,190.44000244140625,14146800,91.66167449951172,25110500,88.84333801269531,12014100,20.09000015258789,0
2023-05-05,395.074951171875,87891800,66.03247833251953,11096900,36.39081954956055,18248200,72.87010955810547,4560600,187.4600067138672,12508100,91.3568344116211,15096500,88.36468505859375,11254400,17.190000534057617,0
2023-05-08,395.1802062988281,50046800,66.05036163330078,7533200,36.40929412841797,19721300,72.44864654541016,4896000,187.69000244140625,6075400,90.07646942138672,20587000,87.82394409179688,7022400,16.979999542236328,0
2023-05-09,393.4472351074219,49220100,65.7822265625,14835400,36.187564849853516,17294900,72.14134216308594,4522000,189.02000427246094,7098800,89.75425720214844,19182500,87.71760559082031,7317200,17.709999084472656,0
2023-05-10,395.2855224609375,96142900,65.64816284179688,14009800,36.16908645629883,22410300,72.83499145507812,6331600,188.75,9392100,90.62521362304688,22886800,88.37354278564453,9930800,16.940000534057617,0
2023-05-11,394.59619140625,70157100,65.4872817993164,14971700,36.03974533081055,34620300,72.03595733642578,5175400,187.1300048828125,8245500,91.58326721191406,19147200,88.70148468017578,5979600,16.93000030517578,0
2023-05-12,394.0791931152344,70481500,65.37109375,15823200,35.61477279663086,32789300,72.02718353271484,3293800,186.80999755859375,7087500,90.81684112548828,14198500,88.1696548461914,5107300,17.030000686645508,0
2023-05-15,395.4387512207031,54289400,65.87161254882812,10580600,36.270713806152344,28911000,71.90425872802734,3477400,187.2100067138672,5518100,89.87619018554688,20085300,87.97465515136719,4459100,17.1200008392334,0
2023-05-16,392.796142578125,57705500,65.24595642089844,13335700,36.01203536987305,24887200,70.1042251586914,5401000,184.8699951171875,9519500,89.6061782836914,29251700,87.6910171508789,7194000,17.989999771118164,0
2023-05-17,397.56427001953125,87287000,65.54983520507812,21491300,36.178321838378906,24358200,71.05254364013672,4849000,184.22999572753906,7474300,89.34488677978516,21340900,87.40736389160156,5542600,16.8700008392334,0
2023-05-18,401.3941955566406,97177200,65.45153045654297,10657000,35.98432159423828,30378900,70.7100830078125,4009000,181.83999633789062,8812600,88.68292236328125,25536600,86.86665344238281,9448900,16.049999237060547,0
2023-05-19,400.8100891113281,103793300,65.83585357666016,15971200,36.01203536987305,26847500,70.59593963623047,4803400,183.63999938964844,8435000,88.05583953857422,29038000,86.5386962890625,12923500,16.809999465942383,0
2023-05-22,400.97283935546875,60745400,65.8537368774414,12122700,36.30766296386719,30254000,71.02619934082031,4839100,183.2100067138672,4834300,87.7422866821289,20131100,86.37914276123047,7034700,17.209999084472656,0
2023-05-23,396.4727478027344,86383500,64.8884506225586,19215100,35.744110107421875,43844500,70.35887908935547,5460000,183.42999267578125,6345000,87.9948501586914,21749500,86.52098083496094,8264200,18.530000686645508,0
2023-05-24,393.6004638671875,89213700,63.941036224365234,21758100,35.47618865966797,31559600,68.84859466552734,4910700,181.9499969482422,6732900,87.55937194824219,18473400,86.29934692382812,7415400,20.030000686645508,0
2023-05-25,397.0090026855469,90961600,63.85166931152344,17393700,35.40228271484375,28492700,68.83983612060547,4810700,180.1999969482422,6919200,87.34163665771484,22492800,85.75867462158203,11647700,19.139999389648438,0
2023-05-26,402.1505432128906,93830000,64.47731018066406,11189800,36.03050994873047,24941700,69.63008117675781,3230700,180.9199981689453,5823700,88.0470962524414,17030300,85.91822814941406,7408900,17.950000762939453,0
2023-05-30,402.3037109375,72216000,63.824851989746094,13979800,35.61477279663086,25536900,69.89350128173828,4449400,182.0399932861328,4906100,88.9267807006836,23125200,86.59188079833984,7883000,17.459999084472656,0
2023-05-31,400.07281494140625,110811800,63.16344451904297,32754700,35.28218078613281,35917900,70.24472045898438,4673800,182.32000732421875,8497900,89.70198822021484,23787000,86.91983032226562,10817900,17.940000534057617,0
2023-06-01,403.8739318847656,88865000,64.10192108154297,29681600,35.910404205322266,32875300,70.25350189208984,4016600,183.75999450683594,7300500,90.05390167236328,21040400,87.16151428222656,18161600,15.649999618530273,0
2023-06-02,409.7144470214844,91426200,64.93313598632812,18693500,36.529396057128906,53717000,71.96571350097656,5114900,181.0500030517578,8726100,89.06709289550781,19136500,86.46849060058594,7585400,14.600000381469727,0
2023-06-05,408.92938232421875,65460200,64.55775451660156,18029700,36.5201530456543,16947400,71.46520233154297,3936600,182.13999938964844,5748800,88.90117645263672,14433200,86.44182586669922,6243100,14.729999542236328,0
2023-06-06,409.8197326660156,64022200,65.0940170288086,17811900,36.843502044677734,35447700,72.15010833740234,4728200,182.33999633789062,4967200,89.42514038085938,14332100,86.4951400756836,3986200,13.960000038146973,0
2023-06-07,408.4027099609375,85373300,64.52153015136719,29259200,36.68522262573242,44313300,73.47598266601562,3825200,180.14999389648438,9066500,88.09773254394531,25251100,85.86431121826172,8226600,13.9399995803833,0
2023-06-08,410.8729553222656,61952800,65.20413970947266,15781000,36.945926666259766,26886800,73.01939392089844,3097900,182.52999877929688,6394100,89.12822723388672,23845100,86.44182586669922,5841900,13.649999618530273,0
2023-06-09,411.6101379394531,85742800,65.09491729736328,15419000,37.113525390625,22199200,72.59790802001953,3199400,182.0399932861328,4379200,89.0059814453125,22147400,86.130859375,6421900,13.829999923706055,0
2023-06-12,415.34429931640625,76104300,65.3770751953125,15814700,37.18800735473633,25267100,72.615478515625,4072500,181.8800048828125,4873600,89.26793670654297,19010300,86.2730484008789,5261700,15.010000228881836,0
2023-06-13,418.08258056640625,95899700,65.99598693847656,17620600,37.560447692871094,35053100,73.08084869384766,3693700,180.5399932861328,5126700,88.38591766357422,25910800,85.65995788574219,9173500,14.609999656677246,0
2023-06-14,418.5804748535156,100612100,66.24174499511719,17305800,37.83978271484375,37898300,73.35303497314453,5042700,180.63999938964844,6807000,89.09326934814453,29094200,85.77546691894531,7704400,13.880000114440918,0
2023-06-15,423.7698669433594,110303100,66.94256591796875,14597200,38.193599700927734,36328400,73.73938751220703,4661000,181.91000366210938,6739000,89.94912719726562,25732000,86.44182586669922,5959100,14.5,0
2023-06-16,422.326416015625,114165800,66.79693603515625,20036200,38.0632438659668,40001900,73.68672180175781,4576900,181.6300048828125,8779100,89.59980773925781,16759100,86.06867980957031,6538100,13.539999961853027,0
2023-06-20,420.1353454589844,76160400,65.91407012939453,16873000,37.31836700439453,50477100,72.81743621826172,3826600,179.75,7584200,90.21985626220703,17162900,86.32633209228516,5477300,13.880000114440918,0
2023-06-21,417.9826354980469,76982300,66.01419830322266,11322700,37.14145278930664,20771300,72.37840270996094,4691300,179.49000549316406,6702300,90.43817138671875,19720100,86.40631103515625,5119600,13.199999809265137,0
2023-06-22,419.4914245605469,70637200,65.6046142578125,11313300,37.01110076904297,22804200,71.3423080444336,5114800,177.7100067138672,7945000,89.34652709960938,23630700,85.91761779785156,4102100,12.90999984741211,0
2023-06-23,416.3200988769531,92074500,64.58523559570312,15929700,36.471065521240234,26321700,70.35887908935547,3956400,178.1999969482422,5419800,90.2373046875,22901900,86.2730484008789,4112100,13.4399995803833,0
2023-06-26,414.6191711425781,72823600,64.66714477539062,12950900,36.592105865478516,18302400,71.9832763671875,3246800,178.50999450683594,3222100,90.33335876464844,12894900,86.48625946044922,2976600,14.25,0
2023-06-27,419.1647644042969,72813700,65.23145294189453,11034100,36.96455001831055,21799500,72.87010955810547,3845900,177.69000244140625,5036900,90.09757995605469,18105700,86.1841812133789,4752500,13.739999771118164,0
2023-06-28,419.37615966796875,75636000,65.2769546508789,9256500,36.741085052490234,21628400,72.97547912597656,4691000,177.27999877929688,5866700,90.48180389404297,23826800,86.53067779541016,5257300,13.430000305175781,0
2023-06-29,421.029052734375,67882300,65.18594360351562,6736000,36.545555114746094,23278300,73.7906494140625,5033400,177.08999633789062,6862500,88.84878540039062,41091600,85.64219665527344,8268700,13.539999961853027,0
2023-06-30,425.99749755859375,104964000,65.98688507080078,28381100,36.83419418334961,23366700,74.19911193847656,5758500,178.27000427246094,6420900,89.8967056274414,32024900,85.82876586914062,7450600,13.59000015258789,0
2023-07-03,426.4875793457031,32793400,65.91407012939453,13375500,37.243873596191406,15417000,74.92723083496094,3632400,178.47000122070312,4085700,89.3870849609375,16011800,85.45646667480469,4687100,13.569999694824219,0
2023-07-05,425.8533630371094,58418400,65.17684173583984,15971500,37.02041244506836,15853800,75.09596252441406,5766400,177.83999633789062,5650600,88.53771209716797,28170300,85.04679107666016,10181200,14.180000305175781,0
2023-07-06,422.5186462402344,80658300,64.0482406616211,17415300,36.26622772216797,36352500,74.51878356933594,5609000,177.30999755859375,5133000,87.2855224609375,41375700,84.35209655761719,9285100,15.4399995803833,0
2023-07-07,421.4519348144531,86134200,64.53062438964844,16721300,36.67591094970703,21518600,74.3500747680664,5865300,178.63999938964844,5201100,86.76012420654297,28996500,84.24518585205078,6577600,14.829999923706055,0
2023-07-10,422.5186462402344,62443500,64.71266174316406,9486000,36.7038459777832,22273400,74.66973114013672,3855600,178.77999877929688,3320500,86.87393951416016,24665200,84.68163299560547,6622700,15.069999694824219,0
2023-07-11,425.2095031738281,64463800,65.29515838623047,12811300,37.0762825012207,19616000,75.73530578613281,4038400,179.4499969482422,2818800,87.3205337524414,20485500,84.8597640991211,6327100,14.84000015258789,0
2023-07-12,428.63067626953125,91924500,66.5420913696289,16111100,37.90495300292969,61015900,76.14376068115234,5361600,181.8800048828125,7062000,88.29248809814453,31928000,85.68803405761719,8255100,13.539999961853027,0
2023-07-13,432.03265380859375,72425200,67.60697937011719,12707500,38.3984375,44062400,76.63217163085938,5067100,182.00999450683594,4527900,89.220703125,32441500,86.40055847167969,9742600,13.609999656677246,0
2023-07-14,431.7635803222656,69815800,67.22471618652344,12549100,38.18428039550781,26724500,76.48120880126953,5618100,181.42999267578125,5390000,88.69534301757812,18569000,85.97306823730469,7491100,13.34000015258789,0
2023-07-17,433.26275634765625,52680200,67.14279174804688,15876600,38.2308464050293,25782900,75.98394775390625,5610700,181.55999755859375,4152400,88.73909759521484,18822000,86.11556243896484,3182400,13.479999542236328,0
2023-07-18,436.48211669921875,80668200,67.57968139648438,11519400,37.95150375366211,29377700,75.56658172607422,4605100,183.63999938964844,8238000,89.14192199707031,15407400,86.21353912353516,3626500,13.300000190734863,0
2023-07-19,437.4527893066406,65891700,67.54326629638672,11138700,37.87702560424805,26941200,76.41905975341797,5363700,183.6699981689453,3911600,90.14891052246094,27192500,86.5074462890625,5059300,13.760000228881836,0
2023-07-20,434.550537109375,70591600,67.1974105834961,14843900,37.597694396972656,31226700,76.17041778564453,5667100,182.74000549316406,4972900,89.0543441772461,56951200,85.82164764404297,9486600,13.989999771118164,0
2023-07-21,434.550537109375,71275600,67.33393096923828,10318400,37.54182815551758,21620500,76.52559661865234,4767700,182.17999267578125,3845400,89.08060455322266,20657500,85.89289855957031,4560100,13.600000381469727,0
2023-07-24,436.49176025390625,54023400,67.17010498046875,9421100,38.053932189941406,47123600,77.15605926513672,4990600,181.39999389648438,4370000,88.75660705566406,17546700,85.68803405761719,7451100,13.90999984741211,0
2023-07-25,437.6833801269531,55191200,67.2428970336914,9151000,38.37050247192383,32437300,76.60550689697266,4968100,182.41000366210938,4090100,88.5902328491211,17160600,85.52774047851562,4079300,13.859999656677246,0
2023-07-26,437.7506408691406,71052900,67.4249496459961,12325300,38.593971252441406,34963100,76.95182800292969,7377400,183.3000030517578,6158400,88.67779541015625,19310700,85.82164764404297,4880100,13.1899995803833,0
2023-07-27,434.8484191894531,92194400,67.27022552490234,12775700,38.11910629272461,37548500,75.2824478149414,8010000,180.4199981689453,7592800,86.95276641845703,44794400,84.88648223876953,8522800,14.40999984741211,0
2023-07-28,439.1056213378906,80011800,67.75260925292969,15891100,39.0408935546875,34529000,75.22026824951172,5025800,181.86000061035156,3828800,87.39936065673828,27434000,85.16259002685547,5794100,13.329999923706055,0
2023-07-31,439.9418029785156,62040400,67.77080535888672,13797600,39.05951690673828,28029100,75.70866394042969,6121600,182.35000610351562,5494800,87.60946655273438,28663800,85.26944732666016,6347000,13.630000114440918,0
2023-08-01,438.6828308105469,55291500,66.92435455322266,16707800,38.56603240966797,34635600,75.58435821533203,4641600,180.4600067138672,6239700,86.17388153076172,34943400,84.77124786376953,7714000,13.930000305175781,0
2023-08-02,432.5804138183594,93933400,65.67742919921875,16805400,37.644248962402344,35588700,75.14923858642578,4147000,179.60000610351562,6339700,85.25189208984375,38121300,84.60157775878906,8009200,16.09000015258789,0
2023-08-03,431.3407287597656,64276100,65.49539184570312,12745700,37.7932243347168,20893600,74.33230590820312,6454100,179.5399932861328,4636300,83.28501892089844,59394800,83.9765396118164,11057900,15.920000076293945,0
2023-08-04,429.3898620605469,100128900,65.67742919921875,14079600,37.74666976928711,29249200,73.72847747802734,5148300,180.19000244140625,5326200,84.76016998291016,42071800,84.86945343017578,10189900,17.100000381469727,0
2023-08-07,433.1378173828125,58357500,66.23262786865234,12940600,37.690799713134766,19419100,74.65199279785156,3906500,179.77999877929688,4510400,83.9260025024414,35862900,84.6640625,4007400,15.770000457763672,0
2023-08-08,431.2541809082031,71361300,65.83216857910156,14144400,37.23456573486328,22600700,74.17247009277344,3854800,178.63999938964844,6162900,84.90064239501953,24010500,85.0926513671875,5401400,15.989999771118164,0
2023-08-09,428.3711853027344,78789600,65.81394958496094,12188700,37.327674865722656,27936800,74.16358184814453,2960200,177.7899932861328,4644000,85.33969116210938,20151100,85.14622497558594,5317200,15.960000038146973,0
2023-08-10,428.52496337890625,93005500,66.09610748291016,16788900,37.383541107177734,26321200,73.87944030761719,4451100,177.60000610351562,5934600,83.93477630615234,37253200,84.49440002441406,8462100,15.850000381469727,0
2023-08-11,428.2751159667969,68690900,65.65013122558594,14863700,36.83419418334961,32303600,73.994873046875,3654700,177.60000610351562,5289700,83.74162292480469,26753500,84.0479736328125,5915000,14.84000015258789,0
2023-08-14,430.63916015625,47867400,65.35887145996094,9959400,36.65728759765625,25510000,73.5064926147461,3376700,177.05999755859375,9554500,83.55718994140625,19072000,83.91401672363281,6218400,14.819999694824219,0
2023-08-15,425.62274169921875,75707500,64.548828125,13863600,36.23828887939453,31837500,72.68067169189453,3398400,176.58999633789062,7582700,83.04791259765625,24125000,83.7533187866211,9602600,16.459999084472656,0
2023-08-16,422.49945068359375,80107200,64.02094268798828,10940100,35.912410736083984,37596400,71.7838134765625,3703700,175.57000732421875,6559400,82.39813232421875,23076700,83.43190002441406,7199600,16.780000686645508,0
2023-08-17,419.2799987792969,95711300,63.565860748291016,14730500,35.996212005615234,35544200,71.2066421508789,4069800,175.3000030517578,7937700,82.04695129394531,32244900,83.32474517822266,9858300,17.889999389648438,0
2023-08-18,419.4818115234375,98852000,63.565860748291016,13617500,35.754119873046875,33913100,71.42861938476562,3307400,175.3300018310547,6253000,82.3366928100586,24181700,83.57474517822266,7510500,17.299999237060547,0
2023-08-21,422.2110900878906,68719000,63.802486419677734,15838400,35.837921142578125,24331900,70.77153015136719,3789800,175.80999755859375,4206400,81.23908996582031,29254100,83.05684661865234,10864000,17.1299991607666,0
2023-08-22,421.0674743652344,64994200,63.684173583984375,10563000,35.763431549072266,26689500,70.97576904296875,3380200,176.10000610351562,5892200,81.86253356933594,21308700,83.09258270263672,6330500,16.969999313354492,0
2023-08-23,425.7571716308594,68441000,64.37590026855469,12670000,36.33140563964844,27643300,72.09461212158203,3257800,177.88999938964844,7949100,83.890869140625,38294700,83.99442291259766,8550500,15.979999542236328,0
2023-08-24,419.8565979003906,88517300,63.493038177490234,14879000,36.191734313964844,25776700,71.81932830810547,4523800,177.85000610351562,5526400,83.33768463134766,22300800,83.68186950683594,5735800,17.200000762939453,0
2023-08-25,422.81658935546875,102325100,63.92082595825195,11617700,36.22897720336914,20154800,71.87262725830078,4252000,177.6199951171875,6132800,83.60990142822266,23865200,83.65511322021484,7895700,15.680000305175781,0
2023-08-28,425.49774169921875,61595400,64.59434509277344,12320400,36.582794189453125,21426800,72.5474624633789,3448800,178.1300048828125,4740700,83.69767761230469,16037300,83.88726043701172,3301700,15.079999923706055,0
2023-08-29,431.6482238769531,83081900,65.3952865600586,12224400,37.04834747314453,30243400,73.42656707763672,3515300,179.8699951171875,7576600,84.56697082519531,28478100,84.4854965209961,7064200,14.449999809265137,0
2023-08-30,433.4261169433594,69053900,65.35887145996094,12235800,36.927303314208984,16164200,73.69294738769531,3042100,180.32000732421875,6593700,84.47917175292969,17550100,84.4765625,6346700,13.880000114440918,0
2023-08-31,432.7918701171875,66084600,65.1040267944336,13375200,36.471065521240234,35424700,73.15129852294922,3410200,180.02000427246094,4795600,84.85673522949219,26959700,84.64622497558594,6167300,13.569999694824219,0
2023-09-01,433.59906005859375,58944100,65.06761169433594,17069800,36.89937210083008,26152300,73.27561950683594,3403900,180.11000061035156,4970700,83.53482055664062,32469700,84.12879180908203,7746600,13.09000015258789,0
2023-09-05,431.72515869140625,55166200,64.50332641601562,12085000,36.601417541503906,23571600,72.42314147949219,3578000,178.63999938964844,7056800,82.36346435546875,29435900,83.61854553222656,4993400,14.010000228881836,0
2023-09-06,428.8228759765625,70758500,64.3667984008789,11294600,36.39657974243164,29118500,72.27220153808594,3681300,177.8300018310547,6427200,82.56602478027344,23636300,83.40371704101562,7344100,14.449999809265137,0
2023-09-07,427.5062561035156,70355400,64.1574478149414,13543000,35.96827697753906,23907500,72.72508239746094,5056100,178.02000427246094,3257200,82.79502868652344,18091500,83.69017791748047,7137500,14.399999618530273,0
2023-09-08,428.150146484375,61659700,64.0664291381836,11813900,36.042762756347656,15126500,72.44091796875,3317400,178.0800018310547,3292700,83.11204528808594,17052100,83.70806884765625,4648500,13.84000015258789,0
2023-09-11,430.9659729003906,60180100,64.73087310791016,11650900,36.48968505859375,20748000,72.4498062133789,2813600,178.41000366210938,3689100,82.51321411132812,17061500,83.56482696533203,4321700,13.800000190734863,0
2023-09-12,428.601806640625,67565400,64.46691131591797,7947100,36.377960205078125,26259600,72.41429138183594,2959200,177.49000549316406,4445400,82.98878479003906,20034300,83.68122863769531,4998400,14.229999542236328,0
2023-09-13,429.1015625,60199300,64.26667022705078,10047900,36.33140563964844,20707900,71.6240005493164,3989000,177.0800018310547,3874800,82.97116088867188,23332300,83.7796630859375,6675400,13.479999542236328,0
2023-09-14,432.8014221191406,83430800,65.11312866210938,13519800,36.573486328125,22611200,72.9204330444336,3926600,177.1699981689453,6184400,82.37229919433594,27800600,83.59170532226562,6421000,12.819999694824219,0
2023-09-15,427.5869140625,111848900,64.96749877929688,13678500,36.4338264465332,32981700,72.64514923095703,3784500,178.33999633789062,5620900,81.87026977539062,25642900,83.33209228515625,9367700,13.789999961853027,0
2023-09-18,427.83770751953125,55752200,64.73995971679688,9121300,36.387271881103516,22967000,71.9969482421875,3117700,179.38999938964844,5049300,82.3370590209961,17963400,83.41265106201172,4622200,14.0,0
2023-09-19,426.9504089355469,66514600,64.7945785522461,10339900,36.17311477661133,17394800,71.66838836669922,2742500,179.22000122070312,4224700,81.72936248779297,24941800,83.10829162597656,7536800,14.109999656677246,0
2023-09-20,423.0253601074219,82562600,64.63984680175781,14523400,36.024139404296875,24521800,71.73054504394531,3827800,179.35000610351562,9328000,81.98474884033203,29451200,83.0456314086914,10751800,15.140000343322754,0
2023-09-21,416.0334167480469,104095800,63.565860748291016,17619900,35.40030288696289,33915600,69.28861999511719,6202200,178.0500030517578,7571900,79.87989044189453,59958700,82.4279556274414,8702500,17.540000915527344,0
2023-09-22,415.09796142578125,100829700,63.62046813964844,14714800,35.819297790527344,40006500,68.76470184326172,5061200,178.6199951171875,3634800,80.5228042602539,29524500,82.75022888183594,8637800,17.200000762939453,0
2023-09-25,416.8435363769531,70874500,63.33830642700195,16853100,35.6610107421875,29050100,68.70254516601562,3928200,177.6999969482422,5582100,78.54122161865234,45587900,82.14151000976562,11712000,16.899999618530273,0
2023-09-26,410.7195739746094,96168400,62.5191650390625,17756900,35.15821838378906,39426100,67.45049285888672,5220800,176.27999877929688,7181100,78.2681884765625,38104100,82.11466979980469,8281800,18.940000534057617,0
2023-09-27,410.8835144042969,104705800,62.40083694458008,16390400,35.21408462524414,27723500,66.99764251708984,6657600,174.10000610351562,10919600,77.86306762695312,47111200,81.7476577758789,10586100,18.219999313354492,0
2023-09-28,413.2655334472656,92258300,62.9105339050293,19507400,35.307193756103516,31425500,67.6405029296875,6659600,173.22999572753906,10061900,78.10088348388672,60238000,81.97142028808594,11654600,17.34000015258789,0
2023-09-29,412.2625732421875,115111300,62.7285041809082,20292800,35.33513259887695,41783600,67.83777618408203,6630600,171.4499969482422,10427400,78.10965728759766,49010100,81.98931884765625,13488300,17.520000457763672,0
2023-10-02,412.0986633300781,83798600,61.809234619140625,23671400,35.15821838378906,30529200,66.59146118164062,7564300,169.64999389648438,12706000,76.8021240234375,44704300,81.32425689697266,21010000,17.610000610351562,0
2023-10-03,406.58221435546875,103760600,61.03559875488281,19913200,34.692665100097656,52953900,65.29137420654297,7121000,169.16000366210938,11459800,75.14996337890625,71362600,80.651123046875,21364700,19.780000686645508,0
2023-10-04,409.5429382324219,87453000,61.14481735229492,19586200,34.59025192260742,36174300,66.08937072753906,8748100,169.13999938964844,10034600,76.21016693115234,56281600,81.16268157958984,14054000,18.579999923706055,0
2023-10-05,409.388671875,70142700,61.68180847167969,18327200,34.720603942871094,27725900,66.45697784423828,5306900,168.8300018310547,6970200,75.83027648925781,35758800,81.31526947021484,11315900,18.489999771118164,0
2023-10-06,414.249267578125,113273300,62.36443328857422,17758900,35.2234001159668,33737600,66.63629150390625,5919900,169.6999969482422,9948400,74.91141510009766,62787900,80.839599609375,12257100,17.450000762939453,0
2023-10-09,416.9013366699219,80374400,62.27341842651367,11015700,35.05580139160156,21799900,67.36255645751953,3848200,172.82000732421875,10201500,76.66958618164062,29424900,81.87175750732422,5816700,17.700000762939453,0
2023-10-10,419.07122802734375,78607300,63.12897491455078,23682800,35.558589935302734,35189100,67.68534088134766,4585700,172.52999877929688,5844000,76.56355285644531,54743900,81.71019744873047,11508300,17.030000686645508,0
2023-10-11,420.78790283203125,62451700,63.392921447753906,15393600,35.78205108642578,24577700,68.85990905761719,6128600,173.7899932861328,7128000,78.16268920898438,58517700,82.15895080566406,14815800,16.09000015258789,0
2023-10-12,418.22259521484375,81154200,62.865028381347656,16764600,35.38167953491211,36022000,67.85570526123047,4429000,173.25999450683594,5912700,76.04229736328125,66986700,81.36914825439453,12855900,16.690000534057617,0
2023-10-13,416.1394958496094,95143100,62.28252029418945,19900300,35.2513313293457,26187900,67.68534088134766,5860800,178.8300018310547,18796500,77.40288543701172,44183800,81.88971710205078,9872500,19.31999969482422,0
2023-10-16,420.5178527832031,75433200,62.73759460449219,20119600,35.51203536987305,21117700,68.4922866821289,4381800,177.9600067138672,8385400,76.15714263916016,38309800,81.40501403808594,7248000,17.209999084472656,0
2023-10-17,420.49853515625,75324700,62.77401351928711,12155100,35.41892623901367,24251700,68.39366912841797,5419300,178.2899932861328,8231900,75.31785583496094,52949100,80.60623168945312,11191600,17.8799991607666,0
2023-10-18,414.8954162597656,93559800,61.68180847167969,16945900,34.87889099121094,29849100,66.94115447998047,4853700,180.8699951171875,13920800,74.65520477294922,63724600,80.22929382324219,13794200,19.219999313354492,0
2023-10-19,411.2499694824219,121323000,61.13570785522461,27204100,34.674049377441406,28401800,65.3541488647461,8238400,183.08999633789062,13406600,73.12676239013672,87696900,79.83436584472656,27116700,21.399999618530273,0
2023-10-20,406.19647216796875,123919900,60.58961486816406,28251800,34.25505828857422,39070000,64.91480255126953,5874400,183.58999633789062,12785700,73.54200744628906,52188800,80.30107879638672,12587100,21.709999084472656,0
2023-10-23,405.4924621582031,92035100,60.635128021240234,18574700,34.22711944580078,34568600,64.2782211303711,6906600,182.97000122070312,9479800,74.42550659179688,70890400,80.67804718017578,12365000,20.3700008392334,0
2023-10-24,408.5495910644531,78564200,60.980987548828125,22138700,34.66473388671875,33962200,65.10309600830078,5755200,182.9499969482422,6594000,75.40619659423828,46267700,80.82166290283203,10906000,18.969999313354492,0
2023-10-25,402.68609619140625,94223200,60.54410934448242,17400900,34.20850372314453,25267400,63.704376220703125,6254500,183.72000122070312,10087000,73.72754669189453,60737200,80.11261749267578,15170200,20.190000534057617,0
2023-10-26,397.8640441894531,115156800,60.10722732543945,22914700,34.0409049987793,28415700,64.92377471923828,8144400,184.00999450683594,7671400,74.85842895507812,49704100,80.72290802001953,15901300,20.68000030517578,0
2023-10-27,396.06060791015625,107367700,59.92519760131836,24116300,34.012969970703125,34216900,63.88370895385742,12043000,186.14999389648438,14102800,74.54036712646484,32362300,80.84856414794922,11628200,21.270000457763672,0
2023-10-30,400.79583740234375,86562700,60.68973159790039,23954500,34.36678695678711,30506700,64.28717041015625,7041000,185.10000610351562,8756400,74.20462036132812,45026900,80.57933807373047,11022500,19.75,0
2023-10-31,403.3128967285156,79665200,60.908172607421875,18291300,34.1712532043457,37734300,65.38105010986328,5964700,184.08999633789062,10104600,73.84242248535156,37269200,80.40878295898438,11574700,18.139999389648438,0
2023-11-01,407.6142272949219,98068100,61.48158264160156,21115000,34.487831115722656,27879300,65.78451538085938,7021600,183.50999450683594,9048600,75.4434585571289,72308500,81.33491516113281,22448900,16.8700008392334,0
2023-11-02,415.4258728027344,94938900,62.73759460449219,19669400,35.09303665161133,33661400,67.94535827636719,6450300,184.1199951171875,7343700,77.16333770751953,69739400,81.83891296386719,14046200,15.65999984741211,0
2023-11-03,419.21600341796875,100167800,63.40202331542969,20752900,35.80998992919922,41736500,69.56820678710938,6394100,184.7899932861328,8530400,77.68637084960938,77692300,82.46893310546875,23133700,14.90999984741211,0
2023-11-06,420.1802978515625,67831700,63.083465576171875,15938000,36.098628997802734,32347100,68.56402587890625,4432100,183.35000610351562,8274700,76.9328384399414,41341900,81.991943359375,11246700,14.890000343322754,0
2023-11-07,421.3761901855469,64256100,62.70119094848633,15747100,36.033451080322266,18218400,67.99915313720703,5235300,182.58999633789062,6795800,78.06758117675781,37834200,82.45991516113281,13189400,14.8100004196167,0
2023-11-08,421.684814453125,61746000,62.61928176879883,10916500,35.79136276245117,18963500,68.22330474853516,4398300,180.77000427246094,6738300,79.39736938476562,53893400,82.79295349121094,11117600,14.449999809265137,0
2023-11-09,418.3961181640625,83174400,62.61018753051758,14557600,35.45616912841797,25631100,67.14736938476562,4922800,181.49000549316406,6486300,77.57112884521484,88975100,81.97391510009766,17067900,15.289999961853027,0
2023-11-10,424.9251403808594,89462200,62.89232635498047,12518800,35.70756530761719,18540300,67.77499389648438,3943800,179.50999450683594,7606600,78.00553894042969,36516400,82.06391143798828,10674700,14.170000076293945,0
2023-11-13,424.5201721191406,52236100,63.05615234375,11354700,35.69825744628906,23437400,67.21014404296875,3791200,180.50999450683594,5385900,77.82823181152344,25661500,82.01893615722656,8930200,14.760000228881836,0
2023-11-14,432.7561340332031,97176900,64.66714477539062,21166800,36.647972106933594,66042500,70.94005584716797,7493800,182.1199951171875,6831600,79.59239959716797,65666800,83.251953125,14313600,14.15999984741211,0
2023-11-15,433.6722717285156,77327600,64.56702423095703,12980000,36.955230712890625,43281700,71.14627075195312,6033400,181.63999938964844,4909400,78.47537231445312,56205300,82.60396575927734,12969400,14.180000305175781,0
2023-11-16,434.2027587890625,66665800,64.52153015136719,13769700,36.601417541503906,22868300,70.99384307861328,4879800,183.69000244140625,8253300,79.4505615234375,49473900,83.22493743896484,10375600,14.319999694824219,0
2023-11-17,434.7427978515625,83133200,65.3952865600586,14314300,36.647972106933594,28460900,70.94005584716797,4379000,183.6699981689453,4871100,79.82292175292969,44091400,83.2789535522461,8462000,13.800000190734863,0
2023-11-20,438.0892639160156,69936200,65.64102935791016,10334700,37.10421371459961,35801100,71.46009063720703,4225000,183.3699951171875,5389300,80.31046295166016,40477800,83.39596557617188,7481200,13.40999984741211,0
2023-11-21,437.1344909667969,49244600,65.38617706298828,12300200,36.871437072753906,20929700,70.95797729492188,3703600,185.35000610351562,7322400,80.2750473022461,27721000,83.50395965576172,9153300,13.350000381469727,0
2023-11-22,438.8221740722656,59394900,65.54090881347656,12162900,36.79694747924805,20006500,71.30766296386719,5280200,184.55999755859375,4337700,80.5587158203125,31197500,83.4769515991211,7255100,12.850000381469727,0
2023-11-24,439.09228515625,29737400,66.04150390625,8083500,36.81557083129883,11365000,71.51387786865234,1893600,185.52000427246094,2445100,79.61014556884766,20199600,83.04495239257812,4125800,12.460000038146973,0
2023-11-27,438.3014831542969,50506000,65.81394958496094,10365000,36.66659927368164,22925200,71.77388763427734,5790800,186.77000427246094,6320400,80.93992614746094,39804400,83.67495727539062,9539800,12.6899995803833,0
2023-11-28,438.73541259765625,62115000,65.83216857910156,11129900,36.973854064941406,35006700,72.24909973144531,5811300,189.25999450683594,10901900,81.09949493408203,44989300,84.04395294189453,13563300,12.6899995803833,0
2023-11-29,438.42681884765625,63146000,65.96868896484375,10462200,36.75971221923828,26049200,72.75120544433594,4605400,189.5399932861328,8407300,82.11901092529297,61647800,84.48499298095703,19075400,12.979999542236328,0
2023-11-30,440.1530456542969,79752700,65.91407012939453,19444200,36.83419418334961,30482700,73.28021240234375,4118600,188.75,7558100,81.17041778564453,60520900,84.07096862792969,18446700,12.920000076293945,0
2023-12-01,442.7569885253906,89183400,66.60579681396484,21091900,36.99248123168945,27140200,75.0823974609375,7182800,192.00999450683594,16727600,82.69918060302734,64172200,84.86421203613281,21393200,12.630000114440918,0
2023-12-04,440.4327392578125,72430900,66.0870132446289,14778700,36.573486328125,28074900,75.62933349609375,6740500,187.86000061035156,18460500,82.3701400756836,33766300,84.51224517822266,16402000,13.079999923706055,0
2023-12-05,440.34600830078125,69793500,65.85035705566406,17529500,36.35002899169922,25462300,75.12722778320312,6149900,187.14999389648438,7027700,84.1399154663086,73588600,85.10785675048828,25452100,12.850000381469727,0
2023-12-06,438.5714416503906,69124700,66.05060577392578,16547400,36.30347442626953,23069000,74.90308380126953,4405000,187.83999633789062,5778600,85.26049041748047,61606100,85.45980072021484,14023400,12.970000267028809,0
2023-12-07,441.91790771484375,66995400,66.36915588378906,14513200,36.48037338256836,19735000,75.11825561523438,6631500,188.14999389648438,5802000,84.7713394165039,47970200,85.33346557617188,13730100,13.0600004196167,0
2023-12-08,443.81787109375,83194400,66.56938934326172,13323600,36.32209014892578,25195400,74.99274444580078,3416900,185.63999938964844,7883200,84.07768249511719,44809200,84.78300476074219,13825300,12.350000381469727,0
2023-12-11,445.54412841796875,65002200,66.73322296142578,12372000,36.53623962402344,20426400,75.19896697998047,3143200,183.58999633789062,8519500,83.89981842041016,33909700,84.79202270507812,10484600,12.630000114440918,0
2023-12-12,447.5789794921875,68327600,66.8515396118164,13210000,36.545555114746094,20278300,75.15412902832031,3158400,183.49000549316406,5056900,84.1488265991211,36996900,84.97251892089844,7248000,12.069999694824219,0
2023-12-13,453.7511901855469,93278000,67.8254165649414,16760700,36.9086799621582,42607800,78.03225708007812,5649600,187.6300048828125,10635500,86.12312316894531,70828500,86.23588562011719,16155200,12.1899995803833,0
2023-12-14,455.2074279785156,119026000,68.32601165771484,21959600,37.44872283935547,51998900,80.28275299072266,6918500,188.72999572753906,9107200,88.36345672607422,87798600,86.9527359008789,32373200,12.479999542236328,0
2023-12-15,454.4579162597656,141553700,67.66159057617188,22420700,37.225257873535156,37110300,79.15302276611328,7666400,187.0,8324800,88.46158599853516,59941300,86.88033294677734,9407100,12.279999732971191,0
2023-12-18,457.0142822265625,70375300,67.8254165649414,14409900,37.20663070678711,37419400,78.97370147705078,6353800,187.85000610351562,5358000,87.75675201416016,34746000,86.69025421142578,8634100,12.5600004196167,0
2023-12-19,459.7933044433594,55761800,68.39881896972656,15551800,37.5232048034668,33688600,79.5744400024414,5786900,189.1300048828125,6025600,88.2296142578125,30018400,86.85315704345703,9047100,12.529999732971191,0
2023-12-20,453.4218444824219,102921000,67.70856475830078,23019200,36.84772872924805,44766600,78.60608673095703,6072600,188.10000610351562,6002400,88.82738494873047,51229400,87.2785873413086,12659100,13.670000076293945,0
2023-12-21,457.72113037109375,86667500,68.80523681640625,15837400,37.540283203125,33402800,79.30319213867188,4430000,189.42999267578125,4620000,88.26530456542969,65231200,87.14278411865234,8939700,13.649999618530273,0
2023-12-22,458.6410217285156,67160400,68.8697509765625,12184500,37.36002731323242,17082900,79.61178588867188,5100300,190.27000427246094,7176300,87.86383056640625,29244200,87.06134796142578,4956400,13.029999732971191,0
2023-12-26,460.5776672363281,55387000,69.1830825805664,8915400,37.65412521362305,16173200,80.20177459716797,4336600,191.72000122070312,4502700,88.11363220214844,24019700,87.11563873291016,3342500,12.989999771118164,0
2023-12-27,461.410400390625,68000300,69.55172729492188,13103800,37.8723258972168,30120600,80.59207916259766,5383600,192.58999633789062,5813300,89.67497253417969,45082800,87.79447174072266,7362400,12.430000305175781,0
2023-12-28,461.584716796875,77158100,69.36740112304688,16832000,38.16643142700195,36660400,81.16390228271484,3879100,191.47000122070312,6171500,89.02368927001953,36213000,87.45958709716797,4858500,12.470000267028809,0
2023-12-29,460.2484130859375,122283100,69.44112396240234,21346400,38.14745330810547,48758200,80.20177459716797,5331500,191.1699981689453,4612300,88.22069549560547,41616200,87.24235534667969,7820500,12.449999809265137,0
2024-01-02,457.67266845703125,123623700,68.66699981689453,18177600,37.701560974121094,20839200,80.89160919189453,6057900,190.72000122070312,6025600,87.71214294433594,47797400,86.91653442382812,9444000,13.199999809265137,0
2024-01-03,453.93505859375,103585900,68.15090942382812,18637700,37.49284744262695,32220700,78.9582748413086,5159600,189.1300048828125,8661600,88.07794952392578,58159500,87.12469482421875,11040500,14.039999961853027,0
2024-01-04,452.4729309082031,84232200,68.30758666992188,11977100,37.36951446533203,20922700,78.81304931640625,5609900,189.32000732421875,4416700,86.7396469116211,52604500,86.59973907470703,7354800,14.130000114440918,0
2024-01-05,453.0926208496094,86118900,68.35365295410156,20636700,37.41695022583008,21875600,78.61335754394531,3805800,189.35000610351562,7481900,85.90991973876953,45894800,86.282958984375,10001000,13.350000381469727,0
2024-01-08,459.56097412109375,74879100,69.08170318603516,16250100,37.52130889892578,16208600,79.73885345458984,5372100,187.8699951171875,6215000,86.75750732421875,39485800,86.57257080078125,7044700,13.079999923706055,0
2024-01-09,458.86370849609375,65931400,68.4642562866211,10218300,36.99003601074219,31344300,79.20333862304688,3819000,187.92999267578125,4437300,86.20433807373047,34374000,86.53636932373047,7360800,12.760000228881836,0
2024-01-10,461.4587707519531,67310600,68.90660858154297,12191300,36.90464782714844,20149400,79.29410552978516,3649900,187.5,4504700,85.80284881591797,48227800,86.400634765625,9212700,12.6899995803833,0
2024-01-11,461.2554626464844,77940700,68.89739990234375,16434300,37.05644607543945,24682100,78.55889892578125,5512700,187.8699951171875,6831100,86.28461456298828,78858900,86.86222839355469,10305400,12.4399995803833,0
2024-01-12,461.5750427246094,58026400,69.1830825805664,11329300,37.18925857543945,21605800,79.0308837890625,3070300,189.7100067138672,6833700,86.1151123046875,38883900,87.09754180908203,8469600,12.699999809265137,0
2024-01-16,459.88043212890625,85014900,68.02189636230469,19802700,36.287994384765625,44484400,78.44998168945312,5125800,187.91000366210938,6548100,84.59837341308594,61716700,86.3915786743164,9847100,13.84000015258789,0
2024-01-17,457.32415771484375,68843900,67.37679290771484,16381400,35.74722671508789,50591600,77.0158462524414,4898900,185.83999633789062,8643200,84.46451568603516,55506800,86.11097717285156,9170700,14.789999961853027,0
2024-01-18,461.3910827636719,91856200,67.97581481933594,16391400,36.04132843017578,31884600,76.59833526611328,4537800,187.3699951171875,4685200,83.67938232421875,77339100,85.92092895507812,8910100,14.130000114440918,0
2024-01-19,467.142822265625,110834500,68.13247680664062,15792200,36.42081069946289,31372000,77.51506805419922,6188700,187.92999267578125,5719700,83.94705963134766,47030900,85.92998504638672,17711100,13.300000190734863,0
2024-01-22,468.1305236816406,75844900,68.34445190429688,15424800,36.09825134277344,25753700,77.97798156738281,4203000,187.22000122070312,4397500,84.44667053222656,35756400,86.19245147705078,9831500,13.1899995803833,0
2024-01-23,469.49578857421875,49945300,68.15090942382812,13575400,36.41132354736328,34710400,77.44246673583984,4821800,187.9499969482422,5040800,83.77754211425781,35786700,85.97521209716797,6428600,12.550000190734863,0
2024-01-24,470.0090637207031,81765000,68.66699981689453,16314600,36.81926727294922,38215800,76.3351058959961,3265600,186.39999389648438,6085400,83.28682708740234,54574900,85.7308578491211,9718000,13.140000343322754,0
2024-01-25,472.5653381347656,72525000,68.86053466796875,15268800,36.86669921875,23157000,77.31537628173828,4394300,187.13999938964844,4651000,83.8310775756836,57019400,86.10193634033203,11588100,13.449999809265137,0
2024-01-26,471.9649963378906,76641600,69.16466522216797,16478600,36.89516067504883,21031500,77.09754180908203,2783200,187.00999450683594,5064800,83.67048645019531,29276900,85.94807434082031,9134600,13.260000228881836,0
2024-01-29,475.70263671875,61322800,69.57015991210938,13341500,36.91413879394531,24133600,77.60584259033203,3591900,188.3300018310547,5629700,84.63407135009766,38243600,86.46398162841797,6947500,13.600000381469727,0
2024-01-30,475.3347473144531,58618400,69.47798156738281,11708400,36.62003707885742,22928200,76.87969970703125,4580900,188.58999633789062,4976500,85.40132904052734,40151400,86.5816650390625,7265800,13.3100004196167,0
2024-01-31,467.5786437988281,126011100,69.12779998779297,23907300,36.42081069946289,37689700,76.14448547363281,8892900,188.4499969482422,7886100,86.2400131225586,80646700,87.30572509765625,15778300,14.350000381469727,0
2024-02-01,473.6982727050781,91891600,69.80976104736328,17189400,36.77183151245117,22048300,77.5241470336914,8950700,190.41000366210938,10278100,87.93168640136719,84291200,87.84648132324219,33372900,13.880000114440918,0
2024-02-02,478.6851501464844,99228200,69.2568130493164,15579800,36.667476654052734,29803500,76.56201934814453,7935800,188.61000061035156,7337600,85.98938751220703,63823300,86.70325469970703,13809200,13.850000381469727,0
2024-02-05,476.94207763671875,75757100,68.88817596435547,15617900,36.714908599853516,26934900,74.9554443359375,6269400,187.57000732421875,5436100,84.25297546386719,53827400,85.85943603515625,12147700,13.670000076293945,0
2024-02-06,478.32684326171875,55918600,69.3121109008789,13886600,37.549774169921875,41288400,75.96296691894531,5482300,188.5500030517578,4866100,85.07644653320312,33411500,86.32218933105469,9327000,13.0600004196167,0
2024-02-07,482.3162841796875,70556500,69.2752456665039,10485100,37.597206115722656,22270000,75.8540267944336,5074200,188.5,6276900,84.6646957397461,40120200,86.1679458618164,8619800,12.829999923706055,0
2024-02-08,482.529296875,52343600,69.15544128417969,9578500,37.38848876953125,23485800,76.47126007080078,3697200,188.3300018310547,3873300,84.17241668701172,50087700,85.88665771484375,7808000,12.789999961853027,0
2024-02-09,485.3180236816406,63979400,69.39505767822266,11001100,37.549774169921875,22416400,76.58924102783203,3478100,187.60000610351562,4412600,84.00234985351562,27951300,85.732421875,8492500,12.930000305175781,0
2024-02-12,485.1050109863281,56502300,69.51486206054688,6911500,37.843868255615234,33026500,76.607421875,3949000,187.11000061035156,4706300,84.1008071899414,27890300,85.8140869140625,7023600,13.930000305175781,0
2024-02-13,478.42364501953125,113099200,68.44581604003906,14942500,37.13233947753906,42252400,75.02806854248047,6203500,184.52999877929688,9525800,82.65974426269531,49768500,84.87047576904297,11978400,15.850000381469727,0
2024-02-14,482.77142333984375,68387800,69.21073150634766,13248000,37.663612365722656,28923100,75.61804962158203,5264400,184.4199981689453,7031600,83.08045196533203,44191600,85.18803405761719,8979600,14.380000114440918,0
2024-02-15,486.1023864746094,61683000,69.99407958984375,14128600,37.843868255615234,27273300,77.3789291381836,5164800,185.66000366210938,6228900,83.5100326538086,49598500,85.42395782470703,6788300,14.010000228881836,0
2024-02-16,483.68157958984375,75532900,70.10466766357422,13381600,38.02412414550781,36729000,76.5801773071289,4781000,186.33999633789062,6518500,83.02671813964844,33116800,85.05194091796875,7147400,14.239999771118164,0
2024-02-20,481.01873779296875,71736700,70.3903579711914,15285800,38.0810432434082,32493800,76.44403076171875,4739900,187.47000122070312,5531200,83.09832000732422,24469300,85.19712829589844,8286300,15.420000076293945,0
2024-02-21,481.4544677734375,59293400,70.4456558227539,11433700,38.14745330810547,29069400,76.87063598632812,4053000,187.47999572753906,5789200,82.50758361816406,36343100,84.92491149902344,6433900,15.34000015258789,0
2024-02-22,491.41845703125,76402500,71.23821258544922,15476000,38.53642272949219,32548100,77.0158462524414,5000600,187.55999755859375,4550800,82.91036987304688,45190700,84.93400573730469,8688500,14.539999961853027,0
2024-02-23,491.7572937011719,61321800,71.33036804199219,11400000,38.5174446105957,37973600,76.97954559326172,4695600,188.6199951171875,6827300,84.0202407836914,38406700,85.32412719726562,6426700,13.75,0
2024-02-26,489.9562072753906,50386700,71.22899627685547,15015200,38.3466796875,23804700,76.13541412353516,5943300,188.1999969482422,4491900,83.76962280273438,27855000,85.19712829589844,6417200,13.739999771118164,0
2024-02-27,490.866455078125,48854500,71.42253112792969,11110900,38.42257308959961,21206300,76.22618103027344,3857800,188.0,5165400,83.17888641357422,30242000,85.0065689086914,7540600,13.430000305175781,0
2024-02-28,490.21771240234375,56506600,71.0078125,12196600,37.91976547241211,31288900,76.9977035522461,5170700,188.33999633789062,2824100,83.70696258544922,34574200,85.31505584716797,5293600,13.84000015258789,0
2024-02-29,491.9800109863281,83924800,71.192138671875,17221700,37.93873977661133,43973800,77.65122985839844,6595400,189.30999755859375,6848600,84.29771423339844,51038600,85.48745727539062,11919200,13.399999618530273,0
2024-03-01,496.598876953125,76844800,71.8833236694336,18930500,38.403602600097656,35477300,78.57704162597656,6560900,192.88999938964844,13411000,84.8229751586914,45832800,85.87773895263672,11857200,13.109999656677246,0
2024-03-04,496.0663146972656,49799300,71.69900512695312,13961000,38.31821823120117,38144500,79.31226348876953,5319000,196.00999450683594,12216300,84.48177337646484,23864200,85.6866683959961,6641600,13.489999771118164,0
2024-03-05,491.10845947265625,72855600,71.56998443603516,12874400,37.9766845703125,32915100,78.35012817382812,4722600,197.19000244140625,9672200,85.68494415283203,37721900,86.21431732177734,7673100,14.460000038146973,0
2024-03-06,493.5970764160156,68382400,72.41783905029297,24098100,38.52693176269531,45875000,78.74043273925781,4999400,198.80999755859375,10459300,86.1877670288086,40571600,86.4235610961914,9499200,14.5,0
2024-03-07,498.4967346191406,58652100,73.27490997314453,18279100,38.76411437988281,26916100,78.7222900390625,3164100,199.94000244140625,8403700,86.10694122314453,39075000,86.56912994384766,8420900,14.4399995803833,0
2024-03-08,495.5047302246094,86532500,73.03528594970703,14926900,38.726165771484375,30341400,79.62995147705078,4546400,201.6300048828125,13540100,85.95433044433594,25023200,86.63278198242188,8103600,14.739999771118164,0
2024-03-11,495.07861328125,62557200,72.62059020996094,10496000,38.81154251098633,22761600,79.24872589111328,3467200,202.0,7329600,85.9094009399414,17787900,86.52362823486328,5568200,15.220000267028809,0
2024-03-12,500.404296875,73114400,73.20117950439453,15296000,39.23846435546875,37392400,79.0762710571289,3309000,199.7899932861328,9436600,85.19111633300781,29566000,86.16883850097656,6556500,13.84000015258789,0
2024-03-13,499.62005615234375,55104100,73.21039581298828,14166600,39.11513137817383,25742900,78.6769027709961,3418600,201.19000244140625,5930000,84.77809143066406,38270100,85.97779083251953,9708400,13.75,0
2024-03-14,498.6323547363281,110171800,72.6758804321289,25572000,38.91590118408203,31566200,77.49691772460938,4155000,200.35000610351562,6865000,83.47615051269531,58365600,85.34098815917969,10055900,14.399999618530273,0
2024-03-15,495.2084045410156,107646300,72.70352935791016,17529100,38.678733825683594,32816600,77.32447052001953,4214300,199.7100067138672,4556700,83.44920349121094,34997700,85.19541931152344,6591400,14.40999984741211,0
2024-03-18,498.1515197753906,88893300,72.68510437011719,13472200,38.74513626098633,23107900,77.36077117919922,3030800,200.02999877929688,7206800,83.19779968261719,29519500,85.09535217285156,5319700,14.329999923706055,0
2024-03-19,500.9197692871094,60755300,72.81411743164062,13222100,38.555397033691406,23851800,77.33354187011719,4165700,199.8000030517578,4657500,83.4312744140625,26953100,85.34098815917969,5470300,13.819999694824219,0
2024-03-20,505.5529479980469,69594600,73.58824157714844,18834900,38.991798400878906,32308000,77.84185028076172,4605800,202.17999267578125,9593800,83.40430450439453,43460100,85.54112243652344,10190800,13.039999961853027,0
2024-03-21,507.2236633300781,60256100,73.55137634277344,13021000,39.039241790771484,27655700,78.40458679199219,3753200,201.97000122070312,7396500,83.58389282226562,34276600,85.55022430419922,8271200,12.920000076293945,0
2024-03-22,506.2621154785156,79070800,73.39469909667969,12832800,38.76411437988281,30355600,77.41776275634766,3923200,200.35000610351562,6918500,84.38301086425781,30262300,85.96871185302734,6119800,13.0600004196167,0
2024-03-25,504.8633728027344,48512100,73.238037109375,9418000,38.792572021484375,12894800,76.9417495727539,5262400,200.99000549316406,4034800,83.96099853515625,24011800,85.74125671386719,4488900,13.1899995803833,0
2024-03-26,503.930908203125,65463700,73.32098388671875,12343100,38.76411437988281,15363300,76.63048553466797,4923000,201.63999938964844,5752700,84.1944580078125,34423000,85.86861419677734,5477600,13.239999771118164,0
2024-03-27,508.1658935546875,82999800,73.76335144042969,12337200,38.83052444458008,21819500,78.60781860351562,5191400,203.10000610351562,6041000,85.02946472167969,50157800,86.19612121582031,4838500,12.779999732971191,0
2024-03-28,508.0687255859375,96294900,73.59745788574219,17180400,38.972835540771484,28296300,79.16622924804688,4626900,205.72000122070312,9194500,84.95765686035156,34540400,86.11424255371094,7561400,13.010000228881836,0
2024-04-01,507.1846923828125,62477500,73.28411102294922,15419500,39.039241790771484,20857100,77.8388442993164,5331200,207.82000732421875,13677100,83.37395477294922,48945400,85.33507537841797,10854000,13.649999618530273,0
2024-04-02,503.9599609375,74230300,72.76803588867188,17414900,39.162567138671875,22346100,76.85932922363281,5116000,210.88999938964844,13421100,82.91452026367188,43086300,85.15260314941406,7214900,14.609999656677246,0
2024-04-03,504.5136413574219,59155800,73.17353057861328,15898300,39.19103240966797,33272500,76.9417495727539,3632700,212.74000549316406,11416200,82.89651489257812,45494400,85.25296783447266,12908000,14.329999923706055,0
2024-04-04,498.35552978515625,96858100,72.54685974121094,19950400,39.04872512817383,33317700,76.4474105834961,5953600,211.52000427246094,12307300,83.49107360839844,47957400,85.544921875,6960500,16.350000381469727,0
2024-04-05,503.5617980957031,74546500,72.77725982666016,21091800,39.13410568237305,31564000,76.8410415649414,4789000,215.13999938964844,13382700,82.3289794921875,42495900,84.97924041748047,6334600,16.030000686645508,0
2024-04-08,503.8433837890625,48401800,73.13666534423828,12350900,39.390262603759766,18452500,77.66492462158203,3866900,216.47999572753906,10331400,82.31993865966797,37879800,84.78766632080078,7115100,15.1899995803833,0
2024-04-09,504.42626953125,68049200,73.12744903564453,12469100,39.65589141845703,23963700,78.69934844970703,4075600,217.6699981689453,13069900,83.08568572998047,32522000,85.12523651123047,5151100,14.979999542236328,0
2024-04-10,499.3753967285156,82652800,72.15979766845703,21567300,39.11513137817383,37281800,75.44044494628906,8332800,215.61000061035156,13317500,81.27497100830078,74368900,83.993896484375,14993700,15.800000190734863,0
2024-04-11,503.14410400390625,70099000,72.35332489013672,11967000,39.35231399536133,23648600,75.69676208496094,7145900,219.8000030517578,11415200,80.90562438964844,65751200,83.87525939941406,9371400,14.90999984741211,0
2024-04-12,496.1992492675781,92561100,71.18292236328125,17934600,38.45103454589844,50234600,74.79962921142578,5451200,216.88999938964844,30898800,81.33802795410156,47900100,84.22198486328125,11675600,17.309999465942383,0
2024-04-15,489.98272705078125,92101400,70.970947265625,21610100,38.204376220703125,31290100,73.52718353271484,5478600,220.9499969482422,13239000,80.07681274414062,55993100,83.68367767333984,12315300,19.229999542236328,0
2024-04-16,489.089111328125,73484000,70.27055358886719,24161800,37.701560974121094,43707900,72.49275970458984,6598800,221.22000122070312,10746100,79.54534149169922,45103200,83.35521697998047,12027200,18.399999618530273,0
2024-04-17,486.194580078125,75910300,70.31663513183594,15748000,37.673095703125,26019400,71.96180725097656,5554700,219.58999633789062,11521100,80.42816925048828,57947000,83.88436889648438,10515400,18.209999084472656,0
2024-04-18,485.19415283203125,74548100,70.12309265136719,12884200,37.82489013671875,20581900,71.97096252441406,4158300,220.33999633789062,6496900,80.02278137207031,43839500,83.5924301147461,6964500,18.0,0
2024-04-19,480.9591369628906,102212600,70.15074920654297,16925000,37.673095703125,29537400,72.3188247680664,4585600,221.02999877929688,8689000,80.31106567382812,44826800,83.701904296875,6125800,18.709999084472656,0
2024-04-22,485.38836669921875,67961000,70.970947265625,17314200,38.0810432434082,25738800,72.95960998535156,3846100,215.57000732421875,13404300,80.1759262084961,24969000,83.71102905273438,4002900,16.940000534057617,0
2024-04-23,491.1482849121094,64633600,71.74508666992188,13466000,38.39411544799805,21907100,73.62788391113281,5484100,215.0399932861328,10730300,80.20292663574219,27222700,83.82051086425781,8319800,15.6899995803833,0
2024-04-24,490.9151611328125,55928100,71.60684204101562,8530000,38.52693176269531,18118100,73.76521301269531,4513600,214.63999938964844,5741100,79.63540649414062,48986800,83.56505584716797,7567400,15.970000267028809,0
2024-04-25,489.0502624511719,69122400,71.27507019042969,11479600,38.61232376098633,21962500,73.34410095214844,4082800,215.9199981689453,6606500,79.076904296875,49282600,83.24571228027344,5784300,15.369999885559082,0
2024-04-26,493.6834716796875,64306100,71.84645080566406,12676400,39.05820846557617,24407700,73.38072967529297,3367700,216.6199951171875,6268500,79.49127197265625,31589800,83.47381591796875,5432600,15.029999732971191,0
2024-04-29,495.4317932128906,46415400,72.12294006347656,10560000,39.43769073486328,31041200,74.13137817382812,4374000,216.17999267578125,6409900,80.15791320800781,39228600,83.8114013671875,4846500,14.670000076293945,0
2024-04-30,487.5836181640625,77483600,71.21056365966797,18994300,38.8874397277832,32748700,72.87723541259766,7003900,211.8699951171875,11248600,79.4732437133789,41054700,83.41908264160156,7516700,15.649999618530273,0
2024-05-01,486.0003662109375,80242800,71.05390167236328,17900300,38.925392150878906,34489500,72.90470123291016,7204200,213.7899932861328,10373900,80.05905151367188,59679500,83.74942779541016,12392500,15.390000343322754,0
2024-05-02,490.5460510253906,62550200,72.01234436035156,14993300,39.9310188293457,48855700,73.92998504638672,4804800,213.1300048828125,6287000,80.40259552001953,58925400,84.1429214477539,8661500,14.680000305175781,0
2024-05-03,496.6265563964844,72756700,72.73117065429688,15055600,40.29153060913086,31815100,74.42432403564453,4270000,212.9600067138672,8679900,81.2161865234375,50066100,84.609619140625,8501100,13.489999771118164,0
2024-05-06,501.7551574707031,47264700,73.22882843017578,9411400,40.32947540283203,19706300,74.4883804321289,3044800,215.1999969482422,6840500,81.53260803222656,23868200,84.68280792236328,4043400,13.489999771118164,0
2024-05-07,502.30877685546875,52561300,73.42236328125,9065800,40.10178756713867,21316800,75.19328308105469,3667300,214.2100067138672,5660700,82.02980041503906,30525800,84.9024429321289,7776200,13.229999542236328,0
2024-05-08,502.35736083984375,42047200,73.33941650390625,6667500,40.11127471923828,18933700,74.5616226196289,4129800,213.5800018310547,4462700,81.53260803222656,31171700,84.66451263427734,9024000,13.0,0
2024-05-09,505.2518615722656,43643700,73.9015884399414,13256000,40.23460388183594,22204400,76.09039306640625,5452200,216.9499969482422,7732500,81.93036651611328,39606700,84.92074584960938,9625200,12.6899995803833,0
2024-05-10,505.9027099609375,52233200,74.03981018066406,8022000,40.31999206542969,28056400,75.87984466552734,5649800,218.7100067138672,8700900,81.46931457519531,21913800,84.64624786376953,3205000,12.550000190734863,0
2024-05-13,505.9706115722656,36716400,74.03981018066406,6990500,40.62357711791992,22233800,76.12701416015625,2848700,216.25999450683594,4896300,81.67723083496094,23157500,84.74687194824219,3228700,13.600000381469727,0
2024-05-14,508.29205322265625,57535900,74.5927734375,15228300,40.841773986816406,24295800,76.71287536621094,3099700,218.08999633789062,4662700,82.13826751708984,25746400,84.99394226074219,4688800,13.420000076293945,0
2024-05-15,514.5863647460938,59504900,75.38533020019531,10823700,41.278175354003906,30011900,77.7747802734375,3544900,220.88999938964844,9297700,83.25926971435547,65142900,85.63451385498047,11384500,12.449999809265137,0
2024-05-16,513.5275268554688,50244800,74.97982788085938,13042100,41.36356735229492,27395100,77.71984100341797,2577000,220.02999877929688,4301700,83.17789459228516,37902400,85.46981048583984,4278400,12.420000076293945,0
2024-05-17,514.2657470703125,59187600,75.23787689208984,10219600,41.5438232421875,30865100,77.71070098876953,2791700,223.66000366210938,10481900,82.61741638183594,24755000,85.20442199707031,3883900,11.989999771118164,0
2024-05-20,514.8582153320312,37764200,75.29316711425781,5836800,41.39202880859375,24234000,77.25298309326172,2842800,224.55999755859375,5990900,82.3733139038086,17922800,85.0762939453125,4575900,12.149999618530273,0
2024-05-21,516.1209716796875,33437000,75.1733627319336,6222000,41.1358757019043,18470000,77.22551727294922,2655100,224.22999572753906,4002600,82.79821014404297,15334400,85.29593658447266,2669700,11.859999656677246,0
2024-05-22,514.6348266601562,48390000,74.4637451171875,10721200,41.00305938720703,23030800,76.52978515625,3888000,220.11000061035156,8903100,82.89764404296875,38073700,85.18610382080078,3616300,12.289999961853027,0
2024-05-23,510.8759765625,57211200,74.08589172363281,8805800,40.6994743347168,28607000,74.88202667236328,4061100,215.72000122070312,9537900,82.36427307128906,51294700,84.8841323852539,6005500,12.770000457763672,0
2024-05-24,514.2560424804688,41291100,74.69414520263672,9289500,40.81332015991211,20986300,74.93695068359375,2317800,215.9199981689453,4212400,82.60834503173828,19164400,84.99394226074219,3926400,11.930000305175781,0
2024-05-28,514.6154174804688,36269600,74.66648864746094,13036500,40.75638961791992,21179400,74.44261932373047,3046600,218.19000244140625,3809700,81.42411041259766,45973700,84.5180892944336,8761400,12.920000076293945,0
2024-05-29,511.0118103027344,45190300,73.48686218261719,13662100,40.14922332763672,30803500,73.71942901611328,3203100,216.16000366210938,4185000,80.43875885009766,45508400,84.10633087158203,10126800,14.279999732971191,0
2024-05-30,507.6219177246094,46377600,74.10433197021484,7456100,40.035377502441406,20741500,74.79962921142578,2748800,216.57000732421875,3068800,81.2161865234375,29548600,84.52726745605469,5069500,14.470000267028809,0
2024-05-31,512.2453002929688,90785800,74.81394958496094,19932400,39.64640808105469,49609100,76.20022583007812,4176900,215.3000030517578,5617200,81.76764678955078,41308800,84.92074584960938,4807400,12.920000076293945,0
2024-06-03,512.6630859375,46835700,75.02590942382812,17127700,40.063838958740234,33839300,76.02631378173828,3301600,217.22000122070312,6172600,83.09017944335938,42272100,85.47694396972656,7675900,13.109999656677246,0
2024-06-04,513.2361450195312,34632700,74.93375396728516,12565500,39.50410079956055,38401100,76.6121826171875,2720700,215.27000427246094,5509400,84.060791015625,42581500,85.94503784179688,8752000,13.15999984741211,0
2024-06-05,519.3359985351562,47610400,75.45904541015625,8661500,40.139732360839844,28092300,76.5206298828125,2373300,217.82000732421875,5479200,84.67761993408203,43153900,86.25708770751953,6466800,12.630000114440918,0
2024-06-06,519.326416015625,30808500,75.71710205078125,13195600,40.33896255493164,26450400,76.66710662841797,4002100,219.42999267578125,5283900,84.55062103271484,22891900,86.22037506103516,5849400,12.579999923706055,0
2024-06-07,518.695068359375,43224500,74.89688110351562,21589700,39.88358688354492,37626400,75.94391632080078,3227900,211.60000610351562,12195100,82.99946594238281,35240500,85.31172943115234,7125100,12.220000267028809,0
2024-06-10,520.2976684570312,35686100,74.84159088134766,8995400,40.120758056640625,30846300,76.20022583007812,2450800,213.5399932861328,4215300,82.44615173339844,20586500,85.12816619873047,3938900,12.739999771118164,0
2024-06-11,521.5505981445312,36383400,73.99113464355469,17004600,39.98702621459961,35763000,75.92562103271484,3261700,214.14999389648438,4004100,83.29882049560547,30329200,85.5779037475586,3954700,12.850000381469727,0
2024-06-12,525.834228515625,63251300,74.8631591796875,15188900,40.38822937011719,34679600,76.60302734375,4123500,214.72000122070312,5911900,83.92471313476562,42554600,86.05519104003906,9243200,12.039999961853027,0
2024-06-13,526.8929443359375,44760900,73.79421997070312,12784200,40.29270935058594,21553600,76.91426849365234,2619900,212.97000122070312,5861100,85.15837097167969,33093800,86.62422943115234,6529900,11.9399995803833,0
2024-06-14,527.2135009765625,40089900,72.97845458984375,17500000,40.34046936035156,18813600,76.8959732055664,2178600,215.72999572753906,7076500,85.87499237060547,28776700,86.8261489868164,5424600,12.65999984741211,0
2024-06-17,531.4095458984375,55839500,73.26913452148438,13582700,40.598388671875,21037700,76.59387969970703,2168100,214.61000061035156,3877700,85.02229309082031,31040200,86.42230224609375,4957200,12.75,0
2024-06-18,532.7596435546875,41376400,73.55980682373047,16057100,40.9709358215332,35675300,76.8959732055664,3073600,215.47000122070312,4921400,85.80240631103516,26881000,86.79862976074219,5232600,12.300000190734863,0
2024-06-20,531.3124389648438,70328200,73.60669708251953,10942900,40.90407180786133,43438100,76.67626953125,2432900,218.16000366210938,7290500,85.23094177246094,30246300,86.5783462524414,3573100,13.279999732971191,0
2024-06-21,530.60009765625,64338600,73.09097290039062,14237600,40.76077651977539,20232900,76.86849212646484,2337000,214.77999877929688,8865600,85.23094177246094,22596400,86.5967025756836,6908700,13.199999809265137,0
2024-06-24,528.8753662109375,45528700,73.67232513427734,12193700,40.76077651977539,19840000,77.46353149414062,2834300,215.6300048828125,4626900,85.57562255859375,56939100,86.67011260986328,5276000,13.329999923706055,0
2024-06-25,530.9119873046875,37936200,73.8504867553711,8751700,40.66525650024414,25337500,76.51148986816406,2445900,214.55999755859375,3820900,85.72074890136719,22890200,86.74356079101562,3790100,12.84000015258789,0
2024-06-26,531.5746459960938,38550600,73.306640625,10509700,40.579280853271484,18961900,76.27346801757812,3287900,212.5800018310547,4690300,84.49618530273438,38489100,86.22037506103516,4196400,12.550000190734863,0
2024-06-27,532.4125366210938,35041500,73.36289978027344,14156000,40.60793685913086,24041500,77.01497650146484,4244800,214.99000549316406,4977800,84.8318099975586,23140800,86.41313934326172,4946600,12.239999771118164,0
2024-06-28,530.3175048828125,76144500,73.4472885131836,17425000,40.68436050415039,22614500,77.62944793701172,4090500,215.00999450683594,3955100,83.25346374511719,55119600,85.95421600341797,6032400,12.4399995803833,0
2024-07-01,531.408935546875,40297800,73.57856750488281,19845700,40.779884338378906,18805300,76.89726257324219,3274800,215.57000732421875,3797900,81.81661987304688,49735400,85.31438446044922,13662800,12.220000267028809,0
2024-07-02,534.985107421875,40434800,73.75672149658203,10331700,40.90407180786133,21593200,77.25872039794922,3141400,215.55999755859375,4921700,82.45359802246094,34204700,85.6365966796875,8195700,12.029999732971191,0
2024-07-03,537.37255859375,32789900,74.60061645507812,8107900,41.505882263183594,27233300,77.1845703125,1571500,217.99000549316406,5055300,83.5364761352539,35563300,86.20740509033203,3861000,12.09000015258789,0
2024-07-05,540.4713134765625,41488400,75.09757232666016,8408800,41.677825927734375,21337800,77.39775085449219,3217000,220.92999267578125,5950600,84.22805786132812,34895500,86.68612670898438,5111500,12.479999542236328,0
2024-07-08,541.094970703125,36110500,74.72251892089844,6031700,41.687381744384766,18685200,77.6479721069336,3239200,218.19000244140625,5790800,84.41004180908203,16095700,86.7137451171875,5294600,12.369999885559082,0
2024-07-09,541.6212158203125,27289700,74.4224624633789,8069800,41.85932159423828,19364300,77.62944793701172,2123200,218.55999755859375,3901500,84.03697204589844,30289800,86.59403991699219,3006900,12.510000228881836,0
2024-07-10,546.980712890625,38701200,75.47264862060547,8189200,42.09813690185547,15332700,78.20406341552734,2482400,219.36000061035156,5556200,84.30084991455078,23572500,86.67688751220703,4076600,12.850000381469727,0
2024-07-11,542.2642822265625,53054200,75.68830108642578,8930000,42.34650802612305,35650400,80.44694519042969,4363500,223.25,9322000,85.1198501586914,49761800,87.22927856445312,9658400,12.920000076293945,0
2024-07-12,545.6846313476562,53084400,76.49469757080078,9289700,42.51844787597656,24799300,81.05863189697266,3562600,223.11000061035156,5179300,85.48382568359375,27796500,87.41339874267578,4304500,12.460000038146973,0
2024-07-15,547.185302734375,40584300,75.819580078125,7418700,42.069480895996094,24174900,81.60545349121094,2928700,223.8300018310547,5719300,84.50105285644531,37918900,87.1372299194336,3754500,13.119999885559082,0
2024-07-16,550.4302368164062,36475300,76.18526458740234,10902900,42.30829620361328,19234300,82.60640716552734,3029300,228.2899932861328,11070700,85.69310760498047,36383700,87.52386474609375,4705800,13.1899995803833,0
2024-07-17,542.7125854492188,57119000,75.7820816040039,11634200,41.620513916015625,42630900,83.17174530029297,4757200,227.22999572753906,8620500,85.7113265991211,29036800,87.5975341796875,5113500,14.479999542236328,0
2024-07-18,538.5418701171875,56270400,75.03193664550781,16481500,41.22885513305664,42400100,82.4395751953125,4464700,225.77999877929688,5485500,85.0561294555664,34553100,87.34895324707031,8640600,15.930000305175781,0
2024-07-19,534.9656372070312,65509100,74.5724868774414,15570300,40.8276481628418,34590700,82.2912826538086,2809000,221.72999572753906,8666000,84.5556640625,32164700,87.0727767944336,5274400,16.520000457763672,0
2024-07-22,540.4811401367188,43346700,75.3601303100586,13762800,41.17154312133789,17057500,83.1439437866211,3244400,221.8000030517578,5334100,84.30998229980469,36160400,86.98990631103516,3869800,14.90999984741211,0
2024-07-23,539.6333618164062,34439600,74.93817138671875,12043000,40.80854415893555,22891900,83.0790786743164,2655400,222.5800018310547,4435700,84.19165802001953,23498000,87.05436706542969,5095600,14.720000267028809,0
2024-07-24,527.4038696289062,74515300,73.99113464355469,10698000,40.21628189086914,28113700,81.85568237304688,3844900,221.8000030517578,6838800,83.28166961669922,50757100,86.86103820800781,4733500,18.040000915527344,0
2024-07-25,524.6559448242188,61158300,73.52230072021484,17719800,40.053890228271484,27940500,81.58690643310547,4723200,218.3300018310547,9777100,83.96416473388672,44999100,87.05436706542969,4335600,18.459999084472656,0
2024-07-26,530.5317993164062,53763800,74.45997619628906,10574700,40.46464920043945,21393700,83.01419830322266,3326000,220.6300048828125,6328800,84.6193618774414,34423800,87.46863555908203,5217500,16.389999389648438,0
2024-07-29,530.8438110351562,39515800,74.13178253173828,9305600,40.3309211730957,14299200,83.4405288696289,3371100,220.32000732421875,4665100,85.07433319091797,25801300,87.61593627929688,6165600,16.600000381469727,0
2024-07-30,528.1542358398438,46853600,74.30055236816406,8551600,40.1494140625,19193600,84.08929443359375,2854000,222.52000427246094,4939500,85.40191650390625,28169800,87.80010223388672,4419200,17.690000534057617,0
2024-07-31,536.7391357421875,65663400,75.35074615478516,20969400,41.028255462646484,38600400,83.79270935058594,5633800,226.5500030517578,7316600,86.27552032470703,47445300,88.44450378417969,10982900,16.360000610351562,0
2024-08-01,529.138427734375,76428700,73.35352325439453,18129800,40.31180953979492,35497100,84.63611602783203,6988100,225.77000427246094,7217200,87.01963806152344,77254200,88.82220458984375,10492600,18.59000015258789,0
2024-08-02,519.2868041992188,82789100,72.20020294189453,25136200,39.7386589050293,36857000,84.58976745605469,5223600,225.33999633789062,11109400,89.73129272460938,91912900,90.19805145263672,18286500,23.389999389648438,0
2024-08-05,504.1631164550781,146267400,70.62491607666016,28088800,38.6114501953125,60439500,82.17081451416016,6852600,222.47999572753906,8939000,90.20606231689453,90686300,90.29039001464844,19098200,38.56999969482422,0
2024-08-06,508.8113098144531,84826300,70.7468032836914,22307500,38.8311653137207,32540200,83.79270935058594,7321600,220.6999969482422,14362300,88.18829345703125,61316900,89.48702239990234,9507000,27.709999084472656,0
2024-08-07,505.4104309082031,70698300,71.08436584472656,24592600,39.069984436035156,36654400,83.21808624267578,4998600,220.5500030517578,5287800,87.56742858886719,51337100,89.16384887695312,8419700,27.850000381469727,0
2024-08-08,517.0941772460938,63276600,72.27520751953125,14824700,39.958370208740234,30021900,84.03368377685547,5981200,224.00999450683594,6327100,87.02875518798828,37815800,88.89605712890625,4856100,23.790000915527344,0
2024-08-09,519.3743286132812,45619600,72.55650329589844,11022700,40.17807388305664,21142800,84.42293548583984,4133800,224.55999755859375,4441000,87.8869857788086,32141800,89.25618743896484,5174900,20.3700008392334,0
2024-08-12,519.6472778320312,42542100,72.49087524414062,7988700,40.31180953979492,15042300,83.80198669433594,2925500,228.41000366210938,5561300,88.20654296875,24261400,89.50550079345703,4166400,20.709999084472656,0
2024-08-13,528.1932373046875,52333100,73.73796081542969,11927500,40.76077651977539,21073600,84.53416442871094,3111300,228.05999755859375,6740200,88.8182601928711,30366900,89.90257263183594,6458700,18.1200008392334,0
2024-08-14,529.8594970703125,42446900,74.0098876953125,7127600,40.541072845458984,17537100,84.75660705566406,2966300,226.1999969482422,5462500,89.37520599365234,31334100,90.0226058959961,4275700,16.190000534057617,0
2024-08-15,538.9414672851562,60846800,74.91004943847656,10364200,40.99004364013672,26914000,84.69171905517578,4054400,226.91000366210938,5273300,88.65392303466797,38723700,89.45931243896484,5507000,15.229999542236328,0
2024-08-16,540.1497802734375,44430700,75.32261657714844,10287800,41.46767044067383,31457900,84.64537811279297,2260900,231.99000549316406,11924500,88.96434783935547,28541000,89.63477325439453,4437000,14.800000190734863,0
2024-08-19,545.3143310546875,39121800,76.24153137207031,6741000,41.86888122558594,26716600,85.34974670410156,2629800,231.61000061035156,5164800,89.37520599365234,25322100,89.75482940673828,4437600,14.649999618530273,0
2024-08-20,544.4276123046875,33732300,76.00711822509766,5177900,41.54409408569336,19230800,85.24781036376953,4934200,232.4600067138672,9073600,90.08737182617188,25239300,90.11495208740234,4886000,15.880000114440918,0
2024-08-21,546.2985229492188,41514600,76.71035766601562,10653500,41.70648193359375,14644400,85.70194244384766,2965900,232.14999389648438,5337400,90.14213562011719,29230000,90.29962158203125,5386000,16.270000457763672,0
2024-08-22,542.0109252929688,56121500,76.2602767944336,7290700,41.190643310546875,22515000,85.95217895507812,3182300,229.3699951171875,5765400,89.24738311767578,33453800,89.88410186767578,4819500,17.549999237060547,0
2024-08-23,547.77001953125,50639400,77.65740203857422,10779000,41.87843322753906,27848700,87.84286499023438,8040200,232.02000427246094,5418200,89.83171081542969,32005100,90.29962158203125,5475400,15.859999656677246,0
2024-08-26,546.4641723632812,35788600,77.31046295166016,6719900,41.524986267089844,18429300,87.8057861328125,2748500,232.75999450683594,3151400,89.60348510742188,23198700,90.1888198852539,3062400,16.149999618530273,0
2024-08-27,547.2145385742188,32693900,77.66678619384766,9597100,41.58230209350586,14424700,87.93555450439453,1859300,233.38999938964844,4435600,89.4482650756836,21507700,90.1518783569336,4433700,15.430000305175781,0
2024-08-28,544.037841796875,41066000,77.39485931396484,7883900,41.32438278198242,15443000,87.59263610839844,2664100,231.75,4961500,89.33868408203125,18501400,90.10570526123047,8147000,17.110000610351562,0
2024-08-29,544.0865478515625,38715200,77.68553161621094,9112100,41.343482971191406,15497600,87.3238525390625,3379500,232.9499969482422,5524200,89.04651641845703,24988200,89.94873809814453,6199800,15.649999618530273,0
2024-08-30,549.2804565429688,62700100,77.80742645263672,15627600,41.42945861816406,29450400,88.16725158691406,3490000,231.2899932861328,5743000,88.09698486328125,42896200,89.63477325439453,4802600,15.0,0
2024-09-03,537.9766845703125,60600100,76.57908630371094,9886700,40.60793685913086,35293700,88.12091827392578,5160800,230.2899932861328,6417900,89.537841796875,48947900,90.22566223144531,8232700,20.719999313354492,0
2024-09-04,536.8756103515625,47224900,76.24153137207031,10324400,40.598388671875,24895900,88.37115478515625,3041100,230.42999267578125,4696000,90.6919937133789,40885200,90.75359344482422,9914900,21.31999969482422,0
2024-09-05,535.5697631835938,44264300,76.2602767944336,12147400,40.655704498291016,22513900,88.08384704589844,6269400,232.35000610351562,4838100,91.20494079589844,47450900,90.9665756225586,33635000,19.899999618530273,0
2024-09-06,526.5560302734375,68493800,74.82565307617188,12344400,39.91060256958008,32436800,88.00041961669922,6965800,230.6300048828125,6315800,91.19578552246094,57406400,91.09625244140625,17777600,22.3799991607666,0
2024-09-09,532.4514770507812,40445800,75.5757827758789,10635000,40.24494552612305,19917400,88.98284149169922,2906400,231.60000610351562,3548800,91.58964538574219,26961400,91.22589874267578,8532500,19.450000762939453,0
2024-09-10,534.7706909179688,36394600,75.20072174072266,9742900,40.09210205078125,19700400,90.27111053466797,6001000,232.6199951171875,4378300,92.2308349609375,31703400,91.61487579345703,7921400,19.079999923706055,0
2024-09-11,540.2569580078125,75248600,75.65080261230469,12999100,40.38822937011719,26253300,90.09501647949219,3872100,232.25,4637300,92.15755462646484,39497100,91.550048828125,7286200,17.690000534057617,0
2024-09-12,544.8076782226562,51819600,76.26966094970703,11685600,40.722572326660156,19993200,90.4749984741211,2713200,236.3300018310547,9930200,91.72704315185547,41618700,91.40188598632812,5929800,17.06999969482422,0
2024-09-13,547.653076171875,39310500,76.44781494140625,7340500,40.91362380981445,16882300,91.42034912109375,3402700,238.67999267578125,7455100,91.97435760498047,25722100,91.57783508300781,5305500,16.559999465942383,0
2024-09-16,548.4619140625,36656100,77.0666732788086,9869500,41.047359466552734,14733000,91.72618865966797,4144500,238.66000366210938,4713500,92.81707763671875,30866300,91.81864929199219,6666900,17.139999389648438,0
2024-09-17,548.68603515625,49321000,76.6353530883789,7307300,41.09511947631836,20623700,91.08670043945312,2990700,237.33999633789062,5257100,92.36824035644531,31699400,91.65193176269531,7807000,17.610000610351562,0
2024-09-18,547.0586547851562,59044900,76.39155578613281,8454200,40.95183563232422,26010500,90.9754867553711,5097000,235.50999450683594,11081100,91.22323608398438,48897000,91.25367736816406,8584500,18.229999542236328,0
2024-09-19,556.3939208984375,75315500,77.90119934082031,9974100,41.82111358642578,41025500,90.9940185546875,4450200,239.1699981689453,6108200,90.92095947265625,39979800,91.17959594726562,16770800,16.329999923706055,0
2024-09-20,555.43212890625,77503100,77.13231658935547,7892400,41.73514175415039,33038100,90.632568359375,3708500,242.2100067138672,7737400,90.57290649414062,37067600,91.15181732177734,6580600,16.149999618530273,0
2024-09-23,556.820068359375,44116900,77.42298889160156,6997700,42.05992889404297,24891700,91.53157043457031,3320700,242.67999267578125,5426200,90.38054656982422,35703900,91.09625244140625,7491700,15.890000343322754,0
2024-09-24,558.4132690429688,46805700,77.88243865966797,6855800,43.49281311035156,64472700,91.66132354736328,3279000,246.07000732421875,8386300,90.36223602294922,31005400,91.19812774658203,6580800,15.390000343322754,0
2024-09-25,557.1815795898438,38428600,77.46049499511719,11869000,43.0342903137207,41967800,91.04962158203125,2466000,245.72999572753906,7393400,89.61112213134766,36738200,90.82766723632812,10455100,15.40999984741211,0
2024-09-26,559.3907470703125,48336000,79.16704559326172,12875000,44.61046600341797,80876300,90.2247543334961,4776900,246.97999572753906,7041100,89.82179260253906,33332300,90.76285552978516,8026500,15.369999885559082,0
2024-09-27,558.579345703125,42100900,78.68883514404297,10690700,44.52449035644531,51540100,90.3397216796875,4932800,245.02000427246094,8329600,90.28894805908203,28317600,91.12403106689453,6207700,16.959999084472656,0
2024-09-30,560.8178100585938,63557400,78.41690826416016,13424400,43.808048248291016,61400400,91.05003356933594,4207000,243.05999755859375,6916700,89.85842895507812,34175500,90.87395477294922,8902400,16.729999542236328,0
2024-10-01,555.7937622070312,72668800,77.83555603027344,18430900,44.12328338623047,38648900,90.46123504638672,4240300,245.61000061035156,10605500,90.50718688964844,45254200,91.20465850830078,11665600,19.260000228881836,0
2024-10-02,556.0283203125,38097800,77.67615509033203,8335200,44.9925651550293,55790400,90.1434555053711,5161600,245.66000366210938,6798800,89.7444839477539,35810800,90.94454956054688,7742100,18.899999618530273,0
2024-10-03,555.01171875,40846500,76.95415496826172,9890500,44.45762252807617,31198300,89.32099151611328,2664400,245.49000549316406,5674500,88.89905548095703,39677800,90.48014068603516,11556100,20.489999771118164,0
2024-10-04,560.0553588867188,42939100,77.40422821044922,8536100,44.86838912963867,29476800,88.89106750488281,4602000,245.0,5947800,87.80549621582031,56954100,89.60700225830078,8878300,19.209999084472656,0
2024-10-07,554.9921875,49964700,76.97290802001953,7365100,45.240936279296875,42198000,88.10599517822266,3420200,244.1699981689453,3849000,87.14385223388672,42606600,89.28189849853516,10152600,22.639999389648438,0
2024-10-08,560.2410888671875,37398700,76.85100555419922,6339100,44.12328338623047,47817300,88.28357696533203,3773700,242.3699951171875,7669800,87.29090881347656,33709600,89.35620880126953,5975200,21.420000076293945,0
2024-10-09,564.12158203125,37912200,76.86976623535156,5370800,43.884464263916016,35395800,88.37703704833984,4120600,241.0500030517578,4120500,86.7946548461914,35807700,89.0218276977539,6769200,20.860000610351562,0
2024-10-10,563.1343383789062,44138100,76.77598571777344,5794400,43.97043991088867,18052400,87.59195709228516,2664300,242.82000732421875,4792700,86.45465850830078,53667400,89.0125503540039,5959000,20.93000030517578,0
2024-10-11,566.5065307617188,42268000,77.1698226928711,6914900,44.28567886352539,28389200,88.58265686035156,2654000,245.47000122070312,5789500,86.10545349121094,27406400,89.04039001464844,5394100,20.459999084472656,0
2024-10-14,571.1395874023438,36217200,77.39485931396484,6646200,44.10417556762695,20415200,89.1153793334961,2529100,245.07000732421875,3922900,86.16978454589844,28795300,88.88249969482422,3850900,19.700000762939453,0
2024-10-15,566.7021484375,54203600,76.1102523803711,17667300,43.168025970458984,31270700,90.190185546875,2808500,245.9199981689453,5640800,87.21737670898438,46429100,89.337646484375,7736900,20.639999389648438,0
2024-10-16,569.1651611328125,30725400,76.30716705322266,5931800,43.50237274169922,25111200,91.18087005615234,3177100,247.14999389648438,5431900,87.58496856689453,32281500,89.47696685791016,5041100,19.579999923706055,0
2024-10-17,569.214111328125,34393700,76.31654357910156,8904600,43.43549728393555,36885700,90.46123504638672,2904100,248.6300048828125,5176200,86.19733428955078,43427200,89.0125503540039,5460200,19.110000610351562,0
2024-10-18,571.403564453125,37416800,76.83226013183594,5863100,43.86536407470703,30391600,91.13414001464844,2080200,251.27000427246094,7833600,86.26168060302734,25258600,89.1147232055664,5174700,18.030000686645508,0
2024-10-21,570.4651489257812,36439000,75.92272186279297,8009100,43.5596809387207,19614900,89.34903717041016,4143000,251.22000122070312,9258600,84.75460815429688,49504700,88.4273452758789,6633600,18.3700008392334,0
2024-10-22,570.1621704101562,34183800,75.49140167236328,5844200,43.46415710449219,19243400,89.4798812866211,2530000,253.92999267578125,5756300,84.8373031616211,32096900,88.34375762939453,5433900,18.200000762939453,0
2024-10-23,564.9523315429688,49314600,74.73188781738281,7556000,43.20623779296875,19822000,90.13410949707031,2710500,250.8699951171875,8081000,84.60757446289062,33354200,88.139404296875,6914300,19.239999771118164,0
2024-10-24,566.1741943359375,34979900,75.15383911132812,6522400,43.139373779296875,16257100,90.33038330078125,2632300,252.8000030517578,5962200,85.14973449707031,32507400,88.33447265625,5486300,19.079999923706055,0
2024-10-25,565.9786376953125,47268200,74.90067291259766,9288100,43.101158142089844,21428500,89.4798812866211,3834800,253.32000732421875,4424500,84.6718978881836,28667100,88.139404296875,6455300,20.329999923706055,0
2024-10-28,567.7283325195312,30174700,75.50077056884766,6985000,43.29220962524414,15169300,89.76026916503906,2296500,253.3300018310547,4029100,84.4421615600586,33156500,87.93505859375,5447300,19.799999237060547,0
2024-10-29,568.6470947265625,42899700,75.2288589477539,8778400,43.15847396850586,15439300,89.1153793334961,2819600,256.0899963378906,8875500,84.57079315185547,46545200,87.9721908569336,8475400,19.34000015258789,0
2024-10-30,566.9268798828125,41435800,74.74125671386719,8828100,42.738162994384766,24149900,89.5079116821289,2930300,257.5,6386200,84.81892395019531,41951100,87.84219360351562,6341100,20.350000381469727,0
2024-10-31,555.813232421875,60182500,74.28181457519531,19247600,42.46113586425781,43988700,87.99383544921875,4946300,253.50999450683594,9930800,84.95674896240234,52173800,87.79572296142578,8662900,23.15999984741211,0
2024-11-01,558.1591186523438,45667500,74.43183135986328,9951300,42.499351501464844,17525900,87.02184295654297,4835200,252.47000122070312,6473000,83.7590103149414,80402000,87.27581787109375,15659500,21.8799991607666,0
2024-11-04,556.9568481445312,38217000,74.48810577392578,10280100,42.738162994384766,24674200,87.97515106201172,3368200,252.8300018310547,4581400,85.0591049194336,49747600,87.7416763305664,8179300,21.979999542236328,0
2024-11-05,563.69140625,39478300,75.2288589477539,9596400,43.32086944580078,21398300,89.14341735839844,2398100,253.39999389648438,6029900,85.51091003417969,46986000,87.78828430175781,8118500,20.489999771118164,0
2024-11-06,577.7080078125,68182000,74.14115905761719,11746200,42.78592300415039,37143300,87.24615478515625,6335400,245.6999969482422,14600200,83.16889953613281,98895700,86.8844985961914,15261400,16.270000457763672,0
2024-11-07,582.1748657226562,47233200,75.266357421875,11634100,43.73162841796875,39247600,88.29293060302734,4871300,249.64999389648438,8821400,84.21083068847656,56221400,87.58330535888672,15674000,15.199999809265137,0
2024-11-08,584.6967163085938,46444900,74.22554779052734,11540300,42.652191162109375,44833800,89.61072540283203,4093600,247.9600067138672,6267900,85.2803955078125,56756200,87.7696304321289,12335300,14.9399995803833,0
2024-11-11,585.25390625,37586800,74.24430084228516,5839600,42.32740783691406,21342300,89.162109375,2279800,242.13999938964844,11653800,84.86547088623047,22369200,87.52737426757812,3980000,14.970000267028809,0
2024-11-12,583.4359130859375,43006100,72.86593627929688,16613700,41.524986267089844,33946300,87.92842864990234,4645800,240.0500030517578,10145500,83.59304809570312,57908400,86.9776611328125,8037600,14.710000038146973,0
2024-11-13,583.7193603515625,47388600,72.43460845947266,14828900,41.25751495361328,26586800,88.4144287109375,2884300,237.6300048828125,8431700,82.80010986328125,49009100,86.92176818847656,6661800,14.020000457763672,0
2024-11-14,579.9658813476562,38904100,72.58463287353516,19039000,41.028255462646484,34443200,87.62000274658203,3708000,237.00999450683594,8262400,83.27955627441406,53328300,86.91243743896484,7510000,14.3100004196167,0
2024-11-15,572.537353515625,75988800,72.32208251953125,15433500,41.028255462646484,29127800,87.66673278808594,2786400,236.58999633789062,7299500,83.05826568603516,73722400,86.94971466064453,16761500,16.139999389648438,0
2024-11-18,574.8831787109375,37001700,72.71591186523438,7772600,41.4963264465332,27765000,88.30227661132812,2468100,241.08999633789062,6323400,83.2057876586914,36010600,87.14537048339844,4788200,15.579999923706055,0
2024-11-19,576.9847412109375,49412000,72.62213897705078,13402300,41.46767044067383,16624500,88.73219299316406,3041600,243.25,6579100,83.62992858886719,29585100,87.33174896240234,4951500,16.350000381469727,0
2024-11-20,577.18017578125,50032600,72.42523193359375,12442000,41.41990661621094,18358000,88.62004089355469,3143000,244.6199951171875,6630700,83.362548828125,27755400,87.20127868652344,5752900,17.15999984741211,0
2024-11-21,580.2786865234375,46750300,72.44398498535156,9161200,41.33393478393555,16086900,89.27425384521484,2988600,246.66000366210938,7646400,83.29798889160156,28365700,87.15469360351562,5098200,16.8700008392334,0
2024-11-22,582.0771484375,38226400,72.72528839111328,16809800,41.343482971191406,14104100,89.94718933105469,2943700,249.83999633789062,7503000,83.34410858154297,21547500,87.21057891845703,5373900,15.239999771118164,0
2024-11-25,584.0516357421875,42441400,73.10034942626953,24934100,41.37214660644531,18855100,91.19957733154297,4001200,242.47999572753906,10733100,85.50169372558594,56858000,88.15164184570312,7716000,14.600000381469727,0
2024-11-26,587.1012573242188,45621300,72.67840576171875,9360800,41.200199127197266,19119700,91.56405639648438,2774500,242.9499969482422,4945900,85.1697769165039,31122200,87.96528625488281,5093100,14.100000381469727,0
2024-11-27,585.3223266601562,34000200,73.07222747802734,7477900,41.25751495361328,17922000,92.15287780761719,2383100,243.49000549316406,6930600,85.7598876953125,39442200,88.31935119628906,5587600,14.100000381469727,0
2024-11-29,588.9583129882812,30177400,74.04739379882812,11643900,41.32438278198242,17372200,91.74165344238281,1922400,245.58999633789062,2708500,86.64503479003906,31905700,88.69207000732422,5136200,13.510000228881836,0
2024-12-02,590.0139770507812,31746000,74.25367736816406,15721100,41.48677444458008,16508700,90.40515899658203,3659400,243.44000244140625,4765000,86.85322570800781,39406000,88.68458557128906,5950600,13.34000015258789,0
2024-12-03,590.2876586914062,26906600,74.67562866210938,13289900,41.572750091552734,49462500,89.94718933105469,1992500,243.92999267578125,3557800,86.10375213623047,32768900,88.4322509765625,5364800,13.300000190734863,0
2024-12-04,593.953125,42787600,74.73188781738281,10434400,41.677825927734375,21339100,89.70418548583984,2220300,244.6699981689453,4608600,87.02901458740234,35851100,88.76869201660156,5908800,13.449999809265137,0
2024-12-05,592.9757080078125,28762200,75.09757232666016,11910800,41.95485305786133,23736100,89.4892349243164,2922300,242.86000061035156,4806200,87.20479583740234,23695800,88.75933837890625,5210300,13.539999961853027,0
2024-12-06,594.0997314453125,31241500,75.08820343017578,7072500,41.88798141479492,13142400,89.35839080810547,1866100,242.9499969482422,3540700,87.33436584472656,31761500,89.03972625732422,6880200,12.770000457763672,0
2024-12-09,591.0403442382812,34742700,75.04132080078125,7801100,42.74771499633789,34841300,89.61072540283203,2871900,245.36000061035156,4711500,86.52938079833984,30509600,88.7313003540039,4303100,14.1899995803833,0
2024-12-10,589.2026977539062,37234500,74.36619567871094,10662800,42.05992889404297,26979800,88.3116226196289,2902100,248.58999633789062,4642000,86.12226867675781,28706500,88.57244873046875,3543400,14.180000305175781,0
2024-12-11,593.7576293945312,28677700,74.83502960205078,11858900,42.231876373291016,20405600,88.10599517822266,4294900,250.9600067138672,11033800,85.30805969238281,38748400,88.31073760986328,6452800,13.579999923706055,0
2024-12-12,590.6982421875,31543800,74.17866516113281,8623800,42.02172088623047,17662900,87.96580505371094,2255100,247.27999877929688,10149600,84.27177429199219,45368400,87.9742660522461,4518000,13.920000076293945,0
2024-12-13,590.5809936523438,35904700,73.97238159179688,10116600,42.05992889404297,19381200,87.71344757080078,2796200,244.2899932861328,6602600,83.41129302978516,39486000,87.56304931640625,5230100,13.8100004196167,0
2024-12-16,593.1027221679688,43695200,73.72857666015625,25547700,41.83066940307617,32259800,87.40504455566406,3644900,244.8800048828125,3310000,83.66109466552734,23482300,87.59109497070312,4607600,14.6899995803833,0
2024-12-17,590.6591186523438,55773500,73.61167907714844,13934900,41.73061752319336,30224000,86.98446655273438,3020200,243.94000244140625,4421300,83.86466217041016,23839900,87.59109497070312,4881100,15.869999885559082,0
2024-12-18,573.0553588867188,108248700,71.80584716796875,16470400,40.75923156738281,33249500,83.39555358886719,5409800,239.25999450683594,8015800,82.81599426269531,61328400,86.91409301757812,11553900,27.6200008392334,0
2024-12-19,572.87939453125,85919500,71.5777359008789,17486600,40.895225524902344,31146900,82.10578155517578,5403600,239.60000610351562,8111400,81.56204223632812,99083300,86.520263671875,9273800,24.09000015258789,0
2024-12-20,579.7603759765625,125716700,71.37814331054688,20878200,41.06036376953125,25512200,83.489013671875,7622200,242.10000610351562,9527800,82.02648162841797,45542400,86.83907318115234,6070900,18.360000610351562,0
2024-12-23,583.2320556640625,57635800,71.84386444091797,10491200,41.29349136352539,17955400,83.81552124023438,4548900,240.9600067138672,5835500,81.27409362792969,32764600,86.45462036132812,5954500,16.780000686645508,0
2024-12-24,589.7147216796875,33160100,72.10047912597656,5585200,41.41977310180664,7066800,84.37228393554688,2182600,241.44000244140625,2421000,81.61779022216797,22377600,86.50151062011719,3076100,14.270000457763672,0
2024-12-26,589.7540283203125,41219100,72.44264221191406,10784900,41.274070739746094,16152200,84.59874725341797,2577400,243.07000732421875,4645100,81.57133483886719,19981800,86.56713104248047,3703300,14.729999542236328,0
2024-12-27,583.5458984375,64969300,72.33809661865234,15819700,41.08950424194336,22672400,83.74945831298828,3816700,241.39999389648438,4728100,80.9025650024414,27262300,86.34209442138672,3752500,15.949999809265137,0
2024-12-30,576.88671875,56578800,71.86287689208984,16427600,40.75923156738281,25055000,83.3342514038086,4402400,240.6300048828125,3522500,81.55276489257812,48519600,86.84845733642578,4797700,17.399999618530273,0
