Price,Close,Close
Ticker,TIP,^TNX
Date,,
2009-01-02,60.31047058105469,2.4159998893737793
2009-01-05,60.08750915527344,2.48799991607666
2009-01-06,60.53339385986328,2.505000114440918
2009-01-07,60.60776901245117,2.49399995803833
2009-01-08,61.09085464477539,2.444999933242798
2009-01-09,61.62968063354492,2.4070000648498535
2009-01-12,61.93932342529297,2.309000015258789
2009-01-13,61.926937103271484,2.296999931335449
2009-01-14,62.00123977661133,2.2130000591278076
2009-01-15,62.00123977661133,2.2009999752044678
2009-01-16,61.747314453125,2.303999900817871
2009-01-20,61.71017837524414,2.3450000286102295
2009-01-21,60.76878356933594,2.5260000228881836
2009-01-22,60.87408447265625,2.5940001010894775
2009-01-23,61.09703063964844,2.621999979019165
2009-01-26,60.892662048339844,2.6429998874664307
2009-01-27,61.41908645629883,2.5190000534057617
2009-01-28,61.45625686645508,2.6559998989105225
2009-01-29,61.15279006958008,2.815000057220459
2009-01-30,61.43767547607422,2.8440001010894775
2009-02-02,61.66061782836914,2.7190001010894775
2009-02-03,61.43767547607422,2.8420000076293945
2009-02-04,61.313819885253906,2.9140000343322754
2009-02-05,61.245704650878906,2.9000000953674316
2009-02-06,61.59867477416992,2.9790000915527344
2009-02-09,62.242801666259766,3.0269999504089355
2009-02-10,62.5276985168457,2.8469998836517334
2009-02-11,62.36048126220703,2.76200008392334
2009-02-12,62.13754653930664,2.7269999980926514
2009-02-13,61.87739944458008,2.881999969482422
2009-02-17,62.25520324707031,2.6619999408721924
2009-02-18,61.86498260498047,2.7279999256134033
2009-02-19,61.69160079956055,2.8570001125335693
2009-02-20,61.90835952758789,2.7720000743865967
2009-02-23,61.84645462036133,2.7769999504089355
2009-02-24,61.313819885253906,2.7990000247955322
2009-02-25,60.948421478271484,2.944999933242798
2009-02-26,60.45915603637695,2.9779999256134033
2009-02-27,60.08750915527344,3.0409998893737793
2009-03-02,60.465309143066406,2.9189999103546143
2009-03-03,60.32905197143555,2.937999963760376
2009-03-04,60.211368560791016,3.010999917984009
2009-03-05,60.76878356933594,2.819000005722046
2009-03-06,60.3662109375,2.828000068664551
2009-03-09,60.13707733154297,2.885999917984009
2009-03-10,59.753082275390625,2.9820001125335693
2009-03-11,60.05036926269531,2.9159998893737793
2009-03-12,60.960792541503906,2.8919999599456787
2009-03-13,60.942237854003906,2.884999990463257
2009-03-16,60.88023376464844,2.9509999752044678
2009-03-17,60.818359375,3.003000020980835
2009-03-18,63.066505432128906,2.5329999923706055
2009-03-19,63.357643127441406,2.5969998836517334
2009-03-20,63.04171371459961,2.625
2009-03-23,63.029380798339844,2.6600000858306885
2009-03-24,63.38857650756836,2.6540000438690186
2009-03-25,63.29564666748047,2.7720000743865967
2009-03-26,64.001708984375,2.7330000400543213
2009-03-27,63.84065628051758,2.760999917984009
2009-03-30,63.95835876464844,2.7139999866485596
2009-03-31,63.63625717163086,2.684999942779541
2009-04-01,63.86279296875,2.6579999923706055
2009-04-02,63.47074890136719,2.752000093460083
2009-04-03,63.053897857666016,2.9070000648498535
2009-04-06,63.0041389465332,2.938999891281128
2009-04-07,62.917030334472656,2.9089999198913574
2009-04-08,63.22810363769531,2.8469998836517334
2009-04-09,63.035255432128906,2.9260001182556152
2009-04-13,63.32145690917969,2.8450000286102295
2009-04-14,63.352622985839844,2.7860000133514404
2009-04-15,63.38993453979492,2.759000062942505
2009-04-16,63.15347671508789,2.8299999237060547
2009-04-17,62.53125,2.930000066757202
2009-04-20,62.587276458740234,2.8429999351501465
2009-04-21,62.37572479248047,2.9019999504089355
2009-04-22,62.53125,2.9639999866485596
2009-04-23,62.86099624633789,2.927000045776367
2009-04-24,62.99790573120117,2.996000051498413
2009-04-27,63.06015396118164,2.9210000038146973
2009-04-28,63.06015396118164,3.002000093460083
2009-04-29,62.79879379272461,3.0959999561309814
2009-04-30,62.49391555786133,3.124000072479248
2009-05-01,61.888511657714844,3.1740000247955322
2009-05-04,62.00117874145508,3.1570000648498535
2009-05-05,62.01996612548828,3.1570000648498535
2009-05-06,62.2703971862793,3.1519999504089355
2009-05-07,62.333011627197266,3.2950000762939453
2009-05-08,62.35806655883789,3.2929999828338623
2009-05-11,62.67112350463867,3.180000066757202
2009-05-12,62.86518096923828,3.174999952316284
2009-05-13,62.85267639160156,3.1050000190734863
2009-05-14,63.20326614379883,3.1070001125335693
2009-05-15,63.334747314453125,3.122999906539917
2009-05-18,63.31602096557617,3.2109999656677246
2009-05-19,63.44121551513672,3.243000030517578
2009-05-20,63.77930450439453,3.2019999027252197
2009-05-21,63.15319061279297,3.3529999256134033
2009-05-22,63.26588821411133,3.447999954223633
2009-05-26,62.99668884277344,3.493000030517578
2009-05-27,62.85267639160156,3.694999933242798
2009-05-28,62.92155075073242,3.671999931335449
2009-05-29,63.74171447753906,3.4649999141693115
2009-06-01,63.23340606689453,3.7149999141693115
2009-06-02,63.68581008911133,3.6440000534057617
2009-06-03,63.66062927246094,3.5510001182556152
2009-06-04,63.01972961425781,3.7160000801086426
2009-06-05,62.7746467590332,3.861999988555908
2009-06-08,62.52960205078125,3.8889999389648438
2009-06-09,62.950599670410156,3.8580000400543213
2009-06-10,62.982017517089844,3.936000108718872
2009-06-11,63.10143280029297,3.861999988555908
2009-06-12,62.982017517089844,3.7880001068115234
2009-06-15,62.91289138793945,3.7130000591278076
2009-06-16,63.120262145996094,3.6740000247955322
2009-06-17,62.70548629760742,3.6470000743865967
2009-06-18,62.54841232299805,3.8340001106262207
2009-06-19,62.944366455078125,3.7890000343322754
2009-06-22,63.05112838745117,3.693000078201294
2009-06-23,63.35905075073242,3.640000104904175
2009-06-24,63.03227615356445,3.684999942779541
2009-06-25,63.39675521850586,3.5460000038146973
2009-06-26,63.39675521850586,3.50600004196167
2009-06-29,63.44074249267578,3.492000102996826
2009-06-30,63.86796569824219,3.5230000019073486
2009-07-01,63.73493957519531,3.5439999103546143
2009-07-02,63.5772705078125,3.494999885559082
2009-07-06,63.425838470458984,3.50600004196167
2009-07-07,63.52675247192383,3.4600000381469727
2009-07-08,63.75383758544922,3.2890000343322754
2009-07-09,63.23661422729492,3.4130001068115234
2009-07-10,63.48891830444336,3.2950000762939453
2009-07-13,63.23031234741211,3.3459999561309814
2009-07-14,63.179779052734375,3.447000026702881
2009-07-15,63.009544372558594,3.5959999561309814
2009-07-16,63.4006462097168,3.556999921798706
2009-07-17,63.375362396240234,3.6510000228881836
2009-07-20,63.741249084472656,3.5850000381469727
2009-07-21,63.886314392089844,3.4769999980926514
2009-07-22,63.71601867675781,3.553999900817871
2009-07-23,63.40690612792969,3.7090001106262207
2009-07-24,63.438446044921875,3.6700000762939453
2009-07-27,63.31861114501953,3.7130000591278076
2009-07-28,63.2618522644043,3.687999963760376
2009-07-29,63.23031234741211,3.6640000343322754
2009-07-30,63.589866638183594,3.6410000324249268
2009-07-31,63.924129486083984,3.500999927520752
2009-08-03,63.59406661987305,3.6389999389648438
2009-08-04,63.36604690551758,3.678999900817871
2009-08-05,63.4167594909668,3.7639999389648438
2009-08-06,63.315406799316406,3.746000051498413
2009-08-07,63.39775466918945,3.8540000915527344
2009-08-10,63.51809310913086,3.7709999084472656
2009-08-11,63.7968635559082,3.693000078201294
2009-08-12,63.5498161315918,3.7009999752044678
2009-08-13,63.75883102416992,3.5910000801086426
2009-08-14,63.68912124633789,3.558000087738037
2009-08-17,63.917232513427734,3.490999937057495
2009-08-18,64.05657196044922,3.5260000228881836
2009-08-19,64.37963104248047,3.4630000591278076
2009-08-20,64.76606750488281,3.434999942779541
2009-08-21,64.50635528564453,3.555999994277954
2009-08-24,64.73443603515625,3.49399995803833
2009-08-25,64.54434967041016,3.450000047683716
2009-08-26,64.72808074951172,3.437999963760376
2009-08-27,64.49365997314453,3.4619998931884766
2009-08-28,64.51898193359375,3.4509999752044678
2009-08-31,64.46198272705078,3.4010000228881836
2009-09-01,64.55147552490234,3.375
2009-09-02,64.65373229980469,3.2950000762939453
2009-09-03,64.73686981201172,3.328000068664551
2009-09-04,64.72407531738281,3.441999912261963
2009-09-08,64.85830688476562,3.4690001010894775
2009-09-09,65.0628890991211,3.4790000915527344
2009-09-10,65.21632385253906,3.3420000076293945
2009-09-11,65.36328887939453,3.3429999351501465
2009-09-14,65.21632385253906,3.4059998989105225
2009-09-15,65.25462341308594,3.4519999027252197
2009-09-16,65.38253021240234,3.4709999561309814
2009-09-17,65.46564483642578,3.3980000019073486
2009-09-18,65.16517639160156,3.4739999771118164
2009-09-21,65.0948257446289,3.486999988555908
2009-09-22,65.24826049804688,3.4560000896453857
2009-09-23,65.38890075683594,3.4179999828338623
2009-09-24,65.32496643066406,3.38100004196167
2009-09-25,65.42084503173828,3.3289999961853027
2009-09-28,65.55513000488281,3.302000045776367
2009-09-29,65.52950286865234,3.2920000553131104
2009-09-30,65.76608276367188,3.306999921798706
2009-10-01,65.9496078491211,3.194000005722046
2009-10-02,65.82169342041016,3.2209999561309814
2009-10-05,65.86009979248047,3.2239999771118164
2009-10-06,65.85370635986328,3.247999906539917
2009-10-07,66.14149475097656,3.174999952316284
2009-10-08,66.07752227783203,3.255000114440918
2009-10-09,65.73857116699219,3.384000062942505
2009-10-12,65.89839935302734,3.380000114440918
2009-10-13,66.26936340332031,3.312000036239624
2009-10-14,65.98161315917969,3.4230000972747803
2009-10-15,66.03277587890625,3.4700000286102295
2009-10-16,66.2437744140625,3.4170000553131104
2009-10-19,66.66590118408203,3.3949999809265137
2009-10-20,66.72343444824219,3.3369998931884766
2009-10-21,66.46125030517578,3.4110000133514404
2009-10-22,66.13507080078125,3.4210000038146973
2009-10-23,65.99436950683594,3.4749999046325684
2009-10-26,65.69380187988281,3.553999900817871
2009-10-27,66.21817779541016,3.4619998931884766
2009-10-28,66.26936340332031,3.4110000133514404
2009-10-29,66.2757568359375,3.500999927520752
2009-10-30,66.5187759399414,3.3919999599456787
2009-11-02,66.64844512939453,3.421999931335449
2009-11-03,66.51366424560547,3.4730000495910645
2009-11-04,66.64202880859375,3.5460000038146973
2009-11-05,66.77032470703125,3.5329999923706055
2009-11-06,66.93719482421875,3.503000020980835
2009-11-09,67.28363800048828,3.4860000610351562
2009-11-10,67.16812133789062,3.4820001125335693
2009-11-11,67.41192626953125,3.4739999771118164
2009-11-12,67.09754180908203,3.446000099182129
2009-11-13,67.12321472167969,3.428999900817871
2009-11-16,67.63015747070312,3.3310000896453857
2009-11-17,67.80980682373047,3.319000005722046
2009-11-18,67.7905502319336,3.365999937057495
2009-11-19,67.7969741821289,3.3489999771118164
2009-11-20,67.7969741821289,3.3559999465942383
2009-11-23,67.85476684570312,3.364000082015991
2009-11-24,67.92533111572266,3.316999912261963
2009-11-25,68.19477081298828,3.2790000438690186
2009-11-27,68.34239196777344,3.2309999465942383
2009-11-30,68.3808364868164,3.2009999752044678
2009-12-01,68.26385498046875,3.2750000953674316
2009-12-02,68.19314575195312,3.322999954223633
2009-12-03,67.9681625366211,3.380000114440918
2009-12-04,67.41521453857422,3.4830000400543213
2009-12-07,67.5245132446289,3.447999954223633
2009-12-08,67.49236297607422,3.3919999599456787
2009-12-09,67.19662475585938,3.4230000972747803
2009-12-10,66.97807312011719,3.4820001125335693
2009-12-11,67.00377655029297,3.5399999618530273
2009-12-14,67.2352523803711,3.5460000038146973
2009-12-15,67.22874450683594,3.6029999256134033
2009-12-16,67.34451293945312,3.5959999561309814
2009-12-17,67.63380432128906,3.486999988555908
2009-12-18,67.53096771240234,3.5460000038146973
2009-12-21,67.21595001220703,3.681999921798706
2009-12-22,66.99732208251953,3.74399995803833
2009-12-23,66.90091705322266,3.747999906539917
2009-12-24,66.72088623046875,3.806999921798706
2009-12-28,66.70159149169922,3.8420000076293945
2009-12-29,66.90711975097656,3.809000015258789
2009-12-30,67.01028442382812,3.7839999198913574
2009-12-31,66.95232391357422,3.8429999351501465
2010-01-04,67.12622833251953,3.8410000801086426
2010-01-05,67.3453598022461,3.755000114440918
2010-01-06,67.17137145996094,3.808000087738037
2010-01-07,67.2744369506836,3.822000026702881
2010-01-08,67.4162368774414,3.808000087738037
2010-01-11,67.26799774169922,3.818000078201294
2010-01-12,67.57734680175781,3.7190001010894775
2010-01-13,67.2744369506836,3.7829999923706055
2010-01-14,67.44847106933594,3.7339999675750732
2010-01-15,67.66751861572266,3.6760001182556152
2010-01-19,67.6159896850586,3.7070000171661377
2010-01-20,67.7190933227539,3.6589999198913574
2010-01-21,67.84799194335938,3.6110000610351562
2010-01-22,67.78353118896484,3.5980000495910645
2010-01-25,67.60953521728516,3.630000114440918
2010-01-26,67.81575775146484,3.630000114440918
2010-01-27,67.63531494140625,3.6440000534057617
2010-01-28,67.72554779052734,3.6579999923706055
2010-01-29,67.97685241699219,3.6089999675750732
2010-02-01,67.9497299194336,3.6540000438690186
2010-02-02,68.07244110107422,3.634999990463257
2010-02-03,67.7947769165039,3.703000068664551
2010-02-04,67.97554779052734,3.609999895095825
2010-02-05,67.85284423828125,3.5460000038146973
2010-02-08,67.74958801269531,3.5920000076293945
2010-02-09,67.51715087890625,3.632999897003174
2010-02-10,67.31695556640625,3.694000005722046
2010-02-11,67.15558624267578,3.7330000400543213
2010-02-12,67.15558624267578,3.693000078201294
2010-02-16,67.34928894042969,3.6640000343322754
2010-02-17,67.22013854980469,3.742000102996826
2010-02-18,67.16203308105469,3.802999973297119
2010-02-19,67.04576110839844,3.7820000648498535
2010-02-22,66.87787628173828,3.7990000247955322
2010-02-23,67.08455657958984,3.690999984741211
2010-02-24,66.95541381835938,3.694999933242798
2010-02-25,66.95541381835938,3.6419999599456787
2010-02-26,67.09101104736328,3.5950000286102295
2010-03-01,67.10003662109375,3.6059999465942383
2010-03-02,67.15168762207031,3.614000082015991
2010-03-03,67.1258544921875,3.625
2010-03-04,67.19688415527344,3.6059999465942383
2010-03-05,67.04835510253906,3.681999921798706
2010-03-08,66.990234375,3.7079999446868896
2010-03-09,67.10649108886719,3.7009999752044678
2010-03-10,67.03547668457031,3.7200000286102295
2010-03-11,67.11296081542969,3.7200000286102295
2010-03-12,67.2872543334961,3.7100000381469727
2010-03-15,67.27438354492188,3.7039999961853027
2010-03-16,67.52619171142578,3.6530001163482666
2010-03-17,67.66827392578125,3.6419999599456787
2010-03-18,67.39705657958984,3.671999931335449
2010-03-19,67.26793670654297,3.687000036239624
2010-03-22,67.42285919189453,3.6630001068115234
2010-03-23,67.37123107910156,3.680000066757202
2010-03-24,66.82886505126953,3.8289999961853027
2010-03-25,66.73845672607422,3.9010000228881836
2010-03-26,66.82234191894531,3.8550000190734863
2010-03-29,66.73845672607422,3.864000082015991
2010-03-30,66.79657745361328,3.868000030517578
2010-03-31,67.08715057373047,3.8329999446868896
2010-04-01,67.07543182373047,3.8589999675750732
2010-04-05,66.6020736694336,3.99399995803833
2010-04-06,66.86795806884766,3.9679999351501465
2010-04-07,67.34132385253906,3.86299991607666
2010-04-08,67.27643585205078,3.8959999084472656
2010-04-09,67.34778594970703,3.888000011444092
2010-04-12,67.53582000732422,3.8459999561309814
2010-04-13,67.59420013427734,3.811000108718872
2010-04-14,67.50989532470703,3.8550000190734863
2010-04-15,67.70446014404297,3.8480000495910645
2010-04-16,67.86009216308594,3.7699999809265137
2010-04-19,67.69792175292969,3.806999921798706
2010-04-20,67.86009216308594,3.805000066757202
2010-04-21,68.06755065917969,3.73799991607666
2010-04-22,67.87301635742188,3.7720000743865967
2010-04-23,67.87950134277344,3.816999912261963
2010-04-26,67.93787384033203,3.815000057220459
2010-04-27,68.33348083496094,3.690000057220459
2010-04-28,68.19723510742188,3.7730000019073486
2010-04-29,68.55390930175781,3.7279999256134033
2010-04-30,68.77437591552734,3.6630001068115234
2010-05-03,68.65298461914062,3.7049999237060547
2010-05-04,68.75682830810547,3.61299991607666
2010-05-05,68.78931427001953,3.549999952316284
2010-05-06,69.10106658935547,3.3980000019073486
2010-05-07,68.95167541503906,3.428999900817871
2010-05-10,68.75682830810547,3.5390000343322754
2010-05-11,68.8867416381836,3.5350000858306885
2010-05-12,68.97115325927734,3.566999912261963
2010-05-13,69.02961730957031,3.563999891281128
2010-05-14,69.2309341430664,3.441999912261963
2010-05-17,68.99069213867188,3.4719998836517334
2010-05-18,69.34783172607422,3.375999927520752
2010-05-19,68.90619659423828,3.3589999675750732
2010-05-20,68.89973449707031,3.2639999389648438
2010-05-21,68.94513702392578,3.200000047683716
2010-05-24,68.87374114990234,3.2269999980926514
2010-05-25,68.64647674560547,3.1579999923706055
2010-05-26,68.77632904052734,3.2179999351501465
2010-05-27,68.52305603027344,3.3380000591278076
2010-05-28,68.90619659423828,3.3010001182556152
2010-06-01,68.77631378173828,3.2960000038146973
2010-06-02,68.70448303222656,3.3340001106262207
2010-06-03,68.73713684082031,3.378999948501587
2010-06-04,69.17449188232422,3.194999933242798
2010-06-07,69.23326110839844,3.184000015258789
2010-06-08,69.05699157714844,3.1679999828338623
2010-06-09,69.12883758544922,3.187000036239624
2010-06-10,68.61967468261719,3.319000005722046
2010-06-11,69.01789855957031,3.2160000801086426
2010-06-14,69.01789855957031,3.2750000953674316
2010-06-15,68.92642211914062,3.309999942779541
2010-06-16,69.14190673828125,3.2820000648498535
2010-06-17,69.47476196289062,3.190000057220459
2010-06-18,69.35729217529297,3.2230000495910645
2010-06-21,69.39645385742188,3.243000030517578
2010-06-22,69.55963134765625,3.1659998893737793
2010-06-23,69.5726547241211,3.115000009536743
2010-06-24,69.37686157226562,3.122999906539917
2010-06-25,69.61840057373047,3.11299991607666
2010-06-28,69.78165435791016,3.0320000648498535
2010-06-29,69.84033203125,2.9670000076293945
2010-06-30,69.7881088256836,2.9509999752044678
2010-07-01,69.3895263671875,2.927000045776367
2010-07-02,69.25860595703125,2.9790000915527344
2010-07-06,69.33716583251953,2.931999921798706
2010-07-07,69.0492172241211,2.9800000190734863
2010-07-08,69.1539077758789,3.0199999809265137
2010-07-09,69.20630645751953,3.055999994277954
2010-07-12,69.16041564941406,3.0460000038146973
2010-07-13,69.0819320678711,3.114000082015991
2010-07-14,69.27827453613281,3.049999952316284
2010-07-15,69.36336517333984,2.9779999256134033
2010-07-16,69.19977569580078,2.938999891281128
2010-07-19,68.93138122558594,2.9639999866485596
2010-07-20,69.00989532470703,2.931999921798706
2010-07-21,69.36988830566406,2.8919999599456787
2010-07-22,69.30445098876953,2.931999921798706
2010-07-23,69.12776184082031,2.99399995803833
2010-07-26,69.1539077758789,2.99399995803833
2010-07-27,69.05572509765625,3.046999931335449
2010-07-28,69.28480529785156,3.000999927520752
2010-07-29,69.36988830566406,2.999000072479248
2010-07-30,69.61858367919922,2.9070000648498535
2010-08-02,69.74447631835938,2.9630000591278076
2010-08-03,70.11165618896484,2.9140000343322754
2010-08-04,69.87564849853516,2.9519999027252197
2010-08-05,70.13135528564453,2.9149999618530273
2010-08-06,70.1969223022461,2.8239998817443848
2010-08-09,70.16413116455078,2.822000026702881
2010-08-10,70.59687042236328,2.7809998989105225
2010-08-11,70.59031677246094,2.684999942779541
2010-08-12,70.12480163574219,2.734999895095825
2010-08-13,70.30838775634766,2.687999963760376
2010-08-16,70.53787231445312,2.575000047683716
2010-08-17,70.38050842285156,2.6449999809265137
2010-08-18,70.34114074707031,2.6410000324249268
2010-08-19,70.34771728515625,2.5789999961853027
2010-08-20,70.26248931884766,2.611999988555908
2010-08-23,70.26248931884766,2.6070001125335693
2010-08-24,70.49854278564453,2.499000072479248
2010-08-25,70.49854278564453,2.5380001068115234
2010-08-26,70.87881469726562,2.499000072479248
2010-08-27,70.45915222167969,2.6519999504089355
2010-08-30,70.7739028930664,2.5450000762939453
2010-08-31,70.97058868408203,2.4769999980926514
2010-09-01,70.66890716552734,2.5820000171661377
2010-09-02,70.53775024414062,2.628000020980835
2010-09-03,70.42618560791016,2.7060000896453857
2010-09-07,70.81974792480469,2.6089999675750732
2010-09-08,70.60984802246094,2.6540000438690186
2010-09-09,70.45245361328125,2.760999917984009
2010-09-10,70.52464294433594,2.7950000762939453
2010-09-13,71.00337219238281,2.740999937057495
2010-09-14,70.93125915527344,2.6659998893737793
2010-09-15,70.78041076660156,2.7230000495910645
2010-09-16,70.6361083984375,2.759000062942505
2010-09-17,70.43280029296875,2.746000051498413
2010-09-20,70.70829772949219,2.7060000896453857
2010-09-21,71.61333465576172,2.5940001010894775
2010-09-22,71.71170806884766,2.5480000972747803
2010-09-23,71.65922546386719,2.555000066757202
2010-09-24,71.29853820800781,2.611999988555908
2010-09-27,71.50835418701172,2.5169999599456787
2010-09-28,72.00686645507812,2.4560000896453857
2010-09-29,71.68549346923828,2.50600004196167
2010-09-30,71.5280532836914,2.5169999599456787
2010-10-01,71.72181701660156,2.5260000228881836
2010-10-04,71.83341979980469,2.4790000915527344
2010-10-05,72.2931137084961,2.4739999771118164
2010-10-06,72.93008422851562,2.3989999294281006
2010-10-07,72.76590728759766,2.3959999084472656
2010-10-08,73.24528503417969,2.38100004196167
2010-10-11,73.24528503417969,
2010-10-12,73.02201080322266,2.421999931335449
2010-10-13,73.46200561523438,2.430999994277954
2010-10-14,73.69183349609375,2.494999885559082
2010-10-15,73.2190170288086,2.5759999752044678
2010-10-18,73.38314819335938,2.490999937057495
2010-10-19,73.42259979248047,2.4749999046325684
2010-10-20,73.40288543701172,2.4700000286102295
2010-10-21,73.40288543701172,2.5309998989105225
2010-10-22,73.42259979248047,2.562999963760376
2010-10-25,73.64583587646484,2.553999900817871
2010-10-26,73.24528503417969,2.635999917984009
2010-10-27,72.79216766357422,2.7119998931884766
2010-10-28,73.05486297607422,2.6610000133514404
2010-10-29,73.29784393310547,2.611999988555908
2010-11-01,73.41300964355469,2.628000020980835
2010-11-02,73.59072875976562,2.5940001010894775
2010-11-03,73.45906829833984,2.61899995803833
2010-11-04,73.63677978515625,2.4839999675750732
2010-11-05,73.38666534423828,2.5360000133514404
2010-11-08,73.48539733886719,2.562999963760376
2010-11-09,72.82063293457031,2.6589999198913574
2010-11-10,72.99835968017578,2.6480000019073486
2010-11-11,73.00492858886719,2.6480000019073486
2010-11-12,72.40602111816406,2.75600004196167
2010-11-15,71.49771118164062,2.9110000133514404
2010-11-16,71.62932586669922,2.8469998836517334
2010-11-17,71.64249420166016,2.864000082015991
2010-11-18,71.76097106933594,2.9019999504089355
2010-11-19,71.96499633789062,2.875
2010-11-22,72.21509552001953,2.812999963760376
2010-11-23,72.2414779663086,2.76200008392334
2010-11-24,71.85972595214844,2.9140000343322754
2010-11-26,72.0703353881836,2.864000082015991
2010-11-29,72.14933776855469,2.822000026702881
2010-11-30,72.05716705322266,2.796999931335449
2010-12-01,71.58844757080078,2.9639999866485596
2010-12-02,71.56209564208984,3.0
2010-12-03,71.55547332763672,3.0169999599456787
2010-12-06,71.83893585205078,2.940999984741211
2010-12-07,71.12693786621094,3.1649999618530273
2010-12-08,70.43476104736328,3.2360000610351562
2010-12-09,70.34903717041016,3.2230000495910645
2010-12-10,70.00623321533203,3.2960000038146973
2010-12-13,70.42816162109375,3.2829999923706055
2010-12-14,69.7557144165039,3.4549999237060547
2010-12-15,69.9732666015625,3.5199999809265137
2010-12-16,70.28309631347656,3.4769999980926514
2010-12-17,70.75778198242188,3.3299999237060547
2010-12-20,70.75115203857422,3.3489999771118164
2010-12-21,70.86983489990234,3.3259999752044678
2010-12-22,70.81709289550781,3.3459999561309814
2010-12-23,70.55342864990234,3.3929998874664307
2010-12-27,70.70506286621094,3.3510000705718994
2010-12-28,70.1783218383789,3.4809999465942383
2010-12-29,70.63432312011719,3.3410000801086426
2010-12-30,70.56820678710938,3.36899995803833
2010-12-31,71.05731201171875,3.305000066757202
2011-01-03,70.7598648071289,3.3420000076293945
2011-01-04,70.9383316040039,3.3459999561309814
2011-01-05,70.66732025146484,3.4830000400543213
2011-01-06,70.87224578857422,3.4189999103546143
2011-01-07,71.09693145751953,3.328000068664551
2011-01-10,71.30176544189453,3.303999900817871
2011-01-11,71.32823181152344,3.3410000801086426
2011-01-12,71.30842590332031,3.3550000190734863
2011-01-13,71.52652740478516,3.3010001182556152
2011-01-14,71.21588134765625,3.3329999446868896
2011-01-18,71.22913360595703,3.364000082015991
2011-01-19,71.25552368164062,3.3369998931884766
2011-01-20,70.58147430419922,3.4590001106262207
2011-01-21,70.71363067626953,3.4159998893737793
2011-01-24,70.66732025146484,3.4079999923706055
2011-01-25,70.9449462890625,3.319000005722046
2011-01-26,70.82596588134766,3.427999973297119
2011-01-27,70.77974700927734,3.384999990463257
2011-01-28,71.0506362915039,3.3289999961853027
2011-01-31,71.07048034667969,3.378000020980835
2011-02-01,71.0069580078125,3.443000078201294
2011-02-02,70.81499481201172,3.489000082015991
2011-02-03,70.44436645507812,3.5409998893737793
2011-02-04,70.04723358154297,3.6519999504089355
2011-02-07,70.03400421142578,3.6440000534057617
2011-02-08,69.66992950439453,3.7249999046325684
2011-02-09,69.86854553222656,3.6419999599456787
2011-02-10,69.43826293945312,3.7079999446868896
2011-02-11,69.79572296142578,3.6459999084472656
2011-02-14,69.84862518310547,3.614000082015991
2011-02-15,69.93470764160156,3.615999937057495
2011-02-16,69.8354263305664,3.621000051498413
2011-02-17,70.10016632080078,3.5739998817443848
2011-02-18,70.46418762207031,3.5889999866485596
2011-02-22,71.0201644897461,3.4609999656677246
2011-02-23,71.2783203125,3.486999988555908
2011-02-24,71.53646850585938,3.437999963760376
2011-02-25,71.77472686767578,3.424999952316284
2011-02-28,71.58279418945312,3.4140000343322754
2011-03-01,71.99679565429688,3.4140000343322754
2011-03-02,71.7845458984375,3.4639999866485596
2011-03-03,71.59207153320312,3.572000026702881
2011-03-04,72.06983947753906,3.492000102996826
2011-03-07,72.0101318359375,3.496999979019165
2011-03-08,72.05657196044922,3.5439999103546143
2011-03-09,72.15607452392578,3.4690001010894775
2011-03-10,72.56752014160156,3.3929998874664307
2011-03-11,72.44803619384766,3.3929998874664307
2011-03-14,72.55422973632812,3.3469998836517334
2011-03-15,72.53429412841797,3.322999954223633
2011-03-16,73.05189514160156,3.2119998931884766
2011-03-17,73.19792175292969,3.247999906539917
2011-03-18,73.14480590820312,3.2769999504089355
2011-03-21,72.83295440673828,3.322999954223633
2011-03-22,72.65377044677734,3.3320000171661377
2011-03-23,72.53429412841797,3.3480000495910645
2011-03-24,72.60067749023438,3.4040000438690186
2011-03-25,72.26227569580078,3.444000005722046
2011-03-28,72.30209350585938,3.447999954223633
2011-03-29,72.15607452392578,3.490999937057495
2011-03-30,72.40824127197266,3.4549999237060547
2011-03-31,72.43477630615234,3.4539999961853027
2011-04-01,72.62294006347656,3.4509999752044678
2011-04-04,72.9498291015625,3.430999994277954
2011-04-05,72.8163833618164,3.486999988555908
2011-04-06,72.42277526855469,3.5450000762939453
2011-04-07,72.54955291748047,3.555000066757202
2011-04-08,72.70301055908203,3.569999933242798
2011-04-11,72.64962005615234,3.569999933242798
2011-04-12,73.01654052734375,3.5
2011-04-13,73.1766357421875,3.4660000801086426
2011-04-14,73.08324432373047,3.484999895095825
2011-04-15,73.616943359375,3.4100000858306885
2011-04-18,73.63697052001953,3.371000051498413
2011-04-19,73.89714813232422,3.3559999465942383
2011-04-20,73.64366149902344,3.4000000953674316
2011-04-21,73.51019287109375,3.4000000953674316
2011-04-25,73.71035766601562,3.36299991607666
2011-04-26,73.96385192871094,3.319999933242798
2011-04-27,73.7837142944336,3.368000030517578
2011-04-28,74.00386047363281,3.312000036239624
2011-04-29,74.15731048583984,3.2960000038146973
2011-05-02,74.28071594238281,3.2860000133514404
2011-05-03,74.40145111083984,3.255000114440918
2011-05-04,74.46852111816406,3.2230000495910645
2011-05-05,74.38133239746094,3.1679999828338623
2011-05-06,74.40814971923828,3.1570000648498535
2011-05-09,74.56242370605469,3.1419999599456787
2011-05-10,74.36124420166016,3.194999933242798
2011-05-11,74.12643432617188,3.1570000648498535
2011-05-12,74.03927612304688,3.2300000190734863
2011-05-13,74.02586364746094,3.187000036239624
2011-05-16,74.04595947265625,3.1489999294281006
2011-05-17,74.10633850097656,3.121000051498413
2011-05-18,74.06610107421875,3.1710000038146973
2011-05-19,73.87161254882812,3.1710000038146973
2011-05-20,73.8447494506836,3.1519999504089355
2011-05-23,73.85147857666016,3.134000062942505
2011-05-24,74.22703552246094,3.122999906539917
2011-05-25,74.24723052978516,3.128999948501587
2011-05-26,74.42829895019531,3.061000108718872
2011-05-27,74.54901123046875,3.063999891281128
2011-05-31,74.35453033447266,3.049999952316284
2011-06-01,74.88872528076172,2.9660000801086426
2011-06-02,74.61788940429688,3.0299999713897705
2011-06-03,74.73299407958984,2.996999979019165
2011-06-06,74.76685333251953,3.002000093460083
2011-06-07,74.87519836425781,3.010999917984009
2011-06-08,74.86842346191406,2.9619998931884766
2011-06-09,74.78041076660156,2.997999906539917
2011-06-10,74.75333404541016,2.9709999561309814
2011-06-13,74.74656677246094,2.990999937057495
2011-06-14,74.54341125488281,3.0989999771118164
2011-06-15,74.92937469482422,2.9730000495910645
2011-06-16,74.87519836425781,2.9089999198913574
2011-06-17,74.83458709716797,2.944000005722046
2011-06-20,74.6314468383789,2.9630000591278076
2011-06-21,74.81427001953125,2.984999895095825
2011-06-22,74.6449203491211,2.993000030517578
2011-06-23,75.18665313720703,2.9089999198913574
2011-06-24,75.47782135009766,2.871000051498413
2011-06-27,75.35591125488281,2.927000045776367
2011-06-28,75.05801391601562,3.0450000762939453
2011-06-29,75.0851058959961,3.1080000400543213
2011-06-30,74.91583251953125,3.1579999923706055
2011-07-01,75.00105285644531,3.197000026702881
2011-07-05,75.08284759521484,3.135999917984009
2011-07-06,75.301025390625,3.0950000286102295
2011-07-07,75.27375030517578,3.1489999294281006
2011-07-08,75.61463165283203,3.0160000324249268
2011-07-11,76.03730010986328,2.9170000553131104
2011-07-12,76.34410858154297,2.9079999923706055
2011-07-13,76.48729705810547,2.8910000324249268
2011-07-14,76.03052520751953,2.944000005722046
2011-07-15,76.26915740966797,2.9079999923706055
2011-07-18,76.3372802734375,2.9089999198913574
2011-07-19,76.7191162109375,2.8910000324249268
2011-07-20,76.28276062011719,2.933000087738037
2011-07-21,76.12594604492188,3.009999990463257
2011-07-22,76.37822723388672,2.9639999866485596
2011-07-25,76.46002197265625,3.003999948501587
2011-07-26,76.48729705810547,2.9509999752044678
2011-07-27,76.63047790527344,2.9800000190734863
2011-07-28,76.94404602050781,2.9509999752044678
2011-07-29,77.83720397949219,2.805000066757202
2011-08-01,78.05030059814453,2.740000009536743
2011-08-02,78.56425476074219,2.624000072479248
2011-08-03,78.07772827148438,2.5989999771118164
2011-08-04,78.76297760009766,2.4579999446868896
2011-08-05,77.86526489257812,2.558000087738037
2011-08-08,78.8040771484375,2.3389999866485596
2011-08-09,79.4619369506836,2.181999921798706
2011-08-10,80.92840576171875,2.13700008392334
2011-08-11,79.24264526367188,2.3359999656677246
2011-08-12,79.69493865966797,2.236999988555908
2011-08-15,79.2906265258789,2.2850000858306885
2011-08-16,79.46880340576172,2.2139999866485596
2011-08-17,79.87995147705078,2.1649999618530273
2011-08-18,79.2700424194336,2.0829999446868896
2011-08-19,79.53730010986328,2.071000099182129
2011-08-22,79.51677703857422,2.0880000591278076
2011-08-23,79.02337646484375,2.13700008392334
2011-08-24,77.85844421386719,2.259999990463257
2011-08-25,78.46833038330078,2.2219998836517334
2011-08-26,78.70132446289062,2.187999963760376
2011-08-29,78.23534393310547,2.2709999084472656
2011-08-30,78.69447326660156,2.1760001182556152
2011-08-31,78.33810424804688,2.2179999351501465
2011-09-01,79.05085754394531,2.1459999084472656
2011-09-02,79.914306640625,1.996000051498413
2011-09-06,79.44149780273438,1.9789999723434448
2011-09-07,79.22905731201172,2.0360000133514404
2011-09-08,79.70193481445312,1.9859999418258667
2011-09-09,79.79783630371094,1.9149999618530273
2011-09-12,79.5237045288086,1.9299999475479126
2011-09-13,79.1810302734375,1.99399995803833
2011-09-14,79.08512115478516,2.010999917984009
2011-09-15,78.92749786376953,2.0850000381469727
2011-09-16,78.95490264892578,2.0759999752044678
2011-09-19,79.15364837646484,1.940000057220459
2011-09-20,79.49629211425781,1.9470000267028809
2011-09-21,79.63335418701172,1.875
2011-09-22,79.44833374023438,1.715000033378601
2011-09-23,78.9891586303711,1.8079999685287476
2011-09-26,78.61226654052734,1.9040000438690186
2011-09-27,78.75617980957031,2.0160000324249268
2011-09-28,78.7219009399414,2.002000093460083
2011-09-29,78.47517395019531,1.9570000171661377
2011-09-30,78.33129119873047,1.9240000247955322
2011-10-03,79.1020278930664,1.784999966621399
2011-10-04,79.15692138671875,1.781000018119812
2011-10-05,79.1020278930664,1.9049999713897705
2011-10-06,79.09518432617188,1.9859999418258667
2011-10-07,78.8274917602539,2.068000078201294
2011-10-10,78.28526306152344,2.0759999752044678
2011-10-11,78.47058868408203,2.1600000858306885
2011-10-12,78.14115905761719,2.2260000705718994
2011-10-13,78.1891860961914,2.1689999103546143
2011-10-14,78.07249450683594,2.2320001125335693
2011-10-17,78.36766052246094,2.1549999713897705
2011-10-18,78.74517822265625,2.1510000228881836
2011-10-19,78.62162780761719,2.1589999198913574
2011-10-20,78.63530731201172,2.180000066757202
2011-10-21,78.55296325683594,2.203000068664551
2011-10-24,78.7863540649414,2.2339999675750732
2011-10-25,79.4932861328125,2.128000020980835
2011-10-26,79.42459869384766,2.203000068664551
2011-10-27,78.97160339355469,2.3949999809265137
2011-10-28,79.24614715576172,2.305999994277954
2011-10-31,79.9531021118164,2.174999952316284
2011-11-01,80.93074035644531,2.000999927520752
2011-11-02,80.95830535888672,2.00600004196167
2011-11-03,80.39370727539062,2.065999984741211
2011-11-04,80.82745361328125,2.049999952316284
2011-11-07,81.23368072509766,1.99399995803833
2011-11-08,80.6966781616211,2.065000057220459
2011-11-09,80.68287658691406,1.9550000429153442
2011-11-10,80.84122467041016,2.055999994277954
2011-11-11,80.59337615966797,2.055999994277954
2011-11-14,80.70355224609375,2.0429999828338623
2011-11-15,80.39370727539062,2.056999921798706
2011-11-16,80.16656494140625,2.0239999294281006
2011-11-17,80.1596450805664,1.9579999446868896
2011-11-18,80.18031311035156,2.01200008392334
2011-11-21,80.0357666015625,1.9620000123977661
2011-11-22,80.2835922241211,1.9390000104904175
2011-11-23,80.62092590332031,1.878999948501587
2011-11-25,80.36622619628906,1.9670000076293945
2011-11-28,80.6278076171875,1.9579999446868896
2011-11-29,80.60718536376953,1.996000051498413
2011-11-30,80.37313079833984,2.068000078201294
2011-12-01,80.34619140625,2.117000102996826
2011-12-02,80.71186065673828,2.0420000553131104
2011-12-05,80.69806671142578,2.053999900817871
2011-12-06,80.49797821044922,2.0929999351501465
2011-12-07,80.35997772216797,2.0169999599456787
2011-12-08,80.39445495605469,1.972000002861023
2011-12-09,79.96674346923828,2.052000045776367
2011-12-12,80.33927917480469,2.009000062942505
2011-12-13,80.56002044677734,1.9620000123977661
2011-12-14,80.7187271118164,1.9010000228881836
2011-12-15,80.51863861083984,1.9129999876022339
2011-12-16,80.69806671142578,1.8539999723434448
2011-12-19,81.02228546142578,1.812999963760376
2011-12-20,81.07060241699219,1.9249999523162842
2011-12-21,80.75322723388672,1.9670000076293945
2011-12-22,80.71186065673828,1.9509999752044678
2011-12-23,80.61524963378906,2.0299999713897705
2011-12-27,80.39445495605469,2.009000062942505
2011-12-28,80.60143280029297,1.9079999923706055
2011-12-29,80.532470703125,1.8969999551773071
2011-12-30,80.50485229492188,1.871000051498413
2012-01-03,80.47724151611328,1.9600000381469727
2012-01-04,80.55313110351562,1.9950000047683716
2012-01-05,80.70490264892578,1.9930000305175781
2012-01-06,80.97396087646484,1.9609999656677246
2012-01-09,81.05677032470703,1.9600000381469727
2012-01-10,80.80839538574219,1.972000002861023
2012-01-11,81.01537322998047,1.9040000438690186
2012-01-12,80.89116668701172,1.9329999685287476
2012-01-13,81.11885833740234,1.8530000448226929
2012-01-17,81.20162963867188,1.850000023841858
2012-01-18,81.13957214355469,1.8969999551773071
2012-01-19,80.84292602539062,1.972000002861023
2012-01-20,80.67733764648438,2.0280001163482666
2012-01-23,80.51174926757812,2.066999912261963
2012-01-24,80.51863861083984,2.063999891281128
2012-01-25,81.13957214355469,2.006999969482422
2012-01-26,81.51211547851562,1.930999994277954
2012-01-27,81.6845932006836,1.8980000019073486
2012-01-30,81.95365142822266,1.8370000123977661
2012-01-31,82.34685516357422,1.7990000247955322
2012-02-01,82.29864501953125,1.8459999561309814
2012-02-02,82.29864501953125,1.8250000476837158
2012-02-03,81.60872650146484,1.9490000009536743
2012-02-06,81.97434997558594,1.9010000228881836
2012-02-07,81.67078399658203,1.965999960899353
2012-02-08,81.65013122558594,1.975000023841858
2012-02-09,81.33961486816406,2.046999931335449
2012-02-10,81.71906280517578,1.968999981880188
2012-02-13,81.8846664428711,1.9900000095367432
2012-02-14,81.8846664428711,1.9240000247955322
2012-02-15,82.03644561767578,1.930999994277954
2012-02-16,81.82947540283203,1.9930000305175781
2012-02-17,81.63629913330078,2.009999990463257
2012-02-21,81.58800506591797,2.0450000762939453
2012-02-22,82.05022430419922,2.005000114440918
2012-02-23,82.07781982421875,1.9839999675750732
2012-02-24,82.09854125976562,1.9769999980926514
2012-02-27,82.2296371459961,1.9220000505447388
2012-02-28,82.24342346191406,1.9290000200271606
2012-02-29,81.87090301513672,1.9769999980926514
2012-03-01,81.67078399658203,2.0369999408721924
2012-03-02,81.67769622802734,1.9859999418258667
2012-03-05,81.30517578125,2.005000114440918
2012-03-06,81.5396957397461,1.944000005722046
2012-03-07,81.71906280517578,1.972000002861023
2012-03-08,81.6845932006836,2.0139999389648438
2012-03-09,81.82947540283203,2.0380001068115234
2012-03-12,81.93295288085938,2.0309998989105225
2012-03-13,81.73285675048828,2.1070001125335693
2012-03-14,80.97396087646484,2.2739999294281006
2012-03-15,81.08436584472656,2.2809998989105225
2012-03-16,81.13267517089844,2.2980000972747803
2012-03-19,80.91878509521484,2.378999948501587
2012-03-20,80.84292602539062,2.371999979019165
2012-03-21,80.99470520019531,2.2939999103546143
2012-03-22,81.08436584472656,2.2750000953674316
2012-03-23,81.34652709960938,2.236999988555908
2012-03-26,81.11196899414062,2.24399995803833
2012-03-27,81.40171813964844,2.187000036239624
2012-03-28,81.29827117919922,2.196000099182129
2012-03-29,81.43620300292969,2.1589999198913574
2012-03-30,81.1672134399414,2.2160000801086426
2012-04-02,81.57810974121094,2.193000078201294
2012-04-03,80.97620391845703,2.2839999198913574
2012-04-04,80.99005889892578,2.243000030517578
2012-04-05,81.20450592041016,2.174999952316284
2012-04-09,81.57810974121094,2.0369999408721924
2012-04-10,82.04851531982422,1.9880000352859497
2012-04-11,82.1800308227539,2.0280001163482666
2012-04-12,82.02774047851562,2.0490000247955322
2012-04-13,82.37368774414062,1.9980000257492065
2012-04-16,82.32527160644531,1.9739999771118164
2012-04-17,82.50511169433594,2.009000062942505
2012-04-18,82.40824890136719,1.9819999933242798
2012-04-19,82.19379425048828,1.9520000219345093
2012-04-20,82.40137481689453,1.9700000286102295
2012-04-23,82.49124908447266,1.9329999685287476
2012-04-24,82.51203155517578,1.9609999656677246
2012-04-25,82.4774398803711,1.9839999675750732
2012-04-26,82.78882598876953,1.9589999914169312
2012-04-27,82.70572662353516,1.9329999685287476
2012-04-30,82.61582946777344,1.9149999618530273
2012-05-01,82.6477279663086,1.9559999704360962
2012-05-02,82.7380142211914,1.9220000505447388
2012-05-03,82.63385009765625,1.9240000247955322
2012-05-04,82.80742645263672,1.8799999952316284
2012-05-07,82.80047607421875,1.8769999742507935
2012-05-08,82.95323181152344,1.8370000123977661
2012-05-09,82.85598754882812,1.8350000381469727
2012-05-10,82.84213256835938,1.8839999437332153
2012-05-11,82.8837890625,1.840999960899353
2012-05-14,83.2726058959961,1.7879999876022339
2012-05-15,83.36983489990234,1.7769999504089355
2012-05-16,83.20318603515625,1.7649999856948853
2012-05-17,83.47396087646484,1.7020000219345093
2012-05-18,83.6683578491211,1.7020000219345093
2012-05-21,83.77944946289062,1.7350000143051147
2012-05-22,83.6058578491211,1.7929999828338623
2012-05-23,83.61279296875,1.7209999561309814
2012-05-24,83.49475860595703,1.7589999437332153
2012-05-25,83.57808685302734,1.7450000047683716
2012-05-29,83.3350601196289,1.7309999465942383
2012-05-30,83.82111358642578,1.625
2012-05-31,84.2237777709961,1.5809999704360962
2012-06-01,84.57601165771484,1.4670000076293945
2012-06-04,84.4152603149414,1.5269999504089355
2012-06-05,84.34538269042969,1.555999994277954
2012-06-06,83.9469985961914,1.6510000228881836
2012-06-07,83.93303680419922,1.6540000438690186
2012-06-08,83.99592590332031,1.6369999647140503
2012-06-11,83.98896789550781,1.600000023841858
2012-06-12,83.80721282958984,1.6610000133514404
2012-06-13,83.99592590332031,1.5989999771118164
2012-06-14,83.88407897949219,1.6109999418258667
2012-06-15,84.4152603149414,1.5870000123977661
2012-06-18,84.37334442138672,1.5839999914169312
2012-06-19,84.2824935913086,1.6200000047683716
2012-06-20,84.170654296875,1.6419999599456787
2012-06-21,83.8142318725586,1.6180000305175781
2012-06-22,83.4088134765625,1.6720000505447388
2012-06-25,83.7932357788086,1.6080000400543213
2012-06-26,83.73734283447266,1.628000020980835
2012-06-27,83.82120513916016,1.621000051498413
2012-06-28,83.85618591308594,1.5770000219345093
2012-06-29,83.66046142578125,1.659000039100647
2012-07-02,83.83850860595703,1.5800000429153442
2012-07-03,83.98570251464844,1.63100004196167
2012-07-05,84.1679458618164,1.597000002861023
2012-07-06,84.29417419433594,1.5440000295639038
2012-07-09,84.45539855957031,1.5130000114440918
2012-07-10,84.67269897460938,1.4980000257492065
2012-07-11,84.58851623535156,1.4980000257492065
2012-07-12,84.75679779052734,1.4789999723434448
2012-07-13,84.79884338378906,1.4989999532699585
2012-07-16,84.8969955444336,1.4639999866485596
2012-07-17,84.78485107421875,1.5010000467300415
2012-07-18,84.80587768554688,1.4789999723434448
2012-07-19,84.88296508789062,1.5149999856948853
2012-07-20,85.1493148803711,1.4600000381469727
2012-07-23,85.07923126220703,1.434999942779541
2012-07-24,85.12831115722656,1.4040000438690186
2012-07-25,85.03717041015625,1.406000018119812
2012-07-26,84.91801452636719,1.4279999732971191
2012-07-27,84.67269897460938,1.5549999475479126
2012-07-30,84.91101837158203,1.503999948501587
2012-07-31,85.12831115722656,1.4919999837875366
2012-08-01,85.1633529663086,1.5390000343322754
2012-08-02,85.1493148803711,1.4780000448226929
2012-08-03,84.99514770507812,1.5770000219345093
2012-08-06,85.05120086669922,1.5579999685287476
2012-08-07,84.86898803710938,1.628000020980835
2012-08-08,84.61661529541016,1.6399999856948853
2012-08-09,84.45539855957031,1.687999963760376
2012-08-10,84.51148223876953,1.6490000486373901
2012-08-13,84.39928436279297,1.6540000438690186
2012-08-14,84.02774810791016,1.7259999513626099
2012-08-15,83.40390014648438,1.8049999475479126
2012-08-16,83.2005844116211,1.8359999656677246
2012-08-17,83.31275939941406,1.815999984741211
2012-08-20,83.27066802978516,1.8140000104904175
2012-08-21,83.32679748535156,1.8049999475479126
2012-08-22,84.0067138671875,1.718999981880188
2012-08-23,84.39928436279297,1.6660000085830688
2012-08-24,84.38524627685547,1.6779999732971191
2012-08-27,84.65869140625,1.6490000486373901
2012-08-28,84.87599182128906,1.6299999952316284
2012-08-29,84.58851623535156,1.6540000438690186
2012-08-30,84.52548217773438,1.6200000047683716
2012-08-31,84.91801452636719,1.562000036239624
2012-09-04,84.80587768554688,1.5809999704360962
2012-09-05,84.94607543945312,1.593999981880188
2012-09-06,84.48343658447266,1.6729999780654907
2012-09-07,84.75679779052734,1.6610000133514404
2012-09-10,84.97409057617188,1.6829999685287476
2012-09-11,84.88998413085938,1.6950000524520874
2012-09-12,84.47637939453125,1.7649999856948853
2012-09-13,85.18444061279297,1.75600004196167
2012-09-14,85.47180938720703,1.8700000047683716
2012-09-17,85.39472961425781,1.8380000591278076
2012-09-18,85.28253173828125,1.812000036239624
2012-09-19,85.3876953125,1.781999945640564
2012-09-20,85.10032653808594,1.7769999504089355
2012-09-21,85.1703872680664,1.7599999904632568
2012-09-24,85.11430358886719,1.718000054359436
2012-09-25,85.22647094726562,1.6820000410079956
2012-09-26,85.4227294921875,1.6180000305175781
2012-09-27,85.40870666503906,1.6399999856948853
2012-09-28,85.35265350341797,1.6369999647140503
2012-10-01,85.52090454101562,1.625
2012-10-02,85.87138366699219,1.6150000095367432
2012-10-03,85.96247863769531,1.6230000257492065
2012-10-04,86.0887222290039,1.6649999618530273
2012-10-05,85.91344451904297,1.7319999933242798
2012-10-08,86.1167221069336,1.746000051498413
2012-10-09,85.89942169189453,1.7200000286102295
2012-10-10,85.80831146240234,1.690999984741211
2012-10-11,85.7311782836914,1.6749999523162842
2012-10-12,85.66107177734375,1.6629999876022339
2012-10-15,85.65404510498047,1.6629999876022339
2012-10-16,85.28947448730469,1.7200000286102295
2012-10-17,85.03717041015625,1.8109999895095825
2012-10-18,85.03018188476562,1.8259999752044678
2012-10-19,85.31758880615234,1.7680000066757202
2012-10-22,85.17738342285156,1.7979999780654907
2012-10-23,85.35964965820312,1.7640000581741333
2012-10-24,85.22647094726562,1.774999976158142
2012-10-25,84.97409057617188,1.8279999494552612
2012-10-26,85.39472961425781,1.75
2012-10-31,85.88542175292969,1.6859999895095825
2012-11-01,85.78842163085938,1.715000033378601
2012-11-02,85.7392349243164,1.7259999513626099
2012-11-05,85.85164642333984,1.684000015258789
2012-11-06,85.62680053710938,1.7419999837875366
2012-11-07,86.11869049072266,1.6319999694824219
2012-11-08,86.58242797851562,1.6319999694824219
2012-11-09,86.2662353515625,1.6130000352859497
2012-11-12,86.49808502197266,1.6109999418258667
2012-11-13,86.39971160888672,1.5889999866485596
2012-11-14,86.31539154052734,1.5889999866485596
2012-11-15,86.25214385986328,1.5889999866485596
2012-11-16,86.30842590332031,1.5740000009536743
2012-11-19,86.14678192138672,1.6109999418258667
2012-11-20,85.90084075927734,1.656000018119812
2012-11-21,85.69707489013672,1.687000036239624
2012-11-23,85.63382720947266,1.6929999589920044
2012-11-26,85.87274169921875,1.6640000343322754
2012-11-27,85.87274169921875,1.6449999809265137
2012-11-28,86.07652282714844,1.6169999837875366
2012-11-29,86.2311019897461,1.6200000047683716
2012-11-30,86.36459350585938,1.6059999465942383
2012-12-03,86.62207794189453,1.628000020980835
2012-12-04,86.65034484863281,1.6080000400543213
2012-12-05,86.80554962158203,1.590999960899353
2012-12-06,86.98185729980469,1.5809999704360962
2012-12-07,86.87606811523438,1.6269999742507935
2012-12-10,86.98185729980469,1.6160000562667847
2012-12-11,86.72796630859375,1.6490000486373901
2012-12-12,86.45983123779297,1.6970000267028809
2012-12-13,86.22000885009766,1.7280000448226929
2012-12-14,86.31172180175781,1.7079999446868896
2012-12-17,85.98715209960938,1.7630000114440918
2012-12-18,85.74028015136719,1.8270000219345093
2012-12-19,85.81085205078125,1.7999999523162842
2012-12-20,85.8531723022461,1.7999999523162842
2012-12-21,86.09297943115234,1.753999948501587
2012-12-24,85.9942626953125,1.7740000486373901
2012-12-26,86.1064224243164,1.7580000162124634
2012-12-27,86.2051773071289,1.715000033378601
2012-12-28,86.17697143554688,1.7109999656677246
2012-12-31,85.65492248535156,1.75600004196167
2013-01-02,85.60552215576172,1.8389999866485596
2013-01-03,85.01993560791016,1.8990000486373901
2013-01-04,84.98467254638672,1.9149999618530273
2013-01-07,85.27392578125,1.902999997138977
2013-01-08,85.39387512207031,1.871000051498413
2013-01-09,85.5490951538086,1.8519999980926514
2013-01-10,85.47148132324219,1.8940000534057617
2013-01-11,85.5490951538086,1.875
2013-01-14,85.57731628417969,1.8569999933242798
2013-01-15,85.63372802734375,1.8309999704360962
2013-01-16,85.61256408691406,1.8240000009536743
2013-01-17,85.46444702148438,1.875
2013-01-18,85.60552215576172,1.843000054359436
2013-01-22,85.59142303466797,1.8350000381469727
2013-01-23,85.60552215576172,1.8329999446868896
2013-01-24,85.55613708496094,1.843999981880188
2013-01-25,85.19633483886719,1.9470000267028809
2013-01-28,85.08345031738281,1.9739999771118164
2013-01-29,84.92823791503906,1.9880000352859497
2013-01-30,84.95647430419922,2.00600004196167
2013-01-31,85.21043395996094,1.9850000143051147
2013-02-01,84.7942123413086,2.009999990463257
2013-02-04,85.34445190429688,1.9730000495910645
2013-02-05,85.0975570678711,2.0160000324249268
2013-02-06,85.19633483886719,1.968000054359436
2013-02-07,85.1187515258789,1.9509999752044678
2013-02-08,85.09053039550781,1.9539999961853027
2013-02-11,85.02703094482422,1.9459999799728394
2013-02-12,85.01993560791016,1.9819999933242798
2013-02-13,84.78007507324219,2.0190000534057617
2013-02-14,84.92823791503906,2.0
2013-02-15,84.6954345703125,2.006999969482422
2013-02-19,84.6530990600586,2.0260000228881836
2013-02-20,84.67428588867188,2.0209999084472656
2013-02-21,84.78007507324219,1.9759999513626099
2013-02-22,84.9635238647461,1.9670000076293945
2013-02-25,85.3868408203125,1.8949999809265137
2013-02-26,85.18219757080078,1.878999948501587
2013-02-27,85.18219757080078,1.902999997138977
2013-02-28,85.37268829345703,1.8880000114440918
2013-03-01,85.7325439453125,1.8530000448226929
2013-03-04,85.46444702148438,1.8769999742507935
2013-03-05,85.4432601928711,1.8940000534057617
2013-03-06,85.25274658203125,1.937999963760376
2013-03-07,84.93531799316406,1.9910000562667847
2013-03-08,84.6601333618164,2.055999994277954
2013-03-11,84.61780548095703,2.055999994277954
2013-03-12,84.77301025390625,2.0230000019073486
2013-03-13,84.7942123413086,2.0209999084472656
2013-03-14,84.94234466552734,2.0329999923706055
2013-03-15,85.05525207519531,1.996000051498413
2013-03-18,85.2386474609375,1.9559999704360962
2013-03-19,85.32331085205078,1.9079999923706055
2013-03-20,85.08345031738281,1.937000036239624
2013-03-21,85.12574768066406,1.9320000410079956
2013-03-22,85.27392578125,1.9149999618530273
2013-03-25,85.28101348876953,1.9149999618530273
2013-03-26,85.33039093017578,1.906000018119812
2013-03-27,85.59142303466797,1.8509999513626099
2013-03-28,85.55613708496094,1.8519999980926514
2013-04-01,85.5914306640625,1.840000033378601
2013-04-02,85.5490951538086,1.8609999418258667
2013-04-03,85.76793670654297,1.812000036239624
2013-04-04,86.17029571533203,1.7589999437332153
2013-04-05,86.53034973144531,1.694000005722046
2013-04-08,86.14918518066406,1.7319999933242798
2013-04-09,86.07149505615234,1.746999979019165
2013-04-10,85.5914306640625,1.8049999475479126
2013-04-11,85.83148193359375,1.7910000085830688
2013-04-12,86.18446350097656,1.7209999561309814
2013-04-15,86.17029571533203,1.7020000219345093
2013-04-16,86.0220718383789,1.718999981880188
2013-04-17,86.00797271728516,1.7039999961853027
2013-04-18,85.40787506103516,1.684999942779541
2013-04-19,85.73967742919922,1.7029999494552612
2013-04-22,85.96558380126953,1.6979999542236328
2013-04-23,86.00797271728516,1.6979999542236328
2013-04-24,86.13502502441406,1.6979999542236328
2013-04-25,86.19854736328125,1.7109999656677246
2013-04-26,86.5162582397461,1.6629999876022339
2013-04-29,86.28326416015625,1.6679999828338623
2013-04-30,86.23385620117188,1.6749999523162842
2013-05-01,86.21337890625,1.6390000581741333
2013-05-02,86.12134552001953,1.63100004196167
2013-05-03,85.53388977050781,1.7519999742507935
2013-05-06,85.40647888183594,1.7710000276565552
2013-05-07,85.39938354492188,1.7829999923706055
2013-05-08,85.21536254882812,1.7599999904632568
2013-05-09,85.17998504638672,1.812999963760376
2013-05-10,84.9393310546875,1.899999976158142
2013-05-13,84.68455505371094,1.9229999780654907
2013-05-14,84.32357025146484,1.9520000219345093
2013-05-15,84.35189056396484,1.9429999589920044
2013-05-16,84.5925521850586,1.8650000095367432
2013-05-17,84.16785430908203,1.9490000009536743
2013-05-20,84.14665985107422,1.965000033378601
2013-05-21,84.32357025146484,1.944000005722046
2013-05-22,83.56627655029297,2.0260000228881836
2013-05-23,83.5875015258789,2.0230000019073486
2013-05-24,83.65827941894531,2.010999917984009
2013-05-28,82.90095520019531,2.134999990463257
2013-05-29,82.8443603515625,2.124000072479248
2013-05-30,82.54000091552734,2.124000072479248
2013-05-31,82.61788177490234,2.1640000343322754
2013-06-03,82.54195404052734,2.134000062942505
2013-06-04,82.3858413696289,2.13700008392334
2013-06-05,82.48521423339844,2.0999999046325684
2013-06-06,82.3929672241211,2.075000047683716
2013-06-07,81.91044616699219,2.1610000133514404
2013-06-10,81.34283447265625,2.2149999141693115
2013-06-11,81.30023956298828,2.194999933242798
2013-06-12,80.67584228515625,2.2300000190734863
2013-06-13,81.29314422607422,2.1740000247955322
2013-06-14,81.22216033935547,2.125999927520752
2013-06-17,80.95964813232422,2.1710000038146973
2013-06-18,81.17963409423828,2.181999921798706
2013-06-19,80.10111236572266,2.311000108718872
2013-06-20,79.29220581054688,2.4189999103546143
2013-06-21,78.36274719238281,2.5139999389648438
2013-06-24,78.064697265625,2.5480000972747803
2013-06-25,78.1994857788086,2.5889999866485596
2013-06-26,78.55427551269531,2.5390000343322754
2013-06-27,79.20709228515625,2.4830000400543213
2013-06-28,79.4766616821289,2.4779999256134033
2013-07-01,79.58965301513672,2.490000009536743
2013-07-02,79.845458984375,2.4690001010894775
2013-07-03,79.69622802734375,2.500999927520752
2013-07-05,78.60919189453125,2.7149999141693115
2013-07-08,79.10652160644531,2.6449999809265137
2013-07-09,79.07100677490234,2.630000114440918
2013-07-10,78.8010482788086,2.680000066757202
2013-07-11,79.3481216430664,2.5739998817443848
2013-07-12,79.37652587890625,2.6010000705718994
2013-07-15,79.76020050048828,2.555999994277954
2013-07-16,80.07991027832031,2.5320000648498535
2013-07-17,80.3001708984375,2.490999937057495
2013-07-18,80.00885772705078,2.5339999198913574
2013-07-19,80.58436584472656,2.490999937057495
2013-07-22,80.55592346191406,2.48799991607666
2013-07-23,80.37122344970703,2.5160000324249268
2013-07-24,79.71757507324219,2.5880000591278076
2013-07-25,79.76020050048828,2.6070001125335693
2013-07-26,79.781494140625,2.561000108718872
2013-07-29,79.72466278076172,2.5850000381469727
2013-07-30,79.68915557861328,2.6029999256134033
2013-07-31,80.1935806274414,2.5929999351501465
2013-08-01,79.63191986083984,2.7230000495910645
2013-08-02,80.03715515136719,2.6019999980926514
2013-08-05,80.0442886352539,2.640000104904175
2013-08-06,80.23626708984375,2.6419999599456787
2013-08-07,80.42820739746094,2.5999999046325684
2013-08-08,80.51351928710938,2.5869998931884766
2013-08-09,80.59170532226562,2.5799999237060547
2013-08-12,80.37841796875,2.6050000190734863
2013-08-13,79.67459869384766,2.7149999141693115
2013-08-14,79.50399017333984,2.7119998931884766
2013-08-15,78.93521118164062,2.755000114440918
2013-08-16,78.56555938720703,2.8289999961853027
2013-08-19,78.0963363647461,2.884000062942505
2013-08-20,78.57978057861328,2.813999891281128
2013-08-21,78.02526092529297,2.8550000190734863
2013-08-22,78.0608139038086,2.9010000228881836
2013-08-23,78.6081771850586,2.818000078201294
2013-08-26,78.88545227050781,2.805000066757202
2013-08-27,79.36890411376953,2.7209999561309814
2013-08-28,79.07744598388672,2.7820000648498535
2013-08-29,78.9708023071289,2.750999927520752
2013-08-30,78.72905731201172,2.749000072479248
2013-09-03,78.3184585571289,2.8480000495910645
2013-09-04,77.9199447631836,2.8970000743865967
2013-09-05,77.3577880859375,2.9790000915527344
2013-09-06,77.67803955078125,2.937999963760376
2013-09-09,77.82035064697266,2.8970000743865967
2013-09-10,77.6922607421875,2.9590001106262207
2013-09-11,78.1334457397461,2.9200000762939453
2013-09-12,78.16902160644531,2.9070000648498535
2013-09-13,78.1618881225586,2.8980000019073486
2013-09-16,78.37539672851562,2.874000072479248
2013-09-17,78.68136596679688,2.8529999256134033
2013-09-18,79.72740936279297,2.7079999446868896
2013-09-19,79.47128295898438,2.747999906539917
2013-09-20,79.69184112548828,2.7320001125335693
2013-09-23,79.96939086914062,2.7139999866485596
2013-09-24,79.98363494873047,2.6530001163482666
2013-09-25,80.05476379394531,2.614000082015991
2013-09-26,79.94092559814453,2.6429998874664307
2013-09-27,79.96222686767578,2.61899995803833
2013-09-30,80.1116714477539,2.615000009536743
2013-10-01,80.00987243652344,2.6459999084472656
2013-10-02,80.13802337646484,2.625999927520752
2013-10-03,80.19501495361328,2.6059999465942383
2013-10-04,80.02417755126953,2.6519999504089355
2013-10-07,80.10956573486328,2.634000062942505
2013-10-08,79.89600372314453,2.635999917984009
2013-10-09,79.90309143066406,2.6500000953674316
2013-10-10,79.83907318115234,2.684999942779541
2013-10-11,79.82482147216797,2.681999921798706
2013-10-14,79.47598266601562,2.690999984741211
2013-10-15,79.6325912475586,2.7200000286102295
2013-10-16,79.79634094238281,2.6710000038146973
2013-10-17,80.10956573486328,2.5869998931884766
2013-10-18,80.22344970703125,2.5889999866485596
2013-10-21,80.1594009399414,2.6089999675750732
2013-10-22,80.56517028808594,2.51200008392334
2013-10-23,80.52960205078125,2.484999895095825
2013-10-24,80.55805969238281,2.5220000743865967
2013-10-25,80.7360610961914,2.503000020980835
2013-10-28,80.70040893554688,2.51200008392334
2013-10-29,80.65055847167969,2.506999969482422
2013-10-30,80.54379272460938,2.5269999504089355
2013-10-31,80.38720703125,2.5420000553131104
2013-11-01,79.8441390991211,2.619999885559082
2013-11-04,79.88689422607422,2.6019999980926514
2013-11-05,79.5733871459961,2.6619999408721924
2013-11-06,80.02946472167969,2.640000104904175
2013-11-07,80.13639068603516,2.61299991607666
2013-11-08,79.45223999023438,2.746000051498413
2013-11-11,79.30255889892578,2.750999927520752
2013-11-12,79.34529113769531,2.7679998874664307
2013-11-13,79.48072814941406,2.7249999046325684
2013-11-14,79.91542053222656,2.7019999027252197
2013-11-15,79.95106506347656,2.7090001106262207
2013-11-18,80.16483306884766,2.677999973297119
2013-11-19,79.85128784179688,2.7119998931884766
2013-11-20,79.35955810546875,2.7920000553131104
2013-11-21,79.49500274658203,2.7839999198913574
2013-11-22,79.7159194946289,2.752000093460083
2013-11-25,79.76575469970703,2.740999937057495
2013-11-26,79.75863647460938,2.696000099182129
2013-11-27,79.60187530517578,2.7360000610351562
2013-11-29,79.53771209716797,2.740999937057495
2013-12-02,79.18824005126953,2.8010001182556152
2013-12-03,79.23101043701172,2.7750000953674316
2013-12-04,78.78883361816406,2.8410000801086426
2013-12-05,78.69617462158203,2.861999988555908
2013-12-06,78.6889877319336,2.882999897003174
2013-12-09,78.75318145751953,2.8570001125335693
2013-12-10,78.96002960205078,2.796999931335449
2013-12-11,78.8316879272461,2.8440001010894775
2013-12-12,78.61052703857422,2.877000093460083
2013-12-13,78.83878326416016,2.868000030517578
2013-12-16,78.8958740234375,2.877000093460083
2013-12-17,79.13121795654297,2.8429999351501465
2013-12-18,78.7817153930664,2.884999990463257
2013-12-19,78.48931121826172,2.924999952316284
2013-12-20,78.75318145751953,2.88700008392334
2013-12-23,78.6176986694336,2.928999900817871
2013-12-24,78.35383605957031,2.9830000400543213
2013-12-26,78.31814575195312,2.990000009536743
2013-12-27,78.27537536621094,3.00600004196167
2013-12-30,78.49641418457031,2.9760000705718994
2013-12-31,78.38233947753906,3.0260000228881836
2014-01-02,78.63908386230469,2.984999895095825
2014-01-03,78.60343170166016,2.994999885559082
2014-01-06,78.8673095703125,2.9609999656677246
2014-01-07,78.88158416748047,2.937000036239624
2014-01-08,78.8316879272461,2.993000030517578
2014-01-09,79.13121795654297,2.9630000591278076
2014-01-10,79.55199432373047,2.859999895095825
2014-01-13,79.58767700195312,2.8269999027252197
2014-01-14,79.31666564941406,2.86899995803833
2014-01-15,79.2453384399414,2.884000062942505
2014-01-16,79.30950164794922,2.8429999351501465
2014-01-17,79.45928955078125,2.8269999027252197
2014-01-21,79.30950164794922,2.825000047683716
2014-01-22,79.17398834228516,2.859999895095825
2014-01-23,79.5163345336914,2.7730000019073486
2014-01-24,79.74456024169922,2.734999895095825
2014-01-27,79.46642303466797,2.7660000324249268
2014-01-28,79.62330627441406,2.746000051498413
2014-01-29,79.92283630371094,2.674999952316284
2014-01-30,79.87293243408203,2.693000078201294
2014-01-31,80.02983093261719,2.6679999828338623
2014-02-03,80.50054931640625,2.5810000896453857
2014-02-04,80.15110778808594,2.624000072479248
2014-02-05,79.80162811279297,2.6670000553131104
2014-02-06,79.81591033935547,2.7019999027252197
2014-02-07,80.04413604736328,2.674999952316284
2014-02-10,80.11547088623047,2.677999973297119
2014-02-11,79.85870361328125,2.7190001010894775
2014-02-12,79.65898895263672,2.763000011444092
2014-02-13,79.93000030517578,2.7360000610351562
2014-02-14,79.76597595214844,2.746000051498413
2014-02-18,79.91571807861328,2.7109999656677246
2014-02-19,79.75883483886719,2.7339999675750732
2014-02-20,79.5163345336914,2.753999948501587
2014-02-21,79.65898895263672,2.7339999675750732
2014-02-24,79.65898895263672,2.75
2014-02-25,79.96566009521484,2.7009999752044678
2014-02-26,80.15110778808594,2.6730000972747803
2014-02-27,80.2652359008789,2.6419999599456787
2014-02-28,80.3792953491211,2.6579999923706055
2014-03-03,80.75019836425781,2.6070001125335693
2014-03-04,80.22953033447266,2.690999984741211
2014-03-05,80.34371185302734,2.697999954223633
2014-03-06,80.14395904541016,2.736999988555908
2014-03-07,79.9727554321289,2.7899999618530273
2014-03-10,80.00846862792969,2.7839999198913574
2014-03-11,79.98707580566406,2.7660000324249268
2014-03-12,80.1582260131836,2.7260000705718994
2014-03-13,80.48631286621094,2.6530001163482666
2014-03-14,80.4720458984375,2.6449999809265137
2014-03-17,80.28661346435547,2.6989998817443848
2014-03-18,80.44352722167969,2.680999994277954
2014-03-19,79.7018051147461,2.7720000743865967
2014-03-20,79.45219421386719,2.7750000953674316
2014-03-21,79.75171661376953,2.75
2014-03-24,79.8515625,2.7330000400543213
2014-03-25,79.83014678955078,2.734999895095825
2014-03-26,80.10830688476562,2.7009999752044678
2014-03-27,80.1368637084961,2.671999931335449
2014-03-28,79.93714141845703,2.7119998931884766
2014-03-31,79.95140075683594,2.7230000495910645
2014-04-01,79.67322540283203,2.759000062942505
2014-04-02,79.4949722290039,2.802999973297119
2014-04-03,79.58767700195312,2.7899999618530273
2014-04-04,79.95140075683594,2.7260000705718994
2014-04-07,80.07263946533203,2.694999933242798
2014-04-08,80.11547088623047,2.680999994277954
2014-04-09,80.17247772216797,2.684000015258789
2014-04-10,80.45064544677734,2.628000020980835
2014-04-11,80.65746307373047,2.61899995803833
2014-04-14,80.50054931640625,2.6389999389648438
2014-04-15,80.70027923583984,2.628000020980835
2014-04-16,80.75019836425781,2.63700008392334
2014-04-17,80.65036010742188,2.7209999561309814
2014-04-21,80.65036010742188,2.7209999561309814
2014-04-22,80.65036010742188,2.7260000705718994
2014-04-23,80.90000915527344,2.686000108718872
2014-04-24,80.94989776611328,2.687999963760376
2014-04-25,80.9855728149414,2.6659998893737793
2014-04-28,80.7430648803711,2.677000045776367
2014-04-29,80.69313049316406,2.694999933242798
2014-04-30,81.00696563720703,2.6480000019073486
2014-05-01,81.29859924316406,2.6059999465942383
2014-05-02,81.51307678222656,2.5910000801086426
2014-05-05,81.34148406982422,2.6110000610351562
2014-05-06,81.31291198730469,2.5950000286102295
2014-05-07,81.36293029785156,2.5899999141693115
2014-05-08,81.4773178100586,2.6019999980926514
2014-05-09,81.42730712890625,2.622999906539917
2014-05-12,81.2057113647461,2.6559998989105225
2014-05-13,81.41297912597656,2.618000030517578
2014-05-14,81.87763214111328,2.5429999828338623
2014-05-15,82.25650024414062,2.502000093460083
2014-05-16,82.17073059082031,2.5179998874664307
2014-05-19,81.92769622802734,2.5360000133514404
2014-05-20,82.08493041992188,2.509000062942505
2014-05-21,82.034912109375,2.5369999408721924
2014-05-22,82.16358184814453,2.555000066757202
2014-05-23,82.35660552978516,2.5360000133514404
2014-05-27,82.4066162109375,2.5179998874664307
2014-05-28,82.85699462890625,2.437999963760376
2014-05-29,82.82120513916016,2.447000026702881
2014-05-30,82.6281967163086,2.4570000171661377
2014-06-02,82.29389953613281,2.5339999198913574
2014-06-03,81.81222534179688,2.5929999351501465
2014-06-04,81.59654998779297,2.6059999465942383
2014-06-05,81.80504608154297,2.5840001106262207
2014-06-06,81.80504608154297,2.5969998836517334
2014-06-09,81.79788970947266,2.61299991607666
2014-06-10,81.66126251220703,2.634999990463257
2014-06-11,81.7403793334961,2.640000104904175
2014-06-12,81.98480224609375,2.5859999656677246
2014-06-13,81.84818267822266,2.6040000915527344
2014-06-16,81.92729949951172,2.5969998836517334
2014-06-17,81.81222534179688,2.6549999713897705
2014-06-18,82.21482849121094,2.61299991607666
2014-06-19,82.09981536865234,2.621999979019165
2014-06-20,82.40174865722656,2.624000072479248
2014-06-23,82.32984924316406,2.622999906539917
2014-06-24,82.70366668701172,2.5859999656677246
2014-06-25,82.73965454101562,2.559000015258789
2014-06-26,82.89778137207031,2.5250000953674316
2014-06-27,82.92658233642578,2.5320000648498535
2014-06-30,82.9337387084961,2.5160000324249268
2014-07-01,82.60493469238281,2.562999963760376
2014-07-02,82.2155532836914,2.628000020980835
2014-07-03,82.28045654296875,2.6480000019073486
2014-07-07,82.4390869140625,2.617000102996826
2014-07-08,82.70588684082031,2.565000057220459
2014-07-09,82.90779113769531,2.546999931335449
2014-07-10,83.00873565673828,2.5320000648498535
2014-07-11,83.13128662109375,2.5199999809265137
2014-07-14,82.9654769897461,2.5490000247955322
2014-07-15,82.78520202636719,2.5490000247955322
2014-07-16,82.76356506347656,2.5380001068115234
2014-07-17,83.28276062011719,2.4749999046325684
2014-07-18,83.12411499023438,2.4839999675750732
2014-07-21,83.27555084228516,2.4739999771118164
2014-07-22,83.20340728759766,2.4660000801086426
2014-07-23,83.19618225097656,2.4639999866485596
2014-07-24,83.04479217529297,2.509000062942505
2014-07-25,83.40531158447266,2.4690001010894775
2014-07-28,83.31155395507812,2.490999937057495
2014-07-29,83.43413543701172,2.4619998931884766
2014-07-30,82.88615417480469,2.553999900817871
2014-07-31,82.85728454589844,2.555999994277954
2014-08-01,83.17267608642578,2.505000114440918
2014-08-04,83.04972839355469,2.490999937057495
2014-08-05,83.14373779296875,2.4830000400543213
2014-08-06,83.15099334716797,2.4739999771118164
2014-08-07,83.51264190673828,2.4240000247955322
2014-08-08,83.44032287597656,2.4149999618530273
2014-08-11,83.44756317138672,2.4200000762939453
2014-08-12,83.1943359375,2.441999912261963
2014-08-13,83.43307495117188,2.4130001068115234
2014-08-14,83.51986694335938,2.4000000953674316
2014-08-15,83.72236633300781,2.3450000286102295
2014-08-18,83.39691162109375,2.38700008392334
2014-08-19,83.24502563476562,2.4049999713897705
2014-08-20,82.99909973144531,2.4260001182556152
2014-08-21,83.158203125,2.4070000648498535
2014-08-22,83.1220474243164,2.4030001163482666
2014-08-25,83.22332000732422,2.38700008392334
2014-08-26,83.158203125,2.3910000324249268
2014-08-27,83.31013488769531,2.3610000610351562
2014-08-28,83.44032287597656,2.3340001106262207
2014-08-29,83.36076354980469,2.3429999351501465
2014-09-02,82.91443634033203,2.4189999103546143
2014-09-03,83.06659698486328,2.4100000858306885
2014-09-04,82.75508117675781,2.447999954223633
2014-09-05,82.6680908203125,2.4609999656677246
2014-09-08,82.46521759033203,2.4690001010894775
2014-09-09,82.22613525390625,2.5
2014-09-10,81.91460418701172,2.5339999198913574
2014-09-11,81.95085906982422,2.5309998989105225
2014-09-12,81.624755859375,2.614000082015991
2014-09-15,81.7189712524414,2.5910000801086426
2014-09-16,81.6972427368164,2.5889999866485596
2014-09-17,81.1466064453125,2.5999999046325684
2014-09-18,80.93646240234375,2.628999948501587
2014-09-19,81.1755599975586,2.5869998931884766
2014-09-22,81.1176528930664,2.565999984741211
2014-09-23,81.42189025878906,2.5350000858306885
2014-09-24,81.34941864013672,2.569000005722046
2014-09-25,81.64649963378906,2.510999917984009
2014-09-26,81.22631072998047,2.5350000858306885
2014-09-29,81.28424835205078,2.490999937057495
2014-09-30,81.19731140136719,2.507999897003174
2014-10-01,81.77691650390625,2.4030001163482666
2014-10-02,81.57404327392578,2.437999963760376
2014-10-03,81.44364166259766,2.447000026702881
2014-10-06,81.51609802246094,2.424999952316284
2014-10-07,81.85661315917969,2.3499999046325684
2014-10-08,82.30583953857422,2.3299999237060547
2014-10-09,82.21890258789062,2.3269999027252197
2014-10-10,82.44345092773438,2.306999921798706
2014-10-13,82.82747650146484,2.2860000133514404
2014-10-14,82.63184356689453,2.2060000896453857
2014-10-15,82.7260513305664,2.0899999141693115
2014-10-16,82.6246109008789,2.1530001163482666
2014-10-17,82.59567260742188,2.1989998817443848
2014-10-20,82.6246109008789,2.180999994277954
2014-10-21,82.45796966552734,2.2079999446868896
2014-10-22,82.42174530029297,2.2290000915527344
2014-10-23,82.12466430664062,2.2750000953674316
2014-10-24,82.08124542236328,2.2730000019073486
2014-10-27,82.03775024414062,2.256999969482422
2014-10-28,82.00152587890625,2.2839999198913574
2014-10-29,81.89283752441406,2.322999954223633
2014-10-30,81.86384582519531,2.305000066757202
2014-10-31,81.92906951904297,2.3350000381469727
2014-11-03,81.92906951904297,2.3480000495910645
2014-11-04,81.90010070800781,2.3420000076293945
2014-11-05,81.97982788085938,2.3499999046325684
2014-11-06,81.84215545654297,2.375
2014-11-07,82.32032012939453,2.312000036239624
2014-11-10,82.03053283691406,2.3589999675750732
2014-11-11,82.01602172851562,2.359999895095825
2014-11-12,81.90010070800781,2.3589999675750732
2014-11-13,81.80590057373047,2.3469998836517334
2014-11-14,82.01602172851562,2.319999933242798
2014-11-17,81.73342895507812,2.3399999141693115
2014-11-18,81.80590057373047,2.322000026702881
2014-11-19,81.45814514160156,2.3510000705718994
2014-11-20,81.6682357788086,2.3350000381469727
2014-11-21,81.91460418701172,2.315000057220459
2014-11-24,81.97982788085938,2.309999942779541
2014-11-25,82.05225372314453,2.259999990463257
2014-11-26,82.09574890136719,2.2339999675750732
2014-11-28,82.05947875976562,2.194000005722046
2014-12-01,81.86377716064453,2.2179999351501465
2014-12-02,81.39982604980469,2.2850000858306885
2014-12-03,81.50132751464844,2.2869999408721924
2014-12-04,81.66082000732422,2.256999969482422
2014-12-05,81.18961334228516,2.306999921798706
2014-12-08,81.25485229492188,2.256999969482422
2014-12-09,81.60279846191406,2.2200000286102295
2014-12-10,81.76954650878906,2.1689999103546143
2014-12-11,81.66082000732422,2.177999973297119
2014-12-12,81.75502014160156,2.1029999256134033
2014-12-15,81.43609619140625,2.115999937057495
2014-12-16,81.94352722167969,2.071000099182129
2014-12-17,81.55929565429688,2.1480000019073486
2014-12-18,81.04460144042969,2.2039999961853027
2014-12-19,81.44331359863281,2.1760001182556152
2014-12-22,81.5230712890625,2.1619999408721924
2014-12-23,80.93589782714844,2.256999969482422
2014-12-24,80.84889221191406,2.2639999389648438
2014-12-26,80.87788391113281,2.25
2014-12-29,81.00114440917969,2.2070000171661377
2014-12-30,80.97933959960938,2.190000057220459
2014-12-31,81.19685363769531,2.1700000762939453
2015-01-02,81.71880340576172,2.122999906539917
2015-01-05,81.78400421142578,2.0390000343322754
2015-01-06,81.79126739501953,1.9630000591278076
2015-01-07,81.85651397705078,1.9539999961853027
2015-01-08,81.72603607177734,2.0160000324249268
2015-01-09,81.97249603271484,1.9709999561309814
2015-01-12,81.95076751708984,1.9119999408721924
2015-01-13,81.82026672363281,1.8899999856948853
2015-01-14,82.30596923828125,1.8370000123977661
2015-01-15,82.95836639404297,1.774999976158142
2015-01-16,82.49444580078125,1.815000057220459
2015-01-20,82.69014739990234,1.8070000410079956
2015-01-21,82.3494644165039,1.8530000448226929
2015-01-22,82.37123107910156,1.8960000276565552
2015-01-23,82.87136840820312,1.8170000314712524
2015-01-26,82.73365783691406,1.8279999494552612
2015-01-27,82.99462127685547,1.8250000476837158
2015-01-28,83.31362915039062,1.7239999771118164
2015-01-29,83.21932983398438,1.7510000467300415
2015-01-30,83.821044921875,1.6749999523162842
2015-02-02,83.76300811767578,1.6729999780654907
2015-02-03,83.37881469726562,1.7799999713897705
2015-02-04,83.55281066894531,1.7970000505447388
2015-02-05,83.19035339355469,1.815000057220459
2015-02-06,82.53793334960938,1.937999963760376
2015-02-09,82.39293670654297,1.9479999542236328
2015-02-10,82.11746978759766,1.9910000562667847
2015-02-11,81.96526336669922,1.9880000352859497
2015-02-12,81.83476257324219,1.9859999418258667
2015-02-13,81.66804504394531,2.0209999084472656
2015-02-17,81.25485229492188,2.1449999809265137
2015-02-18,81.5955810546875,2.065999984741211
2015-02-19,81.53032684326172,2.11299991607666
2015-02-20,81.53753662109375,2.132999897003174
2015-02-23,81.68978881835938,2.059000015258789
2015-02-24,82.18269348144531,1.9880000352859497
2015-02-25,82.3204345703125,1.968999981880188
2015-02-26,82.26249694824219,2.0160000324249268
2015-02-27,82.74090576171875,2.002000093460083
2015-03-02,82.06672668457031,2.0840001106262207
2015-03-03,82.18269348144531,2.121999979019165
2015-03-04,82.26249694824219,2.122999906539917
2015-03-05,82.11746978759766,2.111999988555908
2015-03-06,81.16785430908203,2.240000009536743
2015-03-09,81.04460144042969,2.194999933242798
2015-03-10,81.13887786865234,2.125999927520752
2015-03-11,81.27659606933594,2.1089999675750732
2015-03-12,81.09537506103516,2.0959999561309814
2015-03-13,80.83438110351562,2.111999988555908
2015-03-16,80.95039367675781,2.0980000495910645
2015-03-17,81.0301513671875,2.058000087738037
2015-03-18,82.26971435546875,1.9509999752044678
2015-03-19,82.21898651123047,1.9769999980926514
2015-03-20,82.46543884277344,1.9299999475479126
2015-03-23,82.42920684814453,1.9149999618530273
2015-03-24,82.82791137695312,1.878000020980835
2015-03-25,82.8061752319336,1.9199999570846558
2015-03-26,82.36396789550781,2.006999969482422
2015-03-27,82.40023040771484,1.9479999542236328
2015-03-30,82.15372467041016,1.9630000591278076
2015-03-31,82.34220886230469,1.934000015258789
2015-04-01,82.98011016845703,1.8680000305175781
2015-04-02,82.6756591796875,1.9040000438690186
2015-04-06,83.00186157226562,1.9040000438690186
2015-04-07,83.18311309814453,1.8930000066757202
2015-04-08,82.98011016845703,1.8949999809265137
2015-04-09,82.68289947509766,1.9579999446868896
2015-04-10,82.60317993164062,1.9509999752044678
2015-04-13,82.62490844726562,1.9390000104904175
2015-04-14,82.84237670898438,1.9040000438690186
2015-04-15,83.09607696533203,1.899999976158142
2015-04-16,83.19035339355469,1.878000020980835
2015-04-17,83.71954345703125,1.850000023841858
2015-04-20,83.49481201171875,1.8949999809265137
2015-04-21,83.19758605957031,1.9160000085830688
2015-04-22,82.81336975097656,1.972000002861023
2015-04-23,83.02359008789062,1.9470000267028809
2015-04-24,83.37881469726562,1.9170000553131104
2015-04-27,83.393310546875,1.9240000247955322
2015-04-28,82.91488647460938,1.9730000495910645
2015-04-29,82.7626724243164,2.0350000858306885
2015-04-30,82.90038299560547,2.0460000038146973
2015-05-01,82.55965423583984,2.117000102996826
2015-05-04,82.24073028564453,2.134999990463257
2015-05-05,82.2044677734375,2.1760001182556152
2015-05-06,81.5447769165039,2.240000009536743
2015-05-07,81.75502014160156,2.184000015258789
2015-05-08,82.09576416015625,2.1500000953674316
2015-05-11,81.34909057617188,2.2739999294281006
2015-05-12,81.42881774902344,2.259999990463257
2015-05-13,81.30561828613281,2.2820000648498535
2015-05-14,81.45782470703125,2.239000082015991
2015-05-15,82.02326202392578,2.1410000324249268
2015-05-18,81.58830261230469,2.2279999256134033
2015-05-19,81.19685363769531,2.26200008392334
2015-05-20,81.41429138183594,2.250999927520752
2015-05-21,81.72603607177734,2.184999942779541
2015-05-22,81.86377716064453,2.2149999141693115
2015-05-26,81.92900085449219,2.13700008392334
2015-05-27,81.85651397705078,2.134999990463257
2015-05-28,81.80577850341797,2.130000114440918
2015-05-29,82.06672668457031,2.0950000286102295
2015-06-01,81.55929565429688,2.191999912261963
2015-06-02,81.22586059570312,2.2660000324249268
2015-06-03,80.72565460205078,2.365999937057495
2015-06-04,80.95039367675781,2.306999921798706
2015-06-05,80.72565460205078,2.4019999504089355
2015-06-08,80.83438110351562,2.38100004196167
2015-06-09,80.65315246582031,2.4170000553131104
2015-06-10,80.36323547363281,2.4779999256134033
2015-06-11,80.76190185546875,2.382999897003174
2015-06-12,80.80541229248047,2.384999990463257
2015-06-15,81.06639099121094,2.3580000400543213
2015-06-16,81.5447769165039,2.318000078201294
2015-06-17,81.63902282714844,2.305999994277954
2015-06-18,81.44331359863281,2.3510000705718994
2015-06-19,81.63180541992188,2.2669999599456787
2015-06-22,81.26934814453125,2.359999895095825
2015-06-23,81.08814239501953,2.4089999198913574
2015-06-24,81.23311614990234,2.371000051498413
2015-06-25,81.14610290527344,2.3929998874664307
2015-06-26,80.78369903564453,2.4760000705718994
2015-06-29,81.37808990478516,2.3310000896453857
2015-06-30,81.22586059570312,2.3350000381469727
2015-07-01,80.92867279052734,2.4179999828338623
2015-07-02,81.28385925292969,2.3929998874664307
2015-07-06,81.60279846191406,2.2780001163482666
2015-07-07,81.87104034423828,2.2309999465942383
2015-07-08,81.97249603271484,2.2060000896453857
2015-07-09,81.44331359863281,2.3010001182556152
2015-07-10,81.05912780761719,2.4170000553131104
2015-07-13,80.77642822265625,2.430000066757202
2015-07-14,80.90690612792969,2.3989999294281006
2015-07-15,81.13163757324219,2.3499999046325684
2015-07-16,81.23311614990234,2.3519999980926514
2015-07-17,81.20410919189453,2.3489999771118164
2015-07-20,80.98662567138672,2.371999979019165
2015-07-21,81.17510223388672,2.3399999141693115
2015-07-22,81.21138763427734,2.322000026702881
2015-07-23,81.34909057617188,2.2769999504089355
2015-07-24,81.26205444335938,2.2709999084472656
2015-07-27,81.42881774902344,2.2279999256134033
2015-07-28,81.23311614990234,2.25
2015-07-29,81.22586059570312,2.2790000438690186
2015-07-30,81.34182739257812,2.2679998874664307
2015-07-31,81.66082000732422,2.2049999237060547
2015-08-03,81.58830261230469,2.1500000953674316
2015-08-04,81.13163757324219,2.2109999656677246
2015-08-05,80.87788391113281,2.2679998874664307
2015-08-06,81.02288818359375,2.2339999675750732
2015-08-07,81.24755859375,2.174999952316284
2015-08-10,81.13163757324219,2.23799991607666
2015-08-11,81.46504974365234,2.13700008392334
2015-08-12,81.27659606933594,2.130000114440918
2015-08-13,81.05912780761719,2.188999891281128
2015-08-14,80.97212219238281,2.196000099182129
2015-08-17,80.96487426757812,2.1500000953674316
2015-08-18,80.76918029785156,2.196000099182129
2015-08-19,81.04460144042969,2.128999948501587
2015-08-20,81.26934814453125,2.0840001106262207
2015-08-21,81.29834747314453,2.053999900817871
2015-08-24,81.0156478881836,1.996999979019165
2015-08-25,80.81986999511719,2.132999897003174
2015-08-26,80.33422088623047,2.171999931335449
2015-08-27,80.72565460205078,2.1679999828338623
2015-08-28,80.9576187133789,2.186000108718872
2015-08-31,80.88516998291016,2.200000047683716
2015-09-01,80.73831176757812,2.171999931335449
2015-09-02,80.48388671875,2.193000078201294
2015-09-03,80.49115753173828,2.1679999828338623
2015-09-04,80.62199401855469,2.128000020980835
2015-09-08,80.2585220336914,2.194000005722046
2015-09-09,80.44025421142578,2.180999994277954
2015-09-10,80.46208190917969,2.2219998836517334
2015-09-11,80.6874008178711,2.183000087738037
2015-09-14,80.53477478027344,2.180000066757202
2015-09-15,79.98957061767578,2.2809998989105225
2015-09-16,79.96776580810547,2.302999973297119
2015-09-17,80.5929183959961,2.2170000076293945
2015-09-18,80.84736633300781,2.130000114440918
2015-09-21,80.33851623535156,2.2139999866485596
2015-09-22,80.53477478027344,2.125
2015-09-23,80.47659301757812,2.1440000534057617
2015-09-24,80.48388671875,2.119999885559082
2015-09-25,80.05500030517578,2.1679999828338623
2015-09-28,80.07679748535156,2.0950000286102295
2015-09-29,80.30215454101562,2.053999900817871
2015-09-30,80.46208190917969,2.059999942779541
2015-10-01,80.75447845458984,2.0420000553131104
2015-10-02,81.21992492675781,1.9889999628067017
2015-10-05,80.97264099121094,2.055999994277954
2015-10-06,81.20539855957031,2.0350000858306885
2015-10-07,81.19083404541016,2.062000036239624
2015-10-08,81.16178894042969,2.1080000400543213
2015-10-09,80.9363021850586,2.0989999771118164
2015-10-12,81.08174896240234,2.0899999141693115
2015-10-13,81.03813171386719,2.055000066757202
2015-10-14,81.3144760131836,1.9809999465942383
2015-10-15,81.16178894042969,2.0230000019073486
2015-10-16,80.94356536865234,2.0230000019073486
2015-10-19,80.80537414550781,2.0280001163482666
2015-10-20,80.71080780029297,2.071000099182129
2015-10-21,80.76173400878906,2.0299999713897705
2015-10-22,81.03813171386719,2.0250000953674316
2015-10-23,80.92173767089844,2.0829999446868896
2015-10-26,80.89991760253906,2.058000087738037
2015-10-27,81.08174896240234,2.0280001163482666
2015-10-28,80.67447662353516,2.0920000076293945
2015-10-29,80.45624542236328,2.1730000972747803
2015-10-30,80.70353698730469,2.1510000228881836
2015-11-02,80.66716766357422,2.187000036239624
2015-11-03,80.52900695800781,2.2200000286102295
2015-11-04,80.41986846923828,2.2300000190734863
2015-11-05,80.16532897949219,2.244999885559082
2015-11-06,79.83074951171875,2.3329999446868896
2015-11-09,79.80169677734375,2.3420000076293945
2015-11-10,79.7725601196289,2.322000026702881
2015-11-11,79.76531982421875,2.3380000591278076
2015-11-12,79.76531982421875,2.319000005722046
2015-11-13,79.87442779541016,2.2799999713897705
2015-11-16,79.83074951171875,2.2730000019073486
2015-11-17,79.9762191772461,2.260999917984009
2015-11-18,80.09260559082031,2.2690000534057617
2015-11-19,80.37627410888672,2.247999906539917
2015-11-20,80.44169616699219,2.26200008392334
2015-11-23,80.5362777709961,2.25
2015-11-24,80.6235580444336,2.243000030517578
2015-11-25,80.57988739013672,2.2320001125335693
2015-11-27,80.6235580444336,2.2249999046325684
2015-11-30,80.587158203125,2.2179999351501465
2015-12-01,80.88539123535156,2.1549999713897705
2015-12-02,80.60904693603516,2.177999973297119
2015-12-03,80.10714721679688,2.3299999237060547
2015-12-04,80.31077575683594,2.2750000953674316
2015-12-07,80.28169250488281,2.2249999046325684
2015-12-08,80.30350494384766,2.23799991607666
2015-12-09,80.15076446533203,2.2079999446868896
2015-12-10,79.9762191772461,2.239000082015991
2015-12-11,80.23807525634766,2.1389999389648438
2015-12-14,79.66349792480469,2.2249999046325684
2015-12-15,79.61984252929688,2.2679998874664307
2015-12-16,79.38710021972656,2.2869999408721924
2015-12-17,79.66349792480469,2.23799991607666
2015-12-18,79.88168334960938,2.1989998817443848
2015-12-21,79.73621368408203,2.197000026702881
2015-12-22,79.62712097167969,2.239000082015991
2015-12-23,79.69984436035156,2.2639999389648438
2015-12-24,79.8380355834961,2.243000030517578
2015-12-28,79.85983276367188,2.2249999046325684
2015-12-29,79.55438232421875,2.306999921798706
2015-12-30,79.64167022705078,2.302999973297119
2015-12-31,79.7725601196289,2.2690000534057617
2016-01-04,80.0853271484375,2.244999885559082
2016-01-05,80.03440856933594,2.247999906539917
2016-01-06,80.28894805908203,2.177000045776367
2016-01-07,80.22354125976562,2.1530001163482666
2016-01-08,80.28894805908203,2.130000114440918
2016-01-11,79.86712646484375,2.1579999923706055
2016-01-12,80.0853271484375,2.1019999980926514
2016-01-13,80.25259399414062,2.065999984741211
2016-01-14,80.17989349365234,2.0980000495910645
2016-01-15,80.17989349365234,2.0329999923706055
2016-01-19,80.0998764038086,2.0350000858306885
2016-01-20,80.14353942871094,1.9839999675750732
2016-01-21,79.85257720947266,2.0190000534057617
2016-01-22,79.96895599365234,2.0480000972747803
2016-01-25,80.12166595458984,2.0220000743865967
2016-01-26,80.32535552978516,1.99399995803833
2016-01-27,80.52900695800781,2.000999927520752
2016-01-28,80.69628143310547,1.9850000143051147
2016-01-29,81.02359771728516,1.930999994277954
2016-02-01,80.87808990478516,1.965999960899353
2016-02-02,81.12539672851562,1.8639999628067017
2016-02-03,81.22722625732422,1.88100004196167
2016-02-04,81.24175262451172,1.8639999628067017
2016-02-05,81.01630401611328,1.8480000495910645
2016-02-08,81.07449340820312,1.7350000143051147
2016-02-09,80.89263916015625,1.7289999723434448
2016-02-10,81.19083404541016,1.7050000429153442
2016-02-11,81.4745101928711,1.6440000534057617
2016-02-12,81.1690444946289,1.7480000257492065
2016-02-16,80.8344497680664,1.777999997138977
2016-02-17,80.69628143310547,1.819000005722046
2016-02-18,80.92173767089844,1.7589999437332153
2016-02-19,80.9872055053711,1.7480000257492065
2016-02-22,81.18354034423828,1.7660000324249268
2016-02-23,81.43091583251953,1.7450000047683716
2016-02-24,81.61266326904297,1.7419999837875366
2016-02-25,81.94725799560547,1.6970000267028809
2016-02-26,81.73632049560547,1.7619999647140503
2016-02-29,82.01272583007812,1.7400000095367432
2016-03-01,81.78724670410156,1.8339999914169312
2016-03-02,81.96180725097656,1.8480000495910645
2016-03-03,82.12906646728516,1.8300000429153442
2016-03-04,81.87454986572266,1.8830000162124634
2016-03-07,81.54721069335938,1.9019999504089355
2016-03-08,81.86000061035156,1.8320000171661377
2016-03-09,81.80909729003906,1.8919999599456787
2016-03-10,81.52544403076172,1.9290000200271606
2016-03-11,81.49633026123047,1.9769999980926514
2016-03-14,81.40178680419922,1.9630000591278076
2016-03-15,81.24175262451172,1.9589999914169312
2016-03-16,82.10728454589844,1.937999963760376
2016-03-17,82.2890853881836,1.902999997138977
2016-03-18,82.56549072265625,1.871000051498413
2016-03-21,82.58731079101562,1.9229999780654907
2016-03-22,82.37638092041016,1.934999942779541
2016-03-23,82.46368408203125,1.875
2016-03-24,82.27457427978516,1.899999976158142
2016-03-28,82.37638092041016,1.8700000047683716
2016-03-29,83.24187469482422,1.8140000104904175
2016-03-30,83.29280090332031,1.8300000429153442
2016-03-31,83.38011169433594,1.7860000133514404
2016-04-01,83.4455795288086,1.7920000553131104
2016-04-04,83.54737854003906,1.7790000438690186
2016-04-05,83.6346664428711,1.7269999980926514
2016-04-06,83.41647338867188,1.7549999952316284
2016-04-07,83.70738220214844,1.690999984741211
2016-04-08,83.54013061523438,1.7200000286102295
2016-04-11,83.3292007446289,1.7239999771118164
2016-04-12,82.9800796508789,1.781000018119812
2016-04-13,83.05282592773438,1.7619999647140503
2016-04-14,82.85640716552734,1.781000018119812
2016-04-15,83.15461730957031,1.7519999742507935
2016-04-18,83.14008331298828,1.7730000019073486
2016-04-19,83.28556060791016,1.7829999923706055
2016-04-20,82.9364242553711,1.8539999723434448
2016-04-21,82.8345718383789,1.8700000047683716
2016-04-22,82.78364562988281,1.8880000114440918
2016-04-25,82.68914794921875,1.9019999504089355
2016-04-26,82.65276336669922,1.930999994277954
2016-04-27,83.15461730957031,1.8600000143051147
2016-04-28,83.59102630615234,1.8380000591278076
2016-04-29,83.55461883544922,1.819000005722046
2016-05-02,83.27824401855469,1.8650000095367432
2016-05-03,83.31462860107422,1.7999999523162842
2016-05-04,83.40917205810547,1.784000039100647
2016-05-05,83.67827606201172,1.746999979019165
2016-05-06,83.38738250732422,1.7790000438690186
2016-05-09,83.43827819824219,1.7599999904632568
2016-05-10,83.69283294677734,1.7599999904632568
2016-05-11,83.67827606201172,1.7369999885559082
2016-05-12,83.62010955810547,1.7569999694824219
2016-05-13,83.82377624511719,1.7050000429153442
2016-05-16,83.72919464111328,1.753000020980835
2016-05-17,83.78736877441406,1.7589999437332153
2016-05-18,83.06002807617188,1.8799999952316284
2016-05-19,83.02367401123047,1.8450000286102295
2016-05-20,82.9800796508789,1.8489999771118164
2016-05-23,83.02367401123047,1.8380000591278076
2016-05-24,82.94371032714844,1.8589999675750732
2016-05-25,83.00916290283203,1.8700000047683716
2016-05-26,83.24919128417969,1.8229999542236328
2016-05-27,83.14008331298828,1.8509999513626099
2016-05-31,83.01644897460938,1.8339999914169312
2016-06-01,82.88985443115234,1.8459999561309814
2016-06-02,83.17357635498047,1.8109999895095825
2016-06-03,83.71192932128906,1.7039999961853027
2016-06-06,83.80656433105469,1.7230000495910645
2016-06-07,84.03209686279297,1.7130000591278076
2016-06-08,84.22850799560547,1.7059999704360962
2016-06-09,84.2576675415039,1.6799999475479126
2016-06-10,84.2576675415039,1.6390000581741333
2016-06-13,84.14851379394531,1.6160000562667847
2016-06-14,83.9375228881836,1.6109999418258667
2016-06-15,84.33039093017578,1.5959999561309814
2016-06-16,84.16305541992188,1.5640000104904175
2016-06-17,83.95207214355469,1.6180000305175781
2016-06-20,83.71192932128906,1.6699999570846558
2016-06-21,83.45730590820312,1.6970000267028809
2016-06-22,83.68283081054688,1.684999942779541
2016-06-23,83.71192932128906,1.7389999628067017
2016-06-24,84.23578643798828,1.5789999961853027
2016-06-27,84.4831771850586,1.4600000381469727
2016-06-28,84.77420043945312,1.4609999656677246
2016-06-29,84.7232666015625,1.4769999980926514
2016-06-30,84.88333892822266,1.4880000352859497
2016-07-01,85.54248809814453,1.4559999704360962
2016-07-05,85.68132781982422,1.3669999837875366
2016-07-06,85.88593292236328,1.3849999904632568
2016-07-07,85.71056365966797,1.3869999647140503
2016-07-08,85.9005355834961,1.3660000562667847
2016-07-11,85.48403930664062,1.434000015258789
2016-07-12,85.19901275634766,1.5130000114440918
2016-07-13,85.3816909790039,1.468000054359436
2016-07-14,85.16249084472656,1.531000018119812
2016-07-15,85.0674819946289,1.593999981880188
2016-07-18,85.00900268554688,1.5870000123977661
2016-07-19,85.01630401611328,1.5579999685287476
2016-07-20,84.86285400390625,1.5800000429153442
2016-07-21,84.89935302734375,1.565000057220459
2016-07-22,84.82630157470703,1.5700000524520874
2016-07-25,84.64364624023438,1.5709999799728394
2016-07-26,84.78980255126953,1.562999963760376
2016-07-27,85.11863708496094,1.5149999856948853
2016-07-28,85.23553466796875,1.5110000371932983
2016-07-29,85.42557525634766,1.4579999446868896
2016-08-01,84.92007446289062,1.496000051498413
2016-08-02,84.50186920166016,1.5369999408721924
2016-08-03,84.74398040771484,1.5420000553131104
2016-08-04,85.09613800048828,1.503000020980835
2016-08-05,84.8907241821289,1.5820000171661377
2016-08-08,84.94942474365234,1.5829999446868896
2016-08-09,85.15483093261719,1.5449999570846558
2016-08-10,85.1768569946289,1.5089999437332153
2016-08-11,84.94942474365234,1.5729999542236328
2016-08-12,85.1695327758789,1.5149999856948853
2016-08-15,84.94942474365234,1.5529999732971191
2016-08-16,84.83202362060547,1.5759999752044678
2016-08-17,85.08878326416016,1.5609999895095825
2016-08-18,85.23551940917969,1.5360000133514404
2016-08-19,85.09613800048828,1.5779999494552612
2016-08-22,85.27220916748047,1.5390000343322754
2016-08-23,85.38960266113281,1.5529999732971191
2016-08-24,85.25753784179688,1.559000015258789
2016-08-25,85.21350860595703,1.5770000219345093
2016-08-26,84.88336181640625,1.6349999904632568
2016-08-29,85.19154357910156,1.565999984741211
2016-08-30,85.11817169189453,1.5700000524520874
2016-08-31,85.13282012939453,1.5679999589920044
2016-09-01,85.20497131347656,1.5700000524520874
2016-09-02,85.1092758178711,1.5959999561309814
2016-09-06,85.51420593261719,1.5429999828338623
2016-09-07,85.62467956542969,1.5410000085830688
2016-09-08,85.32279205322266,1.6160000562667847
2016-09-09,84.73374938964844,1.6720000505447388
2016-09-12,84.76321411132812,1.6720000505447388
2016-09-13,84.3876953125,1.7339999675750732
2016-09-14,84.52021789550781,1.6890000104904175
2016-09-15,84.49812316894531,1.7029999494552612
2016-09-16,84.63803100585938,1.7009999752044678
2016-09-19,84.53495025634766,1.6959999799728394
2016-09-20,84.52021789550781,1.687999963760376
2016-09-21,84.91785430908203,1.6679999828338623
2016-09-22,85.3375015258789,1.6319999694824219
2016-09-23,85.5731430053711,1.6150000095367432
2016-09-26,85.60994720458984,1.5889999866485596
2016-09-27,85.68354797363281,1.555999994277954
2016-09-28,85.78665161132812,1.5670000314712524
2016-09-29,85.77188873291016,1.5570000410079956
2016-09-30,85.77188873291016,1.6080000400543213
2016-10-03,85.69095611572266,1.621999979019165
2016-10-04,85.27124786376953,1.6829999685287476
2016-10-05,85.13134002685547,1.715999960899353
2016-10-06,85.17552947998047,1.7419999837875366
2016-10-07,85.15347290039062,1.7359999418258667
2016-10-10,85.0356216430664,1.7230000495910645
2016-10-11,84.9693832397461,1.7589999437332153
2016-10-12,84.93994903564453,1.777999997138977
2016-10-13,85.07246398925781,1.7380000352859497
2016-10-14,84.99144744873047,1.7940000295639038
2016-10-17,85.37431335449219,1.7660000324249268
2016-10-18,85.42587280273438,1.7489999532699585
2016-10-19,85.54368591308594,1.7519999742507935
2016-10-20,85.41116333007812,1.746999979019165
2016-10-21,85.5068588256836,1.7400000095367432
2016-10-24,85.37431335449219,1.7630000114440918
2016-10-25,85.5068588256836,1.7580000162124634
2016-10-26,85.41854095458984,1.7899999618530273
2016-10-27,85.05033111572266,1.843000054359436
2016-10-28,85.14608001708984,1.8450000286102295
2016-10-31,85.30807495117188,1.8339999914169312
2016-11-01,85.3154525756836,1.8200000524520874
2016-11-02,85.35225677490234,1.7990000247955322
2016-11-03,85.1092758178711,1.812000036239624
2016-11-04,85.33013153076172,1.7829999923706055
2016-11-07,85.28596496582031,1.8279999494552612
2016-11-08,85.13874053955078,1.8619999885559082
2016-11-09,84.50550842285156,2.072000026702881
2016-11-10,84.35822296142578,2.117000102996826
2016-11-11,84.12264251708984,
2016-11-14,83.47465515136719,2.2219998836517334
2016-11-15,83.52620697021484,2.23799991607666
2016-11-16,83.70291900634766,2.2230000495910645
2016-11-17,83.56304168701172,2.2760000228881836
2016-11-18,83.4378662109375,2.3350000381469727
2016-11-21,83.63668060302734,2.3389999866485596
2016-11-22,83.7103042602539,2.321000099182129
2016-11-23,83.43051147460938,2.3570001125335693
2016-11-25,83.29063415527344,2.371999979019165
2016-11-28,83.41575622558594,2.319999933242798
2016-11-29,83.49679565429688,2.302000045776367
2016-11-30,83.54093933105469,2.368000030517578
2016-12-01,83.30039978027344,2.440999984741211
2016-12-02,83.34467315673828,2.390000104904175
2016-12-05,83.46273040771484,2.38700008392334
2016-12-06,83.62505340576172,2.3959999084472656
2016-12-07,83.6988525390625,2.3469998836517334
2016-12-08,83.6176986694336,2.38700008392334
2016-12-09,83.23399353027344,2.4639999866485596
2016-12-12,83.2192153930664,2.4790000915527344
2016-12-13,83.18971252441406,2.4809999465942383
2016-12-14,82.53295135498047,2.5250000953674316
2016-12-15,82.01649475097656,2.5799999237060547
2016-12-16,81.97212982177734,2.5969998836517334
2016-12-19,82.31163024902344,2.5420000553131104
2016-12-20,82.39273834228516,2.568000078201294
2016-12-21,82.59938049316406,2.5460000038146973
2016-12-22,82.85765075683594,2.552999973297119
2016-12-23,82.95352935791016,2.5429999828338623
2016-12-27,82.91666412353516,2.562999963760376
2016-12-28,83.13067626953125,2.50600004196167
2016-12-29,83.23399353027344,2.4769999980926514
2016-12-30,83.5069580078125,2.446000099182129
2017-01-03,83.58816528320312,2.450000047683716
2017-01-04,83.77262878417969,2.4519999027252197
2017-01-05,84.06043243408203,2.368000030517578
2017-01-06,83.71363067626953,2.4179999828338623
2017-01-09,83.8464126586914,2.375999927520752
2017-01-10,83.9128646850586,2.378999948501587
2017-01-11,84.17849731445312,2.369999885559082
2017-01-12,84.25225830078125,2.3610000610351562
2017-01-13,84.10466766357422,2.380000114440918
2017-01-17,84.37029266357422,2.3269999027252197
2017-01-18,83.95709228515625,2.3889999389648438
2017-01-19,83.89070892333984,2.4590001106262207
2017-01-20,83.90544891357422,2.4670000076293945
2017-01-23,84.2448959350586,2.4030001163482666
2017-01-24,84.10466766357422,2.4709999561309814
2017-01-25,83.83165740966797,2.5230000019073486
2017-01-26,83.95709228515625,2.507999897003174
2017-01-27,84.0973129272461,2.4809999465942383
2017-01-30,84.07518005371094,2.4830000400543213
2017-01-31,84.25225830078125,2.4509999752044678
2017-02-01,84.07518005371094,2.4739999771118164
2017-02-02,84.08255767822266,2.4700000286102295
2017-02-03,83.99402618408203,2.490999937057495
2017-02-06,84.20059967041016,2.4130001068115234
2017-02-07,84.1637191772461,2.3889999389648438
2017-02-08,84.36294555664062,2.3510000705718994
2017-02-09,84.20059967041016,2.3949999809265137
2017-02-10,84.26701354980469,2.4089999198913574
2017-02-13,84.13420104980469,2.434000015258789
2017-02-14,83.93499755859375,2.4700000286102295
2017-02-15,84.04562377929688,2.502000093460083
2017-02-16,84.04562377929688,2.450000047683716
2017-02-17,84.23748779296875,2.424999952316284
2017-02-21,84.2301254272461,2.427000045776367
2017-02-22,84.38508605957031,2.4179999828338623
2017-02-23,84.58434295654297,2.388000011444092
2017-02-24,84.82783508300781,2.316999912261963
2017-02-27,84.59907531738281,2.36899995803833
2017-02-28,84.59907531738281,2.3580000400543213
2017-03-01,84.0899429321289,2.4630000591278076
2017-03-02,83.82429504394531,2.489000082015991
2017-03-03,84.01617431640625,2.492000102996826
2017-03-06,83.9275894165039,2.49399995803833
2017-03-07,83.780029296875,2.510999917984009
2017-03-08,83.41841888427734,2.552000045776367
2017-03-09,83.19709777832031,2.5980000495910645
2017-03-10,83.35202026367188,2.5820000171661377
2017-03-13,83.16019439697266,2.6080000400543213
2017-03-14,83.10112762451172,2.5950000286102295
2017-03-15,83.85380554199219,2.507999897003174
2017-03-16,83.7947998046875,2.5220000743865967
2017-03-17,83.97923278808594,2.500999927520752
2017-03-20,84.10466766357422,2.4730000495910645
2017-03-21,84.1637191772461,2.436000108718872
2017-03-22,84.30392456054688,2.3959999084472656
2017-03-23,84.2080078125,2.4179999828338623
2017-03-24,84.4515151977539,2.4000000953674316
2017-03-27,84.6138687133789,2.372999906539917
2017-03-28,84.33342742919922,2.4089999198913574
2017-03-29,84.55479431152344,2.385999917984009
2017-03-30,84.34819030761719,2.4159998893737793
2017-03-31,84.59907531738281,2.3959999084472656
2017-04-03,84.80225372314453,2.3499999046325684
2017-04-04,84.70623016357422,2.3499999046325684
2017-04-05,84.86876678466797,2.3570001125335693
2017-04-06,84.82442474365234,2.3429999351501465
2017-04-07,84.49190521240234,2.372999906539917
2017-04-10,84.5362548828125,2.3610000610351562
2017-04-11,84.69884490966797,2.2980000972747803
2017-04-12,85.01654815673828,2.2960000038146973
2017-04-13,85.14215850830078,2.2320001125335693
2017-04-17,84.94266510009766,2.252000093460083
2017-04-18,85.1273193359375,2.178999900817871
2017-04-19,84.97219848632812,2.2019999027252197
2017-04-20,84.88355255126953,2.240999937057495
2017-04-21,84.76530456542969,2.236999988555908
2017-04-24,84.7431411743164,2.2730000019073486
2017-04-25,84.6027603149414,2.3269999027252197
2017-04-26,84.78008270263672,2.311000108718872
2017-04-27,84.85401916503906,2.2960000038146973
2017-04-28,84.97958374023438,2.2820000648498535
2017-05-01,84.69364166259766,2.325000047683716
2017-05-02,84.69364166259766,2.2960000038146973
2017-05-03,84.50850677490234,2.309000015258789
2017-05-04,84.18998718261719,2.3559999465942383
2017-05-05,84.25667572021484,2.3519999980926514
2017-05-08,83.93074798583984,2.375999927520752
2017-05-09,83.85665130615234,2.4070000648498535
2017-05-10,83.88628387451172,2.4140000343322754
2017-05-11,84.13812255859375,2.4000000953674316
2017-05-12,84.27147674560547,2.3350000381469727
2017-05-15,84.04927825927734,2.3380000591278076
2017-05-16,84.10853576660156,2.3289999961853027
2017-05-17,84.59738159179688,2.2160000801086426
2017-05-18,84.73072052001953,2.2330000400543213
2017-05-19,84.87885284423828,2.244999885559082
2017-05-22,84.74554443359375,2.253999948501587
2017-05-23,84.61962890625,2.2850000858306885
2017-05-24,84.67144775390625,2.2660000324249268
2017-05-25,84.53811645507812,2.255000114440918
2017-05-26,84.73814392089844,2.25
2017-05-30,84.92329406738281,2.2170000076293945
2017-05-31,84.94548797607422,2.196000099182129
2017-06-01,84.90691375732422,2.2170000076293945
2017-06-02,85.24839782714844,2.1589999198913574
2017-06-05,85.02571105957031,2.181999921798706
2017-06-06,85.12222290039062,2.1470000743865967
2017-06-07,84.92176818847656,2.177999973297119
2017-06-08,84.83269500732422,2.194000005722046
2017-06-09,84.75843811035156,2.1989998817443848
2017-06-12,84.58030700683594,2.2130000591278076
2017-06-13,84.72132110595703,2.2070000171661377
2017-06-14,84.7361831665039,2.138000011444092
2017-06-15,84.3204116821289,2.1619999408721924
2017-06-16,84.39469909667969,2.1570000648498535
2017-06-19,84.29817962646484,2.190000057220459
2017-06-20,84.38726806640625,2.1530001163482666
2017-06-21,84.5208740234375,2.1549999713897705
2017-06-22,84.7955551147461,2.1530001163482666
2017-06-23,84.86236572265625,2.1440000534057617
2017-06-26,84.99598693847656,2.13700008392334
2017-06-27,84.59510040283203,2.197999954223633
2017-06-28,84.66195678710938,2.2209999561309814
2017-06-29,84.32783508300781,2.2669999599456787
2017-06-30,84.20905303955078,2.302000045776367
2017-07-03,84.05424499511719,2.3459999561309814
2017-07-05,84.18083190917969,2.3340001106262207
2017-07-06,83.96497344970703,2.369999885559082
2017-07-07,83.70442962646484,2.3929998874664307
2017-07-10,83.6672134399414,2.371000051498413
2017-07-11,83.9351577758789,2.361999988555908
2017-07-12,84.18083190917969,2.3269999027252197
2017-07-13,84.15101623535156,2.3480000495910645
2017-07-14,84.14360046386719,2.319000005722046
2017-07-17,84.31475830078125,2.309000015258789
2017-07-18,84.55294799804688,2.263000011444092
2017-07-19,84.61995697021484,2.2679998874664307
2017-07-20,84.41151428222656,2.2660000324249268
2017-07-21,84.53804016113281,2.2320001125335693
2017-07-24,84.53804016113281,2.253999948501587
2017-07-25,84.2105484008789,2.3259999752044678
2017-07-26,84.4561767578125,2.2820000648498535
2017-07-27,84.3966293334961,2.309999942779541
2017-07-28,84.59760284423828,2.2890000343322754
2017-07-31,84.59760284423828,2.2920000553131104
2017-08-01,84.66996002197266,2.250999927520752
2017-08-02,84.62519836425781,2.26200008392334
2017-08-03,84.8563461303711,2.2279999256134033
2017-08-04,84.73703002929688,2.2669999599456787
2017-08-07,84.8340072631836,2.256999969482422
2017-08-08,84.89366149902344,2.2829999923706055
2017-08-09,85.05027770996094,2.240999937057495
2017-08-10,85.26651763916016,2.2119998931884766
2017-08-11,85.21427917480469,2.188999891281128
2017-08-14,84.87873840332031,2.2190001010894775
2017-08-15,84.62519836425781,2.2660000324249268
2017-08-16,84.77433776855469,2.2260000705718994
2017-08-17,84.98312377929688,2.1989998817443848
2017-08-18,84.99803924560547,2.194000005722046
2017-08-21,85.02790069580078,2.180000066757202
2017-08-22,84.9234619140625,2.2149999141693115
2017-08-23,85.1546630859375,2.1710000038146973
2017-08-24,84.93836212158203,2.194000005722046
2017-08-25,85.08007049560547,2.1689999103546143
2017-08-28,85.1471939086914,2.1589999198913574
2017-08-29,85.28142547607422,2.135999917984009
2017-08-30,85.25904846191406,2.1429998874664307
2017-08-31,85.47529602050781,2.121000051498413
2017-09-01,85.27880096435547,2.1570000648498535
2017-09-05,85.831787109375,2.069999933242798
2017-09-06,85.72711944580078,2.1080000400543213
2017-09-07,86.08586120605469,2.061000108718872
2017-09-08,86.10079193115234,2.061000108718872
2017-09-11,85.77198791503906,2.125
2017-09-12,85.63001251220703,2.1710000038146973
2017-09-13,85.47309112548828,2.194999933242798
2017-09-14,85.60758972167969,2.197000026702881
2017-09-15,85.56275177001953,2.2019999027252197
2017-09-18,85.52539825439453,2.2290000915527344
2017-09-19,85.4282455444336,2.243000030517578
2017-09-20,85.18911743164062,2.2769999504089355
2017-09-21,84.99482727050781,2.2780001163482666
2017-09-22,85.21153259277344,2.26200008392334
2017-09-25,85.45062255859375,2.2200000286102295
2017-09-26,85.38340759277344,2.2290000915527344
2017-09-27,85.12187194824219,2.309000015258789
2017-09-28,85.06208038330078,2.309000015258789
2017-09-29,84.87525939941406,2.3259999752044678
2017-10-02,84.76161193847656,2.3369998931884766
2017-10-03,84.84385681152344,2.3340001106262207
2017-10-04,84.91862487792969,2.3299999237060547
2017-10-05,84.82890319824219,2.3499999046325684
2017-10-06,84.76161193847656,2.369999885559082
2017-10-09,84.79151153564453,2.3610000610351562
2017-10-10,84.94104766845703,2.3450000286102295
2017-10-11,85.04571533203125,2.3450000286102295
2017-10-12,85.20269775390625,2.322999954223633
2017-10-13,85.32229614257812,2.2799999713897705
2017-10-16,85.12793731689453,2.306999921798706
2017-10-17,84.97096252441406,2.2980000972747803
2017-10-18,84.86625671386719,2.3389999866485596
2017-10-19,84.97843933105469,2.321000099182129
2017-10-20,84.78406524658203,2.38100004196167
2017-10-23,84.79151153564453,2.375999927520752
2017-10-24,84.67193603515625,2.4059998989105225
2017-10-25,84.58219146728516,2.444000005722046
2017-10-26,84.54483795166016,2.4519999027252197
2017-10-27,84.81394958496094,2.427999973297119
2017-10-30,85.0382308959961,2.369999885559082
2017-10-31,85.07563018798828,2.375999927520752
2017-11-01,85.16399383544922,2.375999927520752
2017-11-02,85.29132843017578,2.3469998836517334
2017-11-03,85.35125732421875,2.3429999351501465
2017-11-06,85.49354553222656,2.319999933242798
2017-11-07,85.6134262084961,2.306999921798706
2017-11-08,85.56098175048828,2.325000047683716
2017-11-09,85.54598236083984,2.3310000896453857
2017-11-10,85.17150115966797,2.4000000953674316
2017-11-13,85.16399383544922,2.4000000953674316
2017-11-14,85.26885223388672,2.38100004196167
2017-11-15,85.50852966308594,2.3350000381469727
2017-11-16,85.32880401611328,2.3610000610351562
2017-11-17,85.47857666015625,2.3540000915527344
2017-11-20,85.35125732421875,2.371999979019165
2017-11-21,85.34375762939453,2.36299991607666
2017-11-22,85.59844207763672,2.322000026702881
2017-11-24,85.49354553222656,2.3399999141693115
2017-11-27,85.47857666015625,2.328000068664551
2017-11-28,85.47108459472656,2.3380000591278076
2017-11-29,85.23890686035156,2.375999927520752
2017-11-30,85.14900207519531,2.4170000553131104
2017-12-01,85.47325897216797,2.361999988555908
2017-12-04,85.50337982177734,2.378999948501587
2017-12-05,85.5936279296875,2.3559999465942383
2017-12-06,85.68392181396484,2.3299999237060547
2017-12-07,85.5710678100586,2.375999927520752
2017-12-08,85.53349304199219,2.382999897003174
2017-12-11,85.46575927734375,2.384999990463257
2017-12-12,85.53349304199219,2.4030001163482666
2017-12-13,85.68392181396484,2.3489999771118164
2017-12-14,85.68392181396484,2.3459999561309814
2017-12-15,85.68392181396484,2.3550000190734863
2017-12-18,85.53349304199219,2.3919999599456787
2017-12-19,85.27767181396484,2.4630000591278076
2017-12-20,84.99179077148438,2.496999979019165
2017-12-21,85.21479034423828,2.4809999465942383
2017-12-22,85.26751708984375,2.484999895095825
2017-12-26,85.34284210205078,2.4670000076293945
2017-12-27,85.69696044921875,2.4140000343322754
2017-12-28,85.72708892822266,2.431999921798706
2017-12-29,85.94558715820312,2.4049999713897705
2018-01-02,85.73466491699219,2.4649999141693115
2018-01-03,85.81751251220703,2.447000026702881
2018-01-04,85.84010314941406,2.453000068664551
2018-01-05,85.82501983642578,2.4760000705718994
2018-01-08,85.73466491699219,2.4800000190734863
2018-01-09,85.45584869384766,2.5460000038146973
2018-01-10,85.42574310302734,2.549999952316284
2018-01-11,85.3353271484375,2.5309998989105225
2018-01-12,85.4181900024414,2.552000045776367
2018-01-16,85.56132507324219,2.5439999103546143
2018-01-17,85.50109100341797,2.578000068664551
2018-01-18,85.42574310302734,2.6110000610351562
2018-01-19,85.2825927734375,2.63700008392334
2018-01-22,85.23738098144531,2.6649999618530273
2018-01-23,85.36548614501953,2.624000072479248
2018-01-24,85.3051986694336,2.6540000438690186
2018-01-25,85.46338653564453,2.621000051498413
2018-01-26,85.41067504882812,2.6619999408721924
2018-01-29,85.207275390625,2.6989998817443848
2018-01-30,85.00385284423828,2.7260000705718994
2018-01-31,85.21479034423828,2.7200000286102295
2018-02-01,84.77849578857422,2.7730000019073486
2018-02-02,84.67304229736328,2.8540000915527344
2018-02-05,84.9894790649414,2.7939999103546143
2018-02-06,84.64287567138672,2.7679998874664307
2018-02-07,84.4544906616211,2.8440001010894775
2018-02-08,84.28117370605469,2.8510000705718994
2018-02-09,84.0174331665039,2.8289999961853027
2018-02-12,84.0777359008789,2.8570001125335693
2018-02-13,84.1380386352539,2.8399999141693115
2018-02-14,84.06266784667969,2.9130001068115234
2018-02-15,84.10786437988281,2.8910000324249268
2018-02-16,84.24351501464844,2.877000093460083
2018-02-20,84.17572021484375,2.8929998874664307
2018-02-21,83.9345703125,2.943000078201294
2018-02-22,84.00990295410156,2.9170000553131104
2018-02-23,84.31883239746094,2.871000051498413
2018-02-26,84.42433166503906,2.8589999675750732
2018-02-27,84.2133560180664,2.9079999923706055
2018-02-28,84.33393859863281,2.868000030517578
2018-03-01,84.5901107788086,2.803999900817871
2018-03-02,84.52230072021484,2.8570001125335693
2018-03-05,84.46953582763672,2.88100004196167
2018-03-06,84.44692993164062,2.877000093460083
2018-03-07,84.44692993164062,2.882999897003174
2018-03-08,84.52983093261719,2.865999937057495
2018-03-09,84.4017105102539,2.8940000534057617
2018-03-12,84.46202087402344,2.869999885559082
2018-03-13,84.52983093261719,2.8480000495910645
2018-03-14,84.67304229736328,2.816999912261963
2018-03-15,84.68050384521484,2.8259999752044678
2018-03-16,84.53736877441406,2.8480000495910645
2018-03-19,84.4846420288086,2.8450000286102295
2018-03-20,84.35649871826172,2.878999948501587
2018-03-21,84.53736877441406,2.9070000648498535
2018-03-22,84.78606414794922,2.8320000171661377
2018-03-23,84.8312759399414,2.8299999237060547
2018-03-26,84.68050384521484,2.8429999351501465
2018-03-27,85.00453186035156,2.7860000133514404
2018-03-28,85.00453186035156,2.7750000953674316
2018-03-29,85.1854019165039,2.740999937057495
2018-04-02,85.2699966430664,2.7320001125335693
2018-04-03,85.21710968017578,2.7839999198913574
2018-04-04,85.17179107666016,2.7880001068115234
2018-04-05,84.9300537109375,2.8320000171661377
2018-04-06,85.2699966430664,2.7750000953674316
2018-04-09,85.2549057006836,2.7860000133514404
2018-04-10,85.21710968017578,2.796999931335449
2018-04-11,85.46642303466797,2.7899999618530273
2018-04-12,85.33042907714844,2.8340001106262207
2018-04-13,85.4513168334961,2.8289999961853027
2018-04-16,85.37577056884766,2.8320000171661377
2018-04-17,85.50421142578125,2.813999891281128
2018-04-18,85.33042907714844,2.867000102996826
2018-04-19,85.1944351196289,2.9140000343322754
2018-04-20,84.89981079101562,2.9509999752044678
2018-04-23,84.87718200683594,2.9730000495910645
2018-04-24,84.64292907714844,2.9830000400543213
2018-04-25,84.51454162597656,3.0239999294281006
2018-04-26,84.7336196899414,2.990000009536743
2018-04-27,85.00560760498047,2.9570000171661377
2018-04-30,85.07361602783203,2.936000108718872
2018-05-01,84.83000183105469,2.9760000705718994
2018-05-02,84.93624877929688,2.9639999866485596
2018-05-03,85.04247283935547,2.946000099182129
2018-05-04,85.06525421142578,2.944000005722046
2018-05-07,85.08040618896484,2.950000047683716
2018-05-08,84.92868041992188,2.9690001010894775
2018-05-09,84.87548828125,3.003999948501587
2018-05-10,85.04247283935547,2.9709999561309814
2018-05-11,85.04247283935547,2.9709999561309814
2018-05-14,84.83000183105469,2.994999885559082
2018-05-15,84.55683898925781,3.0799999237060547
2018-05-16,84.4354019165039,3.0950000286102295
2018-05-17,84.27603912353516,3.1089999675750732
2018-05-18,84.50372314453125,3.066999912261963
2018-05-21,84.53404998779297,3.065000057220459
2018-05-22,84.49610137939453,3.065000057220459
2018-05-23,84.73893737792969,3.003000020980835
2018-05-24,84.83759307861328,2.9809999465942383
2018-05-25,84.95899963378906,2.930999994277954
2018-05-29,85.45984649658203,2.7679998874664307
2018-05-30,85.30048370361328,2.8420000076293945
2018-05-31,85.3536148071289,2.822000026702881
2018-06-01,85.22876739501953,2.8949999809265137
2018-06-04,85.05370330810547,2.937000036239624
2018-06-05,85.24397277832031,2.9189999103546143
2018-06-06,85.06134033203125,2.9749999046325684
2018-06-07,85.32012176513672,2.933000087738037
2018-06-08,85.17549133300781,2.937000036239624
2018-06-11,85.17549133300781,2.9570000171661377
2018-06-12,85.10698699951172,2.9570000171661377
2018-06-13,85.05370330810547,2.9769999980926514
2018-06-14,85.27445983886719,2.946000099182129
2018-06-15,85.30485534667969,2.9240000247955322
2018-06-18,85.3733901977539,2.9260001182556152
2018-06-19,85.5103759765625,2.8929998874664307
2018-06-20,85.27445983886719,2.927999973297119
2018-06-21,85.4266586303711,2.8970000743865967
2018-06-22,85.54842376708984,2.9000000953674316
2018-06-25,85.58648681640625,2.875
2018-06-26,85.70826721191406,2.880000114440918
2018-06-27,85.98988342285156,2.8269999027252197
2018-06-28,85.87569427490234,2.8469998836517334
2018-06-29,85.90615844726562,2.8489999771118164
2018-07-02,85.9375,2.865999937057495
2018-07-03,86.1208267211914,2.8380000591278076
2018-07-05,86.22018432617188,2.8399999141693115
2018-07-06,86.34244537353516,2.8310000896453857
2018-07-09,86.16666412353516,2.859999895095825
2018-07-10,86.03679656982422,2.872999906539917
2018-07-11,86.12850189208984,2.8420000076293945
2018-07-12,86.05973052978516,2.8529999256134033
2018-07-13,86.22782897949219,2.8310000896453857
2018-07-16,85.99861145019531,2.8580000400543213
2018-07-17,85.88400268554688,2.864000082015991
2018-07-18,85.74647521972656,2.875
2018-07-19,85.86874389648438,2.8469998836517334
2018-07-20,85.6624526977539,2.8949999809265137
2018-07-23,85.25749206542969,2.9649999141693115
2018-07-24,85.30339050292969,2.9489998817443848
2018-07-25,85.31861877441406,2.936000108718872
2018-07-26,85.23456573486328,2.9749999046325684
2018-07-27,85.36444091796875,2.9600000381469727
2018-07-30,85.31861877441406,2.9749999046325684
2018-07-31,85.44853210449219,2.9639999866485596
2018-08-01,85.23983764648438,3.003000020980835
2018-08-02,85.2858657836914,2.9860000610351562
2018-08-03,85.45462036132812,2.953000068664551
2018-08-06,85.47000885009766,2.937999963760376
2018-08-07,85.35490417480469,2.9730000495910645
2018-08-08,85.3625717163086,2.9709999561309814
2018-08-09,85.56204986572266,2.934999942779541
2018-08-10,85.83826446533203,2.8570001125335693
2018-08-13,85.82293701171875,2.877000093460083
2018-08-14,85.71552276611328,2.8949999809265137
2018-08-15,85.88426971435547,2.8519999980926514
2018-08-16,85.8305892944336,2.871000051498413
2018-08-17,85.86897277832031,2.872999906539917
2018-08-20,86.03775024414062,2.822999954223633
2018-08-21,85.9840316772461,2.8440001010894775
2018-08-22,86.16815948486328,2.822999954223633
2018-08-23,86.23722839355469,2.821000099182129
2018-08-24,86.32159423828125,2.8259999752044678
2018-08-27,86.19120025634766,2.8480000495910645
2018-08-28,86.02239990234375,2.884000062942505
2018-08-29,86.02239990234375,2.884000062942505
2018-08-30,86.09912872314453,2.859999895095825
2018-08-31,85.99939727783203,2.8529999256134033
2018-09-04,85.88082885742188,2.9019999504089355
2018-09-05,85.79615783691406,2.9019999504089355
2018-09-06,85.87313079833984,2.878999948501587
2018-09-07,85.62677764892578,2.941999912261963
2018-09-10,85.64987182617188,2.937000036239624
2018-09-11,85.4727783203125,2.9769999980926514
2018-09-12,85.54976654052734,2.9630000591278076
2018-09-13,85.42659759521484,2.9630000591278076
2018-09-14,85.27261352539062,2.99399995803833
2018-09-17,85.28801727294922,3.000999927520752
2018-09-18,85.1109390258789,3.0480000972747803
2018-09-19,85.0185775756836,3.0829999446868896
2018-09-20,85.13402557373047,3.078000068664551
2018-09-21,85.14173126220703,3.068000078201294
2018-09-24,85.05703735351562,3.078000068664551
2018-09-25,85.0262451171875,3.1019999980926514
2018-09-26,85.17252349853516,3.061000108718872
2018-09-27,85.20333099365234,3.055999994277954
2018-09-28,85.16485595703125,3.055999994277954
2018-10-01,84.91132354736328,3.0799999237060547
2018-10-02,85.0500259399414,3.055999994277954
2018-10-03,84.64159393310547,3.1610000133514404
2018-10-04,84.43353271484375,3.197000026702881
2018-10-05,84.20237731933594,3.2249999046325684
2018-10-08,84.1638412475586,3.2330000400543213
2018-10-09,84.40271759033203,3.2079999446868896
2018-10-10,84.31792449951172,3.2249999046325684
2018-10-11,84.45665740966797,3.132999897003174
2018-10-12,84.32564544677734,3.1410000324249268
2018-10-15,84.37960052490234,3.1630001068115234
2018-10-16,84.3873062133789,3.1559998989105225
2018-10-17,84.18693542480469,3.178999900817871
2018-10-18,84.12528991699219,3.174999952316284
2018-10-19,84.04826354980469,3.197999954223633
2018-10-22,84.00198364257812,3.196000099182129
2018-10-23,84.02511596679688,3.1659998893737793
2018-10-24,84.30254364013672,3.124000072479248
2018-10-25,83.94807434082031,3.135999917984009
2018-10-26,84.37186431884766,3.0769999027252197
2018-10-29,84.28711700439453,3.0869998931884766
2018-10-30,84.06365203857422,3.109999895095825
2018-10-31,83.8709487915039,3.1589999198913574
2018-11-01,83.76380157470703,3.1440000534057617
2018-11-02,83.5093002319336,3.2139999866485596
2018-11-05,83.66354370117188,3.2009999752044678
2018-11-06,83.63269805908203,3.2139999866485596
2018-11-07,83.69438934326172,3.2130000591278076
2018-11-08,83.57870483398438,3.2339999675750732
2018-11-09,83.77922821044922,3.188999891281128
2018-11-12,83.95661163330078,3.186000108718872
2018-11-13,83.88719177246094,3.1449999809265137
2018-11-14,83.89492797851562,3.119999885559082
2018-11-15,83.96434020996094,3.118000030517578
2018-11-16,84.31134796142578,3.0739998817443848
2018-11-19,84.2728271484375,3.056999921798706
2018-11-20,84.14942932128906,3.0480000972747803
2018-11-21,84.11087799072266,3.061000108718872
2018-11-23,83.9797592163086,3.053999900817871
2018-11-26,83.88719177246094,3.072000026702881
2018-11-27,83.66354370117188,3.055000066757202
2018-11-28,83.76380157470703,3.0439999103546143
2018-11-29,84.25738525390625,3.0350000858306885
2018-11-30,84.2728271484375,3.013000011444092
2018-12-03,84.4311294555664,2.992000102996826
2018-12-04,84.68600463867188,2.9240000247955322
2018-12-06,84.69373321533203,2.875999927520752
2018-12-07,84.81731414794922,2.8499999046325684
2018-12-10,84.60880279541016,2.8559999465942383
2018-12-11,84.26896667480469,2.878999948501587
2018-12-12,84.14537811279297,2.9059998989105225
2018-12-13,84.16082000732422,2.9110000133514404
2018-12-14,84.2226333618164,2.8910000324249268
2018-12-17,84.36933135986328,2.8570001125335693
2018-12-18,84.58908081054688,2.825000047683716
2018-12-19,84.73603820800781,2.7780001163482666
2018-12-20,84.49622344970703,2.7890000343322754
2018-12-21,84.45756530761719,2.7920000553131104
2018-12-24,84.58130645751953,2.749000072479248
2018-12-26,84.41111755371094,2.796999931335449
2018-12-27,84.41111755371094,2.743000030517578
2018-12-28,84.65870666503906,2.7360000610351562
2018-12-31,84.7205581665039,2.686000108718872
2019-01-02,84.85209655761719,2.6610000133514404
2019-01-03,85.34721374511719,2.553999900817871
2019-01-04,85.16930389404297,2.6589999198913574
2019-01-07,85.11515045166016,2.681999921798706
2019-01-08,85.18473815917969,2.7160000801086426
2019-01-09,85.28533935546875,2.7279999256134033
2019-01-10,85.08419799804688,2.7309999465942383
2019-01-11,85.30854034423828,2.7009999752044678
2019-01-14,85.1538314819336,2.7100000381469727
2019-01-15,85.0764389038086,2.7109999656677246
2019-01-16,85.06871795654297,2.7309999465942383
2019-01-17,84.99909973144531,2.749000072479248
2019-01-18,84.89852142333984,2.7839999198913574
2019-01-22,84.95269012451172,2.7300000190734863
2019-01-23,84.85209655761719,2.755000114440918
2019-01-24,84.98362731933594,2.7119998931884766
2019-01-25,84.85209655761719,2.753000020980835
2019-01-28,84.73603820800781,2.74399995803833
2019-01-29,84.98362731933594,2.7119998931884766
2019-01-30,85.44779205322266,2.694999933242798
2019-01-31,85.9274673461914,2.634999990463257
2019-02-01,85.625732421875,2.690999984741211
2019-02-04,85.45552825927734,2.7239999771118164
2019-02-05,85.57159423828125,2.7019999027252197
2019-02-06,85.5174331665039,2.7019999027252197
2019-02-07,85.6489486694336,2.6519999504089355
2019-02-08,85.68766021728516,2.631999969482422
2019-02-11,85.50971221923828,2.6610000133514404
2019-02-12,85.52515411376953,2.684000015258789
2019-02-13,85.50971221923828,2.7079999446868896
2019-02-14,85.74952697753906,2.6570000648498535
2019-02-15,85.74952697753906,2.6659998893737793
2019-02-19,85.95066833496094,2.6470000743865967
2019-02-20,85.98162078857422,2.6540000438690186
2019-02-21,85.83464050292969,2.687999963760376
2019-02-22,86.05897521972656,2.6549999713897705
2019-02-25,85.99710083007812,2.6730000972747803
2019-02-26,86.12085723876953,2.635999917984009
2019-02-27,85.91971588134766,2.693000078201294
2019-02-28,85.78048706054688,2.7109999656677246
2019-03-01,85.61026000976562,2.755000114440918
2019-03-04,85.73406219482422,2.7219998836517334
2019-03-05,85.7031021118164,2.7219998836517334
2019-03-06,85.80367279052734,2.691999912261963
2019-03-07,86.04352569580078,2.635999917984009
2019-03-08,86.12085723876953,2.625
2019-03-11,86.10540771484375,2.6429998874664307
2019-03-12,86.26787567138672,2.6050000190734863
2019-03-13,86.36841583251953,2.6110000610351562
2019-03-14,86.34521484375,2.630000114440918
2019-03-15,86.64694213867188,2.5929999351501465
2019-03-18,86.63920593261719,2.6019999980926514
2019-03-19,86.56182861328125,2.614000082015991
2019-03-20,87.13432312011719,2.5350000858306885
2019-03-21,87.12657928466797,2.5369999408721924
2019-03-22,87.3896255493164,2.4549999237060547
2019-03-25,87.36640930175781,2.4200000762939453
2019-03-26,87.21170043945312,2.4140000343322754
2019-03-27,87.25039672851562,2.374000072479248
2019-03-28,87.32001495361328,2.3889999389648438
2019-03-29,87.47473907470703,2.4140000343322754
2019-04-01,87.14981079101562,2.496999979019165
2019-04-02,87.23489379882812,2.4809999465942383
2019-04-03,86.96412658691406,2.5169999599456787
2019-04-04,87.02603149414062,2.51200008392334
2019-04-05,87.12657928466797,2.500999927520752
2019-04-08,87.04148864746094,2.5190000534057617
2019-04-09,87.12657928466797,2.499000072479248
2019-04-10,87.44379425048828,2.4769999980926514
2019-04-11,87.24262237548828,2.503999948501587
2019-04-12,87.0801773071289,2.559999942779541
2019-04-15,87.12657928466797,2.552999973297119
2019-04-16,86.9254379272461,2.5920000076293945
2019-04-17,86.90996551513672,2.5920000076293945
2019-04-18,87.15756225585938,2.559999942779541
2019-04-22,87.07244873046875,2.5899999141693115
2019-04-23,87.27359008789062,2.569999933242798
2019-04-24,87.57530212402344,2.5220000743865967
2019-04-25,87.57530212402344,2.5339999198913574
2019-04-26,87.7686996459961,2.505000114440918
2019-04-29,87.5211410522461,2.5360000133514404
2019-04-30,87.66817474365234,2.509000062942505
2019-05-01,87.47854614257812,2.510999917984009
2019-05-02,87.12255096435547,2.552000045776367
2019-05-03,87.36247253417969,2.5309998989105225
2019-05-06,87.49398040771484,2.5
2019-05-07,87.54048156738281,2.447999954223633
2019-05-08,87.3160171508789,2.4820001125335693
2019-05-09,87.46308898925781,2.4570000171661377
2019-05-10,87.65650939941406,2.4549999237060547
2019-05-13,87.84223175048828,2.4049999713897705
2019-05-14,87.9041519165039,2.4189999103546143
2019-05-15,88.0821533203125,2.378999948501587
2019-05-16,87.94287109375,2.4049999713897705
2019-05-17,87.85772705078125,2.3929998874664307
2019-05-20,87.74166107177734,2.4159998893737793
2019-05-21,87.78811645507812,2.4260001182556152
2019-05-22,87.81903839111328,2.3929998874664307
2019-05-23,88.0047607421875,2.2960000038146973
2019-05-24,88.15180206298828,2.3239998817443848
2019-05-28,88.1982421875,2.2679998874664307
2019-05-29,88.3530044555664,2.2360000610351562
2019-05-30,88.6470947265625,2.2269999980926514
2019-05-31,89.20427703857422,2.1419999599456787
2019-06-03,89.44477844238281,2.0810000896453857
2019-06-04,89.2657699584961,2.11899995803833
2019-06-05,89.32024383544922,2.122999906539917
2019-06-06,89.2657699584961,2.124000072479248
2019-06-07,89.59259033203125,2.0840001106262207
2019-06-10,89.11009216308594,2.1429998874664307
2019-06-11,88.99341583251953,2.140000104904175
2019-06-12,89.04008483886719,2.127000093460083
2019-06-13,89.07122802734375,2.0910000801086426
2019-06-14,88.93112182617188,2.0929999351501465
2019-06-17,88.7598876953125,2.0859999656677246
2019-06-18,89.12569427490234,2.059999942779541
2019-06-19,89.6392822265625,2.0290000438690186
2019-06-20,90.14508056640625,2.000999927520752
2019-06-21,89.74047088623047,2.068000078201294
2019-06-24,89.91165924072266,2.0209999084472656
2019-06-25,89.75599670410156,1.99399995803833
2019-06-26,89.67041015625,2.0490000247955322
2019-06-27,89.8415756225586,2.005000114440918
2019-06-28,89.87271881103516,2.0
2019-07-01,89.6865463256836,2.0339999198913574
2019-07-02,89.73347473144531,1.9759999513626099
2019-07-03,89.96817779541016,1.9529999494552612
2019-07-05,89.69435119628906,2.0480000972747803
2019-07-08,89.70999908447266,2.0339999198913574
2019-07-09,89.80387115478516,2.053999900817871
2019-07-10,89.96038055419922,2.061000108718872
2019-07-11,89.67870330810547,2.119999885559082
2019-07-12,89.83518981933594,2.1059999465942383
2019-07-15,90.06207275390625,2.0920000076293945
2019-07-16,89.91342163085938,2.121999979019165
2019-07-17,90.10116577148438,2.061000108718872
2019-07-18,90.28893280029297,2.0380001068115234
2019-07-19,90.14813995361328,2.0480000972747803
2019-07-22,90.17159271240234,2.0429999828338623
2019-07-23,90.14813995361328,2.0739998817443848
2019-07-24,90.17159271240234,2.049999952316284
2019-07-25,90.02294158935547,2.0739998817443848
2019-07-26,89.96038055419922,2.0810000896453857
2019-07-29,89.88212585449219,2.055000066757202
2019-07-30,90.01510620117188,2.061000108718872
2019-07-31,90.15597534179688,2.0209999084472656
2019-08-01,90.48529815673828,1.8940000534057617
2019-08-02,90.54804229736328,1.8550000190734863
2019-08-05,90.8617172241211,1.7350000143051147
2019-08-06,91.1988754272461,1.7389999628067017
2019-08-07,91.24593353271484,1.684000015258789
2019-08-08,91.481201171875,1.715999960899353
2019-08-09,91.38706970214844,1.7339999675750732
2019-08-12,91.75564575195312,1.6390000581741333
2019-08-13,91.60668182373047,1.6799999475479126
2019-08-14,91.77916717529297,1.5809999704360962
2019-08-15,92.18693542480469,1.5290000438690186
2019-08-16,91.92033386230469,1.5390000343322754
2019-08-19,91.57530212402344,1.5980000495910645
2019-08-20,91.69294738769531,1.5609999895095825
2019-08-21,91.59880828857422,1.5770000219345093
2019-08-22,91.52039337158203,1.6100000143051147
2019-08-23,92.04576110839844,1.527999997138977
2019-08-26,91.9438705444336,1.5449999570846558
2019-08-27,92.3751449584961,1.4900000095367432
2019-08-28,92.55550384521484,1.465999960899353
2019-08-29,92.61039733886719,1.5160000324249268
2019-08-30,92.25752258300781,1.50600004196167
2019-09-03,92.14688873291016,1.465999960899353
2019-09-04,92.37443542480469,1.4589999914169312
2019-09-05,91.9586410522461,1.565000057220459
2019-09-06,92.03704071044922,1.5499999523162842
2019-09-09,91.56633758544922,1.621999979019165
2019-09-10,91.04065704345703,1.7020000219345093
2019-09-11,90.93865966796875,1.7330000400543213
2019-09-12,90.86805725097656,1.7910000085830688
2019-09-13,90.33454895019531,1.902999997138977
2019-09-16,90.87588500976562,1.840999960899353
2019-09-17,90.99356842041016,1.812000036239624
2019-09-18,90.71114349365234,1.7860000133514404
2019-09-19,90.8915786743164,1.7740000486373901
2019-09-20,91.3936996459961,1.7549999952316284
2019-09-23,91.51921844482422,1.7079999446868896
2019-09-24,91.72325897216797,1.6349999904632568
2019-09-25,91.24462890625,1.7319999933242798
2019-09-26,91.29955291748047,1.684999942779541
2019-09-27,91.1583480834961,1.6749999523162842
2019-09-30,91.23678588867188,1.6749999523162842
2019-10-01,91.41441345214844,1.6440000534057617
2019-10-02,91.41441345214844,1.5959999561309814
2019-10-03,91.70519256591797,1.5360000133514404
2019-10-04,91.98811340332031,1.5149999856948853
2019-10-07,91.73662567138672,1.5529999732971191
2019-10-08,91.65017700195312,1.5369999408721924
2019-10-09,91.46154022216797,1.5889999866485596
2019-10-10,91.17080688476562,1.6579999923706055
2019-10-11,90.88787841796875,1.7519999742507935
2019-10-14,91.03721618652344,1.7330000400543213
2019-10-15,90.73065948486328,1.7710000276565552
2019-10-16,90.8721694946289,1.7480000257492065
2019-10-17,90.99788665771484,1.7569999694824219
2019-10-18,91.13935089111328,1.746999979019165
2019-10-21,90.84858703613281,1.7920000553131104
2019-10-22,91.12361145019531,1.7680000066757202
2019-10-23,91.18651580810547,1.7589999437332153
2019-10-24,91.24148559570312,1.7660000324249268
2019-10-25,91.2572250366211,1.8009999990463257
2019-10-28,90.81716918945312,1.8530000448226929
2019-10-29,90.58921813964844,1.8350000381469727
2019-10-30,90.92713928222656,1.7979999780654907
2019-10-31,91.2100830078125,1.690999984741211
2019-11-01,91.34371948242188,1.7280000448226929
2019-11-04,91.28081512451172,1.7860000133514404
2019-11-05,91.10791778564453,1.8660000562667847
2019-11-06,91.39873504638672,1.8140000104904175
2019-11-07,90.8878402709961,1.9259999990463257
2019-11-08,90.83277130126953,1.9329999685287476
2019-11-11,90.87997436523438,1.9429999589920044
2019-11-12,90.86421966552734,1.909000039100647
2019-11-13,90.94282531738281,1.8700000047683716
2019-11-14,91.15506744384766,1.815000057220459
2019-11-15,91.0450439453125,1.8339999914169312
2019-11-18,91.22579956054688,1.8079999685287476
2019-11-19,91.39085388183594,1.7860000133514404
2019-11-20,91.74455261230469,1.7380000352859497
2019-11-21,91.54019927978516,1.7719999551773071
2019-11-22,91.57166290283203,1.7740000486373901
2019-11-25,91.67383575439453,1.7640000581741333
2019-11-26,91.87033081054688,1.7400000095367432
2019-11-27,91.68955993652344,1.7669999599456787
2019-11-29,91.4773178100586,1.7760000228881836
2019-12-02,91.34674072265625,1.8359999656677246
2019-12-03,91.91320037841797,1.7089999914169312
2019-12-04,91.8502197265625,1.781000018119812
2019-12-05,91.71649169921875,1.7970000505447388
2019-12-06,91.65357971191406,1.8420000076293945
2019-12-09,91.67716979980469,1.8289999961853027
2019-12-10,91.65357971191406,1.8329999446868896
2019-12-11,91.97611999511719,1.7899999618530273
2019-12-12,91.52770233154297,1.8969999551773071
2019-12-13,91.89745330810547,1.819000005722046
2019-12-16,91.68501281738281,1.8919999599456787
2019-12-17,91.81088256835938,1.8890000581741333
2019-12-18,91.7086410522461,1.9240000247955322
2019-12-19,91.85746765136719,1.9079999923706055
2019-12-20,91.81017303466797,1.9170000553131104
2019-12-23,91.6527328491211,1.934999942779541
2019-12-24,91.76294708251953,1.909999966621399
2019-12-26,91.82596588134766,1.9049999713897705
2019-12-27,91.85746765136719,1.8739999532699585
2019-12-30,91.88894653320312,1.8949999809265137
2019-12-31,91.79447174072266,1.9190000295639038
2020-01-02,92.24332427978516,1.8819999694824219
2020-01-03,92.66854858398438,1.7879999876022339
2020-01-06,92.43231201171875,1.8109999895095825
2020-01-07,92.14884185791016,1.8270000219345093
2020-01-08,92.06219482421875,1.8739999532699585
2020-01-09,92.0543441772461,1.8580000400543213
2020-01-10,92.3299331665039,1.8250000476837158
2020-01-13,92.314208984375,1.8480000495910645
2020-01-14,92.44020080566406,1.8179999589920044
2020-01-15,92.51104736328125,1.7879999876022339
2020-01-16,92.36144256591797,1.809000015258789
2020-01-17,92.21183776855469,1.8359999656677246
2020-01-21,92.51104736328125,1.7690000534057617
2020-01-22,92.44806671142578,1.7690000534057617
2020-01-23,92.63703155517578,1.7400000095367432
2020-01-24,92.841796875,1.680999994277954
2020-01-27,93.0544204711914,1.6050000190734863
2020-01-28,92.91265869140625,1.6410000324249268
2020-01-29,93.25126647949219,1.593999981880188
2020-01-30,93.3536376953125,1.5579999685287476
2020-01-31,93.7552490234375,1.5199999809265137
2020-02-03,93.53217315673828,1.5199999809265137
2020-02-04,93.13011169433594,1.6030000448226929
2020-02-05,92.85420227050781,1.6490000486373901
2020-02-06,93.02763366699219,1.6440000534057617
2020-02-07,93.40602111816406,1.5779999494552612
2020-02-10,93.54790496826172,1.5470000505447388
2020-02-11,93.27203369140625,1.590000033378601
2020-02-12,93.17739868164062,1.6299999952316284
2020-02-13,93.37445831298828,1.6169999837875366
2020-02-14,93.4454574584961,1.5880000591278076
2020-02-18,93.65040588378906,1.555999994277954
2020-02-19,93.6109848022461,1.5700000524520874
2020-02-20,93.79229736328125,1.524999976158142
2020-02-21,93.9657211303711,1.4709999561309814
2020-02-24,94.3992919921875,1.3769999742507935
2020-02-25,94.24163818359375,1.3300000429153442
2020-02-26,94.19432830810547,1.309999942779541
2020-02-27,94.47024536132812,1.2990000247955322
2020-02-28,94.62000274658203,1.1269999742507935
2020-03-02,94.84073638916016,1.0880000591278076
2020-03-03,95.80244445800781,1.0099999904632568
2020-03-04,95.66057586669922,0.9919999837875366
2020-03-05,95.96016693115234,0.9259999990463257
2020-03-06,96.59866333007812,0.7059999704360962
2020-03-09,94.61212158203125,0.49900001287460327
2020-03-10,91.90036010742188,0.7480000257492065
2020-03-11,89.81925201416016,0.8199999928474426
2020-03-12,89.60641479492188,0.8489999771118164
2020-03-13,89.96112823486328,0.9509999752044678
2020-03-16,89.33839416503906,0.7279999852180481
2020-03-17,86.8394546508789,0.996999979019165
2020-03-18,85.77522277832031,1.2660000324249268
2020-03-19,87.43855285644531,1.11899995803833
2020-03-20,91.33277893066406,0.9380000233650208
2020-03-23,93.05130767822266,0.7639999985694885
2020-03-24,93.10647583007812,0.8159999847412109
2020-03-25,94.0051498413086,0.8579999804496765
2020-03-26,94.48597717285156,0.8109999895095825
2020-03-27,94.7934341430664,0.7490000128746033
2020-03-30,93.28778839111328,0.6700000166893005
2020-03-31,92.95671081542969,0.6980000138282776
2020-04-01,93.52196502685547,0.6349999904632568
2020-04-02,94.9509048461914,0.6269999742507935
2020-04-03,95.78777313232422,0.5870000123977661
2020-04-06,95.7246322631836,0.6759999990463257
2020-04-07,95.66146850585938,0.7360000014305115
2020-04-08,95.00617980957031,0.7639999985694885
2020-04-09,95.94566345214844,0.7289999723434448
2020-04-13,96.11935424804688,0.7490000128746033
2020-04-14,96.4035415649414,0.7519999742507935
2020-04-15,96.50621032714844,0.6380000114440918
2020-04-16,95.6693344116211,0.609000027179718
2020-04-17,95.2114486694336,0.6539999842643738
2020-04-20,94.91931915283203,0.6259999871253967
2020-04-21,95.40093231201172,0.5709999799728394
2020-04-22,95.97723388671875,0.6190000176429749
2020-04-23,95.92198181152344,0.6129999756813049
2020-04-24,96.46673583984375,0.5960000157356262
2020-04-27,96.27725219726562,0.656000018119812
2020-04-28,96.60884094238281,0.6100000143051147
2020-04-29,96.49044036865234,0.6269999742507935
2020-04-30,95.7719955444336,0.621999979019165
2020-05-01,95.77041625976562,0.6420000195503235
2020-05-04,95.86537170410156,0.6370000243186951
2020-05-05,95.97618103027344,0.6570000052452087
2020-05-06,95.50923919677734,0.7110000252723694
2020-05-07,96.11072540283203,0.6309999823570251
2020-05-08,96.07907104492188,0.6819999814033508
2020-05-11,95.7466812133789,0.7260000109672546
2020-05-12,95.83369445800781,0.6779999732971191
2020-05-13,95.9207763671875,0.6489999890327454
2020-05-14,96.03156280517578,0.6190000176429749
2020-05-15,96.19778442382812,0.6399999856948853
2020-05-18,96.18985748291016,0.7440000176429749
2020-05-19,96.07907104492188,0.7110000252723694
2020-05-20,96.36396026611328,0.6800000071525574
2020-05-21,96.26107788085938,0.6769999861717224
2020-05-22,96.31649017333984,0.6570000052452087
2020-05-26,95.96036529541016,0.6980000138282776
2020-05-27,96.05533599853516,0.6800000071525574
2020-05-28,96.35604095458984,0.7049999833106995
2020-05-29,96.3956298828125,0.6480000019073486
2020-06-01,96.51434326171875,0.6620000004768372
2020-06-02,96.3006591796875,0.6800000071525574
2020-06-03,95.98409271240234,0.7609999775886536
2020-06-04,95.62002563476562,0.8199999928474426
2020-06-05,95.61211395263672,0.9039999842643738
2020-06-08,95.81787872314453,0.8840000033378601
2020-06-09,95.91287231445312,0.8289999961853027
2020-06-10,96.6489028930664,0.7480000257492065
2020-06-11,96.6805419921875,0.652999997138977
2020-06-12,96.41935729980469,0.6990000009536743
2020-06-15,96.45893096923828,0.7020000219345093
2020-06-16,96.41146850585938,0.7559999823570251
2020-06-17,96.34815216064453,0.7329999804496765
2020-06-18,96.7834243774414,0.6940000057220459
2020-06-19,96.97339630126953,0.6970000267028809
2020-06-22,97.21871948242188,0.7039999961853027
2020-06-23,97.27410125732422,0.7089999914169312
2020-06-24,97.13957214355469,0.6840000152587891
2020-06-25,97.22661590576172,0.6740000247955322
2020-06-26,97.39283752441406,0.6359999775886536
2020-06-29,97.50361633300781,0.6359999775886536
2020-06-30,97.3453598022461,0.652999997138977
2020-07-01,97.40863800048828,0.6819999814033508
2020-07-02,97.677734375,0.6690000295639038
2020-07-06,97.8676986694336,0.6840000152587891
2020-07-07,97.89141845703125,0.6499999761581421
2020-07-08,97.71731567382812,0.652999997138977
2020-07-09,97.97057342529297,0.6050000190734863
2020-07-10,97.8676986694336,0.6330000162124634
2020-07-13,98.08137512207031,0.6399999856948853
2020-07-14,98.09717559814453,0.6150000095367432
2020-07-15,98.04176330566406,0.6299999952316284
2020-07-16,98.23968505859375,0.6119999885559082
2020-07-17,98.42169952392578,0.628000020980835
2020-07-20,98.55622863769531,0.6200000047683716
2020-07-21,98.77783203125,0.6069999933242798
2020-07-22,98.77783203125,0.5950000286102295
2020-07-23,98.82527923583984,0.5820000171661377
2020-07-24,98.80156707763672,0.5889999866485596
2020-07-27,98.80156707763672,0.609000027179718
2020-07-28,98.98358917236328,0.5809999704360962
2020-07-29,99.21311950683594,0.5789999961853027
2020-07-30,99.31598663330078,0.5410000085830688
2020-07-31,99.60880279541016,0.5360000133514404
2020-08-03,99.74334716796875,0.5630000233650208
2020-08-04,99.9649887084961,0.5149999856948853
2020-08-05,100.012451171875,0.5429999828338623
2020-08-06,100.12326049804688,0.5360000133514404
2020-08-07,99.85415649414062,0.5619999766349792
2020-08-10,99.73542785644531,0.5740000009536743
2020-08-11,99.51384735107422,0.6579999923706055
2020-08-12,99.5771484375,0.6700000166893005
2020-08-13,99.32392883300781,0.7160000205039978
2020-08-14,99.1576919555664,0.7089999914169312
2020-08-17,99.37137603759766,0.6830000281333923
2020-08-18,99.8145980834961,0.6690000295639038
2020-08-19,99.51384735107422,0.675000011920929
2020-08-20,99.41888427734375,0.6439999938011169
2020-08-21,99.75920867919922,0.6399999856948853
2020-08-24,99.9570541381836,0.6460000276565552
2020-08-25,99.9253921508789,0.6819999814033508
2020-08-26,100.12326049804688,0.6869999766349792
2020-08-27,99.72752380371094,0.7459999918937683
2020-08-28,100.04412841796875,0.7289999723434448
2020-08-31,100.4952392578125,0.6930000185966492
2020-09-01,100.55060577392578,0.671999990940094
2020-09-02,100.59019470214844,0.6510000228881836
2020-09-03,100.24195098876953,0.621999979019165
2020-09-04,99.93331909179688,0.7210000157356262
2020-09-08,100.02828216552734,0.6840000152587891
2020-09-09,100.08368682861328,0.703000009059906
2020-09-10,100.17072296142578,0.6850000023841858
2020-09-11,100.1153564453125,0.6690000295639038
2020-09-14,100.05198669433594,0.6710000038146973
2020-09-15,100.12326049804688,0.6790000200271606
2020-09-16,100.12326049804688,0.6869999766349792
2020-09-17,100.17864990234375,0.6840000152587891
2020-09-18,100.09159088134766,0.6940000057220459
2020-09-21,99.9095687866211,0.6710000038146973
2020-09-22,99.94123077392578,0.6639999747276306
2020-09-23,99.83829498291016,0.6759999990463257
2020-09-24,99.9095687866211,0.6660000085830688
2020-09-25,100.04412841796875,0.6589999794960022
2020-09-28,100.24983978271484,0.6629999876022339
2020-09-29,100.41609191894531,0.6449999809265137
2020-09-30,100.1153564453125,0.6769999861717224
2020-10-01,100.09708404541016,0.6769999861717224
2020-10-02,100.11297607421875,0.6959999799728394
2020-10-05,99.81120300292969,0.7620000243186951
2020-10-06,99.82709503173828,0.7419999837875366
2020-10-07,99.81915283203125,0.7850000262260437
2020-10-08,100.2161636352539,0.7649999856948853
2020-10-09,100.24795532226562,0.7749999761581421
2020-10-12,100.31143951416016,0.7770000100135803
2020-10-13,100.31143951416016,0.7269999980926514
2020-10-14,100.31143951416016,0.722000002861023
2020-10-15,100.2796859741211,0.7310000061988831
2020-10-16,100.31941223144531,0.7440000176429749
2020-10-19,100.0811996459961,0.7609999775886536
2020-10-20,99.99384307861328,0.796999990940094
2020-10-21,99.96209716796875,0.8159999847412109
2020-10-22,99.81120300292969,0.8479999899864197
2020-10-23,99.93033599853516,0.8410000205039978
2020-10-26,100.0097427368164,0.8009999990463257
2020-10-27,100.2082290649414,0.777999997138977
2020-10-28,100.0811996459961,0.781000018119812
2020-10-29,99.7397689819336,0.8349999785423279
2020-10-30,99.43800354003906,0.8600000143051147
2020-11-02,99.80262756347656,0.8489999771118164
2020-11-03,99.72303009033203,0.8820000290870667
2020-11-04,99.89019012451172,0.7680000066757202
2020-11-05,99.96978759765625,0.7760000228881836
2020-11-06,99.5159912109375,0.8199999928474426
2020-11-09,99.22940826416016,0.9580000042915344
2020-11-10,99.324951171875,0.972000002861023
2020-11-11,99.5000991821289,0.9580000042915344
2020-11-12,99.77873229980469,0.8849999904632568
2020-11-13,99.77078247070312,0.8930000066757202
2020-11-16,99.63544464111328,0.906000018119812
2020-11-17,99.80262756347656,0.871999979019165
2020-11-18,99.83446502685547,0.8820000290870667
2020-11-19,99.93794250488281,0.8539999723434448
2020-11-20,100.16082763671875,0.8289999961853027
2020-11-23,100.08123779296875,0.8569999933242798
2020-11-24,100.11309051513672,0.8820000290870667
2020-11-25,100.2802734375,0.878000020980835
2020-11-27,100.52701568603516,0.8420000076293945
2020-11-30,100.63845825195312,0.843999981880188
2020-12-01,100.40975189208984,0.9340000152587891
2020-12-02,100.48150634765625,0.9480000138282776
2020-12-03,100.76040649414062,0.9200000166893005
2020-12-04,100.54522705078125,0.968999981880188
2020-12-07,100.8082275390625,0.9279999732971191
2020-12-08,100.9755630493164,0.9129999876022339
2020-12-09,100.84806060791016,0.9409999847412109
2020-12-10,101.07916259765625,0.9079999923706055
2020-12-11,101.07119750976562,0.8930000066757202
2020-12-14,101.07119750976562,0.8920000195503235
2020-12-15,101.25448608398438,0.9229999780654907
2020-12-16,101.24651336669922,0.9200000166893005
2020-12-17,101.3046646118164,0.9300000071525574
2020-12-18,101.25688171386719,0.9480000138282776
2020-12-21,101.24092102050781,0.9409999847412109
2020-12-22,101.33659362792969,0.9179999828338623
2020-12-23,101.38440704345703,0.9549999833106995
2020-12-24,101.42426300048828,0.9279999732971191
2020-12-28,101.49598693847656,0.9330000281333923
2020-12-29,101.4481430053711,0.9350000023841858
2020-12-30,101.52786254882812,0.9259999990463257
2020-12-31,101.74308776855469,0.9169999957084656
2021-01-04,101.85467529296875,0.9169999957084656
2021-01-05,101.82276153564453,0.9549999833106995
2021-01-06,101.51990509033203,1.0420000553131104
2021-01-07,101.4561538696289,1.0709999799728394
2021-01-08,101.05762481689453,1.1050000190734863
2021-01-11,100.84239196777344,1.1319999694824219
2021-01-12,100.97789764404297,1.1380000114440918
2021-01-13,101.20106506347656,1.0880000591278076
2021-01-14,101.24887084960938,1.128999948501587
2021-01-15,101.3604965209961,1.097000002861023
2021-01-19,101.59960174560547,1.0920000076293945
2021-01-20,101.75104522705078,1.090000033378601
2021-01-21,101.99816131591797,1.1089999675750732
2021-01-22,101.8387222290039,1.090999960899353
2021-01-25,102.10174560546875,1.0399999618530273
2021-01-26,101.95030212402344,1.0399999618530273
2021-01-27,101.91838836669922,1.0140000581741333
2021-01-28,102.1176986694336,1.0570000410079956
2021-01-29,102.01408386230469,1.093000054359436
2021-02-01,101.7908935546875,1.0770000219345093
2021-02-02,101.94231414794922,1.1050000190734863
2021-02-03,101.88652038574219,1.13100004196167
2021-02-04,101.81483459472656,1.1390000581741333
2021-02-05,101.7908935546875,1.1699999570846558
2021-02-08,101.88652038574219,1.159999966621399
2021-02-09,101.94231414794922,1.156999945640564
2021-02-10,102.0300064086914,1.1330000162124634
2021-02-11,101.91045379638672,1.1579999923706055
2021-02-12,101.74308776855469,1.2000000476837158
2021-02-16,101.24887084960938,1.2990000247955322
2021-02-17,101.20904541015625,1.3009999990463257
2021-02-18,100.78659057617188,1.2869999408721924
2021-02-19,100.3562240600586,1.3450000286102295
2021-02-22,100.3482437133789,1.3700000047683716
2021-02-23,100.3721694946289,1.3619999885559082
2021-02-24,100.29248046875,1.3890000581741333
2021-02-25,99.06500244140625,1.5180000066757202
2021-02-26,100.29248046875,1.4600000381469727
2021-03-01,99.95770263671875,1.4459999799728394
2021-03-02,100.36417388916016,1.4149999618530273
2021-03-03,100.1091079711914,1.4700000286102295
2021-03-04,99.72651672363281,1.5499999523162842
2021-03-05,99.83013916015625,1.5540000200271606
2021-03-08,99.28019714355469,1.5959999561309814
2021-03-09,99.90189361572266,1.5460000038146973
2021-03-10,100.3562240600586,1.5199999809265137
2021-03-11,100.44388580322266,1.5269999504089355
2021-03-12,99.65483856201172,1.6349999904632568
2021-03-15,99.94970703125,1.6069999933242798
2021-03-16,100.15695190429688,1.621000051498413
2021-03-17,100.06926727294922,1.6410000324249268
2021-03-18,99.35991668701172,1.7300000190734863
2021-03-19,99.55120849609375,1.7319999933242798
2021-03-22,100.0294189453125,1.684000015258789
2021-03-23,100.23664093017578,1.6380000114440918
2021-03-24,100.49966430664062,1.6139999628067017
2021-03-25,100.42794799804688,1.6139999628067017
2021-03-26,100.4518814086914,1.659999966621399
2021-03-29,100.18085479736328,1.7209999561309814
2021-03-30,100.0055160522461,1.7259999513626099
2021-03-31,100.0294189453125,1.746000051498413
2021-04-01,100.31705474853516,1.6790000200271606
2021-04-05,100.0293960571289,1.7200000286102295
2021-04-06,100.08535766601562,1.656000018119812
2021-04-07,100.14925384521484,1.652999997138977
2021-04-08,100.37297058105469,1.6319999694824219
2021-04-09,100.15724182128906,1.6660000085830688
2021-04-12,100.17326354980469,1.6749999523162842
2021-04-13,100.540771484375,1.6230000257492065
2021-04-14,100.540771484375,1.6380000114440918
2021-04-15,101.08403015136719,1.5299999713897705
2021-04-16,101.05210876464844,1.5729999542236328
2021-04-19,100.8763198852539,1.6009999513626099
2021-04-20,100.94023895263672,1.562000036239624
2021-04-21,101.0361099243164,1.5640000104904175
2021-04-22,101.15595245361328,1.5540000200271606
2021-04-23,101.203857421875,1.5670000314712524
2021-04-26,101.25984191894531,1.5700000524520874
2021-04-27,101.25181579589844,1.621999979019165
2021-04-28,101.57139587402344,1.6200000047683716
2021-04-29,101.52345275878906,1.6399999856948853
2021-04-30,101.45954895019531,1.63100004196167
2021-05-03,101.71223449707031,1.6069999933242798
2021-05-04,101.94490051269531,1.5920000076293945
2021-05-05,102.40215301513672,1.5839999914169312
2021-05-06,102.28181457519531,1.5609999895095825
2021-05-07,102.4984130859375,1.5770000219345093
2021-05-10,102.54657745361328,1.6019999980926514
2021-05-11,102.27379608154297,1.6239999532699585
2021-05-12,102.09729766845703,1.6950000524520874
2021-05-13,102.12138366699219,1.6679999828338623
2021-05-14,102.48237609863281,1.6349999904632568
2021-05-17,102.68294525146484,1.6399999856948853
2021-05-18,102.53050994873047,1.6419999599456787
2021-05-19,101.83258819580078,1.6829999685287476
2021-05-20,101.9529037475586,1.6339999437332153
2021-05-21,102.13740539550781,1.6319999694824219
2021-05-24,102.3860855102539,1.6080000400543213
2021-05-25,102.67491912841797,1.5640000104904175
2021-05-26,102.4422836303711,1.5740000009536743
2021-05-27,102.43424224853516,1.6100000143051147
2021-05-28,102.4984130859375,1.5809999704360962
2021-06-01,102.7976303100586,1.6150000095367432
2021-06-02,102.6686019897461,1.590999960899353
2021-06-03,102.3218002319336,1.625
2021-06-04,102.81375885009766,1.559999942779541
2021-06-07,102.58795166015625,1.569000005722046
2021-06-08,102.69277954101562,1.527999997138977
2021-06-09,102.70083618164062,1.4889999628067017
2021-06-10,103.23316955566406,1.4589999914169312
2021-06-11,102.96698760986328,1.4620000123977661
2021-06-14,102.9105224609375,1.5010000467300415
2021-06-15,103.07991790771484,1.4989999532699585
2021-06-16,102.14435577392578,1.569000005722046
2021-06-17,102.53147888183594,1.5110000371932983
2021-06-18,102.57183837890625,1.4500000476837158
2021-06-21,102.39437866210938,1.4839999675750732
2021-06-22,102.95890808105469,1.472000002861023
2021-06-23,102.98312377929688,1.4869999885559082
2021-06-24,102.78958129882812,1.4869999885559082
2021-06-25,102.89441680908203,1.5360000133514404
2021-06-28,103.04765319824219,1.4780000448226929
2021-06-29,103.10411834716797,1.4800000190734863
2021-06-30,103.2412338256836,1.4429999589920044
2021-07-01,103.34107971191406,1.4800000190734863
2021-07-02,103.7794418334961,1.430999994277954
2021-07-06,104.04730987548828,1.3700000047683716
2021-07-07,103.97425842285156,1.3209999799728394
2021-07-08,103.83625793457031,1.2879999876022339
2021-07-09,103.85248565673828,1.3559999465942383
2021-07-12,104.12850189208984,1.3630000352859497
2021-07-13,104.12850189208984,1.4149999618530273
2021-07-14,104.40451049804688,1.3559999465942383
2021-07-15,104.72108459472656,1.2970000505447388
2021-07-16,104.72108459472656,1.2999999523162842
2021-07-19,104.7616958618164,1.180999994277954
2021-07-20,104.74544525146484,1.2089999914169312
2021-07-21,104.47759246826172,1.2799999713897705
2021-07-22,104.76982116699219,1.2649999856948853
2021-07-23,105.24066925048828,1.2860000133514404
2021-07-26,105.69524383544922,1.2760000228881836
2021-07-27,105.6708984375,1.2339999675750732
2021-07-28,106.028076171875,1.2610000371932983
2021-07-29,105.84138488769531,1.2690000534057617
2021-07-30,106.0037612915039,1.2389999628067017
2021-08-02,106.04212188720703,1.1740000247955322
2021-08-03,106.14012145996094,1.1759999990463257
2021-08-04,105.93597412109375,1.184000015258789
2021-08-05,105.560302734375,1.2170000076293945
2021-08-06,105.32347869873047,1.2899999618530273
2021-08-09,105.1356430053711,1.3170000314712524
2021-08-10,105.23362731933594,1.3420000076293945
2021-08-11,105.4051513671875,1.3289999961853027
2021-08-12,105.32347869873047,1.3669999837875366
2021-08-13,105.59296417236328,1.2970000505447388
2021-08-16,105.6990966796875,1.2569999694824219
2021-08-17,105.41329193115234,1.2580000162124634
2021-08-18,105.4296646118164,1.2730000019073486
2021-08-19,105.47045135498047,1.2419999837875366
2021-08-20,105.14380645751953,1.2599999904632568
2021-08-23,105.38878631591797,1.2549999952316284
2021-08-24,105.38878631591797,1.2899999618530273
2021-08-25,105.34796142578125,1.3420000076293945
2021-08-26,105.36430358886719,1.3420000076293945
2021-08-27,106.15644836425781,1.312000036239624
2021-08-30,106.14012145996094,1.284999966621399
2021-08-31,105.82979583740234,1.3040000200271606
2021-09-01,105.87583923339844,1.3020000457763672
2021-09-02,105.91696166992188,1.2940000295639038
2021-09-03,105.76895141601562,1.3220000267028809
2021-09-07,105.50579833984375,1.3700000047683716
2021-09-08,105.93338775634766,1.3339999914169312
2021-09-09,106.49258422851562,1.2990000247955322
2021-09-10,106.19657897949219,1.340999960899353
2021-09-13,106.19657897949219,1.3240000009536743
2021-09-14,106.2541275024414,1.2769999504089355
2021-09-15,106.31169891357422,1.3040000200271606
2021-09-16,106.13900756835938,1.3309999704360962
2021-09-17,105.8347396850586,1.3700000047683716
2021-09-20,105.93338775634766,1.309000015258789
2021-09-21,105.85939025878906,1.3240000009536743
2021-09-22,105.75252532958984,1.3359999656677246
2021-09-23,105.37420654296875,1.409999966621399
2021-09-24,105.11109161376953,1.4600000381469727
2021-09-27,105.16039276123047,1.4839999675750732
2021-09-28,104.93014526367188,1.534000039100647
2021-09-29,104.98770904541016,1.5410000085830688
2021-09-30,105.00415802001953,1.5290000438690186
2021-10-01,105.45964050292969,1.4789999723434448
2021-10-04,105.45140838623047,1.4809999465942383
2021-10-05,105.55863952636719,1.5290000438690186
2021-10-06,105.50090789794922,1.5240000486373901
2021-10-07,105.41014862060547,1.5709999799728394
2021-10-08,105.43489837646484,1.6050000190734863
2021-10-11,105.36888122558594,1.6139999628067017
2021-10-12,105.56690979003906,1.5800000429153442
2021-10-13,106.04547882080078,1.5490000247955322
2021-10-14,106.25177764892578,1.5190000534057617
2021-10-15,106.07847595214844,1.5759999752044678
2021-10-18,105.855712890625,1.5839999914169312
2021-10-19,105.59992218017578,1.6349999904632568
2021-10-20,105.7896957397461,1.6360000371932983
2021-10-21,106.02896881103516,1.6759999990463257
2021-10-22,106.2435302734375,1.6549999713897705
2021-10-25,106.49929809570312,1.6349999904632568
2021-10-26,106.87061309814453,1.61899995803833
2021-10-27,107.37393951416016,1.5290000438690186
2021-10-28,106.44152069091797,1.5679999589920044
2021-10-29,106.16923522949219,1.5570000410079956
2021-11-01,105.74969482421875,1.5750000476837158
2021-11-02,106.1708984375,1.5490000247955322
2021-11-03,106.02224731445312,1.5789999961853027
2021-11-04,106.72427368164062,1.5240000486373901
2021-11-05,107.09590911865234,1.4529999494552612
2021-11-08,107.45108795166016,1.496999979019165
2021-11-09,108.07874298095703,1.4320000410079956
2021-11-10,107.74842071533203,1.559999942779541
2021-11-11,107.73188018798828,1.559999942779541
2021-11-12,107.71537780761719,1.5820000171661377
2021-11-15,107.73188018798828,1.6230000257492065
2021-11-16,107.57496643066406,1.6339999437332153
2021-11-17,107.78970336914062,1.6039999723434448
2021-11-18,107.85575866699219,1.5889999866485596
2021-11-19,107.65756225585938,1.5360000133514404
2021-11-22,106.79035949707031,1.625
2021-11-23,106.37738800048828,1.6670000553131104
2021-11-24,106.70773315429688,1.6449999809265137
2021-11-26,107.23633575439453,1.4819999933242798
2021-11-29,106.9885482788086,1.5299999713897705
2021-11-30,107.08766174316406,1.4429999589920044
2021-12-01,106.75353240966797,1.434000015258789
2021-12-02,107.06781005859375,1.4479999542236328
2021-12-03,107.29113006591797,1.343000054359436
2021-12-06,106.80316162109375,1.434000015258789
2021-12-07,106.9768295288086,1.4800000190734863
2021-12-08,106.79487609863281,1.5089999437332153
2021-12-09,106.35651397705078,1.4869999885559082
2021-12-10,106.34822082519531,1.4889999628067017
2021-12-13,106.45576477050781,1.4240000247955322
2021-12-14,106.11665344238281,1.437999963760376
2021-12-15,106.2076187133789,1.4630000591278076
2021-12-16,106.42898559570312,1.4220000505447388
2021-12-17,106.43734741210938,1.4019999504089355
2021-12-20,106.37907409667969,1.4190000295639038
2021-12-21,106.61205291748047,1.4869999885559082
2021-12-22,106.95328521728516,1.4570000171661377
2021-12-23,106.71194458007812,1.4930000305175781
2021-12-27,107.0698013305664,1.4809999465942383
2021-12-28,107.00321197509766,1.4809999465942383
2021-12-29,107.09475708007812,1.5429999828338623
2021-12-30,107.65232849121094,1.5149999856948853
2021-12-31,107.51918029785156,1.5119999647140503
2022-01-03,106.9033432006836,1.628000020980835
2022-01-04,106.49555969238281,1.6679999828338623
2022-01-05,105.63009643554688,1.7050000429153442
2022-01-06,105.1723861694336,1.7330000400543213
2022-01-07,105.04754638671875,1.7710000276565552
2022-01-10,105.18074035644531,1.7799999713897705
2022-01-11,105.91302490234375,1.746000051498413
2022-01-12,105.23062896728516,1.725000023841858
2022-01-13,105.25563049316406,1.7109999656677246
2022-01-14,104.78125,1.7719999551773071
2022-01-18,104.28195190429688,1.8650000095367432
2022-01-19,104.06560516357422,1.8270000219345093
2022-01-20,104.19039916992188,1.8329999446868896
2022-01-21,104.83950805664062,1.746999979019165
2022-01-24,105.08084869384766,1.7350000143051147
2022-01-25,104.89778137207031,1.7829999923706055
2022-01-26,104.23201751708984,1.8480000495910645
2022-01-27,104.65643310546875,1.8070000410079956
2022-01-28,105.0226058959961,1.781999945640564
2022-01-31,105.3055648803711,1.781999945640564
2022-02-01,104.61995697021484,1.7999999523162842
2022-02-02,104.73685455322266,1.7660000324249268
2022-02-03,104.07711791992188,1.8270000219345093
2022-02-04,103.47586822509766,1.9299999475479126
2022-02-07,103.4341049194336,1.9160000085830688
2022-02-08,103.30049896240234,1.9539999961853027
2022-02-09,103.50090026855469,1.9290000200271606
2022-02-10,102.67418670654297,2.0309998989105225
2022-02-11,103.59278869628906,1.9550000429153442
2022-02-14,103.31719970703125,1.996000051498413
2022-02-15,102.89128875732422,2.0450000762939453
2022-02-16,103.09174346923828,2.046999931335449
2022-02-17,103.3255386352539,1.972000002861023
2022-02-18,103.6679458618164,1.9320000410079956
2022-02-22,103.98526000976562,1.9479999542236328
2022-02-23,104.06044006347656,1.9769999980926514
2022-02-24,104.48632049560547,1.968999981880188
2022-02-25,104.39445495605469,1.9859999418258667
2022-02-28,106.20661163330078,1.8389999866485596
2022-03-01,106.967041015625,1.7070000171661377
2022-03-02,106.27265930175781,1.8650000095367432
2022-03-03,106.14720153808594,1.843999981880188
2022-03-04,106.95870208740234,1.7239999771118164
2022-03-07,107.53594207763672,1.7510000467300415
2022-03-08,108.05464935302734,1.871999979019165
2022-03-09,106.9837875366211,1.9479999542236328
2022-03-10,106.74955749511719,2.010999917984009
2022-03-11,107.50252532958984,2.003999948501587
2022-03-14,106.31449890136719,2.140000104904175
2022-03-15,105.51976013183594,2.1600000858306885
2022-03-16,104.90904235839844,2.187999963760376
2022-03-17,106.33961486816406,2.191999912261963
2022-03-18,106.01337432861328,2.1480000019073486
2022-03-21,105.07633972167969,2.315000057220459
2022-03-22,104.59114074707031,2.372999906539917
2022-03-23,105.90460205078125,2.321000099182129
2022-03-24,105.25203704833984,2.3410000801086426
2022-03-25,104.53256225585938,2.492000102996826
2022-03-28,104.41547393798828,2.4769999980926514
2022-03-29,104.03898620605469,2.4000000953674316
2022-03-30,104.54932403564453,2.3580000400543213
2022-03-31,104.21466064453125,2.3269999027252197
2022-04-01,103.64043426513672,2.377000093460083
2022-04-04,103.56465148925781,2.4119999408721924
2022-04-05,102.8152847290039,2.555999994277954
2022-04-06,102.3605728149414,2.6089999675750732
2022-04-07,102.22589111328125,2.6519999504089355
2022-04-08,102.41111755371094,2.7130000591278076
2022-04-11,102.23431396484375,2.7799999713897705
2022-04-12,102.22589111328125,2.7249999046325684
2022-04-13,102.03224182128906,2.687000036239624
2022-04-14,102.02379608154297,2.828000068664551
2022-04-18,101.99011993408203,2.861999988555908
2022-04-19,101.48492431640625,2.9130001068115234
2022-04-20,102.23431396484375,2.8399999141693115
2022-04-21,102.63845825195312,2.9170000553131104
2022-04-22,102.23431396484375,2.9059998989105225
2022-04-25,102.15853881835938,2.8259999752044678
2022-04-26,102.37744140625,2.7720000743865967
2022-04-27,102.20905303955078,2.818000078201294
2022-04-28,102.7900161743164,2.86299991607666
2022-04-29,101.93960571289062,2.88700008392334
2022-05-02,100.4614028930664,2.996000051498413
2022-05-03,100.8263168334961,2.9600000381469727
2022-05-04,101.61547088623047,2.9170000553131104
2022-05-05,100.54627227783203,3.065999984741211
2022-05-06,100.2832260131836,3.122999906539917
2022-05-09,99.89288330078125,3.0789999961853027
2022-05-10,99.44314575195312,2.993000030517578
2022-05-11,100.6480941772461,2.9210000038146973
2022-05-12,100.2153549194336,2.816999912261963
2022-05-13,100.73294830322266,2.934999942779541
2022-05-16,100.76689147949219,2.877000093460083
2022-05-17,100.25777435302734,2.9679999351501465
2022-05-18,100.95357513427734,2.885999917984009
2022-05-19,100.59718322753906,2.8550000190734863
2022-05-20,100.63961791992188,2.7869999408721924
2022-05-23,100.2832260131836,2.8589999675750732
2022-05-24,100.8263168334961,2.759999990463257
2022-05-25,100.91114807128906,2.749000072479248
2022-05-26,101.32695770263672,2.75600004196167
2022-05-27,101.6494140625,2.743000030517578
2022-05-31,100.92811584472656,2.8440001010894775
2022-06-01,100.51351928710938,2.930999994277954
2022-06-02,100.97708129882812,2.9130001068115234
2022-06-03,101.56078338623047,2.9570000171661377
2022-06-06,100.8998031616211,3.0380001068115234
2022-06-07,101.14016723632812,2.9719998836517334
2022-06-08,100.8912124633789,3.0290000438690186
2022-06-09,100.8740463256836,3.0439999103546143
2022-06-10,100.42764282226562,3.1559998989105225
2022-06-13,98.736572265625,3.365999937057495
2022-06-14,97.38024139404297,3.4830000400543213
2022-06-15,98.72797393798828,3.3949999809265137
2022-06-16,98.43612670898438,3.306999921798706
2022-06-17,98.48761749267578,3.239000082015991
2022-06-21,98.1442642211914,3.306999921798706
2022-06-22,98.71080780029297,3.1559998989105225
2022-06-23,99.0026626586914,3.068000078201294
2022-06-24,99.09710693359375,3.125
2022-06-27,98.38461303710938,3.194000005722046
2022-06-28,98.04121398925781,3.2060000896453857
2022-06-29,97.86953735351562,3.0929999351501465
2022-06-30,97.78372192382812,2.9719998836517334
2022-07-01,99.35812377929688,2.8889999389648438
2022-07-05,99.08207702636719,2.809000015258789
2022-07-06,98.18484497070312,2.9130001068115234
2022-07-07,98.02957916259766,3.007999897003174
2022-07-08,97.92604064941406,3.1010000705718994
2022-07-11,98.08134460449219,2.990999937057495
2022-07-12,98.04682159423828,2.9579999446868896
2022-07-13,98.55583190917969,2.9040000438690186
2022-07-14,98.31427001953125,2.9600000381469727
2022-07-15,98.88365173339844,2.930000066757202
2022-07-18,98.75424194335938,2.9600000381469727
2022-07-19,98.65071868896484,3.0190000534057617
2022-07-20,98.56446075439453,3.0360000133514404
2022-07-21,99.17696380615234,2.9100000858306885
2022-07-22,100.0137939453125,2.7829999923706055
2022-07-25,99.82398986816406,2.819999933242798
2022-07-26,99.82398986816406,2.7869999408721924
2022-07-27,100.46241760253906,2.7339999675750732
2022-07-28,101.4890365600586,2.680999994277954
2022-07-29,101.99803924560547,2.6419999599456787
2022-08-01,102.04507446289062,2.6059999465942383
2022-08-02,100.84281158447266,2.740999937057495
2022-08-03,101.3742446899414,2.747999906539917
2022-08-04,101.35684967041016,2.6760001182556152
2022-08-05,100.33749389648438,2.8399999141693115
2022-08-08,101.02574920654297,2.765000104904175
2022-08-09,100.73825073242188,2.796999931335449
2022-08-10,100.56402587890625,2.7860000133514404
2022-08-11,100.22423553466797,2.888000011444092
2022-08-12,100.61628723144531,2.8489999771118164
2022-08-15,100.51171875,2.7909998893737793
2022-08-16,100.53787994384766,2.8239998817443848
2022-08-17,100.23295593261719,2.8929998874664307
2022-08-18,100.74696350097656,2.880000114440918
2022-08-19,100.57272338867188,2.989000082015991
2022-08-22,100.38106536865234,3.0369999408721924
2022-08-23,100.54659271240234,3.053999900817871
2022-08-24,100.52916717529297,3.1059999465942383
2022-08-25,100.84281158447266,3.0260000228881836
2022-08-26,100.69468688964844,3.0350000858306885
2022-08-29,100.30264282226562,3.109999895095825
2022-08-30,100.1283950805664,3.109999895095825
2022-08-31,99.23978424072266,3.132999897003174
2022-09-01,98.488037109375,3.265000104904175
2022-09-02,99.07037353515625,3.193000078201294
2022-09-06,98.12625885009766,3.3399999141693115
2022-09-07,98.53213500976562,3.265000104904175
2022-09-08,97.9850845336914,3.2920000553131104
2022-09-09,98.0291976928711,3.321000099182129
2022-09-12,97.7380142211914,3.361999988555908
2022-09-13,97.44686126708984,3.421999931335449
2022-09-14,97.69390106201172,3.4119999408721924
2022-09-15,97.19978332519531,3.4590001106262207
2022-09-16,96.79388427734375,3.447999954223633
2022-09-19,96.35272216796875,3.490000009536743
2022-09-20,96.2027359008789,3.571000099182129
2022-09-21,96.38801574707031,3.509999990463257
2022-09-22,95.29389190673828,3.7079999446868896
2022-09-23,94.88803100585938,3.697000026702881
2022-09-26,93.37037658691406,3.878000020980835
2022-09-27,92.87627410888672,3.9639999866485596
2022-09-28,94.51742553710938,3.7049999237060547
2022-09-29,93.19390106201172,3.746999979019165
2022-09-30,92.55859375,3.803999900817871
2022-10-03,93.74977111816406,3.6510000228881836
2022-10-04,94.120361328125,3.617000102996826
2022-10-05,93.37921905517578,3.759000062942505
2022-10-06,93.07036590576172,3.8259999752044678
2022-10-07,93.09683990478516,3.882999897003174
2022-10-10,92.56742095947266,3.888000011444092
2022-10-11,93.09683990478516,3.938999891281128
2022-10-12,93.28213500976562,3.9019999504089355
2022-10-13,93.17626190185547,3.9519999027252197
2022-10-14,93.25566101074219,4.010000228881836
2022-10-17,93.5115737915039,4.014999866485596
2022-10-18,93.26449584960938,3.997999906539917
2022-10-19,92.78804016113281,4.126999855041504
2022-10-20,92.69979858398438,4.22599983215332
2022-10-21,92.93801879882812,4.2129998207092285
2022-10-24,93.15861511230469,4.234000205993652
2022-10-25,93.53803253173828,4.107999801635742
2022-10-26,93.39684295654297,4.014999866485596
2022-10-27,94.120361328125,3.937000036239624
2022-10-28,94.00567626953125,4.010000228881836
2022-10-31,93.87332916259766,4.077000141143799
2022-11-01,93.85565948486328,4.052000045776367
2022-11-02,93.64389038085938,4.059000015258789
2022-11-03,92.60270690917969,4.124000072479248
2022-11-04,92.94685363769531,4.156000137329102
2022-11-07,93.0615463256836,4.214000225067139
2022-11-08,93.19390106201172,4.125999927520752
2022-11-09,92.99980163574219,4.151000022888184
2022-11-10,94.54390716552734,3.8289999961853027
2022-11-11,94.49095153808594,3.812999963760376
2022-11-14,93.7939224243164,3.865000009536743
2022-11-15,94.40271759033203,3.7990000247955322
2022-11-16,94.64097595214844,3.691999912261963
2022-11-17,93.996826171875,3.7750000953674316
2022-11-18,93.5203857421875,3.818000078201294
2022-11-21,94.0145034790039,3.825000047683716
2022-11-22,94.39390563964844,3.757999897003174
2022-11-23,94.91449737548828,3.7060000896453857
2022-11-25,94.82626342773438,3.690999984741211
2022-11-28,94.60565948486328,3.703000068664551
2022-11-29,94.1998062133789,3.747999906539917
2022-11-30,95.59387969970703,3.703000068664551
2022-12-01,96.61956787109375,3.5290000438690186
2022-12-02,97.33511352539062,3.50600004196167
2022-12-05,96.33684539794922,3.5989999771118164
2022-12-06,96.31919860839844,3.513000011444092
2022-12-07,96.73439025878906,3.4079999923706055
2022-12-08,96.7079086303711,3.490999937057495
2022-12-09,95.78915405273438,3.566999912261963
2022-12-12,95.79798126220703,3.6110000610351562
2022-12-13,96.08067321777344,3.500999927520752
2022-12-14,95.8421401977539,3.503000020980835
2022-12-15,95.85899353027344,3.450000047683716
2022-12-16,95.34496307373047,3.4820001125335693
2022-12-19,95.01701354980469,3.5810000896453857
2022-12-20,94.99042510986328,3.684000015258789
2022-12-21,95.50447845458984,3.684000015258789
2022-12-22,94.98157501220703,3.6689999103546143
2022-12-23,94.76887512207031,3.750999927520752
2022-12-27,94.33457946777344,3.859999895095825
2022-12-28,94.22823333740234,3.88700008392334
2022-12-29,94.61820983886719,3.8350000381469727
2022-12-30,94.33457946777344,3.878999948501587
2023-01-03,94.67137145996094,3.7929999828338623
2023-01-04,94.73340606689453,3.7090001106262207
2023-01-05,94.7599868774414,3.7200000286102295
2023-01-06,95.62855529785156,3.569000005722046
2023-01-09,95.85010528564453,3.5169999599456787
2023-01-10,95.46015930175781,3.621000051498413
2023-01-11,95.86782836914062,3.553999900817871
2023-01-12,96.62118530273438,3.4489998817443848
2023-01-13,95.86782836914062,3.510999917984009
2023-01-17,95.59309387207031,3.5350000858306885
2023-01-18,96.24895477294922,3.375
2023-01-19,96.84274291992188,3.3970000743865967
2023-01-20,96.29325103759766,3.4839999675750732
2023-01-23,96.20463562011719,3.5250000953674316
2023-01-24,96.7541275024414,3.4690001010894775
2023-01-25,96.9490966796875,3.4619998931884766
2023-01-26,96.94023132324219,3.493000030517578
2023-01-27,96.7275390625,3.5179998874664307
2023-01-30,96.25779724121094,3.5510001182556152
2023-01-31,96.29325103759766,3.5290000438690186
2023-02-01,96.94023132324219,3.3970000743865967
2023-02-02,96.80728912353516,3.3959999084472656
2023-02-03,95.90330505371094,3.5320000648498535
2023-02-06,95.522216796875,3.634000062942505
2023-02-07,95.77033996582031,3.6740000247955322
2023-02-08,96.26665496826172,3.6530001163482666
2023-02-09,95.77922058105469,3.683000087738037
2023-02-10,95.43358612060547,3.74399995803833
2023-02-13,95.59309387207031,3.7170000076293945
2023-02-14,95.27403259277344,3.760999917984009
2023-02-15,95.27403259277344,3.809000015258789
2023-02-16,95.04361724853516,3.8429999351501465
2023-02-17,95.22970581054688,3.828000068664551
2023-02-21,94.80433654785156,3.9549999237060547
2023-02-22,94.7511215209961,3.9230000972747803
2023-02-23,95.06130981445312,3.878999948501587
2023-02-24,94.44094848632812,3.9489998817443848
2023-02-27,94.63592529296875,3.921999931335449
2023-02-28,94.99042510986328,3.9159998893737793
2023-03-01,94.63592529296875,3.99399995803833
2023-03-02,94.70684051513672,4.072999954223633
2023-03-03,95.72605895996094,3.9639999866485596
2023-03-06,95.21199035644531,3.9830000400543213
2023-03-07,94.6093521118164,3.9749999046325684
2023-03-08,94.15734100341797,3.9760000705718994
2023-03-09,94.40548706054688,3.924999952316284
2023-03-10,95.79691314697266,3.694999933242798
2023-03-13,96.52371215820312,3.515000104904175
2023-03-14,95.99189758300781,3.638000011444092
2023-03-15,97.16179656982422,3.492000102996826
2023-03-16,96.06281280517578,3.5850000381469727
2023-03-17,96.26665496826172,3.3949999809265137
2023-03-20,96.35529327392578,3.4809999465942383
2023-03-21,96.15144348144531,3.6059999465942383
2023-03-22,97.47198486328125,3.5
2023-03-23,97.64923095703125,3.4059998989105225
2023-03-24,97.40109252929688,3.380000114440918
2023-03-27,96.6388931274414,3.5280001163482666
2023-03-28,96.94023132324219,3.563999891281128
2023-03-29,97.12633514404297,3.565999984741211
2023-03-30,97.22382354736328,3.5510001182556152
2023-03-31,97.7112808227539,3.49399995803833
2023-04-03,97.8860855102539,3.430000066757202
2023-04-04,98.1700210571289,3.3369998931884766
2023-04-05,98.40070343017578,3.2869999408721924
2023-04-06,98.6225357055664,3.2880001068115234
2023-04-10,97.92156982421875,3.4149999618530273
2023-04-11,98.09016418457031,3.434000015258789
2023-04-12,98.12564086914062,3.4210000038146973
2023-04-13,97.8860855102539,3.4519999027252197
2023-04-14,97.46016693115234,3.5220000743865967
2023-04-17,97.01653289794922,3.5910000801086426
2023-04-18,97.11414337158203,3.572000026702881
2023-04-19,97.01653289794922,3.6019999980926514
2023-04-20,97.32708740234375,3.5450000762939453
2023-04-21,97.3714599609375,3.569999933242798
2023-04-24,97.7441177368164,3.515000104904175
2023-04-25,98.32086181640625,3.3959999084472656
2023-04-26,97.97480010986328,3.431999921798706
2023-04-27,97.64649963378906,3.5280001163482666
2023-04-28,97.7618408203125,3.4519999027252197
2023-05-01,96.94933319091797,3.5739998817443848
2023-05-02,97.68960571289062,3.438999891281128
2023-05-03,98.13555908203125,3.4030001163482666
2023-05-04,98.10879516601562,3.3510000705718994
2023-05-05,97.91259002685547,3.446000099182129
2023-05-08,97.54691314697266,3.5209999084472656
2023-05-09,97.40421295166016,3.5209999084472656
2023-05-10,97.72530364990234,3.438999891281128
2023-05-11,97.93933868408203,3.3970000743865967
2023-05-12,97.59151458740234,3.4630000591278076
2023-05-15,97.44879913330078,3.507999897003174
2023-05-16,97.19013977050781,3.5490000247955322
2023-05-17,97.14556884765625,3.5810000896453857
2023-05-18,96.82447814941406,3.6480000019073486
2023-05-19,96.59256744384766,3.691999912261963
2023-05-22,96.4141845703125,3.7190001010894775
2023-05-23,96.70851135253906,3.697999954223633
2023-05-24,96.40526580810547,3.7190001010894775
2023-05-25,95.96825408935547,3.813999891281128
2023-05-26,96.08422088623047,3.809999942779541
2023-05-30,96.46772766113281,3.700000047683716
2023-05-31,96.59256744384766,3.63700008392334
2023-06-01,96.74734497070312,3.6080000400543213
2023-06-02,96.27323150634766,3.690999984741211
2023-06-05,96.39846801757812,3.693000078201294
2023-06-06,96.4521484375,3.6989998817443848
2023-06-07,96.00489807128906,3.7839999198913574
2023-06-08,96.47899627685547,3.7139999866485596
2023-06-09,96.21061706542969,3.744999885559082
2023-06-12,96.2911376953125,3.765000104904175
2023-06-13,95.7991714477539,3.8389999866485596
2023-06-14,96.04067993164062,3.7960000038146973
2023-06-15,96.64892578125,3.7279999256134033
2023-06-16,96.39846801757812,3.7690000534057617
2023-06-20,96.60420227050781,3.7290000915527344
2023-06-21,96.61314392089844,3.7230000495910645
2023-06-22,96.27323150634766,3.7990000247955322
2023-06-23,96.50581359863281,3.739000082015991
2023-06-26,96.550537109375,3.7190001010894775
2023-06-27,96.28217315673828,3.7679998874664307
2023-06-28,96.47899627685547,3.7100000381469727
2023-06-29,95.8438720703125,3.8540000915527344
2023-06-30,96.26429748535156,3.819000005722046
2023-07-03,96.15107727050781,3.8580000400543213
2023-07-05,95.6927490234375,3.944999933242798
2023-07-06,95.18946075439453,4.040999889373779
2023-07-07,95.12654876708984,4.050000190734863
2023-07-10,95.35124206542969,4.00600004196167
2023-07-11,95.2433853149414,3.9800000190734863
2023-07-12,96.29485321044922,3.8610000610351562
2023-07-13,96.78912353515625,3.760999917984009
2023-07-14,96.27687072753906,3.819000005722046
2023-07-17,96.45661926269531,3.796999931335449
2023-07-18,96.41168212890625,3.7890000343322754
2023-07-19,96.74420928955078,3.742000102996826
2023-07-20,96.70828247070312,3.8540000915527344
2023-07-21,96.70828247070312,3.8369998931884766
2023-07-24,96.75318908691406,3.8570001125335693
2023-07-25,96.5824203491211,3.9119999408721924
2023-07-26,96.61837768554688,3.8510000705718994
2023-07-27,95.9084243774414,4.01200008392334
2023-07-28,96.27687072753906,3.9690001010894775
2023-07-31,96.30384063720703,3.9590001106262207
2023-08-01,95.72837829589844,4.051000118255615
2023-08-02,95.55730438232422,4.078000068664551
2023-08-03,94.96290588378906,4.189000129699707
2023-08-04,95.88150024414062,4.059999942779541
2023-08-07,95.9625244140625,4.078000068664551
2023-08-08,95.94453430175781,4.026000022888184
2023-08-09,95.89947509765625,4.01200008392334
2023-08-10,95.40420532226562,4.079999923706055
2023-08-11,95.26909637451172,4.168000221252441
2023-08-14,95.07097625732422,4.184000015258789
2023-08-15,94.7738037109375,4.2210001945495605
2023-08-16,94.49464416503906,4.257999897003174
2023-08-17,94.4676284790039,4.308000087738037
2023-08-18,94.62972259521484,4.250999927520752
2023-08-21,94.3775634765625,4.3420000076293945
2023-08-22,94.53964233398438,4.328000068664551
2023-08-23,95.39520263671875,4.197999954223633
2023-08-24,94.96290588378906,4.235000133514404
2023-08-25,94.94490814208984,4.238999843597412
2023-08-28,94.99893951416016,4.211999893188477
2023-08-29,95.46723175048828,4.122000217437744
2023-08-30,95.32315063476562,4.118000030517578
2023-08-31,95.52125549316406,4.0929999351501465
2023-09-01,95.02716827392578,4.172999858856201
2023-09-05,94.83745574951172,4.26800012588501
2023-09-06,94.69291687011719,4.289999961853027
2023-09-07,95.03619384765625,4.260000228881836
2023-09-08,95.25296783447266,4.257999897003174
2023-09-11,95.16265869140625,4.288000106811523
2023-09-12,95.20780944824219,4.263999938964844
2023-09-13,95.33428192138672,4.249000072479248
2023-09-14,95.18070983886719,4.288000106811523
2023-09-15,94.94586181640625,4.322000026702881
2023-09-18,95.14459991455078,4.318999767303467
2023-09-19,94.87358093261719,4.364999771118164
2023-09-20,94.67485809326172,4.348999977111816
2023-09-21,94.17804718017578,4.480000019073486
2023-09-22,94.50325012207031,4.438000202178955
2023-09-25,93.78964233398438,4.541999816894531
2023-09-26,93.55479431152344,4.558000087738037
2023-09-27,93.40121459960938,4.625999927520752
2023-09-28,93.87996673583984,4.5970001220703125
2023-09-29,93.69029235839844,4.572999954223633
2023-10-02,93.12115478515625,4.683000087738037
2023-10-03,92.46065521240234,4.802000045776367
2023-10-04,92.86781311035156,4.735000133514404
2023-10-05,92.73210144042969,4.7170000076293945
2023-10-06,92.39733123779297,4.783999919891357
2023-10-09,93.3111572265625,4.796999931335449
2023-10-10,93.34735870361328,4.65500020980835
2023-10-11,93.76355743408203,4.59499979019165
2023-10-12,93.1664047241211,4.711999893188477
2023-10-13,93.77259826660156,4.629000186920166
2023-10-16,93.50118255615234,4.711999893188477
2023-10-17,93.04878997802734,4.8470001220703125
2023-10-18,92.8497314453125,4.9039998054504395
2023-10-19,92.76828002929688,4.98799991607666
2023-10-20,93.04878997802734,4.923999786376953
2023-10-23,93.06684875488281,4.8379998207092285
2023-10-24,93.14830017089844,4.840000152587891
2023-10-25,92.75923156738281,4.953000068664551
2023-10-26,93.25686645507812,4.84499979019165
2023-10-27,93.39261627197266,4.84499979019165
2023-10-30,93.24781799316406,4.875
2023-10-31,93.01258087158203,4.875
2023-11-01,93.82321166992188,4.789000034332275
2023-11-02,94.25035095214844,4.669000148773193
2023-11-03,94.73200225830078,4.558000087738037
2023-11-06,94.48663330078125,4.6620001792907715
2023-11-07,94.7410888671875,4.571000099182129
2023-11-08,94.95013427734375,4.5229997634887695
2023-11-09,94.15037536621094,4.630000114440918
2023-11-10,94.18672180175781,4.627999782562256
2023-11-13,94.12313079833984,4.631999969482422
2023-11-14,94.89557647705078,4.440999984741211
2023-11-15,94.48663330078125,4.534999847412109
2023-11-16,94.83197784423828,4.445000171661377
2023-11-17,94.93193817138672,4.440999984741211
2023-11-20,95.21365356445312,4.421999931335449
2023-11-21,95.01374053955078,4.418000221252441
2023-11-22,95.1046142578125,4.415999889373779
2023-11-24,94.70474243164062,4.4720001220703125
2023-11-27,95.01374053955078,4.388999938964844
2023-11-28,95.3863525390625,4.335999965667725
2023-11-29,95.76802825927734,4.270999908447266
2023-11-30,95.5953369140625,4.3520002365112305
2023-12-01,96.08365631103516,4.22599983215332
2023-12-04,95.68281555175781,4.288000106811523
2023-12-05,96.20207977294922,4.171000003814697
2023-12-06,96.30228424072266,4.120999813079834
2023-12-07,96.2203369140625,4.129000186920166
2023-12-08,96.10187530517578,4.244999885559082
2023-12-11,95.90147399902344,4.238999843597412
2023-12-12,95.8468246459961,4.205999851226807
2023-12-13,97.14954376220703,4.0329999923706055
2023-12-14,98.21540832519531,3.930000066757202
2023-12-15,98.05142211914062,3.927999973297119
2023-12-18,97.7599105834961,3.9539999961853027
2023-12-19,97.82368469238281,3.921999931335449
2023-12-20,98.21540832519531,3.877000093460083
2023-12-21,98.05142211914062,3.8940000534057617
2023-12-22,97.86012268066406,3.9010000228881836
2023-12-26,97.91477966308594,3.885999917984009
2023-12-27,98.36116790771484,3.7890000343322754
2023-12-28,98.04230499267578,3.8499999046325684
2023-12-29,97.92388916015625,3.865999937057495
2024-01-02,97.78723907470703,3.946000099182129
2024-01-03,97.94210815429688,3.9070000648498535
2024-01-04,97.48662567138672,3.990999937057495
2024-01-05,97.26798248291016,4.041999816894531
2024-01-08,97.53216552734375,4.001999855041504
2024-01-09,97.34083557128906,4.019000053405762
2024-01-10,97.25886535644531,4.03000020980835
2024-01-11,97.77812194824219,3.9769999980926514
2024-01-12,98.19720458984375,3.950000047683716
2024-01-16,97.69613647460938,4.065999984741211
2024-01-17,97.3955078125,4.105999946594238
2024-01-18,97.42284393310547,4.144000053405762
2024-01-19,97.4957275390625,4.145999908447266
2024-01-22,97.5412826538086,4.093999862670898
2024-01-23,97.22240447998047,4.142000198364258
2024-01-24,96.99466705322266,4.177999973297119
2024-01-25,97.32263946533203,4.131999969482422
2024-01-26,97.23151397705078,4.159999847412109
2024-01-29,97.65969848632812,4.091000080108643
2024-01-30,97.61415100097656,4.059000015258789
2024-01-31,98.25184631347656,3.9670000076293945
2024-02-01,98.42493438720703,3.86299991607666
2024-02-02,97.4775161743164,4.0329999923706055
2024-02-05,96.93090057373047,4.164000034332275
2024-02-06,97.25886535644531,4.090000152587891
2024-02-07,97.07666015625,4.110000133514404
2024-02-08,97.0037841796875,4.170000076293945
2024-02-09,96.86710357666016,4.186999797821045
2024-02-12,96.90355682373047,4.171999931335449
2024-02-13,96.28409576416016,4.315999984741211
2024-02-14,96.69403839111328,4.267000198364258
2024-02-15,96.81246185302734,4.239999771118164
2024-02-16,96.71226501464844,4.295000076293945
2024-02-20,96.75777435302734,4.275000095367432
2024-02-21,96.64847564697266,4.324999809265137
2024-02-22,96.52092742919922,4.327000141143799
2024-02-23,96.76691436767578,4.260000228881836
2024-02-26,96.73047637939453,4.298999786376953
2024-02-27,96.61206817626953,4.315000057220459
2024-02-28,96.9217758178711,4.27400016784668
2024-02-29,97.22240447998047,4.251999855041504
2024-03-01,97.58682250976562,4.179999828338623
2024-03-04,97.50482177734375,4.218999862670898
2024-03-05,97.95122528076172,4.13700008392334
2024-03-06,97.98763275146484,4.104000091552734
2024-03-07,97.9329833984375,4.0920000076293945
2024-03-08,98.0149917602539,4.089000225067139
2024-03-11,97.84192657470703,4.104000091552734
2024-03-12,97.65059661865234,4.15500020980835
2024-03-13,97.51395416259766,4.191999912261963
2024-03-14,96.9217758178711,4.297999858856201
2024-03-15,96.85801696777344,4.303999900817871
2024-03-18,96.76691436767578,4.340000152587891
2024-03-19,96.90355682373047,4.296999931335449
2024-03-20,97.28620147705078,4.2729997634887695
2024-03-21,97.45928192138672,4.270999908447266
2024-03-22,97.79633331298828,4.2179999351501465
2024-03-25,97.48662567138672,4.252999782562256
2024-03-26,97.51395416259766,4.234000205993652
2024-03-27,97.8145751953125,4.196000099182129
2024-03-28,97.85101318359375,4.205999851226807
2024-04-01,97.21746063232422,4.328999996185303
2024-04-02,97.24483489990234,4.364999771118164
2024-04-03,97.24483489990234,4.355000019073486
2024-04-04,97.60945129394531,4.309000015258789
2024-04-05,97.1992416381836,4.377999782562256
2024-04-08,97.16277313232422,4.423999786376953
2024-04-09,97.41800689697266,4.366000175476074
2024-04-10,96.47913360595703,4.559999942779541
2024-04-11,96.3970718383789,4.576000213623047
2024-04-12,96.73434448242188,4.499000072479248
2024-04-15,96.42443084716797,4.627999782562256
2024-04-16,96.03246307373047,4.658999919891357
2024-04-17,96.40619659423828,4.585000038146973
2024-04-18,96.27857971191406,4.646999835968018
2024-04-19,96.42443084716797,4.614999771118164
2024-04-22,96.43354797363281,4.623000144958496
2024-04-23,96.52471160888672,4.5980000495910645
2024-04-24,96.32416534423828,4.6519999504089355
2024-04-25,96.17833709716797,4.705999851226807
2024-04-26,96.42443084716797,4.669000148773193
2024-04-29,96.66144561767578,4.613999843597412
2024-04-30,96.19654846191406,4.685999870300293
2024-05-01,96.35527801513672,4.59499979019165
2024-05-02,96.7039566040039,4.571000099182129
2024-05-03,97.19944763183594,4.5
2024-05-06,97.24534606933594,4.488999843597412
2024-05-07,97.22698974609375,4.4629998207092285
2024-05-08,97.11688995361328,4.492000102996826
2024-05-09,97.46556091308594,4.448999881744385
2024-05-10,97.3095703125,4.504000186920166
2024-05-13,97.34626007080078,4.480999946594238
2024-05-14,97.52976989746094,4.445000171661377
2024-05-15,98.02528381347656,4.355999946594238
2024-05-16,97.88764953613281,4.376999855041504
2024-05-17,97.7958755493164,4.420000076293945
2024-05-20,97.75918579101562,4.436999797821045
2024-05-21,97.94269561767578,4.414000034332275
2024-05-22,97.92434692382812,4.434000015258789
2024-05-23,97.54814147949219,4.474999904632568
2024-05-24,97.66742706298828,4.4670000076293945
2024-05-28,97.37379455566406,4.541999816894531
2024-05-29,97.14439392089844,4.624000072479248
2024-05-30,97.52059173583984,4.553999900817871
2024-05-31,97.9059829711914,4.513999938964844
2024-06-03,98.3189697265625,4.4019999504089355
2024-06-04,98.62384796142578,4.335999965667725
2024-06-05,98.873291015625,4.289000034332275
2024-06-06,98.79014587402344,4.281000137329102
2024-06-07,97.97713470458984,4.429999828338623
2024-06-10,97.83855438232422,4.468999862670898
2024-06-11,98.10647583007812,4.4039998054504395
2024-06-12,98.25428771972656,4.295000076293945
2024-06-13,98.642333984375,4.23799991607666
2024-06-14,98.76243591308594,4.2129998207092285
2024-06-17,98.62384796142578,4.2789998054504395
2024-06-18,99.0211181640625,4.2170000076293945
2024-06-20,99.03958892822266,4.254000186920166
2024-06-21,98.89176940917969,4.256999969482422
2024-06-24,98.94719696044922,4.248000144958496
2024-06-25,99.06730651855469,4.23799991607666
2024-06-26,98.77165222167969,4.315999984741211
2024-06-27,98.9564437866211,4.288000106811523
2024-06-28,98.65156555175781,4.3429999351501465
2024-07-01,98.25914764404297,4.479000091552734
2024-07-02,98.44469451904297,4.435999870300293
2024-07-03,98.83431243896484,4.355000019073486
2024-07-05,99.27959442138672,4.271999835968018
2024-07-08,99.24249267578125,4.269000053405762
2024-07-09,99.09406280517578,4.300000190734863
2024-07-10,99.27959442138672,4.28000020980835
2024-07-11,99.57645416259766,4.192999839782715
2024-07-12,99.73414611816406,4.189000129699707
2024-07-15,99.66921997070312,4.229000091552734
2024-07-16,99.9753646850586,4.166999816894531
2024-07-17,100.01245880126953,4.145999908447266
2024-07-18,99.7898178100586,4.189000129699707
2024-07-19,99.54862213134766,4.238999843597412
2024-07-22,99.42803955078125,4.260000228881836
2024-07-23,99.37237548828125,4.238999843597412
2024-07-24,99.07550811767578,4.285999774932861
2024-07-25,99.31671142578125,4.25600004196167
2024-07-26,99.63211822509766,4.199999809265137
2024-07-29,99.73414611816406,4.177999973297119
2024-07-30,99.80838775634766,4.14300012588501
2024-07-31,100.35569763183594,4.109000205993652
2024-08-01,100.48856353759766,3.9760000705718994
2024-08-02,100.97171783447266,3.7920000553131104
2024-08-05,101.25978088378906,3.7850000858306885
2024-08-06,100.67440032958984,3.888000011444092
2024-08-07,100.36775970458984,3.9679999351501465
2024-08-08,100.27485656738281,3.996999979019165
2024-08-09,100.53500366210938,3.941999912261963
2024-08-12,100.80448913574219,3.9089999198913574
2024-08-13,101.01819610595703,3.8519999980926514
2024-08-14,100.96244049072266,3.819999933242798
2024-08-15,100.74873352050781,3.9260001182556152
2024-08-16,100.7115707397461,3.8919999599456787
2024-08-19,100.7765884399414,3.867000102996826
2024-08-20,101.17613983154297,3.818000078201294
2024-08-21,101.39913940429688,3.7780001163482666
2024-08-22,101.08321380615234,3.861999988555908
2024-08-23,101.62213134765625,3.806999921798706
2024-08-26,101.63141632080078,3.818000078201294
2024-08-27,101.63141632080078,3.8329999446868896
2024-08-28,101.62213134765625,3.8410000801086426
2024-08-29,101.48278045654297,3.867000102996826
2024-08-30,101.1575698852539,3.9110000133514404
2024-09-03,101.36203002929688,3.8440001010894775
2024-09-04,101.63156127929688,3.7679998874664307
2024-09-05,101.69660949707031,3.7309999465942383
2024-09-06,101.76168823242188,3.7100000381469727
2024-09-09,101.99403381347656,3.697000026702881
2024-09-10,102.21710968017578,3.6459999084472656
2024-09-11,102.28215789794922,3.6530001163482666
2024-09-12,102.30072784423828,3.680000066757202
2024-09-13,102.64461517333984,3.6500000953674316
2024-09-16,102.99778747558594,3.621000051498413
2024-09-17,102.96062469482422,3.6419999599456787
2024-09-18,102.5795669555664,3.684999942779541
2024-09-19,102.88627624511719,3.740000009536743
2024-09-20,102.74687957763672,3.7279999256134033
2024-09-23,102.75615692138672,3.739000082015991
2024-09-24,103.0071029663086,3.7360000610351562
2024-09-25,102.61675262451172,3.7809998989105225
2024-09-26,102.48662567138672,3.7909998893737793
2024-09-27,102.73755645751953,3.749000072479248
2024-09-30,102.67251586914062,3.802000045776367
2024-10-01,103.00932312011719,3.743000030517578
2024-10-02,102.9162826538086,3.7850000858306885
2024-10-03,102.47895812988281,3.8499999046325684
2024-10-04,101.7811508178711,3.9809999465942383
2024-10-07,101.66947937011719,4.026000022888184
2024-10-08,101.83698272705078,4.0329999923706055
2024-10-09,101.65088653564453,4.066999912261963
2024-10-10,101.85557556152344,4.0960001945495605
2024-10-11,101.8648910522461,4.072999954223633
2024-10-14,101.76252746582031,4.0980000495910645
2024-10-15,101.87419128417969,4.038000106811523
2024-10-16,101.89280700683594,4.015999794006348
2024-10-17,101.58576202392578,4.0960001945495605
2024-10-18,101.75322723388672,4.072999954223633
2024-10-21,101.01817321777344,4.182000160217285
2024-10-22,101.15774536132812,4.203999996185303
2024-10-23,100.90652465820312,4.242000102996826
2024-10-24,101.00887298583984,4.199999809265137
2024-10-25,100.7390365600586,4.23199987411499
2024-10-28,100.54364776611328,4.2779998779296875
2024-10-29,100.69252014160156,4.27400016784668
2024-10-30,100.88790893554688,4.265999794006348
2024-10-31,100.77626037597656,4.283999919891357
2024-11-01,100.34696197509766,4.361000061035156
2024-11-04,100.51457977294922,4.309000015258789
2024-11-05,100.60771179199219,4.289000034332275
2024-11-06,100.44940948486328,4.426000118255615
2024-11-07,100.82188415527344,4.341000080108643
2024-11-08,101.10124206542969,4.306000232696533
2024-11-11,100.76602935791016,4.308000087738037
2024-11-12,100.23522186279297,4.432000160217285
2024-11-13,100.04898834228516,4.451000213623047
2024-11-14,100.03036499023438,4.418000221252441
2024-11-15,100.05829620361328,4.427999973297119
2024-11-18,100.30039978027344,4.414000034332275
2024-11-19,100.45870208740234,4.379000186920166
2024-11-20,100.41216278076172,4.406000137329102
2024-11-21,100.28180694580078,4.432000160217285
2024-11-22,100.35628509521484,4.409999847412109
2024-11-25,100.90570831298828,4.264999866485596
2024-11-26,100.67289733886719,4.302000045776367
2024-11-27,100.989501953125,4.242000102996826
2024-11-29,101.27819061279297,4.177999973297119
2024-12-02,101.22223663330078,4.196000099182129
2024-12-03,101.26886749267578,4.2230000495910645
2024-12-04,101.55805206298828,4.179999828338623
2024-12-05,101.43675994873047,4.179999828338623
2024-12-06,101.52071380615234,4.151000022888184
2024-12-09,101.33415222167969,4.198999881744385
2024-12-10,101.29682922363281,4.2210001945495605
2024-12-11,101.14756774902344,4.270999908447266
2024-12-12,100.82108306884766,4.323999881744385
2024-12-13,100.54124450683594,4.39900016784668
2024-12-16,100.42929077148438,4.396999835968018
2024-12-17,100.37332916259766,4.385000228881836
2024-12-18,99.73805236816406,4.49399995803833
2024-12-19,99.3363265991211,4.570000171661377
2024-12-20,99.53253173828125,4.52400016784668
2024-12-23,99.4017333984375,4.598999977111816
2024-12-24,99.62594604492188,4.591000080108643
2024-12-26,99.62594604492188,4.578999996185303
2024-12-27,99.37371063232422,4.61899995803833
2024-12-30,99.663330078125,4.545000076293945
