Price,Close,Volume,Close,Volume,Close,Volume,Close,Volume,Close,Volume,Close,Volume,Close,Volume,Close,Volume,Close,Volume,Close,Volume,Close,Volume
Ticker,AAPL,AAPL,XOM,XOM,MSFT,MSFT,BRK-B,BRK-B,GOOGL,GOOGL,JNJ,JNJ,WFC,WFC,WMT,WMT,GE,GE,JPM,JPM,SPY,SPY
Date,,,,,,,,,,,,,,,,,,,,,,
2015-01-02,24.171754837036133,212818400,56.77790069580078,10220400,39.607181549072266,27913900,149.1699981689453,3436400,26.22792625427246,26480000,75.73736572265625,5753600,39.5092887878418,11700900,23.072307586669922,13505400,102.30316162109375,8538620,46.06678771972656,12600000,169.26754760742188,121465900
2015-01-05,23.490800857543945,257142000,55.2243537902832,18502400,39.24294662475586,39673900,147.0,4168800,25.728179931640625,41182000,75.20838928222656,8079300,38.42584991455078,15000500,23.005159378051758,20937000,100.42528533935547,8770735,44.63663864135742,20100600,166.21060180664062,169632600
2015-01-06,23.49301528930664,263188400,54.93076705932617,16670700,38.66697692871094,36447900,146.83999633789062,4116100,25.09322166442871,54456000,74.8388442993164,7428000,37.62411117553711,20211200,23.182435989379883,24615300,98.26168060302734,13304295,43.479270935058594,29074100,164.6450653076172,209151400
2015-01-07,23.82243537902832,160423600,55.487361907958984,13590700,39.15825271606445,29114100,148.8800048828125,4159100,25.01942253112793,46918000,76.4909896850586,7931700,37.848026275634766,15714700,23.797515869140625,25495200,98.3025131225586,9106535,43.54561233520508,23843200,166.69679260253906,125346700
2015-01-08,24.73775291442871,237458000,56.410926818847656,15487500,40.310218811035156,29645200,151.3699951171875,4282100,25.10659408569336,73054000,77.09242248535156,9916000,38.68588638305664,16721600,24.299785614013672,38140800,99.48638153076172,9019294,44.51869583129883,16971100,169.65480041503906,147217800
2015-01-09,24.764278411865234,214798000,56.33138656616211,14488400,39.971412658691406,23944200,149.47000122070312,3360200,24.80000877380371,42000000,76.041748046875,7364800,38.050254821777344,14550800,23.998964309692383,25567500,98.09838104248047,9000055,43.74464797973633,15396200,168.2952423095703,158567300
2015-01-12,24.154069900512695,198603200,55.24881362915039,15176300,39.47165298461914,23651900,148.27999877929688,5919400,24.618738174438477,57138000,75.78083038330078,6839000,37.59523010253906,16967500,24.178922653198242,22117500,97.89424896240234,8945573,43.36867904663086,15455200,166.97689819335938,144396100
2015-01-13,24.3685245513916,268367600,55.04697799682617,17469000,39.268375396728516,35270600,148.6300048828125,3908100,24.853500366210938,60958000,75.9112777709961,10151100,37.450767517089844,25080900,23.98822021484375,24646200,97.40437316894531,8591202,43.37605667114258,21644700,166.50723266601562,214553300
2015-01-14,24.275667190551758,195826400,54.8879508972168,23272100,38.9295539855957,29719600,147.82000732421875,4802800,25.058053970336914,52800000,75.36055755615234,8887700,37.017398834228516,37590100,23.263010025024414,35862900,97.07778930664062,8732675,41.87957000732422,49602300,165.50196838378906,192991100
2015-01-15,23.616823196411133,240056000,54.4108772277832,18759600,38.52299118041992,32750800,147.5800018310547,2892200,24.96295928955078,51068000,74.2663803100586,10834800,36.63458251953125,32144700,23.469823837280273,28238100,96.26130676269531,6568703,40.537899017333984,42458100,163.98587036132812,176613900
2015-01-16,23.433317184448242,314053200,55.73200988769531,17713100,39.16671371459961,35695300,149.2100067138672,4313800,25.28242301940918,49658000,75.38953399658203,14092300,37.2990837097168,23174900,23.30599021911621,25226700,96.30213928222656,10390099,41.2308464050293,29368900,166.13650512695312,211879600
2015-01-20,24.036897659301758,199599600,55.71364974975586,16761000,39.293785095214844,36161900,148.6300048828125,4053300,25.25666618347168,46796000,73.39683532714844,20460000,37.55910873413086,17691000,23.284502029418945,23559300,97.36357116699219,9298421,41.06866455078125,23477700,166.49069213867188,130991100
2015-01-21,24.220396041870117,194303600,56.190738677978516,14276400,38.89567565917969,39081100,147.17999267578125,4660700,25.774240493774414,46356000,73.83888244628906,11702900,37.63134002685547,17928300,23.271072387695312,24521400,98.13922882080078,7849930,41.201351165771484,21842400,167.33126831054688,122942700
2015-01-22,24.85050392150879,215185600,56.802364349365234,13559000,39.92057800292969,35898000,150.14999389648438,5892000,26.61176872253418,56068000,75.18666076660156,9036600,38.837562561035156,21488700,23.716936111450195,21371400,99.11898803710938,9834098,42.45457458496094,31423500,169.81956481933594,174356000
2015-01-23,24.978736877441406,185859200,55.591346740722656,14706300,39.96294403076172,26211600,149.1199951171875,3175800,26.842079162597656,45966000,74.05624389648438,10126000,38.469200134277344,17779700,23.77334213256836,22697400,99.93544006347656,13299850,41.783729553222656,15458300,168.88853454589844,117516800
2015-01-26,25.005266189575195,222460000,56.123451232910156,10672500,39.81895065307617,42525500,149.6999969482422,2461400,26.583045959472656,30932000,74.09973907470703,8962800,38.700321197509766,13429400,23.805574417114258,14000100,100.38449096679688,8174317,41.85008239746094,12577700,169.28395080566406,92009700
2015-01-27,24.129756927490234,382274800,55.62804412841797,12301500,36.13434982299805,169164000,147.64999389648438,3220300,25.81386375427246,39148000,73.97654724121094,10160500,38.25973892211914,14351600,23.510116577148438,18061500,99.52721405029297,8012228,41.42988967895508,15220500,167.05105590820312,134044600
2015-01-28,25.49386978149414,585908400,53.79314041137695,17829700,34.88922119140625,84507100,144.77999877929688,6388800,25.379993438720703,35822000,73.5345230102539,9053200,37.674678802490234,18775100,23.319412231445312,17810400,97.3227310180664,10360866,40.3609619140625,24354400,164.9087371826172,168514300
2015-01-29,26.287582397460938,337745600,53.56684112548828,22683000,35.583770751953125,63585300,146.2899932861328,4461200,25.419614791870117,79018000,74.1866683959961,7569300,38.108062744140625,16700000,23.561155319213867,19568400,98.3025131225586,8437544,41.03917694091797,20393300,166.43309020996094,173585400
2015-01-30,25.902889251708984,334982000,53.46897888183594,22679900,34.220062255859375,78004900,143.91000366210938,6242300,26.624156951904297,121108000,72.56354522705078,10676300,37.50132369995117,21754800,22.8252010345459,30840600,97.52687072753906,11416362,40.08820343017578,26943700,164.34017944335938,197729700
2015-02-02,26.227882385253906,250956400,54.79008865356445,20306300,34.9654426574707,50352500,146.72999572753906,5119500,26.359174728393555,75378000,73.06350708007812,8990700,38.144161224365234,17714500,23.021272659301758,20781600,98.83324432373047,8263540,40.89175033569336,20308900,166.37539672851562,163107000
2015-02-03,26.232309341430664,207662800,56.42315673828125,21900900,35.23649215698242,52082400,148.2899932861328,4981700,26.413658142089844,47062000,74.24464416503906,10005200,38.60643768310547,20258900,23.150203704833984,24850500,99.89459991455078,7871527,41.81321334838867,18812500,168.78143310546875,124212900
2015-02-04,26.433504104614258,280598800,55.93996810913086,19632200,35.43978500366211,41614800,147.52999877929688,3574200,26.057048797607422,33896000,73.44757843017578,9514100,38.55553436279297,14435600,23.273754119873047,26796900,98.62910461425781,6935093,41.56257247924805,14934100,168.13870239257812,134306700
2015-02-05,26.62217140197754,168984800,56.49043655395508,12809000,35.95647430419922,36548200,149.6699981689453,3084500,26.241790771484375,33176000,74.24464416503906,6642200,39.02083969116211,13281900,23.442968368530273,15272400,100.01708221435547,5351640,41.85008239746094,11293900,169.8360595703125,97953200
2015-02-06,26.397993087768555,174826400,56.38566970825195,12331200,35.92259979248047,34616600,150.17999267578125,4050600,26.4423828125,42938000,73.25916290283203,9215700,39.587947845458984,19317000,23.456398010253906,16852800,100.09872436523438,5732365,42.675724029541016,25214000,169.3663787841797,125672000
2015-02-09,26.57333755493164,155559200,56.42264175415039,11360700,35.8802490234375,31381100,149.1300048828125,2429700,26.21455192565918,30314000,72.30267333984375,9851700,39.413455963134766,9739200,23.075000762939453,16368600,100.58859252929688,5693136,42.62413024902344,14372400,168.60833740234375,87219000
2015-02-10,27.083858489990234,248034000,56.08371353149414,12952900,36.08353042602539,29670700,149.9199981689453,2975500,26.7534236907959,47430000,72.71571350097656,12275500,39.675193786621094,12342500,23.44565200805664,17196300,100.91517639160156,5649693,43.095924377441406,16367300,170.4045867919922,96164200
2015-02-11,27.718666076660156,294247200,55.8310661315918,12240600,35.89718246459961,38262500,149.67999267578125,2732200,26.64643669128418,38306000,72.73743438720703,8177000,39.18808364868164,18296800,23.190488815307617,17559300,101.11929321289062,5102894,43.029563903808594,13061900,170.5034637451172,91087800
2015-02-12,28.069364547729492,297898000,56.92180252075195,14843000,36.49858474731445,33268800,149.7899932861328,3608600,27.043169021606445,48590000,71.3316650390625,25835200,39.88603591918945,20159500,23.06962013244629,20824800,101.6091537475586,5534199,43.914215087890625,23211300,172.14315795898438,97545900
2015-02-13,28.206989288330078,217088800,57.538055419921875,12061000,37.15925598144531,40264900,148.33999633789062,3669400,27.298236846923828,47382000,72.18673706054688,11153600,40.22775650024414,18809000,23.048128128051758,16791000,102.67058563232422,6901749,43.987918853759766,16479100,172.85177612304688,93670400
2015-02-17,28.373458862304688,252609600,57.340850830078125,11758700,37.17631530761719,33695700,149.1699981689453,2737300,26.993637084960938,39174000,72.78093719482422,8627100,40.256839752197266,11908600,23.08842658996582,15261600,102.75223541259766,7509644,44.30490493774414,15308800,173.12367248535156,76968200
2015-02-18,28.571001052856445,179566800,56.08371353149414,19177900,37.1336669921875,27111700,148.6699981689453,2219900,26.876750946044922,31164000,72.43311309814453,7878200,39.638851165771484,13231600,23.177059173583984,18098100,103.07881927490234,6414440,43.76675796508789,14278100,173.14013671875,80652900
2015-02-19,28.511079788208008,149449600,55.11623764038086,19350600,37.10807418823242,27603400,147.47999572753906,2757800,27.064958572387695,30834000,72.96931457519531,10028200,39.667911529541016,10784600,22.43305015563965,55940400,103.03762817382812,6934446,43.66355895996094,11256500,173.0165557861328,91462500
2015-02-20,28.7441349029541,195793600,55.41202163696289,15959900,37.415184020996094,29721100,148.72000122070312,4877600,26.83465003967285,38234000,73.15904235839844,10085700,39.864234924316406,15049100,22.642555236816406,41521200,103.86158752441406,8323489,44.08375930786133,15379000,174.0547332763672,140896400
2015-02-23,29.521011352539062,283896400,54.85124588012695,12771800,37.66257095336914,32518800,147.3699951171875,3775500,26.497852325439453,32906000,73.10067749023438,6878200,40.0605354309082,13715000,22.723134994506836,20191200,103.6968002319336,6421471,43.752017974853516,16814000,174.03004455566406,74411100
2015-02-24,29.336769104003906,276912400,55.10392379760742,9990700,37.61138153076172,25271700,148.9499969482422,2914700,26.678634643554688,28406000,73.4801025390625,6587200,40.256839752197266,11957800,22.7150821685791,15593100,104.60316467285156,8860648,44.83567810058594,22937700,174.5244598388672,72472300
2015-02-25,28.586538314819336,298846800,55.21482849121094,9925700,37.52608108520508,29759800,148.77999877929688,2671900,27.108539581298828,40836000,73.85225677490234,9684000,40.22775650024414,10516900,22.44647979736328,20425200,106.74549865722656,14234844,45.07158660888672,18307900,174.37606811523438,73061700
2015-02-26,28.948347091674805,365150000,54.6294059753418,13984000,37.58578872680664,28957300,148.33999633789062,2549800,27.70090675354004,54032000,75.01248168945312,11437900,40.09688186645508,13579100,22.508255004882812,17664300,106.6630859375,7980741,45.39595413208008,15444800,174.1700897216797,72697900
2015-02-27,28.51329231262207,248059200,54.56162643432617,13090600,37.40665054321289,33807700,147.41000366210938,3377400,27.866331100463867,68328000,74.80084228515625,8500000,39.83514404296875,12937000,22.54317855834961,17632200,107.0750732421875,10752733,45.17479705810547,15225900,173.5768585205078,108076000
2015-03-02,28.65312957763672,192386800,54.25349426269531,13793700,37.4322395324707,31924000,147.0800018310547,4896700,28.479991912841797,50406000,75.31893920898438,7277600,40.387699127197266,12988500,22.55123519897461,18184500,107.56945037841797,6762530,45.5360107421875,13047300,174.67276000976562,87491400
2015-03-03,28.71306800842285,151265200,53.99468231201172,13493800,36.92039108276367,31748600,145.92999267578125,3969600,28.666717529296875,50526000,74.67679595947266,6419700,40.315006256103516,11759600,22.39276123046875,19382400,106.53949737548828,6373020,45.683441162109375,13706900,173.95590209960938,110325800
2015-03-04,28.531049728393555,126665200,53.723533630371094,13467600,36.73273468017578,25748700,144.9199981689453,3250100,28.64393424987793,37964000,74.17333221435547,8665500,39.856964111328125,16653300,22.180578231811523,18643200,105.71553802490234,6581995,45.8013916015625,16625500,173.2225799560547,114497200
2015-03-05,28.058265686035156,226068400,53.452396392822266,12527600,36.77538299560547,23193500,146.05999755859375,2711700,28.797470092773438,35918000,74.80815124511719,8042300,39.871490478515625,9576100,22.44647979736328,17992500,106.37471008300781,5920536,45.705570220947266,10931300,173.41207885742188,76873000
2015-03-06,28.10045051574707,291368400,52.76836395263672,16070500,36.13559341430664,36248800,145.27999877929688,4099400,28.37499237060547,37592000,73.0495834350586,9287600,39.68973922729492,17298400,22.183263778686523,17193000,104.72679138183594,6737031,44.88728332519531,22719200,170.9730987548828,188128000
2015-03-09,28.22029685974121,354114000,52.47874450683594,14503800,36.553585052490234,32108000,146.1300048828125,2608800,28.434425354003906,23478000,73.45092010498047,5701100,39.747894287109375,11937900,22.261154174804688,14014500,105.63313293457031,6591865,45.336978912353516,13001500,171.68177795410156,89818900
2015-03-10,27.63654327392578,275426400,51.92412185668945,17195500,35.854068756103516,39159700,143.19000244140625,5258200,27.72864532470703,40080000,72.62638854980469,8735700,38.744564056396484,18723200,22.043588638305664,18933300,103.6968002319336,7812747,44.20169448852539,16357700,168.8967742919922,157121300
2015-03-11,27.132694244384766,275756000,51.77622985839844,13004700,35.81142807006836,32215300,143.44000244140625,2893800,27.522602081298828,40524000,71.74342346191406,9138100,39.042659759521484,16612900,21.803112030029297,18482700,103.7791748046875,7553171,44.40813064575195,13015600,168.50123596191406,110145700
2015-03-12,27.62322235107422,193450800,51.89949035644531,10792900,34.99248504638672,59992500,145.6699981689453,3539600,27.794021606445312,35602000,72.84526824951172,8318000,40.416786193847656,26266900,22.13005256652832,15677400,104.64436340332031,6128301,45.24113845825195,18159600,170.64358520507812,93993500
2015-03-13,27.432342529296875,207309200,51.68379592895508,16799900,35.29958724975586,58007700,143.97000122070312,3320700,27.389373779296875,35428000,72.39286804199219,7821800,40.23503494262695,17591400,22.13005256652832,14286600,103.16121673583984,9453853,44.96837615966797,16506200,169.59718322753906,162410900
2015-03-16,27.734203338623047,143497200,52.232234954833984,13516200,35.453128814697266,35273500,145.97999572753906,3858600,27.81730079650879,36856000,73.74278259277344,7726500,40.5185661315918,15505200,22.505647659301758,19557300,104.85035705566406,7221878,45.595001220703125,15182900,171.86305236816406,136099200
2015-03-17,28.19810676574707,204092400,51.81321716308594,12979700,35.572566986083984,31673400,144.75,2580000,27.617700576782227,28892000,72.8890609741211,7301500,40.64944839477539,13107700,22.324604034423828,14406000,104.2735824584961,7148555,45.41807556152344,11718300,171.3521728515625,94510400
2015-03-18,28.515514373779297,261083600,53.03952407836914,18745700,36.25502395629883,44194800,146.0,3490600,28.041166305541992,35324000,74.03467559814453,7972500,40.83847427368164,20000500,22.300289154052734,30756900,105.63313293457031,7992342,45.52125930786133,15697900,173.41207885742188,228808500
2015-03-19,28.30021095275879,183238000,52.01655578613281,12738500,36.07587814331055,33879100,144.8800048828125,2633800,27.917842864990234,24660000,74.20250701904297,6863100,40.35861587524414,14841100,22.02737808227539,21638700,104.35598754882812,7994846,45.11581802368164,11523800,172.62106323242188,117917300
2015-03-20,27.945068359375,274780400,52.09666061401367,36083500,36.579185485839844,71904500,145.52999877929688,5858700,27.981239318847656,44320000,74.72059631347656,12433800,40.72214126586914,26487200,22.49213409423828,37095900,104.64436340332031,10565104,45.52125930786133,18368300,174.14479064941406,177715100
2015-03-23,28.235841751098633,150838800,52.64512252807617,17450700,36.56211471557617,26246100,145.55999755859375,3046900,28.00204086303711,30234000,75.14380645751953,9016000,40.5549430847168,16477400,22.51105499267578,19517100,104.93276977539062,6673953,45.07158660888672,15112900,173.8054656982422,71784500
2015-03-24,28.120424270629883,131369200,52.084346771240234,10174300,36.59623718261719,25513300,144.2899932861328,2764500,28.60480499267578,79156000,74.39952087402344,8390700,40.24228286743164,13927400,22.4407958984375,16077300,104.10877227783203,5383753,44.57029342651367,12128700,172.828857421875,77805300
2015-03-25,27.385725021362305,206620800,52.29386901855469,11934700,35.36783218383789,43469900,143.55999755859375,3993400,28.082775115966797,53070000,73.2174072265625,8444100,39.65338897705078,15413700,21.973339080810547,19937700,102.6256332397461,7281764,43.94368362426758,14950900,170.2962188720703,159521700
2015-03-26,27.576610565185547,190291600,51.961090087890625,14400700,35.15456008911133,37495600,143.02999877929688,3549800,27.916353225708008,49842000,73.07147979736328,9972400,39.624290466308594,15038600,22.127349853515625,24801600,102.17243957519531,6782436,43.89210510253906,14039600,169.89068603515625,153067200
2015-03-27,27.35686683654785,158184800,51.50506591796875,11579300,34.949832916259766,34401400,143.88999938964844,3480700,27.614727020263672,34552000,73.2174072265625,5847400,39.3480224609375,13600300,21.981443405151367,17152200,102.41964721679688,5909436,43.89946746826172,11755800,170.27967834472656,118939000
2015-03-30,28.049394607543945,188398800,52.76836395263672,15653200,34.94129180908203,35049700,145.97999572753906,3348900,27.79253578186035,24788000,74.10034942626953,6061200,39.82061004638672,11706700,22.300289154052734,17105100,103.49080657958984,5692594,44.93888854980469,20656500,172.35708618164062,96180400
2015-03-31,27.61878776550293,168362400,52.38013458251953,13354000,34.68537521362305,34887200,144.32000732421875,3600200,27.473567962646484,34932000,73.40711975097656,8028000,39.55160140991211,13306200,22.224626541137695,16763100,102.21365356445312,7290841,44.65876770019531,17346700,170.85076904296875,126768700
2015-04-01,27.578832626342773,162485600,52.0473747253418,14522300,34.736576080322266,36865300,143.4499969482422,3693600,27.215524673461914,38902000,72.34907531738281,11368100,39.2171630859375,15436900,21.80850601196289,24920100,102.33724975585938,8085552,44.48809051513672,18100600,170.24655151367188,137303600
2015-04-02,27.816335678100586,128880400,51.94877624511719,11297400,34.369747161865234,37487500,143.55999755859375,2336100,26.810380935668945,47760000,72.7066421508789,6097100,39.529788970947266,13498900,21.813907623291016,17387100,102.74922180175781,6095667,44.911075592041016,12697800,170.85899353027344,86900900
2015-04-06,28.266916275024414,148776000,52.46023941040039,10916400,35.444618225097656,39223700,143.75999450683594,2446900,26.94113540649414,33718000,72.35639953613281,9697600,39.318946838378906,10786100,21.884166717529297,19142100,103.73800659179688,6978724,44.87395477294922,12025200,172.0094757080078,114368200
2015-04-07,27.969484329223633,140049200,52.84231185913086,11836100,35.42755126953125,28809400,143.05999755859375,2760900,26.986207962036133,27318000,73.04229736328125,7900300,39.27531051635742,10853700,21.75176429748535,19818300,103.07882690429688,4436490,45.15596389770508,11505500,171.55426025390625,81236300
2015-04-08,27.87847900390625,149316800,51.80086898803711,16257100,35.333709716796875,24753400,143.27999877929688,4775700,27.183332443237305,28386000,73.0860824584961,7354100,39.260772705078125,9828700,21.894975662231445,20084100,103.03762817382812,4682210,45.30437469482422,11734000,172.13357543945312,89351900
2015-04-09,28.091567993164062,129936000,52.16446304321289,13281800,35.3848876953125,25723900,143.64999389648438,2821000,27.142715454101562,32366000,73.9397964477539,8073900,39.39891815185547,10279400,21.843629837036133,11770800,106.0039291381836,12551004,45.61604309082031,11728500,172.89503479003906,85548900
2015-04-10,28.211423873901367,160752000,52.725215911865234,13372400,35.58962631225586,28022000,143.5,2353800,27.168472290039062,26104000,74.47247314453125,6786500,39.493431091308594,9531500,21.792301177978516,16440900,117.45708465576172,73595516,45.7867317199707,9869700,173.8385467529297,72722900
2015-04-13,28.155933380126953,145460400,52.589664459228516,9880500,35.62374496459961,30276700,143.4600067138672,2149500,27.17342758178711,29326000,73.37065887451172,10753500,39.68973922729492,14931600,21.695024490356445,14094300,113.83164978027344,32130811,46.06129455566406,15468700,173.0522918701172,74436600
2015-04-14,28.033857345581055,102098400,53.384605407714844,15693800,35.5299186706543,24244400,142.75,2929700,26.734601974487305,47206000,73.34877014160156,9322200,39.39891815185547,29289600,21.657190322875977,16595100,114.24363708496094,11638587,46.7811279296875,33775400,173.38336181640625,75099900
2015-04-15,28.140398025512695,115881600,54.278133392333984,15332800,36.05028533935547,27343600,142.7100067138672,2620700,26.797006607055664,46962000,73.40711975097656,8237100,39.84968566894531,16899900,21.54640769958496,18601200,113.1312484741211,11772736,47.64936828613281,28732200,174.16131591796875,99529300
2015-04-16,28.005001068115234,113476000,54.062461853027344,9570800,35.96498107910156,22509700,142.10000610351562,2693100,26.919836044311523,31722000,72.81607055664062,7324800,39.84968566894531,15643200,21.411306381225586,24045300,112.38970947265625,13012815,47.352535247802734,16640500,174.1116943359375,68934900
2015-04-17,27.6898136138916,207828000,53.56949996948242,14430100,35.50432586669922,42387600,140.6999969482422,4613700,26.38591766357422,49234000,72.66285705566406,11084200,39.29713821411133,17569700,21.043819427490234,35468400,112.26610565185547,18319384,46.6327018737793,20221200,172.10874938964844,191113200
2015-04-20,28.322410583496094,188217200,53.76050567626953,11593600,36.604759216308594,46057700,142.08999633789062,2669600,26.969863891601562,38508000,73.12252807617188,6668500,39.52251434326172,13327200,21.114072799682617,26542800,111.31853485107422,12871738,46.9295539855957,12755300,173.6812744140625,92189500
2015-04-21,28.169260025024414,129740400,53.53866958618164,10100500,36.37444305419922,26013800,141.13999938964844,3008200,26.890119552612305,29128000,73.1882095336914,6532700,39.46434020996094,10954200,21.084348678588867,18600600,109.67059326171875,16040335,46.239410400390625,14985100,173.474365234375,72559800
2015-04-22,28.54880714416504,150618000,53.89609146118164,8663600,36.67301940917969,25064300,141.99000549316406,2629400,27.20017433166504,31806000,73.28308868408203,4763900,39.747894287109375,13563800,21.19243049621582,22784100,110.86534881591797,9818824,46.70692443847656,14484700,174.32684326171875,78264600
2015-04-23,28.781871795654297,183083600,53.94536590576172,9866100,36.971588134765625,46309500,142.42999267578125,2630700,27.610267639160156,78184000,73.30499267578125,7351500,39.88603591918945,14657800,21.395090103149414,22406700,110.6181640625,7963756,46.603023529052734,12851300,174.76547241210938,102585900
2015-04-24,28.917264938354492,178103600,53.594120025634766,8405700,40.8359375,130933700,142.08999633789062,2255500,28.412635803222656,92168000,73.75736999511719,6566900,39.769691467285156,15268100,21.573423385620117,20603400,110.41217041015625,5782861,46.45460510253906,9597500,175.1710205078125,61327400
2015-04-27,29.443313598632812,387816800,53.618770599365234,10534600,40.97243881225586,59248200,141.08999633789062,3210600,28.039186477661133,48062000,73.39254760742188,9113900,39.96603012084961,19852400,21.44642448425293,19349400,110.74176025390625,7557261,46.26166534423828,11146400,174.4427032470703,79358100
2015-04-28,28.979421615600586,475696000,54.1056022644043,9633800,41.93639373779297,60730800,142.52000427246094,2564700,27.952512741088867,37178000,73.50929260253906,7484600,40.285919189453125,13028300,21.37347412109375,14687700,111.73052215576172,8018175,46.573341369628906,12307800,174.9972381591797,86863500
2015-04-29,28.553241729736328,253544400,54.14873504638672,12534100,41.85109329223633,47804600,142.41000366210938,3127000,27.804916381835938,33622000,73.2539291381836,8926200,40.32228088378906,18144500,21.043819427490234,21325200,111.60693359375,7752631,47.196712493896484,17601200,174.2772216796875,125684900
2015-04-30,27.778600692749023,332781600,53.84061050415039,13947700,41.49280548095703,64725500,141.2100067138672,3554600,27.17986488342285,47240000,72.38557434082031,10170600,40.0605354309082,16577800,21.08975601196289,26387700,111.56571197509766,8969340,46.94438552856445,16840900,172.53082275390625,161304900
2015-05-01,28.622055053710938,234050400,54.75265121459961,12257100,41.509857177734375,38937300,143.36000061035156,2797900,27.298236846923828,36572000,73.06417083740234,6255000,40.1259765625,12069400,21.238367080688477,14999100,112.51332092285156,5905826,47.20412826538086,11640100,174.4013214111328,103399700
2015-05-04,28.566558837890625,203953200,54.91288757324219,10343700,41.15158462524414,34039500,146.14999389648438,4229400,27.38144874572754,35260000,73.22470092773438,5532400,40.5185661315918,9981800,21.395090103149414,20007600,112.3485107421875,5467301,48.02783203125,14972500,174.89796447753906,70927200
2015-05-05,27.922868728637695,197085600,54.60474395751953,11895000,40.605613708496094,50369200,144.55999755859375,2993500,26.896066665649414,28528000,72.6044921875,8828000,40.51129150390625,17068100,21.11137580871582,17566200,110.90655517578125,6332331,47.79035568237305,17692400,172.89503479003906,113326200
2015-05-06,27.74753189086914,288564000,54.34595489501953,11273500,39.479576110839844,52433000,143.77999877929688,3320500,26.50181770324707,39034000,72.3636703491211,8030800,40.20021057128906,15670700,21.114091873168945,16440300,110.45337677001953,5792668,47.43416976928711,18087900,172.1832733154297,135060200
2015-05-07,27.919143676757812,175763600,53.98234176635742,9992500,39.837860107421875,32971700,145.30999755859375,3314300,26.846534729003906,31844000,72.72122192382812,6401600,40.119693756103516,14723100,21.2174129486084,16614300,111.40093994140625,6476496,47.86457443237305,15039900,172.87014770507812,88244900
2015-05-08,28.445171356201172,222201600,54.83892059326172,11390300,40.73358154296875,35364900,148.30999755859375,5277900,27.18878173828125,28226000,74.0419692993164,7508600,41.02734375,17477500,21.353376388549805,16042200,112.7193374633789,7766716,48.599239349365234,16802600,175.146240234375,155877300
2015-05-11,28.15541648864746,168143200,53.91937255859375,11997800,40.409400939941406,24609400,146.1699981689453,3814700,27.03177261352539,21858000,73.7209243774414,5698900,40.632076263427734,12922100,21.2364559173584,11234700,110.90655517578125,6771794,48.569549560546875,13798800,174.31033325195312,75708100
2015-05-12,28.055118560791016,192640000,54.06846237182617,9788900,40.39234924316406,29928300,144.7899932861328,2823200,26.682598114013672,35282000,73.31227111816406,6903100,40.602806091308594,11705900,21.47029685974121,25347000,111.35972595214844,6216002,48.502777099609375,12762200,173.7888641357422,119727600
2015-05-13,28.086315155029297,138776800,53.782649993896484,8629400,40.6312141418457,34184600,144.25999450683594,2621700,26.720237731933594,24238000,73.37065887451172,5826800,40.69795608520508,11448100,21.252758026123047,25263600,112.10132598876953,7756053,48.621490478515625,11874100,173.8219757080078,94667900
2015-05-14,28.741609573364258,180814000,54.03740310668945,8791300,41.5610466003418,32980900,145.77999877929688,2326400,27.201160430908203,31736000,74.3046646118164,5454000,41.020042419433594,11025400,21.40503692626953,18510600,112.92526245117188,5628889,49.014808654785156,11855500,175.63450622558594,95934000
2015-05-15,28.701492309570312,152832000,54.273521423339844,8422200,41.202754974365234,28642700,145.25999450683594,2423500,27.066938400268555,33440000,74.64763641357422,6023500,40.63939666748047,13323200,21.546438217163086,19851600,112.3485107421875,7463572,48.8886604309082,11152100,175.82485961914062,76510100
2015-05-18,29.01799774169922,203531600,53.96282958984375,6395400,40.95537185668945,24136500,145.8300018310547,2266200,27.075855255126953,26706000,75.46487426757812,10479600,40.8077507019043,10637300,21.73133087158203,24900900,112.51332092285156,4692706,49.289371490478516,10510900,176.37109375,74549700
2015-05-19,28.99125099182129,178532800,54.04981994628906,9777100,40.85234451293945,28574800,146.5399932861328,2635700,27.205129623413086,47126000,75.8589096069336,7724100,41.28354263305664,17194100,20.782346725463867,67375800,112.67806243896484,6082667,49.727210998535156,14282700,176.31317138671875,72114600
2015-05-20,28.989017486572266,145819600,54.1368293762207,7276600,40.85234451293945,25047900,145.94000244140625,2239100,27.365100860595703,30840000,75.59625244140625,7146500,41.04929733276367,13292000,20.638240814208984,31625700,113.87286376953125,8382707,49.33392333984375,12446000,176.1890869140625,76857500
2015-05-21,29.285463333129883,158921600,54.1865234375,8357400,40.71495819091797,22410700,145.27000427246094,2293900,27.578075408935547,34170000,75.28014373779297,6875600,40.99806594848633,13466700,20.695344924926758,20268600,114.20242309570312,8411398,49.460052490234375,12934500,176.70220947265625,64764600
2015-05-22,29.54178810119629,182384000,53.757808685302734,7598400,40.26846694946289,25720600,144.60000610351562,2188300,27.46465301513672,24266000,74.49368286132812,6216600,40.99076461791992,8568800,20.627357482910156,20445000,114.03761291503906,4859594,49.32648468017578,9296900,176.28009033203125,57433500
2015-05-26,28.890947341918945,282790400,53.030826568603516,11289000,40.0023307800293,29581900,143.6300048828125,3299400,27.10161018371582,37474000,74.1041259765625,7918900,40.741886138916016,15859100,20.366331100463867,31720800,113.37849426269531,9904188,48.7773323059082,15571300,174.38479614257812,124308600
2015-05-27,29.430341720581055,183332800,52.8817138671875,10778300,40.87809371948242,27335600,144.75,2275400,27.451282501220703,34844000,74.33198547363281,9297900,41.0419921875,12526100,20.4451847076416,20961300,113.37849426269531,5284743,49.32648468017578,10963700,176.0400390625,93214000
2015-05-28,29.372394561767578,122933200,52.8817138671875,8038900,40.74072265625,19283700,144.74000549316406,2300000,27.447813034057617,23544000,74.34669494628906,5700100,41.144474029541016,10348700,20.350008010864258,15076500,113.83164978027344,5512498,49.12611770629883,11797400,175.84144592285156,74974600
2015-05-29,29.038055419921875,203538000,52.9376335144043,14631300,40.2341423034668,36519600,143.0,3641100,27.008989334106445,43446000,73.60430908203125,9957800,40.961463928222656,17291500,20.19502067565918,19125300,112.3485107421875,8693071,48.814453125,14310700,174.74893188476562,124919600
2015-06-01,29.096010208129883,128451200,52.894142150878906,9077500,40.551822662353516,28837300,143.35000610351562,2579400,27.201658248901367,33210000,73.53082275390625,7298100,41.020042419433594,15746200,20.32010269165039,16938000,112.38970947265625,6953122,49.037078857421875,11899300,175.10482788085938,93338800
2015-06-02,28.966737747192383,134670400,52.900367736816406,9328300,40.285667419433594,21498300,143.02999877929688,2737900,27.436426162719727,31842000,73.48674011230469,8312400,41.122501373291016,13148700,20.265722274780273,17393400,112.59568786621094,5493092,48.9925422668457,12784200,174.9310302734375,91531000
2015-06-03,29.00239372253418,123934000,52.78230285644531,8179500,40.225555419921875,28002200,143.19000244140625,2288300,27.502792358398438,26710000,73.56757354736328,5375200,41.65684127807617,16197700,20.363605499267578,18281400,113.41969299316406,5489128,49.49715805053711,12927300,175.39450073242188,87820900
2015-06-04,28.833003997802734,153800400,52.3287353515625,12607300,39.80486297607422,27745500,141.3699951171875,3369100,27.32448959350586,26866000,72.93547058105469,8057900,41.093238830566406,17627100,20.16239356994629,26948400,112.30729675292969,6961072,49.22259521484375,13863300,173.91299438476562,151882800
2015-06-05,28.67474365234375,142507200,52.36601257324219,11388500,39.6159553527832,25438100,140.75999450683594,3343900,27.217506408691406,24396000,72.4650650024414,7557300,41.437255859375,16890300,19.866010665893555,31905300,112.4308853149414,6395013,50.03146743774414,20801100,173.6150665283203,121704700
2015-06-08,28.485288619995117,210699200,52.72017288208008,12244700,39.26392364501953,22121600,139.52000427246094,2998600,26.917856216430664,27336000,72.00200653076172,7054600,41.07859802246094,14248400,19.7436466217041,28779000,112.22490692138672,6220801,49.6381721496582,14558700,172.54739379882812,89063300
2015-06-09,28.400588989257812,224301600,52.55241012573242,8105500,39.19523620605469,24406100,139.6300048828125,2612800,26.852479934692383,30016000,72.18576049804688,7844300,41.50314712524414,14669900,19.705570220947266,25006800,112.59568786621094,6492291,49.853370666503906,13263500,172.52256774902344,105034700
2015-06-10,28.726011276245117,156349200,52.94383239746094,10147000,40.01949691772461,28417400,140.86000061035156,3156700,27.369558334350586,30316000,72.67819213867188,10025100,41.87644958496094,18622400,19.830659866333008,33647400,113.83164978027344,6922511,50.65481948852539,17478900,174.59170532226562,134551300
2015-06-11,28.661373138427734,141563600,52.86931228637695,7759300,39.87353515625,27347800,141.36000061035156,2436000,27.242765426635742,25872000,72.94278717041016,6175200,41.91304397583008,13943300,19.833377838134766,22260000,113.33723449707031,6549569,50.8477668762207,13739900,175.15444946289062,73876400
2015-06-12,28.34486961364746,147544800,52.204463958740234,8347300,39.46998596191406,23931000,140.2899932861328,2768400,27.115478515625,25468000,72.28864288330078,8717200,41.78860855102539,13439000,19.694704055786133,21739800,112.84291076660156,4626164,50.64739990234375,11804700,173.81375122070312,135382400
2015-06-15,28.28914451599121,175955600,52.0180778503418,9563900,39.04928207397461,33254500,139.39999389648438,2859500,26.89408302307129,27150000,71.65653228759766,6833500,41.708091735839844,12920600,19.55875015258789,22700400,112.10132598876953,5946598,50.45444869995117,14082300,173.06884765625,124384200
2015-06-16,28.440715789794922,125976400,52.61454772949219,9100100,39.34979248046875,27070300,139.7100067138672,2369900,26.986705780029297,32526000,72.29598999023438,6049500,41.883758544921875,10476100,19.672943115234375,18646800,112.14252471923828,5752709,50.736446380615234,11692800,174.01234436035156,85308200
2015-06-17,28.37384796142578,131672400,52.64562225341797,9090200,39.46998596191406,28704100,139.97000122070312,2280200,27.0723876953125,24440000,72.56794738769531,6155800,41.847164154052734,17497700,19.776277542114258,17111700,112.3485107421875,7626245,50.565765380859375,14521900,174.2937469482422,126708600
2015-06-18,28.503114700317383,141628800,53.111610412597656,10247800,40.113929748535156,32658300,142.6699981689453,4583700,27.546871185302734,41192000,73.76602935791016,8815800,42.235107421875,18299900,19.84425163269043,25129800,113.71961212158203,7862534,51.04069519042969,16759600,176.1062469482422,165867900
2015-06-19,28.217824935913086,218867600,52.94383239746094,16129600,39.58159255981445,63837000,140.9600067138672,6044000,27.613237380981445,59290000,73.39854431152344,11653600,41.75932693481445,36241100,19.77899742126465,43652100,113.17948150634766,12575563,50.521240234375,21606400,175.3245086669922,130478700
2015-06-22,28.44293785095215,136157200,52.919002532958984,9465100,39.69322967529297,20318100,141.52999877929688,2339300,27.72022247314453,34752000,73.56757354736328,5055900,42.388832092285156,15111200,19.79258918762207,19468500,113.92736053466797,5739188,51.17428207397461,14306700,176.22271728515625,70696000
2015-06-23,28.313661575317383,121075600,52.85686111450195,10223900,39.418460845947266,25896500,141.3300018310547,1974500,27.903972625732422,31396000,73.3396987915039,6046600,42.37417984008789,13354200,19.732772827148438,23628900,114.46752166748047,6783792,51.76053237915039,15736900,176.34747314453125,68476800
2015-06-24,28.55438804626465,221123600,52.61454772949219,11800100,39.186649322509766,34890900,140.08999633789062,2709400,27.665246963500977,28924000,73.00895690917969,7254700,42.118011474609375,16166600,19.681106567382812,22015200,113.2625732421875,6772483,51.21880340576172,16995000,175.0667724609375,92307300
2015-06-25,28.418420791625977,127752400,52.14855194091797,10259400,39.19523620605469,20616000,139.4499969482422,2616700,27.634538650512695,26684000,72.85459899902344,6581100,41.847164154052734,14053600,19.53971290588379,15879600,112.3485107421875,4870611,50.94424057006836,13314300,174.53443908691406,97107400
2015-06-26,28.25125503540039,176267200,52.105045318603516,19023300,38.860382080078125,49835300,139.77999877929688,4480200,27.392343521118164,43676000,73.23680114746094,9041100,42.044803619384766,16975900,19.610408782958984,20693400,112.55625915527344,5378766,51.166847229003906,14489200,174.5011444091797,104174800
2015-06-29,27.75644302368164,196645600,51.4588623046875,11739200,38.096221923828125,34081700,136.50999450683594,6703700,26.807409286499023,37756000,71.79619598388672,11150900,41.0346794128418,19289700,19.420068740844727,24563400,110.68655395507812,6963534,49.868202209472656,19934400,170.841796875,202621300
2015-06-30,27.957046508789062,177482800,51.69496154785156,14981100,37.907325744628906,35945400,136.11000061035156,5160300,26.74747657775879,34510000,71.634521484375,8967900,41.16642379760742,17346700,19.286834716796875,33307800,110.39569091796875,7419565,50.28377914428711,20677400,171.19943237304688,182925100
2015-07-01,28.217824935913086,120955200,51.179256439208984,13529100,38.16490936279297,28343900,137.52000427246094,3244900,26.908945083618164,30760000,72.37686157226562,6726700,41.65684127807617,12165300,19.545150756835938,32321700,110.76962280273438,6349045,50.84396743774414,13964400,172.5716552734375,135979900
2015-07-02,28.182153701782227,108844000,51.65768051147461,9188000,38.121986389160156,21752000,137.38999938964844,2823700,27.109039306640625,28124000,72.35482025146484,6091900,41.53241729736328,10106800,19.53971290588379,19758300,111.26822662353516,5425694,50.43315505981445,12822900,172.41366577148438,104373700
2015-07-06,28.084089279174805,112241600,51.278690338134766,11694400,38.11338806152344,23034000,136.88999938964844,2962100,27.023849487304688,25614000,72.17839050292969,6817800,41.31282043457031,11682100,19.721899032592773,31609500,109.3154067993164,5812929,50.29124069213867,13527100,171.9229736328125,117975400
2015-07-07,28.01499366760254,187787200,51.48992919921875,15641500,38.036128997802734,36435800,138.44000244140625,4642300,27.242267608642578,33578000,72.70761108398438,7122600,41.173736572265625,15831800,20.064502716064453,37263900,109.98020935058594,6812212,49.895362854003906,22421500,173.00418090820312,173820200
2015-07-08,27.319578170776367,243046400,50.930728912353516,10057000,37.98460388183594,39785900,136.89999389648438,3642300,26.82969856262207,27662000,71.86234283447266,6845500,40.44176483154297,12906600,19.866010665893555,23373000,107.57036590576172,6683593,48.872066497802734,17707200,170.10157775878906,164020100
2015-07-09,26.762348175048828,314380000,50.70085144042969,11980500,38.22502136230469,32424700,138.25,3574900,26.975805282592773,29766000,72.32539367675781,7316400,40.624759674072266,13623200,19.789871215820312,26087400,108.11051940917969,6345706,49.37998580932617,14984700,170.40936279296875,144113100
2015-07-10,27.477828979492188,245418000,51.0860710144043,8628700,38.30229568481445,25465800,139.72999572753906,3774900,27.543405532836914,43436000,73.1559829711914,6969300,41.04929733276367,13269600,19.882322311401367,16737900,109.14922332763672,5291629,50.08210372924805,12356100,172.5550537109375,129456900
2015-07-13,28.00830078125,165762000,51.210330963134766,8026700,39.10078811645508,28178300,141.38999938964844,3139800,28.317041397094727,41792000,73.69988250732422,6986300,41.53241729736328,15521800,20.088979721069336,18253500,109.98020935058594,5075622,50.85890197753906,16175600,174.45956420898438,106069400
2015-07-14,27.997161865234375,127072400,51.639060974121094,9310200,39.16947937011719,22880300,141.1199951171875,2415200,28.93367576599121,74832000,73.3396987915039,9890600,41.90572738647461,20066300,20.064502716064453,16554600,110.76962280273438,4652038,51.568511962890625,20185100,175.21633911132812,81709600
2015-07-15,28.26685905456543,134596800,51.421592712402344,9289200,39.28968048095703,26629600,142.61000061035156,2995300,28.92277717590332,41466000,73.81011199951172,7990300,42.29365921020508,17159400,20.02643394470215,13700100,111.22666931152344,5826910,51.68054962158203,16891600,175.158203125,97914100
2015-07-16,28.643539428710938,144889600,51.51477813720703,8267600,40.06242370605469,26271700,143.9199981689453,3179600,29.805383682250977,112642000,74.31730651855469,5775000,42.579132080078125,13194500,20.075380325317383,15695100,112.3485107421875,6392447,51.9569206237793,18035700,176.563720703125,106683300
2015-07-17,28.890947341918945,184658800,51.32840347290039,12156000,40.02806854248047,29467100,143.8800048828125,2982900,34.65126419067383,257162000,73.56023406982422,8054200,42.41078567504883,12963900,19.95573616027832,17041800,113.17948150634766,8595000,51.695491790771484,14040700,176.71337890625,89030000
2015-07-20,29.437023162841797,235600800,50.80025863647461,12957100,40.285667419433594,30631900,144.50999450683594,2467500,34.31546401977539,102436000,73.77339935302734,5016200,42.491310119628906,10084900,19.876888275146484,15256800,112.7640380859375,5151158,51.73282241821289,11512900,176.80487060546875,70446800
2015-07-21,29.14281463623047,307025600,50.738128662109375,8677100,40.59476852416992,42781900,143.60000610351562,3116500,34.43978500366211,75604000,73.75132751464844,5891600,42.41809844970703,12504300,19.77899742126465,19323300,111.55907440185547,6110106,51.613311767578125,11659900,176.10629272460938,77965000
2015-07-22,27.910236358642578,461802400,50.81889343261719,13181500,39.10078811645508,59152400,143.52000427246094,2578000,34.427398681640625,83100000,73.63372802734375,6721900,42.83533477783203,14871100,19.8931941986084,20884800,110.64498138427734,5035726,52.34532165527344,15493000,175.790283203125,88667900
2015-07-23,27.89686393737793,203998000,50.41502380371094,10496100,39.59019470214844,33934000,142.17999267578125,2322700,33.41850280761719,76232000,73.6484375,5016100,42.60841369628906,13582200,19.71645164489746,12758700,109.10765838623047,4841211,52.01667785644531,14331800,174.80056762695312,90509100
2015-07-24,27.749755859375,168649200,49.669429779052734,14888500,39.4442253112793,32333200,141.25,2363300,32.42990493774414,82622000,72.87666320800781,6524200,42.29365921020508,13157300,19.46357536315918,17853300,106.98869323730469,6494441,51.471412658691406,12413900,172.987548828125,117755000
2015-07-27,27.364158630371094,177822000,49.24693298339844,14996100,38.937652587890625,39701400,140.72000122070312,2903600,32.6032600402832,58382000,72.2372055053711,8734000,42.15460968017578,15495300,19.409194946289062,18592800,107.81967163085938,7569635,50.799156188964844,16801600,171.9811553955078,132361100
2015-07-28,27.5001163482666,134472400,51.24760818481445,19777300,38.929073333740234,34328900,143.22000122070312,3252700,32.67210006713867,34364000,72.78111267089844,7757500,42.01552200317383,16730600,19.60496711730957,25776900,108.44290161132812,5792105,50.82905197143555,14932400,174.0936737060547,123544800
2015-07-29,27.413192749023438,148046800,51.65768051147461,13913800,39.74474334716797,40945900,142.9199981689453,2555800,32.759765625,36756000,73.30299377441406,7853500,42.42543029785156,13718400,19.64031219482422,14819100,109.10765838623047,5005365,51.49380874633789,13059200,175.29122924804688,105791300
2015-07-30,27.275001525878906,134513200,51.5769157409668,11139900,40.251319885253906,39777900,142.85000610351562,2018300,32.914794921875,39606000,73.38382720947266,5517400,42.56449890136719,9864800,19.621286392211914,13813500,108.52598571777344,4615376,51.568511962890625,10197200,175.33279418945312,91304400
2015-07-31,27.03651237487793,171540000,49.215843200683594,26232700,40.09675598144531,31201500,142.74000549316406,3074100,32.56512451171875,34922000,73.6557388305664,6216800,42.35953903198242,12369800,19.572338104248047,23785200,108.44290161132812,4840439,51.18756103515625,11911800,175.0667724609375,103266900
2015-08-03,26.399044036865234,279904000,48.50130844116211,15767700,40.191219329833984,24125900,142.3300018310547,2540700,32.9227180480957,31348000,73.51611328125,6172500,42.388832092285156,13085900,19.62672233581543,15395400,107.48725891113281,6798273,51.18756103515625,9980600,174.4761962890625,113965700
2015-08-04,25.55206298828125,496554400,47.9483528137207,18874400,40.817989349365234,33403900,142.67999267578125,2618000,32.75233840942383,26188000,73.35443115234375,6005300,42.32295608520508,12324700,19.645751953125,17620200,107.61192321777344,4587478,51.13527297973633,10964000,174.13522338867188,81820800
2015-08-05,25.721458435058594,397250400,47.9483528137207,16544400,40.85234451293945,26959700,143.5,2615800,33.347171783447266,36448000,73.88362121582031,4571300,42.47397994995117,12032500,20.124855041503906,26147400,108.44290161132812,5314916,51.336952209472656,11302900,174.70907592773438,85786800
2015-08-06,25.777423858642578,211612000,48.519962310791016,13005200,40.02806854248047,27368000,143.35000610351562,2418200,33.19165802001953,40660000,72.81786346435547,6988000,42.385562896728516,12556600,19.9277400970459,19103100,108.15206909179688,3609479,50.97842025756836,10803400,173.27862548828125,116030800
2015-08-07,25.86475372314453,154681600,47.73707962036133,12187600,40.1311149597168,19163000,143.5500030517578,2419000,32.9063720703125,27544000,72.65616607666016,6027900,42.34137725830078,13596200,19.506135940551758,23392500,107.15485382080078,5407728,50.82905197143555,11453300,172.94595336914062,117858000
2015-08-10,26.805126190185547,219806400,48.93003463745117,14876000,40.637691497802734,23079900,143.4199981689453,4278300,32.844459533691406,34458000,73.34707641601562,6133500,42.68764877319336,12397500,19.569103240966797,18060300,109.02461242675781,4899219,51.45646286010742,12661400,175.12493896484375,80270700
2015-08-11,25.41023826599121,388331200,48.5976448059082,14486400,39.8477668762207,29237400,142.8000030517578,3924400,34.189659118652344,109880000,72.77374267578125,6682600,42.149803161621094,15425500,19.692302703857422,20487600,106.82249450683594,5891637,50.9634895324707,14800300,173.5447540283203,126081400
2015-08-12,25.80205535888672,404870000,49.41294860839844,16492400,40.1311149597168,30181400,141.60000610351562,4901200,34.247615814208984,58498000,72.55325317382812,7462400,41.78880310058594,21663200,19.870248794555664,26524200,107.44573211669922,6567598,50.224021911621094,21069000,173.7526397705078,172123700
2015-08-13,25.781911849975586,194143200,49.325138092041016,13154100,40.122528076171875,22627200,141.9499969482422,3045200,34.001949310302734,36354000,72.38420104980469,5048000,41.91405487060547,11868600,19.7415771484375,22957200,107.15485382080078,3425960,50.455570220947266,11930600,173.536376953125,89383300
2015-08-14,25.963268280029297,171718000,49.14327621459961,9129300,40.3543586730957,21473400,142.57000732421875,2911200,34.14360046386719,27598000,72.62673950195312,5177300,42.23822784423828,9742500,19.81549072265625,17737500,108.35979461669922,4337313,50.70953369140625,11248800,174.16851806640625,72786500
2015-08-17,26.23194694519043,163538800,49.400394439697266,9365400,40.62910842895508,21099700,142.32000732421875,2788100,34.378360748291016,24680000,73.40587615966797,6901800,42.252952575683594,11462500,19.686826705932617,22813200,108.8999252319336,4011257,50.84396743774414,10326500,175.14154052734375,79072600
2015-08-18,26.08416748046875,138242800,48.85478210449219,9815300,40.85380935668945,23574100,141.36000061035156,3334100,34.111907958984375,27710000,73.0383529663086,7618800,42.392948150634766,10581500,19.021554946899414,63945000,108.31825256347656,4246023,50.948551177978516,10617500,174.6342010498047,71692700
2015-08-19,25.750560760498047,193146000,47.807437896728516,17010100,40.28339385986328,31485500,140.47000122070312,3478300,34.374900817871094,50194000,72.99427032470703,7642400,42.039302825927734,13744600,18.772430419921875,49000200,106.90558624267578,6082479,50.492916107177734,15198200,173.253662109375,172946000
2015-08-20,25.222164154052734,274006400,46.7663688659668,17811200,39.46233367919922,36238200,138.38999938964844,4050800,33.65375900268555,57798000,72.61207580566406,10620400,41.34674835205078,20857700,18.73410415649414,29580300,104.66191101074219,7229265,49.25299835205078,20972300,169.63587951660156,194327900
2015-08-21,23.67951011657715,513102000,45.23613739013672,25488800,37.2238883972168,70053100,134.22000122070312,9122400,31.897968292236328,91880000,70.77526092529297,16141500,39.762725830078125,31954400,18.216676712036133,47239500,102.16901397705078,13584299,47.50517654418945,28235500,164.52943420410156,346588500
2015-08-24,23.088417053222656,648825200,43.097564697265625,35531200,36.02257537841797,88753700,129.57000732421875,13820800,30.61418342590332,129788000,68.74592590332031,25636300,37.75873947143555,40198100,17.507610321044922,66718800,99.1774673461914,19037599,45.00293731689453,36339100,157.60162353515625,507244300
2015-08-25,23.227230072021484,414406400,43.09129333496094,30409700,34.976810455322266,70616600,127.73999786376953,8233100,30.334840774536133,71430000,67.19800567626953,15671100,36.85254669189453,31041800,17.2749080657959,44403000,96.68453216552734,12682065,44.74897766113281,31772500,155.74697875976562,369833100
2015-08-26,24.559425354003906,387098400,45.46818923950195,34436000,36.91276168823242,63408000,132.61000061035156,7709300,32.67605972290039,87740000,70.4419937133789,14738300,38.53233337402344,30235800,17.748533248901367,41784900,99.75917053222656,16477190,46.989776611328125,33576800,161.72666931152344,339257000
2015-08-27,25.282615661621094,338464400,46.94197463989258,24571000,37.94124221801758,50943200,136.22999572753906,5923000,33.083194732666016,58974000,71.26411437988281,11131200,39.80693054199219,26452500,18.090740203857422,41738400,103.91405487060547,13540959,48.1624755859375,29045700,165.7270050048828,274143900
2015-08-28,25.365461349487305,212657600,47.07997131347656,18997300,37.96717834472656,28246700,135.74000549316406,3897800,32.67359161376953,38836000,70.48643493652344,9200300,39.44590759277344,18342200,17.77864646911621,42909000,104.53728485107422,6873851,47.90103530883789,16687300,165.73533630371094,160414400
2015-08-31,25.246793746948242,224917200,47.18656539916992,19570100,37.61281204223633,34441700,134.0399932861328,5575500,32.0856819152832,38936000,69.60506439208984,9083500,39.291202545166016,13842200,17.72115135192871,24525600,103.12459564208984,7721916,47.87864303588867,14223400,164.39637756347656,163298800
2015-09-01,24.118349075317383,307383600,45.20478057861328,24092900,36.14357376098633,49688900,130.41000366210938,5957900,31.181291580200195,51458000,68.20527648925781,14593500,37.56719970703125,28031700,17.47202491760254,40181700,99.2190170288086,13634816,45.899253845214844,23637300,159.48951721191406,256000400
2015-09-02,25.152755737304688,247555200,45.9260139465332,16936900,37.47454833984375,37671500,132.22000122070312,4080300,31.941553115844727,37630000,69.13847351074219,11517400,38.30394744873047,20919600,17.641761779785156,28543800,102.08589935302734,10533429,46.73582458496094,17757900,162.5167999267578,160269300
2015-09-03,24.711679458618164,212935600,46.27720260620117,13451900,37.59553909301758,28285200,132.14999389648438,3984400,31.552257537841797,34572000,68.61260986328125,9027200,38.628108978271484,15719000,17.75674057006836,25571400,101.83660125732422,7003701,46.8179931640625,17065400,162.6332244873047,152087800
2015-09-04,24.46538734436035,199985200,45.44309616088867,14902500,36.826332092285156,37138800,129.63999938964844,5828600,31.151573181152344,40478000,67.62757110595703,10996800,37.78822326660156,22303800,17.49118995666504,27697200,99.71760559082031,7434296,45.93661117553711,20189000,160.17144775390625,207081000
2015-09-08,25.14603614807129,219374400,46.095333099365234,13626900,37.93259811401367,32469800,132.89999389648438,5729300,31.89054298400879,39092000,69.5754623413086,11394100,38.99649429321289,19685400,18.17287254333496,53120400,103.70630645751953,9642859,47.176513671875,13385100,164.19674682617188,116025700
2015-09-09,24.66241455078125,340043200,45.15460968017578,17246200,37.2238883972168,33469500,130.58999633789062,4482600,31.867263793945312,40978000,68.30156707763672,7384500,38.45130157470703,16221500,17.827919006347656,28392600,102.00279998779297,7222045,46.444515228271484,13889500,162.00108337402344,149347700
2015-09-10,25.204248428344727,251571200,45.48073196411133,12353900,37.4140510559082,31366600,130.66000366210938,4482400,32.24715042114258,27850000,68.67188262939453,8359500,38.72389602661133,17996200,17.55414581298828,43574400,102.54290771484375,7312166,46.80305480957031,15751100,162.8827362060547,158611100
2015-09-11,25.571443557739258,199662000,45.587345123291016,12172300,37.57823181152344,27132500,131.3699951171875,4181800,32.45615768432617,34892000,68.82738494873047,7381300,38.76810836791992,12549400,17.699249267578125,24187200,103.66476440429688,6656947,46.72835159301758,12766700,163.6229248046875,119691200
2015-09-14,25.817729949951172,233453600,45.4619026184082,10738500,37.19796371459961,23656000,130.89999389648438,4270000,32.31599044799805,29942000,69.11625671386719,7948700,38.87861633300781,16225600,17.59795379638672,20870100,102.91688537597656,5474792,46.593902587890625,10202800,163.01580810546875,79452000
2015-09-15,26.034914016723633,173364800,45.6939582824707,11979800,38.01036834716797,28882200,132.25999450683594,3189600,32.9400520324707,35546000,69.91614532470703,7030700,39.394344329833984,14305500,17.60890007019043,20582400,105.11896514892578,9668295,47.49022674560547,14023500,165.05337524414062,113806200
2015-09-16,26.064022064208984,148694000,46.5970458984375,15214200,38.286956787109375,23372200,132.5800018310547,3041500,32.96234130859375,26252000,70.07168579101562,5630400,39.57853698730469,15218500,17.710201263427734,16876200,107.73657989501953,12841086,47.90850830078125,12235900,166.48385620117188,99581600
2015-09-17,25.506515502929688,256450400,46.6973762512207,15603000,38.243736267089844,32768200,131.47000122070312,4414500,33.266944885253906,47752000,70.24201202392578,8258000,38.46603012084961,25025800,17.649978637695312,21399300,106.26935577392578,10191912,46.79557800292969,21249200,166.10963439941406,276046600
2015-09-18,25.401281356811523,297141200,45.581058502197266,23180200,37.57823181152344,63143700,129.10000610351562,14622800,32.73450469970703,72544000,69.16809844970703,14211100,37.604034423828125,39561600,17.340608596801758,38655600,103.96367645263672,16248371,45.51832962036133,31008000,163.39512634277344,223657500
2015-09-21,25.79534912109375,200888000,46.02634811401367,10853000,38.12273406982422,26177200,130.97999572753906,4804900,33.03465270996094,39094000,68.97550964355469,7053700,37.97977828979492,16673300,17.444644927978516,21358800,105.17940521240234,6180342,45.899253845214844,13136400,164.23951721191406,105726200
2015-09-22,25.39008331298828,201384800,45.61869812011719,14245200,37.94124221801758,28085900,129.3000030517578,4230800,32.35214614868164,54362000,69.0570068359375,10618700,37.34615707397461,21761300,17.40904998779297,26402400,105.26321411132812,9223908,45.49591064453125,14811900,162.1077117919922,153890900
2015-09-23,25.5960693359375,143026800,45.34275817871094,13784800,37.915306091308594,17145200,129.16000366210938,2947800,32.356605529785156,29160000,68.87185668945312,5609300,37.412479400634766,12521200,17.444644927978516,17629800,105.38897705078125,8594791,45.294246673583984,11712200,161.84852600097656,92790600
2015-09-24,25.74832534790039,200878000,45.61243438720703,14584200,37.94989013671875,27905600,128.8300018310547,3705600,32.43683624267578,38692000,68.49412536621094,7407600,37.243011474609375,17064300,17.474754333496094,20868600,104.42481994628906,11109065,44.98052978515625,17293400,161.2633514404297,159378800
2015-09-25,25.68338966369629,224607600,45.9260139465332,15175300,37.97580337524414,29384600,129.63999938964844,3487200,31.70579719543457,48480000,67.39796447753906,10794400,37.92818832397461,18394800,17.46107292175293,21489000,104.46675109863281,8127409,45.91419219970703,18384300,161.2215576171875,155054800
2015-09-28,25.175142288208008,208436000,45.5308952331543,14571900,37.4140510559082,27613800,128.6199951171875,4412400,30.918291091918945,47646000,67.67202758789062,14332800,37.11040115356445,17647900,17.42822265625,28183200,101.90956115722656,8897623,44.80127716064453,17452200,157.17532348632812,178515900
2015-09-29,24.41836929321289,293461600,45.762939453125,13754400,37.54367446899414,32763600,128.80999755859375,4071500,30.837064743041992,42130000,68.90887451171875,11520000,37.49351501464844,20816400,17.46107292175293,22920300,102.99949645996094,8677797,44.69670486450195,19334900,157.2672882080078,159045600
2015-09-30,24.695999145507812,265892000,46.62839889526367,18176500,38.25238037109375,34958900,130.39999389648438,4726900,31.617639541625977,52954000,69.13847351074219,10970100,37.83242416381836,20514800,17.75126838684082,23937600,105.724365234375,9130698,45.540733337402344,18743800,160.2015838623047,163452000
2015-10-01,24.534799575805664,255716400,46.44654083251953,14397800,38.55486297607422,28657900,129.8800048828125,3962200,31.797420501708984,42506000,69.00516510009766,9675900,37.898719787597656,15556600,17.595216751098633,23511600,105.59860229492188,8288809,45.87684631347656,16863200,160.61962890625,131079000
2015-10-02,24.713909149169922,232079200,47.587947845458984,18811300,39.38456344604492,41839000,129.8300018310547,5183800,32.539859771728516,48788000,69.56806945800781,8368100,37.76610565185547,21630300,17.789592742919922,21252000,106.77239227294922,8904905,45.74895095825195,20435100,163.0189208984375,211003300
2015-10-05,24.80347442626953,208258800,48.17119216918945,18486700,40.300682067871094,34369300,132.3800048828125,3885400,33.26743698120117,37960000,70.18277740478516,9419200,38.613380432128906,15240700,18.03325080871582,18900900,112.43170166015625,21997846,46.659271240234375,13471100,165.91986083984375,126320800
2015-10-06,24.92213249206543,192787200,48.848514556884766,18757900,40.404396057128906,27017200,131.19000244140625,4804800,33.26545715332031,42774000,69.1903076171875,8365200,38.33340835571289,14490700,17.98123550415039,22232700,114.40196228027344,15004766,46.681827545166016,12134800,165.35134887695312,110274500
2015-10-07,24.80347442626953,187062400,49.67005920410156,18666300,40.44758987426758,27711500,132.67999267578125,3423400,33.184226989746094,44354000,70.34569549560547,9397300,38.45130157470703,13863500,18.16739845275879,21408000,116.41415405273438,13703048,46.74201965332031,12773100,166.70562744140625,124307300
2015-10-08,24.51688575744629,247918400,50.190589904785156,14344700,41.009368896484375,33772700,133.75,2734300,33.035648345947266,39308000,70.4197769165039,7090700,38.70915985107422,15384100,18.309757232666016,17923500,117.50411224365234,10665700,46.74201965332031,13964600,168.21046447753906,153055200
2015-10-09,25.103498458862305,211064400,49.70771026611328,17384700,40.715538024902344,28600600,133.02999877929688,3202100,33.24564743041992,32124000,70.63455200195312,8259700,38.41446304321289,16983100,18.257740020751953,20262000,117.67180633544922,9875476,46.5915641784668,12112000,168.31080627441406,107069200
2015-10-12,24.987077713012695,121868800,49.73279571533203,9931800,40.62046432495117,19769100,133.39999389648438,1973600,33.50270080566406,26684000,71.09375,8957900,38.443931579589844,10639000,18.323444366455078,16931700,117.75566101074219,5266548,46.43356704711914,10857400,168.4696502685547,56395600
2015-10-13,25.029611587524414,132197200,49.64499282836914,12326600,40.525390625,19987800,132.19000244140625,2802400,33.836524963378906,42446000,70.69379425048828,12761900,38.20817565917969,16002200,18.268686294555664,26575200,116.83341217041016,9014870,46.3056755065918,15621900,167.4079132080078,88038700
2015-10-14,24.675851821899414,177849600,50.27214431762695,14486000,40.343894958496094,24697800,131.17999267578125,3125100,33.6998291015625,31292000,70.01243591308594,8881900,37.942935943603516,26269100,16.434429168701172,242694300,115.70152282714844,8160336,45.132041931152344,28989400,166.60533142089844,99106200
2015-10-15,25.0452823638916,150694000,51.0999755859375,13640900,40.62910842895508,27189400,133.8000030517578,3273300,34.32438278198242,47156000,71.95288848876953,9561900,38.819664001464844,18262400,16.2427921295166,138760500,117.50411224365234,16062516,46.561466217041016,18147900,169.16354370117188,134142200
2015-10-16,24.861690521240234,156930400,51.72710418701172,14304400,41.06122970581055,26450300,133.80999755859375,3061800,34.43829345703125,36316000,72.76016998291016,9495300,38.95967483520508,15676300,16.122331619262695,78585300,121.48660278320312,29634440,46.967716217041016,17456600,169.9326171875,114580100
2015-10-19,25.01618003845215,119036800,50.79266357421875,14155800,41.15629577636719,29387600,133.6199951171875,2158800,34.66762161254883,30172000,72.53800964355469,8725400,38.72389602661133,15515700,16.111377716064453,53417400,121.52851867675781,27342329,46.80974197387695,14510400,170.01620483398438,76523900
2015-10-20,25.472932815551758,195871200,50.69233322143555,12340100,41.28593826293945,30802200,134.16000366210938,2118000,33.67951965332031,52434000,72.27875518798828,6041800,39.10700988769531,13583300,16.084001541137695,31271100,120.64820098876953,15681999,47.03543472290039,11545100,169.798828125,78448500
2015-10-21,25.470701217651367,167180800,50.30348205566406,10274900,40.7933235168457,25144300,133.22000122070312,2396800,33.27337646484375,31952000,72.30842590332031,7059800,39.136478424072266,17666700,16.053890228271484,39352800,120.94164276123047,13647356,46.68935775756836,12113400,168.74549865722656,102038000
2015-10-22,25.860275268554688,166616400,51.98423767089844,14823500,41.51064682006836,56637100,137.2899932861328,4898300,33.73598098754883,88632000,73.71561431884766,9887900,39.82902145385742,18263200,16.125076293945312,43765500,124.00189971923828,17001036,47.53948211669922,15295700,171.59625244140625,174911700
2015-10-23,26.66183090209961,237467600,52.04069137573242,13215700,45.69369125366211,135227100,137.77999877929688,3172900,35.62748336791992,126726000,74.29328155517578,9178900,40.33739471435547,16924800,15.960806846618652,39121800,123.7083969116211,16039271,48.05107879638672,16985200,173.4772186279297,144442300
2015-10-26,25.811025619506836,265335200,50.93691635131836,12576400,46.886390686035156,64633300,137.0,2173300,36.21141815185547,48776000,74.01927185058594,7561600,39.99848175048828,12661400,15.884153366088867,32519400,123.87613677978516,10173821,48.07364273071289,13880200,173.0508575439453,69033000
2015-10-27,25.647567749023438,279537600,50.85539245605469,13579400,46.40238571166992,50999900,135.6300048828125,2278300,36.295623779296875,38778000,74.20442199707031,8883200,39.873226165771484,12443900,15.736312866210938,31534200,123.4988021850586,14106851,47.87803649902344,8831900,172.71649169921875,77905800
2015-10-28,26.704376220703125,342205600,51.601688385009766,12473000,46.65301513671875,47000800,138.16000366210938,3244800,36.49869155883789,39604000,74.41924285888672,7256300,40.85310745239258,16681600,15.780120849609375,35504100,123.20533752441406,14831180,49.27737045288086,17962000,174.68109130859375,135906700
2015-10-29,26.986486434936523,204909200,51.57032775878906,10341200,46.11717987060547,30202100,137.88999938964844,2089100,36.89145278930664,36520000,75.07837677001953,6340700,40.5878791809082,11334900,15.867729187011719,38566500,122.99576568603516,8841827,49.05917739868164,12753700,174.58071899414062,90525500
2015-10-30,26.755868911743164,197461200,51.890167236328125,18758600,45.49491882324219,46619800,136.02000427246094,4228200,36.52196502685547,39984000,74.82657623291016,10520300,39.887962341308594,18450500,15.670612335205078,47416500,121.23509979248047,14819474,48.33695602416992,15731400,173.8282928466797,131076900
2015-11-02,27.132017135620117,128813200,53.483123779296875,21266500,46.01347351074219,30285000,138.39999389648438,3259300,37.03459167480469,39914000,75.67088317871094,6297900,40.411067962646484,10992300,15.771907806396484,32157600,123.24728393554688,12416375,49.30745315551758,15253300,175.88490295410156,86270800
2015-11-03,27.4432373046875,182076000,54.46773910522461,20115900,46.79996109008789,36596900,137.94000244140625,2617800,37.08808135986328,36306000,75.51535034179688,6229200,40.47000503540039,10709100,15.908796310424805,30761700,124.04378509521484,19996067,49.48801803588867,11519500,176.39480590820312,95246100
2015-11-04,27.315616607666016,179544400,53.92213439941406,14245400,47.016014099121094,37087800,137.42999267578125,2606300,37.40952682495117,41840000,75.50054931640625,5592300,40.488555908203125,12823600,15.979973793029785,30169500,123.83416748046875,21937459,49.540672302246094,11388400,175.85986328125,96224500
2015-11-05,27.189697265625,158210800,53.18836975097656,12291100,46.998741149902344,31468500,136.57000732421875,2461500,37.67499923706055,45486000,75.78939056396484,6545600,40.696258544921875,12263900,16.04568099975586,26581500,124.25338745117188,25580616,49.984554290771484,12715900,175.6842803955078,78408700
2015-11-06,27.221172332763672,132169200,52.97514343261719,12491700,47.4654426574707,32851200,136.3300018310547,3732200,37.72106170654297,33544000,75.48572540283203,6221100,41.43067169189453,22376800,16.092214584350586,29931900,125.42720031738281,26314334,51.50425720214844,23262700,175.5923309326172,110471500
2015-11-09,27.110994338989258,135485600,51.84276580810547,13551200,46.80858612060547,32513100,134.0,4884600,37.38277816772461,35538000,74.6858139038086,6625900,41.14877700805664,17609700,16.0128231048584,25321200,124.71450805664062,30352447,50.69926071166992,17143800,173.9537353515625,131008700
2015-11-10,26.256542205810547,236511600,52.095802307128906,14238000,46.2468147277832,55283700,134.72999572753906,2932500,37.555633544921875,29798000,75.13761901855469,5114200,41.47517013549805,13475900,16.064838409423828,22844700,126.26560974121094,49967267,50.917423248291016,13239700,174.35496520996094,75874600
2015-11-11,26.108131408691406,180872000,51.63401412963867,9598000,46.367820739746094,36516300,134.9600067138672,2056700,37.9018440246582,41866000,75.4412841796875,6284700,41.39358139038086,10808500,15.76369571685791,26069700,128.5712127685547,41231379,50.669158935546875,8513900,173.6695556640625,67846000
2015-11-12,26.02043914794922,130102400,50.235931396484375,16050600,46.082618713378906,35361100,132.77999877929688,3789800,37.46994400024414,35452000,74.263671875,6918700,40.926239013671875,17552200,15.591217041015625,28654500,126.43321990966797,61094507,49.65352249145508,13576900,171.24514770507812,121315200
2015-11-13,25.260419845581055,183249600,49.407196044921875,17527300,45.66776657104492,36848200,131.9600067138672,3589400,36.65471267700195,48188000,73.97483825683594,8517500,40.48114776611328,16550200,15.446122169494629,37544700,126.936279296875,51571608,49.322486877441406,11837000,169.32229614257812,153577100
2015-11-16,25.674158096313477,152426800,51.17850112915039,14548100,46.471527099609375,32165200,133.3000030517578,2965600,37.16732406616211,50704000,74.96726989746094,5755800,41.00041198730469,11955400,15.843087196350098,39964800,127.27166748046875,59427840,50.0372200012207,11041100,171.89715576171875,117645200
2015-11-17,25.563983917236328,110467600,50.583858489990234,10011700,46.08869552612305,31551300,133.08999633789062,2882800,36.94741439819336,38864000,75.17464447021484,5124000,40.770442962646484,11331900,16.404308319091797,74037900,127.10401153564453,90002762,49.751319885253906,12354800,171.77175903320312,121123700
2015-11-18,26.373456954956055,186698800,51.077308654785156,10884600,46.8543815612793,29710000,136.22000122070312,3773000,37.642303466796875,36266000,76.04120635986328,7148400,41.29714584350586,16612600,16.680824279785156,44633100,127.94242095947266,37094987,50.7443962097168,12911400,174.49713134765625,121342500
2015-11-19,26.708499908447266,173183200,50.798946380615234,9453300,46.93267059326172,28149200,136.6300048828125,2755700,37.63883972167969,28078000,75.90788269042969,5164500,41.51967239379883,12167600,16.617862701416016,34698300,126.89440155029297,20642961,50.90239334106445,12839500,174.3466796875,88220500
2015-11-20,26.825428009033203,137148400,50.4763069152832,10144400,47.15019226074219,37147600,136.6300048828125,2921300,38.483795166015625,55478000,76.45999145507812,7671500,41.408416748046875,16264100,16.445384979248047,37113300,128.529296875,43977100,50.81210708618164,11209600,174.98202514648438,94011500
2015-11-23,26.476900100708008,129930000,50.786293029785156,11868400,47.15019226074219,28235900,135.99000549316406,2469500,38.46894454956055,34648000,76.67634582519531,6730600,41.24520492553711,9638100,16.497390747070312,31731000,128.23582458496094,28251073,50.315582275390625,11339000,174.78138732910156,64931200
2015-11-24,26.73098373413086,171212800,51.79848098754883,15055500,47.20241928100586,24600000,135.5399932861328,2759500,38.1187744140625,47880000,76.1317367553711,7492400,41.007835388183594,14156500,16.404308319091797,37361700,128.529296875,30438937,50.240352630615234,10910000,175.0154266357422,98874400
2015-11-25,26.53985023498535,85553200,51.39992904663086,8980400,46.715152740478516,21005100,135.1300048828125,2137400,38.10044479370117,23612000,76.07202911376953,5400800,40.96331787109375,10034400,16.491928100585938,23460600,127.27166748046875,11301076,50.300537109375,7772000,174.99038696289062,51980100
2015-11-27,26.490386962890625,52185600,51.387271881103516,4156600,46.92399215698242,9009100,134.6300048828125,1243000,38.23466873168945,14434000,76.37792205810547,2353800,41.08942413330078,4914000,16.396102905273438,16022700,127.27166748046875,6915875,50.53373718261719,4052500,175.1909637451172,37317800
2015-11-30,26.600570678710938,156721200,51.659324645996094,17729200,47.289424896240234,56241400,134.08999633789062,5087800,37.78297424316406,33586000,75.53484344482422,8983700,40.874305725097656,15998900,16.108640670776367,44827800,125.51102447509766,16633832,50.16510772705078,15147500,174.46371459960938,112822700
2015-12-01,26.38471221923828,139409600,51.8048095703125,13917000,48.04639434814453,39952800,136.42999267578125,3796900,38.820098876953125,40398000,76.3704833984375,7545700,41.326805114746094,15543400,16.149717330932617,36612300,126.47517395019531,11318854,50.86477279663086,12708800,176.1273193359375,97858400
2015-12-02,26.1463565826416,133546400,50.32448196411133,16300000,48.03769302368164,47274900,135.27000427246094,3710800,38.52590560913086,46876000,76.13917541503906,6623500,40.85946273803711,12779900,16.108306884765625,40760700,125.63672637939453,9206923,50.15006637573242,13440900,174.32994079589844,108441300
2015-12-03,25.90351104736328,166278000,49.60332107543945,14870300,47.15890884399414,38627800,132.66000366210938,4378300,38.047950744628906,41950000,75.19910430908203,12008700,40.20667266845703,15410100,16.298784255981445,47532300,125.88829040527344,13139431,49.50305938720703,14626900,171.8887939453125,166224200
2015-12-04,26.764713287353516,231108000,49.88798522949219,20156400,48.646766662597656,43963700,136.47999572753906,5520200,38.593257904052734,49800000,76.81069946289062,7845400,41.29714584350586,19647700,16.469942092895508,31305900,127.81668090820312,12144801,51.07542037963867,17786000,175.2411651611328,192913900
2015-12-07,26.596080780029297,128336800,48.584808349609375,17676100,48.55976486206055,30709800,135.60000610351562,2794900,38.285186767578125,36626000,77.08672332763672,7262900,41.111690521240234,17991600,16.70184326171875,34787700,127.31359100341797,13913859,50.40584945678711,11686000,174.1794891357422,102027100
2015-12-08,26.5848331451416,137238000,47.212032318115234,24217600,48.542354583740234,32878000,133.36000061035156,4055600,38.39167404174805,31082000,76.41522216796875,8005400,40.35502243041992,19949500,16.456140518188477,31132800,126.55901336669922,11114491,49.623416900634766,13084500,173.00906372070312,103372400
2015-12-09,25.997955322265625,185445600,47.84463119506836,22036300,47.83757400512695,36373200,131.7100067138672,4062900,37.76810836791992,46550000,76.21378326416016,7947000,40.14731979370117,18499600,16.323627471923828,26945100,127.73279571533203,10550039,49.24727249145508,16770200,171.66310119628906,162401500
2015-12-10,26.121625900268555,116850800,47.88258361816406,20142400,48.089908599853516,31775800,131.7100067138672,3463800,37.64379119873047,32458000,76.57937622070312,6479300,40.310516357421875,14075300,16.442338943481445,34078200,128.48736572265625,9824333,49.36011505126953,12839000,172.10614013671875,116128900
2015-12-11,25.449304580688477,187544800,47.028564453125,20473100,47.03710174560547,39549500,130.30999755859375,5483100,37.16732406616211,43184000,75.86312866210938,7796500,39.54643249511719,17815700,16.387121200561523,29235000,126.85247039794922,13126452,48.201541900634766,17889300,168.77056884765625,211173300
2015-12-14,25.291902542114258,257274800,48.09766387939453,21976500,47.9767951965332,46768900,132.02000427246094,4418700,37.767616271972656,53864000,76.21378326416016,10641500,39.464839935302734,22055100,16.671472549438477,43574700,126.85247039794922,13575410,48.35200500488281,17638200,169.6232452392578,182385200
2015-12-15,24.844436645507812,213292400,50.248565673828125,24366800,48.02899932861328,39843000,134.8800048828125,4703300,37.64627456665039,49386000,77.69108581542969,9283200,40.73334884643555,19056700,16.464426040649414,43846200,127.10401153564453,12383177,49.72874450683594,18126600,171.4039764404297,154069600
2015-12-16,25.035564422607422,224954000,50.071441650390625,17233900,48.83819580078125,37503300,135.8800048828125,4930300,38.46348190307617,53120000,78.52667999267578,8178800,41.43067169189453,21086800,16.646625518798828,29881500,129.8707733154297,15405835,50.804569244384766,21720000,173.9119110107422,197017000
2015-12-17,24.504905700683594,179091200,49.318641662597656,17362900,48.46404266357422,41280900,133.97000122070312,3595900,38.12868118286133,36510000,77.32546997070312,8740800,41.14877700805664,18800500,16.282217025756836,38928300,129.02610778808594,12107430,49.86417770385742,18122100,171.26177978515625,173092500
2015-12-18,23.841575622558594,385813200,48.888458251953125,28836000,47.0980110168457,84684200,129.52999877929688,8791500,37.485801696777344,67794000,76.06456756591797,14966000,39.90251541137695,31468600,16.246328353881836,48770100,127.8857192993164,17349168,48.44980239868164,23819600,168.21083068847656,251393500
2015-12-21,24.133888244628906,190362400,48.87580108642578,14460500,47.707069396972656,37246300,131.19000244140625,4308400,37.68144226074219,34848000,75.78852081298828,8321900,40.07313919067383,12993400,16.439577102661133,28936500,128.39256286621094,8496553,49.30745315551758,18869300,169.59841918945312,99094300
2015-12-22,24.11140251159668,131157600,49.12250900268555,13855800,48.15951919555664,28322200,133.13999938964844,3714500,37.99494934082031,36338000,76.63162231445312,5581600,40.310516357421875,10318100,16.7128849029541,27798900,128.77268981933594,8817309,49.41278839111328,12149500,171.13735961914062,111026200
2015-12-23,24.421709060668945,130629600,50.72935104370117,15184200,48.56845474243164,27279800,134.14999389648438,3483200,38.06329345703125,30594000,77.21356964111328,5531700,40.82978439331055,13033600,16.864713668823242,22559400,130.71543884277344,7464970,50.202720642089844,12524500,173.256591796875,110987200
2015-12-24,24.29129409790039,54281600,50.18531036376953,5848300,48.43794631958008,9558500,133.88999938964844,1367500,37.931060791015625,10412000,77.38519287109375,2546300,40.66659927368164,4999400,16.792940139770508,7448400,130.2086639404297,2820882,50.10491180419922,4468200,172.970703125,48539600
2015-12-28,24.019214630126953,106816800,49.81206130981445,9715800,48.68156051635742,22458300,133.1199951171875,2382900,38.74333190917969,31156000,77.01211547851562,4063000,40.5627326965332,8288800,16.770851135253906,16265100,130.50428771972656,5541585,49.939414978027344,6610600,172.575439453125,65899900
2015-12-29,24.45093536376953,123724800,50.0777702331543,8839000,49.20362854003906,27731400,134.13999938964844,3135400,39.32381057739258,38430000,77.61643981933594,4230000,41.015262603759766,7894900,17.008262634277344,23650800,132.1092529296875,6969397,50.45850372314453,9820800,174.41709899902344,92640700
2015-12-30,24.13163948059082,100855200,49.413536071777344,9314600,48.99480056762695,21704500,133.25999450683594,2684300,39.14252853393555,28566000,77.429931640625,3847800,40.71852493286133,8016900,17.0275936126709,17150100,131.1377716064453,6077847,50.09739685058594,7190700,173.180908203125,63317700
2015-12-31,23.668437957763672,163649200,49.31229782104492,10285500,48.27262878417969,27334100,132.0399932861328,3405600,38.5338249206543,32752000,76.63906860351562,4592600,40.325355529785156,10929800,16.922683715820312,19725300,131.56011962890625,10914634,49.67609405517578,14654300,171.448486328125,114877900
2016-01-04,23.688678741455078,270597600,49.00232696533203,20400100,47.680965423583984,53778000,130.75,6869100,37.614078521728516,67382000,74.96782684326172,12722800,39.249717712402344,25985400,16.966861724853516,35967600,129.7018280029297,13120985,48.18406295776367,25393200,169.05177307128906,222353500
2016-01-05,23.09504508972168,223164000,49.41984939575195,11993500,47.89847946166992,34079700,131.25,4084600,37.71759796142578,45216000,75.28116607666016,6467200,39.23487854003906,14759600,17.369915008544922,39978000,129.8285675048828,11513181,48.267372131347656,16566700,169.3377227783203,110845800
2016-01-06,22.643081665039062,273829600,49.008663177490234,18826900,47.02838897705078,39518900,131.3300018310547,5219400,37.60863494873047,48206000,74.90066528320312,7733800,38.485633850097656,20026400,17.54383087158203,49693800,127.75900268554688,13073243,47.570594787597656,22961500,167.20162963867188,152112600
2016-01-07,21.68744468688965,324377600,48.22419738769531,21263800,45.39262390136719,56564900,129.47999572753906,7382000,36.700767517089844,63132000,74.0277328491211,9433100,37.38774490356445,30425600,17.952404022216797,79290000,122.35303497314453,19252709,45.64686584472656,27630900,163.1902313232422,213436100
2016-01-08,21.802127838134766,283192000,47.24996566772461,19033600,45.531837463378906,48754000,128.3300018310547,6101600,36.20102310180664,47506000,73.23684692382812,9766700,36.764625549316406,22981400,17.541067123413086,53303700,120.15687561035156,15544512,44.624412536621094,22373300,161.39892578125,209817200
2016-01-11,22.155149459838867,198957600,46.61736297607422,21353000,45.505733489990234,36943800,128.36000061035156,4353500,36.30799865722656,50896000,72.79667663574219,8151400,37.15777587890625,19046400,17.728792190551758,37961400,120.70592498779297,12192835,44.55625534057617,20925500,161.55873107910156,187941300
2016-01-12,22.476694107055664,196616800,47.57260513305664,21864100,45.92338180541992,36095500,128.8000030517578,4723400,36.91572189331055,46816000,73.2965316772461,6745000,38.09989929199219,28961500,17.563159942626953,36587700,120.95928955078125,9949593,44.654720306396484,22971600,162.8622283935547,172330500
2016-01-13,21.898807525634766,249758400,47.85728073120117,26052700,44.931480407714844,66883600,126.25,6042400,35.639366149902344,51728000,72.38632202148438,8290700,36.890724182128906,22013500,17.093849182128906,41177100,119.26994323730469,11626172,43.427772521972656,28808100,158.8003387451172,221168900
2016-01-14,22.37775421142578,252680400,50.05247497558594,33806700,46.21051025390625,52381900,128.07000732421875,6125300,36.224788665771484,55558000,73.78152465820312,10164300,37.565792083740234,24569800,17.4085636138916,38804700,122.733154296875,13612468,44.079105377197266,31296300,161.40737915039062,240795600
2016-01-15,21.84034538269043,319335600,49.078216552734375,28342100,44.36591339111328,71820700,126.13999938964844,8145100,35.18964767456055,76676000,72.37139892578125,12662200,36.215667724609375,41090400,17.09661293029785,45523200,120.3258056640625,14486324,43.2005615234375,38131700,157.9425048828125,324846400
2016-01-19,21.73466682434082,212350800,48.331748962402344,22684500,43.99178695678711,43564500,127.76000213623047,5831700,35.6151008605957,48724000,72.74446105957031,12457800,35.76316452026367,29918500,17.270523071289062,39153900,120.3258056640625,10847674,43.17783737182617,22818900,158.15280151367188,195244400
2016-01-20,21.763898849487305,289337600,46.29472351074219,33300800,44.191890716552734,63273000,124.83000183105469,8024200,35.58934020996094,82440000,71.43877410888672,12685200,35.51094055175781,40241100,16.795698165893555,52107300,118.25627899169922,18375368,42.041778564453125,34646100,156.12606811523438,286547800
2016-01-21,21.653715133666992,208646000,46.876747131347656,22265600,43.922176361083984,40191200,125.62000274658203,3806100,35.99102020263672,51938000,71.58053588867188,11266400,35.61479187011719,24272900,17.082805633544922,36267600,120.7481460571289,11692923,41.8448600769043,31301100,157.00067138671875,195772900
2016-01-22,22.80497932434082,263202000,48.439292907714844,22530300,45.49704360961914,37555800,127.04000091552734,3765700,36.921669006347656,47146000,72.18484497070312,8380000,36.36404037475586,18298700,17.306421279907227,27592500,119.26994323730469,18335013,43.132389068603516,22732200,160.2215576171875,168319600
2016-01-25,22.359769821166992,207178000,46.80082702636719,17086600,45.06200408935547,34707700,124.12999725341797,5251500,36.33524703979492,45340000,71.92375946044922,9350200,35.35516357421875,23440800,17.51622200012207,38470200,118.42523956298828,9358244,42.1553955078125,21114400,157.79959106445312,130371700
2016-01-26,22.48343849182129,300308000,48.52153778076172,18724700,45.39262390136719,28900800,125.88999938964844,3694900,36.34366226196289,30940000,75.49007415771484,17266600,35.80023956298828,18895100,17.668054580688477,28323600,119.56560516357422,8854138,43.2308464050293,17535700,159.9524383544922,141036800
2016-01-27,21.006122589111328,533478800,47.62955856323242,18106100,44.56604766845703,36775200,125.19000244140625,3942600,35.54080581665039,42428000,76.22127532958984,19330500,36.03022003173828,20441500,17.654254913330078,30642900,118.25627899169922,9622744,43.2005615234375,20560000,158.21170043945312,185681700
2016-01-28,21.156780242919922,222715200,48.70499038696289,16157700,45.29691696166992,62513800,126.01000213623047,3513300,37.06233215332031,62104000,76.30333709716797,12789500,36.28985595703125,21306600,17.728792190551758,33834900,119.14321899414062,8361069,43.38231658935547,15497900,159.0358123779297,143798800
2016-01-29,21.8875732421875,257666000,49.24903106689453,25161900,47.93328094482422,83611700,129.77000427246094,6523800,37.708675384521484,75808000,77.9223403930664,15614600,37.261634826660156,25358300,18.319570541381836,49317300,122.9020767211914,10761998,45.06367874145508,26992200,162.9126739501953,210529300
2016-02-01,21.682950973510742,163774000,48.26216125488281,16754200,47.6026496887207,44208500,128.66000366210938,4443300,38.175235748291016,111522000,77.87013244628906,9803700,37.0465087890625,17385400,18.634281158447266,44185200,120.95928955078125,9065575,44.578983306884766,16807900,162.85382080078125,136061600
2016-02-02,21.244483947753906,149428800,47.18672180175781,21404200,46.114810943603516,56313800,125.69999694824219,4336700,38.67746353149414,135846000,77.15388488769531,10616300,36.223087310791016,25593200,18.457597732543945,40757700,119.26994323730469,8361466,43.1929817199707,22448200,159.91883850097656,182564900
2016-02-03,21.66495704650879,183857200,49.647586822509766,25873700,45.38393020629883,57559800,126.23999786376953,6607500,37.115814208984375,131114000,77.69852447509766,10168600,35.58392333984375,47149700,18.294719696044922,36946800,121.08609008789062,9235718,43.48078536987305,31543200,160.87754821777344,205054900
2016-02-04,21.839040756225586,185886800,50.501617431640625,23658700,45.24471664428711,46987100,127.44000244140625,4596300,36.157440185546875,104922000,77.51945495605469,10389000,36.06984329223633,30851700,18.33612632751465,38500200,123.239990234375,11267398,44.23057556152344,21651300,161.1298370361328,139531800
2016-02-05,21.25576400756836,185672400,50.659759521484375,26719900,43.64373016357422,62009000,126.55999755859375,4732600,34.856319427490234,109556000,75.0125732421875,15522200,35.778297424316406,23733700,18.49624252319336,42589500,120.53694915771484,10847236,43.73828887939453,22001300,158.0602569580078,180788300
2016-02-08,21.479581832885742,216085600,51.343013763427734,26601200,42.991172790527344,59290500,126.77999877929688,6197700,34.87612533569336,89410000,76.10188293457031,14323800,34.7616081237793,31172100,18.468645095825195,62230800,118.97429656982422,10035895,42.82188034057617,28267600,155.9326629638672,191526700
2016-02-09,21.475051879882812,177324800,51.119564056396484,18418100,42.87806701660156,46740500,127.72000122070312,5246300,34.72060775756836,84300000,76.0794677734375,10044500,34.724220275878906,29896200,18.167726516723633,43927200,119.43891143798828,7727091,42.56435775756836,26300000,155.94105529785156,184513100
2016-02-10,21.312278747558594,169374400,50.653564453125,16610900,43.252193450927734,38237000,126.58000183105469,4731100,35.00936508178711,60314000,75.90042114257812,9833100,34.514915466308594,19885500,18.162208557128906,29127900,119.52333068847656,6779974,42.049339294433594,22389600,155.80648803710938,148214100
2016-02-11,21.183412551879883,200298800,50.81316375732422,19331600,43.23479461669922,48878600,125.08999633789062,6061300,34.9850959777832,65004000,75.87802124023438,12465800,33.75986862182617,32570900,18.032461166381836,33560100,115.93340301513672,16807731,40.193782806396484,44334700,153.77976989746094,219058900
2016-02-12,21.24897575378418,161405600,51.72600173950195,16767200,43.939571380615234,34243300,128.07000732421875,5167600,35.011348724365234,46538000,75.96759033203125,9035000,35.36712646484375,28533900,18.269874572753906,29086500,119.35441589355469,12028451,43.54137420654297,37011400,156.95021057128906,127632400
2016-02-16,21.848085403442383,196231600,51.8473014831543,15912200,44.772098541259766,37291200,128.55999755859375,5912500,35.54377746582031,43444000,76.34063720703125,10452800,36.06236267089844,20410600,18.192581176757812,34081500,121.88844299316406,9852773,44.192718505859375,23730700,159.59927368164062,120250700
2016-02-17,22.182680130004883,179452800,52.345218658447266,17006700,45.937644958496094,40789000,130.25999450683594,4512100,36.2535285949707,49154000,76.47489929199219,8904000,35.980125427246094,18060500,18.250553131103516,37280100,123.91571807861328,7982327,44.51079559326172,21580100,162.2062530517578,136009500
2016-02-18,21.762168884277344,156084000,52.632469177246094,14873700,45.73605728149414,27176000,130.86000061035156,3866300,35.53733444213867,47276000,77.77313232421875,10744600,35.68110275268555,17162800,17.701181411743164,83683800,122.81758880615234,6479855,43.783729553222656,17037800,161.5419158935547,102343000
2016-02-19,21.712434768676758,141496800,52.664398193359375,13615900,45.41183090209961,33559100,131.0500030517578,4094200,35.765167236328125,34918000,78.27664947509766,9343300,35.950225830078125,18234900,17.85025978088379,46686900,122.56424713134766,7525419,43.79130172729492,15658200,161.4662322998047,114793000
2016-02-22,21.90234375,137123200,52.59416961669922,14595200,46.13919448852539,25008300,131.99000549316406,3720400,36.10889434814453,37516000,78.72002410888672,6947000,36.77254104614258,17572800,18.118038177490234,31761900,124.21135711669922,8036224,44.35932159423828,14882800,163.80413818359375,103640300
2016-02-23,21.40723419189453,127770400,51.85367965698242,11041600,44.850975036621094,28895300,130.74000549316406,3091500,35.52643585205078,41332000,78.21652221679688,6629200,35.95770263671875,15224700,18.35269546508789,34296000,123.408935546875,6500074,42.50377655029297,31772500,161.7353057861328,111455300
2016-02-24,21.72599983215332,145022800,52.03879165649414,13777500,45.00870895385742,33014500,131.02999877929688,3635800,35.705238342285156,37092000,78.87784576416016,9076100,35.59140396118164,18595700,18.52937889099121,30873600,122.31085968017578,9374875,42.518917083740234,25560100,162.47535705566406,150812200
2016-02-25,21.87520408630371,110330800,52.35160446166992,13706400,45.657196044921875,26939500,132.30999755859375,3504200,36.112369537353516,36146000,79.94497680664062,8092500,35.69606018066406,16646200,18.78335952758789,28743900,124.439453125,7487067,43.17783737182617,14473300,164.44325256347656,110728300
2016-02-26,21.90912437438965,115964400,52.185630798339844,14343300,44.95612716674805,35975900,131.9199981689453,3851400,35.9013786315918,42474000,79.49407196044922,9049400,35.93527603149414,20325600,18.360971450805664,32952900,125.16320037841797,6123210,43.57924270629883,20947500,164.0647735595703,129833700
2016-02-29,21.859386444091797,140865200,51.16425323486328,18903600,44.58806228637695,31654000,134.1699981689453,7730100,35.52296829223633,45068000,79.06570434570312,10111100,35.07558059692383,24018100,18.314044952392578,28035600,124.05631256103516,7129232,42.64009475708008,19554100,162.7781219482422,125918100
2016-03-01,22.727523803710938,201628400,51.88560104370117,15730600,46.07784652709961,33024500,136.94000244140625,6068600,36.75871276855469,60112000,80.57626342773438,8298500,36.42120361328125,24758500,18.34716796875,31288500,127.20669555664062,6746609,44.83649444580078,23958100,166.60450744628906,141799700
2016-03-02,22.777259826660156,132678400,52.79206085205078,14094400,46.40206527709961,29289900,136.72999572753906,3777800,36.62548065185547,36292000,80.44097900390625,9767000,37.05661392211914,18667700,18.278156280517578,27496800,128.48377990722656,7765401,45.26060104370117,20943100,167.35299682617188,102415000
2016-03-03,22.946819305419922,147822800,52.60057067871094,13216200,45.87628173828125,24427800,136.83999633789062,3936500,36.23469543457031,40534000,80.14789581298828,6927200,37.20612335205078,14268100,18.258834838867188,35540400,128.6540985107422,5866096,45.412078857421875,15790600,168.0089874267578,95172200
2016-03-04,23.288196563720703,184220400,52.530338287353516,18402700,45.595848083496094,33034200,137.97000122070312,4228600,36.16685104370117,48516000,80.03515625,6715700,37.460296630859375,18685600,18.435514450073242,30031500,129.67587280273438,6893131,45.480255126953125,18459000,168.55560302734375,129293600
2016-03-07,23.030466079711914,143315600,53.915557861328125,18945600,44.71951675415039,38407800,138.72000122070312,4571900,35.304054260253906,61690000,80.21549987792969,6973500,37.430389404296875,14386100,18.741941452026367,38476200,128.9521484375,5476796,45.396934509277344,12832400,168.69015502929688,100219000
2016-03-08,22.840560913085938,126247600,52.74736785888672,14003900,45.26284408569336,33835100,137.8000030517578,4124500,35.3402099609375,52530000,79.82474517822266,7632900,36.66788864135742,18098200,18.78335952758789,30203700,127.97299194335938,6499386,44.51838684082031,14132900,166.848388671875,123974900
2016-03-09,22.860904693603516,108806800,52.60057067871094,14139300,46.30568313598633,28251600,139.1300048828125,3165600,35.92861557006836,39544000,80.2906723022461,7564200,36.47352981567383,17920100,18.78057289123535,23474400,127.9303970336914,5179181,44.77590560913086,13238800,167.67259216308594,94801200
2016-03-10,22.872211456298828,134054400,52.46010971069336,15898300,45.61337661743164,38387800,138.6199951171875,4524300,36.26343536376953,44616000,80.51612091064453,10474700,36.26420593261719,18542700,18.747203826904297,30677400,127.46208190917969,6916710,44.3896369934082,21139200,167.80709838867188,156838700
2016-03-11,23.11863136291504,109632800,52.46650314331055,15370200,46.50723648071289,32275700,140.64999389648438,4306900,36.8924446105957,35380000,80.94447326660156,7763800,37.430389404296875,18318400,18.680456161499023,24872700,129.16497802734375,6710489,44.942527770996094,21055000,170.51499938964844,137964500
2016-03-14,23.177417755126953,100304400,52.60693359375,13344600,46.59487533569336,24083600,139.72000122070312,4244200,37.158409118652344,32824000,80.90692138671875,7242800,37.28834915161133,12803900,18.733291625976562,20137500,128.8669891357422,4624015,44.77590560913086,13436100,170.29637145996094,73612000
2016-03-15,23.64313316345215,160270800,52.86866760253906,9213000,46.96293640136719,21104800,140.39999389648438,2838200,37.17475509643555,29832000,80.98204803466797,8476600,37.363121032714844,12945600,18.936315536499023,22700700,128.9095458984375,6030126,44.83649444580078,10910500,170.0189208984375,93169100
2016-03-16,23.957378387451172,153214000,52.90058135986328,11492100,47.62895584106445,31691700,139.8300018310547,3124200,37.51105499267578,29306000,80.7190170288086,7065100,37.0341796875,16629700,18.908506393432617,24654000,128.44126892089844,6853924,44.624412536621094,17423900,171.0028533935547,129303200
2016-03-17,23.918949127197266,137682800,53.68575668334961,13673900,47.90061950683594,28223900,142.39999389648438,4461000,37.566524505615234,44564000,80.21549987792969,8571100,37.176231384277344,16002800,18.758325576782227,35514300,131.80450439453125,12653958,44.49567413330078,19405700,172.087646484375,134278500
2016-03-18,23.946075439453125,176820800,53.749595642089844,19637000,46.87531280517578,67625500,142.16000366210938,7612100,37.41447830200195,56222000,80.78666687011719,14758300,37.781761169433594,35812100,18.61927604675293,69459300,131.63424682617188,10928447,45.80592346191406,29570200,172.76390075683594,138372400
2016-03-21,23.943824768066406,142010800,53.37934112548828,8385400,47.19953918457031,23925700,142.1300048828125,2441000,37.74879455566406,28774000,80.621337890625,7674700,37.878936767578125,13543200,18.902944564819336,28247400,132.35789489746094,5710727,45.790771484375,12684400,173.0090789794922,72926700
2016-03-22,24.126941680908203,129777600,53.69852828979492,13005100,47.38357925415039,23124100,142.17999267578125,3288100,37.644283294677734,22096000,80.69650268554688,7821700,37.654666900634766,13907000,18.87512969970703,22543500,132.230224609375,5432726,45.6241455078125,12042700,172.91604614257812,97471900
2016-03-23,23.993560791015625,102814000,53.46233367919922,12748900,47.29594421386719,20129000,140.9600067138672,2647100,37.52096176147461,24678000,81.53817749023438,8191300,37.19865036010742,13648100,18.761110305786133,18331800,132.27279663085938,5682933,45.396934509277344,11658700,171.77487182617188,81052500
2016-03-24,23.889556884765625,104532000,53.609153747558594,9368300,47.506263732910156,19950000,140.11000061035156,3777900,37.38624572753906,31116000,81.3953857421875,6284500,36.55575180053711,20871100,18.91128921508789,18914100,132.4430694580078,5759700,45.04854202270508,12921200,171.69882202148438,84360900
2016-03-28,23.78104019165039,77645600,53.76237106323242,7490400,46.91911697387695,17025100,141.2899932861328,2668100,37.30897903442383,21676000,81.33526611328125,4738100,36.40624237060547,18478100,18.944652557373047,16810500,134.06080627441406,8239398,44.98795700073242,11159700,171.80026245117188,62408200
2016-03-29,24.343978881835938,124760400,53.960262298583984,9977900,47.944435119628906,23924300,141.89999389648438,3346200,37.93353271484375,40062000,82.0191421508789,6612800,35.920318603515625,24459500,18.919628143310547,19473000,134.01828002929688,8043882,44.70772933959961,15933400,173.389404296875,92922900
2016-03-30,24.76899528503418,182404400,53.95387268066406,10807000,48.24238967895508,23008300,142.4600067138672,3161300,38.05488204956055,40396000,81.89888763427734,5248200,36.368873596191406,16794200,19.133769989013672,21625500,135.50830078125,7322787,45.222740173339844,13307100,174.1501922607422,86365300
2016-03-31,24.640132904052734,103553600,53.36019515991211,13896900,48.40013122558594,26360500,141.8800048828125,3520200,37.78544235229492,32554000,81.31271362304688,8167700,36.152076721191406,16397600,19.047557830810547,18850500,135.33798217773438,7685922,44.851627349853516,14904700,173.7275848388672,94584100
2016-04-01,24.8662109375,103496000,52.958030700683594,12235300,48.69808578491211,24399200,143.7899932861328,3985700,38.12075424194336,31674000,82.05670166015625,9043200,36.21934509277344,14321400,19.20608139038086,19807200,135.93402099609375,8221203,45.34391784667969,15417500,174.91099548339844,114423500
2016-04-04,25.121675491333008,149424800,53.08570098876953,8050200,48.575401306152344,18928800,143.22000122070312,3163900,37.89540100097656,26924000,81.6058120727539,10668900,36.25673294067383,12110200,19.217201232910156,20470200,132.9539337158203,9374979,45.168453216552734,12305000,174.34461975097656,63497000
2016-04-05,24.825515747070312,106314800,52.47926712036133,10446800,47.812984466552734,19272300,141.1999969482422,3166500,37.57099151611328,24478000,81.87632751464844,7939000,35.51663589477539,18297700,19.089271545410156,17337000,131.88961791992188,6527388,44.52752685546875,12886600,172.60328674316406,99662200
2016-04-06,25.08550262451172,105616400,53.181461334228516,9320200,48.303733825683594,21188700,141.6999969482422,2820200,38.04151153564453,25312000,82.22955322265625,6828700,35.94276428222656,17214400,19.200517654418945,16088100,131.54904174804688,7646047,44.87087631225586,12167900,174.48834228515625,91839800
2016-04-07,24.53839874267578,127207600,52.58138656616211,8267100,47.7253532409668,19225100,140.80999755859375,2920500,37.64775848388672,25498000,82.1168212890625,7822900,35.08306884765625,17593100,18.972469329833984,18331500,130.3995819091797,7003430,43.73402786254883,19226800,172.40042114257812,113859000
2016-04-08,24.565534591674805,94326800,53.11762619018555,9376200,47.69029998779297,22167200,141.05999755859375,2118400,37.615562438964844,23434000,81.98907470703125,6301600,35.187705993652344,12236500,18.9279727935791,19548000,131.08065795898438,5594001,44.054481506347656,13547700,172.86532592773438,95040600
2016-04-11,24.646915435791016,117630000,53.187828063964844,9925000,47.59390640258789,21414200,140.99000549316406,2381100,37.51996994018555,31774000,81.89138793945312,6823900,35.15780258178711,15113500,18.74441909790039,23596200,130.74014282226562,5242948,44.40544891357422,17627800,172.45965576171875,83757500
2016-04-12,24.96794891357422,108929200,53.84534454345703,9986100,47.89186096191406,24944300,142.39999389648438,2649300,37.855777740478516,27388000,82.36482238769531,8412300,35.71100997924805,18772600,19.133769989013672,23203800,131.16592407226562,5749746,45.22946548461914,17779200,174.06564331054688,115350600
2016-04-13,25.32967185974121,133029200,54.151763916015625,9235700,48.50529479980469,20818000,144.0399932861328,3562800,38.23169708251953,35426000,82.56773376464844,5758300,36.652931213378906,26311900,19.231109619140625,18788100,131.88961791992188,4943768,47.14455795288086,37516800,175.8239288330078,96336400
2016-04-14,25.343238830566406,101895600,54.5347785949707,10625800,48.514060974121094,20877100,143.72000122070312,2487300,38.404056549072266,26992000,82.54517364501953,4457100,36.47352981567383,30067900,19.133769989013672,20931300,132.0599365234375,4485692,47.75494384765625,24249900,175.83233642578125,65212900
2016-04-15,24.834558486938477,187756000,54.24113464355469,11280200,48.7681999206543,28793800,143.4499969482422,3124100,38.63237380981445,31712000,82.80069732666016,10057900,36.06984329223633,24885200,19.20608139038086,22753500,132.1024627685547,5099722,47.20560073852539,19290700,175.637939453125,75761600
2016-04-18,24.29875373840332,243286000,54.75819778442383,9097000,49.478031158447266,23786000,144.3800048828125,2766000,39.01276779174805,33540000,83.36431884765625,7772500,36.510887145996094,18225800,19.428564071655273,19868700,132.230224609375,4397428,47.51078414916992,13813100,176.87210083007812,82531000
2016-04-19,24.16989517211914,129539600,55.032691955566406,10354500,49.416683197021484,29596800,145.9499969482422,3657500,38.446651458740234,43952000,84.67945098876953,10526400,37.28834915161133,18673400,19.403535842895508,24598200,132.6134033203125,4772603,48.31190872192383,19255600,177.43003845214844,88316100
2016-04-20,24.219627380371094,122444000,55.40932846069336,15247100,48.715614318847656,36195700,146.08999633789062,2289000,38.380775451660156,34262000,85.35580444335938,8213400,37.7144660949707,22647700,19.24778938293457,16237500,132.6134033203125,5540166,49.01384735107422,14594400,177.59906005859375,81100300
2016-04-21,23.957378387451172,126210000,55.402931213378906,12075300,48.88212966918945,38909100,144.86000061035156,2879800,38.63237380981445,77628000,85.34828186035156,7884500,37.415443420410156,20255400,19.042001724243164,19852800,131.88961791992188,8273744,48.52555465698242,15395800,176.6438446044922,85695000
2016-04-22,23.891815185546875,134732400,55.87531661987305,9150800,45.37676239013672,126834100,146.11000061035156,2692400,36.54078674316406,140798000,85.16041564941406,7508700,37.84156036376953,16365700,19.111526489257812,18645300,130.95306396484375,11788886,48.807857513427734,12444700,176.6438446044922,99251700
2016-04-25,23.756166458129883,112126400,55.74765396118164,8076400,45.66596603393555,33226900,146.17999267578125,2198700,36.760704040527344,49442000,85.30318450927734,6139900,37.75931930541992,11689100,19.32010269165039,17688600,130.61248779296875,7402601,48.52555465698242,10687200,176.3395538330078,66166500
2016-04-26,23.591140747070312,224064800,55.93915939331055,9425900,45.078826904296875,33532600,147.02000427246094,2942600,35.9266357421875,55864000,84.85231018066406,5853600,38.065818786621094,13333500,19.272825241088867,19945200,131.54904174804688,5985451,48.7773323059082,12048000,176.6016082763672,75864200
2016-04-27,22.114858627319336,458408400,56.468997955322266,10463500,44.64064407348633,43369300,147.60000610351562,2991400,35.73297882080078,66262000,84.74707794189453,5759300,38.07330322265625,15342700,19.306194305419922,15441900,131.67677307128906,4787522,48.914669036865234,15284100,176.965087890625,77329400
2016-04-28,21.438886642456055,328970800,56.19449996948242,11276200,43.729248046875,43134800,146.07000732421875,2498100,34.92070007324219,62590000,84.5291519165039,6640000,37.684574127197266,15506300,19.164363861083984,14330700,131.54904174804688,6015060,48.52555465698242,12852500,175.35897827148438,97216200
2016-04-29,21.192459106445312,274126000,56.43069839477539,17885900,43.70296096801758,48411700,145.47999572753906,3895600,35.06037139892578,58278000,84.22855377197266,7774500,37.363121032714844,17887000,18.59701919555664,36297000,130.910400390625,6030877,48.22035217285156,16376400,174.4122314453125,142424100
2016-05-02,21.169849395751953,192640400,56.89670944213867,10273700,44.35145568847656,33114500,146.88999938964844,2774600,35.38379669189453,33476000,84.73207092285156,5178800,37.81913375854492,14780300,18.79725456237793,22829100,131.50648498535156,3587131,48.670509338378906,10247300,175.79852294921875,62188000
2016-05-03,21.518009185791016,227325200,56.245567321777344,10137400,43.62409210205078,26460200,144.8300018310547,3551500,35.08811569213867,38620000,84.6869888305664,7554500,37.3780632019043,16246400,18.633176803588867,17767800,130.3995819091797,5783174,47.7320556640625,19120300,174.26852416992188,106422100
2016-05-04,21.294193267822266,164102000,56.13705825805664,10601100,43.70296096801758,24257600,144.24000549316406,2483200,35.23323440551758,34172000,84.33377075195312,5214600,36.8658332824707,22402500,18.686023712158203,18088500,128.01556396484375,8303624,46.97669982910156,17030200,173.2964324951172,92243800
2016-05-05,21.207765579223633,143562000,56.20089340209961,8721100,43.764312744140625,25390700,143.8800048828125,2438200,35.398658752441406,29668000,84.82975769042969,5404300,36.88091278076172,15953600,18.69158363342285,24273000,127.24925231933594,6614421,46.72491455078125,14033900,173.26266479492188,67619200
2016-05-06,21.089488983154297,174799600,56.50090026855469,7968400,44.15864562988281,24787300,144.6199951171875,2288100,35.91721725463867,39952000,84.72455596923828,6099900,36.92610168457031,14189600,18.98081398010254,29476200,128.22840881347656,5905429,46.99958419799805,11057900,173.89659118652344,89315000
2016-05-09,21.105409622192383,131745600,56.53923034667969,11159500,43.87821578979492,17951600,142.91000366210938,3644600,36.11286544799805,38074000,85.46102905273438,6512700,36.82063293457031,13877000,19.17548370361328,25968600,127.16403198242188,5666073,46.70201110839844,11197100,174.04034423828125,74374900
2016-05-10,21.24869728088379,134747200,57.44568634033203,12509100,44.71075439453125,22891000,144.77999877929688,3131000,36.62053680419922,32634000,86.17498016357422,8356400,37.212345123291016,14234400,19.13098907470703,19208700,129.76100158691406,5661086,47.33529281616211,11897200,176.2042694091797,77472200
2016-05-11,21.041717529296875,114876400,57.16889572143555,11660200,44.737037658691406,24039100,142.8699951171875,2939900,36.183197021484375,29834000,85.94949340820312,6680700,36.97130584716797,17344300,18.60431671142578,43792500,129.16497802734375,4926616,47.15981674194336,11254000,174.55593872070312,81727000
2016-05-12,20.548141479492188,305258800,57.72248840332031,10720500,45.140159606933594,24102800,143.30999755859375,2431200,36.060359954833984,27094000,85.84430694580078,7156300,37.06167984008789,13589600,18.727575302124023,28600500,128.1006622314453,9863374,47.129302978515625,11071700,174.60671997070312,89586300
2016-05-13,20.589082717895508,177571200,57.07233428955078,9721100,44.76333236694336,22592300,141.39999389648438,3232100,35.89988708496094,25244000,85.34078216552734,6779900,36.33853530883789,25251700,18.192506790161133,41234100,126.18492126464844,7358865,46.69438934326172,15122300,173.08509826660156,96474600
2016-05-16,21.35332679748535,245039200,57.65811538696289,8638700,45.42058563232422,20032000,141.85000610351562,2873300,36.170814514160156,22538000,86.00208282470703,6222900,36.36112976074219,19655300,18.495065689086914,30545400,127.5472412109375,5362261,47.04536437988281,10951300,174.7926483154297,77486800
2016-05-17,21.26462745666504,187667600,57.632381439208984,9835600,44.57341003417969,27803500,140.33999633789062,3963900,35.670074462890625,33404000,85.5436782836914,9233900,35.87148666381836,21495600,18.237333297729492,27758100,126.4829330444336,6994374,47.04536437988281,12180900,173.16119384765625,114924900
2016-05-18,21.50800132751465,168249600,57.51647186279297,9680300,44.83815002441406,24907500,141.47000122070312,2917800,35.74882507324219,32536000,85.36334991455078,8267900,36.64738845825195,30028200,17.69105339050293,66767700,126.05718994140625,5801954,48.86125564575195,24007100,173.21189880371094,120062100
2016-05-19,21.42611312866211,121768400,58.00571823120117,14397900,44.40572738647461,23842400,140.7899932861328,2803700,35.428367614746094,30598000,84.80721282958984,8232200,36.44398880004883,13604100,19.38591957092285,105230100,124.99288177490234,7103859,48.36531448364258,16076200,172.6117706298828,115430500
2016-05-20,21.658124923706055,128104000,57.767513275146484,13191900,44.67048645019531,23905800,141.8300018310547,3171000,35.74535369873047,34798000,85.25377655029297,7435200,36.722713470458984,13222800,19.57081413269043,50239800,125.8443603515625,7304112,48.45688247680664,11862000,173.70225524902344,104990400
2016-05-23,21.933338165283203,152074400,57.677425384521484,11766100,44.14982986450195,26118700,141.47999572753906,2049000,35.52445983886719,24816000,84.89047241210938,6462300,36.68505096435547,10644000,19.4699649810791,30299400,125.54629516601562,4927639,48.41872787475586,9347500,173.4655303955078,58682600
2016-05-24,22.267698287963867,140560800,57.72248840332031,10056600,45.5264778137207,34757900,143.7100067138672,3268800,36.306026458740234,37884000,85.2916259765625,6125300,37.06167984008789,16597700,19.67727279663086,26484000,127.07894897460938,5053858,49.24275588989258,13839400,175.71397399902344,93537800
2016-05-25,22.65891456604004,152675200,58.1022834777832,9578400,45.99419021606445,24040200,144.0800018310547,2933900,36.55712890625,32216000,85.7911376953125,5453800,38.040958404541016,22478600,19.744503021240234,21791700,128.1006622314453,5771239,49.99046325683594,18935200,176.90591430664062,76621400
2016-05-26,22.838605880737305,225324800,57.80615234375,7867900,45.791221618652344,24335200,143.0500030517578,2742000,36.499183654785156,27202000,85.45054626464844,3973600,38.07862091064453,14983300,19.84815788269043,26081700,127.80268096923828,4725654,49.61660385131836,9428400,176.95664978027344,55280700
2016-05-27,22.82495880126953,145364800,57.94136047363281,7505900,46.170677185058594,17721400,143.35000610351562,2289900,37.02765655517578,34802000,85.5716323852539,4647000,38.30461883544922,13430500,19.820138931274414,17321100,128.22840881347656,4068723,49.921810150146484,10116000,177.7174072265625,64211200
2016-05-31,22.713499069213867,169228800,57.304073333740234,13178800,46.770748138427734,37653100,140.5399932861328,6564700,37.08956527709961,42484000,85.2916259765625,10104700,38.2066764831543,19725000,19.828550338745117,25170600,128.6966552734375,6321689,49.79973220825195,15139400,177.37930297851562,109879400
2016-06-01,22.39507293701172,116693200,57.44566345214844,7994800,46.63837814331055,25324800,141.99000549316406,3278000,37.070247650146484,20788000,85.35973358154297,4748900,38.41761016845703,16774300,19.750104904174805,21662700,128.18585205078125,4408341,50.12018585205078,14031000,177.74276733398438,69936200
2016-06-02,22.226757049560547,160766400,56.98863983154297,9837500,46.311859130859375,22840800,142.11000061035156,2757300,36.862728118896484,33916000,86.65398406982422,7310800,38.5004768371582,14206700,19.87616729736328,19526100,127.9303970336914,3971111,50.21173858642578,10637600,178.2837677001953,63044700
2016-06-03,22.272239685058594,114019600,56.88565444946289,9367100,45.70297622680664,23368300,141.13999938964844,3153300,36.446189880371094,24608000,86.85832214355469,6881700,37.807437896728516,25452600,19.853757858276367,19123500,127.46208190917969,4966679,49.31904983520508,20261700,177.7512664794922,101757100
2016-06-06,22.433738708496094,93170000,57.51006317138672,8573000,46.003013610839844,18243300,141.82000732421875,2686300,36.15892028808594,29992000,87.62277221679688,6349400,38.03343963623047,14528500,19.904178619384766,27054000,128.22840881347656,3894073,49.807350158691406,13193500,178.6557159423828,64887000
2016-06-07,22.524715423583984,89638000,58.39195251464844,12889100,45.97652816772461,20866800,141.41000366210938,2729800,36.20994186401367,24314000,87.59249877929688,6417400,37.86771011352539,15310100,19.898578643798828,22090200,128.31350708007812,5352370,49.63950729370117,9924100,178.9346160888672,60974800
2016-06-08,22.504243850708008,83392400,58.44343566894531,9983000,45.923583984375,21149400,142.52999877929688,2390600,36.79635238647461,32314000,87.64546966552734,5863800,37.66431427001953,18168500,19.968626022338867,18417000,129.03724670410156,6080685,49.78446578979492,9428000,179.51791381835938,66170900
2016-06-09,22.665733337402344,106405600,58.3661994934082,8974300,45.55295181274414,20305700,142.22999572753906,2187000,36.77605056762695,19180000,88.55371856689453,7375500,37.01649856567383,19464400,19.91539192199707,18209700,128.7392578125,5535221,49.40298080444336,10817800,179.2727813720703,73786900
2016-06-10,22.47922706604004,126851600,57.92203903198242,10353800,45.42940902709961,25833200,141.75999450683594,2579800,36.313941955566406,29050000,88.5612564086914,6067400,36.41386032104492,16815300,19.929397583007812,22534200,127.8877944946289,6140925,48.70866012573242,16678400,177.57373046875,113829200
2016-06-13,22.14031982421875,152082000,58.31468963623047,11370000,44.24691390991211,83217800,140.94000244140625,2973600,36.24906539916992,23354000,88.394775390625,7940900,36.13515090942383,16150100,19.758512496948242,23722800,126.99378967285156,6877502,48.27375411987305,14314900,176.2042694091797,117751200
2016-06-14,22.16761589050293,127727600,58.211700439453125,10161000,43.97333526611328,42577100,141.3000030517578,3476000,36.31692123413086,26584000,88.6445541381836,6378400,35.31406784057617,25311700,19.87616729736328,27199200,129.59072875976562,9118638,47.36581802368164,19509300,175.85772705078125,125059300
2016-06-15,22.094831466674805,117780800,58.037925720214844,10655800,43.849788665771484,33757600,140.4499969482422,3219700,36.26441955566406,23234000,88.107177734375,6371400,35.23872375488281,20142000,19.92379379272461,24051000,130.2293243408203,9132138,47.28190231323242,16982100,175.61257934570312,109124500
2016-06-16,22.188081741333008,125307200,58.720245361328125,12824800,44.46751022338867,31188600,141.99000549316406,3639800,35.87116241455078,45002000,88.28125,6664300,35.291465759277344,15619300,19.97422218322754,20115600,131.4303741455078,14109334,47.47264099121094,16791200,176.1366424560547,149533100
2016-06-17,21.683137893676758,244032800,58.39838409423828,17483200,44.23807144165039,45710500,140.72999572753906,5394100,34.88058853149414,82262000,87.40325927734375,10702200,35.1031379699707,25661300,19.87616729736328,54177900,131.2588348388672,11609103,47.518428802490234,15751500,175.480712890625,117055700
2016-06-20,21.630826950073242,137647600,58.65587615966797,9388500,44.18513488769531,35607900,141.6699981689453,4038700,34.973697662353516,45654000,88.20558166503906,5588200,35.35173797607422,19490100,19.918188095092773,21427500,132.245361328125,9993057,47.587074279785156,12213200,176.61083984375,82789600
2016-06-21,21.815065383911133,142185600,58.9197998046875,8557500,45.173492431640625,34097800,143.52999877929688,3677400,35.109901428222656,30318000,87.93307495117188,5493500,35.57771301269531,11731600,20.019046783447266,20024400,132.7172393798828,7518992,48.02961730957031,11611600,177.1121368408203,72461700
2016-06-22,21.733173370361328,116876400,58.688045501708984,8785400,44.99699020385742,28816800,143.94000244140625,3659700,35.18865203857422,29058000,88.14501953125,5833800,35.381874084472656,17072100,20.100290298461914,25372500,132.0309295654297,7514297,47.846500396728516,12643500,176.82327270507812,95560500
2016-06-23,21.858278274536133,128960800,59.09360885620117,9464500,45.808860778808594,29028800,145.97999572753906,4493600,35.40658187866211,42500000,88.84131622314453,6775900,36.08994674682617,16270000,20.198333740234375,20910600,133.78955078125,8394267,48.868900299072266,16583600,179.12594604492188,102731400
2016-06-24,21.24414825439453,301245600,57.54225158691406,20010500,43.97333526611328,133503000,139.7100067138672,12476300,33.93706512451172,95436000,87.51681518554688,13939500,34.43272399902344,46744100,20.159114837646484,45361200,127.9129638671875,17875914,45.47361373901367,44108700,172.69369506835938,333444400
2016-06-27,20.934814453125,181958400,57.20106506347656,14169400,42.737884521484375,50216300,138.5,6328200,33.73598098754883,58146000,88.2131118774414,10877400,33.90541458129883,35030100,20.030244827270508,33910200,125.76815795898438,11276120,43.95528793334961,37300700,169.60076904296875,230775800
2016-06-28,21.287368774414062,161779600,58.52070617675781,13254300,43.629173278808594,38140700,140.27999877929688,5312300,34.237213134765625,38246000,89.48467254638672,10089600,34.72650146484375,27525700,20.033050537109375,25683600,128.42771911621094,7972665,45.4125862121582,29088700,172.65972900390625,159382400
2016-06-29,21.47161102294922,146124000,59.518470764160156,13920600,44.59988784790039,31304000,142.1199951171875,4257100,34.431854248046875,43124000,90.31723022460938,8341500,35.381874084472656,20856400,20.299184799194336,21044100,131.0443115234375,7484334,46.69438934326172,21483000,175.59974670410156,137328600
2016-06-30,21.74455451965332,143345600,60.342411041259766,14073700,45.15583801269531,28527800,144.7899932861328,5196400,34.84492492675781,42250000,91.80827331542969,11559900,35.653053283691406,22538800,20.456069946289062,26140800,135.03359985351562,11375110,47.411590576171875,21343600,177.99583435058594,165021900
2016-07-01,21.810508728027344,104106000,60.40679931640625,9946300,45.147010803222656,21400400,143.9600067138672,2874400,35.177764892578125,30984000,91.80067443847656,7051400,35.42705535888672,19013600,20.397239685058594,22916400,135.07643127441406,6823313,47.1040153503418,14217800,178.36968994140625,106055300
2016-07-05,21.60580062866211,110820800,59.87892532348633,10744100,45.15583801269531,24806400,142.22999572753906,3426300,34.912288665771484,28440000,92.54242706298828,9334100,34.80936050415039,22213000,20.48967933654785,32245800,134.9048614501953,6752410,45.78917694091797,23357700,177.086669921875,109803700
2016-07-06,21.728635787963867,123796400,60.5677375793457,13144400,45.341163635253906,28167500,142.50999450683594,2804700,35.11436462402344,28902000,92.82247924804688,9332400,35.14080810546875,19024100,20.6801815032959,33188100,136.14883422851562,6699284,46.28127670288086,20429800,178.1488037109375,96021500
2016-07-07,21.82188606262207,100558400,59.84033203125,12240700,45.341163635253906,19585200,141.91000366210938,2863600,35.029666900634766,21174000,92.72405242919922,6058700,35.25381088256836,17946200,20.598939895629883,23378400,136.49197387695312,7828563,46.58116149902344,13771400,178.038330078125,85593800
2016-07-08,21.990203857421875,115648400,60.213687896728516,9807600,46.15302658081055,28391000,143.64999389648438,3718100,35.55071258544922,29946000,92.98140716552734,6129900,35.999549865722656,19775700,20.685787200927734,27382800,138.1219940185547,8040105,47.54230499267578,16998800,180.68942260742188,133971000
2016-07-11,22.058435440063477,95179600,60.439002990722656,8335700,46.40894317626953,22269200,143.92999267578125,3194200,36.017269134521484,28822000,93.04195404052734,6711600,36.218013763427734,16008700,20.747413635253906,27120300,138.16493225097656,7924798,47.88063049316406,13151400,181.32664489746094,73633900
2016-07-12,22.158519744873047,96670000,61.12131881713867,9870800,46.956058502197266,27317600,144.6699981689453,3158100,36.280269622802734,26468000,93.0344009399414,6415900,36.421390533447266,15067900,20.52610206604004,37083600,138.37939453125,7948148,48.59572982788086,16588100,182.64373779296875,101275600
2016-07-13,22.033414840698242,103568800,61.07625198364258,9458200,47.2208137512207,25356800,145.92999267578125,3274500,36.13019943237305,20436000,93.09494018554688,5230800,36.36112976074219,14389600,20.62415313720703,19197000,138.80828857421875,6774090,48.56497573852539,18526900,182.6182098388672,87324100
2016-07-14,22.47012710571289,155676000,61.12131881713867,9293500,47.423789978027344,24545500,145.72999572753906,3322200,36.443214416503906,21408000,93.23115539550781,5322700,36.8658332824707,17578400,20.646568298339844,19939200,139.96652221679688,7069013,49.30315017700195,28985900,183.6378936767578,91230900
2016-07-15,22.46785545349121,120548000,61.23076248168945,10334500,47.388492584228516,32024400,145.97000122070312,3860800,36.43479919433594,32342000,93.09494018554688,7192800,35.93928909301758,35121000,20.63816261291504,17984400,141.03883361816406,8828243,49.34926986694336,17607100,183.39144897460938,107155400
2016-07-18,22.706674575805664,145975600,61.03765106201172,9865900,47.61792755126953,31433900,146.57000732421875,3128000,37.30501174926758,38698000,93.20089721679688,6599200,36.36865997314453,24139200,20.685787200927734,16371900,141.16754150390625,7984476,49.18012237548828,10824400,183.88430786132812,58725900
2016-07-19,22.715782165527344,95119600,60.812347412109375,5901800,46.85017395019531,53336500,146.9199981689453,3543300,37.31541442871094,30436000,94.79789733886719,11325700,36.436466217041016,15982900,20.63536262512207,14394300,141.25331115722656,7002220,49.10322952270508,9737400,183.6973114013672,54345700
2016-07-20,22.736248016357422,105104000,60.46473693847656,7383800,49.338741302490234,89893300,146.1699981689453,2855300,37.49718475341797,22502000,94.7146224975586,7334600,36.617252349853516,16569900,20.671781539916992,15846000,140.6099395751953,7419565,49.157047271728516,10411100,184.46202087402344,58159500
2016-07-21,22.61570167541504,130808000,60.413230895996094,6854600,49.241676330566406,32776700,144.35000610351562,3212200,37.36494827270508,19062000,94.72219848632812,5492600,36.38372802734375,15532000,20.596134185791016,13175700,139.79489135742188,8848608,48.97249984741211,9808700,183.7653045654297,67777300
2016-07-22,22.44056510925293,113254800,60.51622772216797,7139700,49.92115783691406,32157200,144.60000610351562,3142000,37.60614776611328,20920000,94.63138580322266,5839200,36.39879608154297,13588500,20.60454559326172,12949800,137.5214080810547,12053115,49.241607666015625,8195700,184.58958435058594,62787500
2016-07-25,22.14031982421875,161531600,59.35109329223633,10845900,50.06236267089844,25610600,144.13999938964844,2483900,37.518978118896484,21466000,94.52542114257812,4880600,36.248146057128906,12122200,20.660572052001953,14202000,135.71986389160156,9541846,49.11090087890625,8168300,184.0882110595703,55873100
2016-07-26,21.987926483154297,224959200,58.9197998046875,12143500,50.08882522583008,28079000,144.33999633789062,2466400,37.525421142578125,23792000,94.72219848632812,5589900,36.13515090942383,16130100,20.654972076416016,15744900,134.9906463623047,7700445,49.310829162597656,8067800,184.1731719970703,70080500
2016-07-27,23.41633415222168,369379200,58.52070617675781,10037900,49.58583068847656,32327500,144.19000244140625,2611700,37.739383697509766,32172000,94.43458557128906,4812600,36.157745361328125,17886800,20.540111541748047,17333700,134.17567443847656,8191343,49.46461486816406,11806800,183.9777374267578,84083900
2016-07-28,23.732501983642578,159479200,58.06365203857422,12439200,49.60347366333008,37550400,144.4199981689453,1944600,37.931060791015625,73464000,94.19996643066406,4320400,36.25566482543945,12562600,20.5177059173584,13809600,134.04696655273438,6321940,49.28775405883789,10013400,184.19020080566406,65035700
2016-07-29,23.702924728393555,110934800,57.25899887084961,23928100,50.018226623535156,30558700,144.27000427246094,2589300,39.19404602050781,101810000,94.78274536132812,7020900,36.13515090942383,13111700,20.442060470581055,18906600,133.57513427734375,10443997,49.187808990478516,13210400,184.487548828125,79519400
2016-08-01,24.121437072753906,152671600,55.2698974609375,22908400,49.929988861083984,26003400,143.92999267578125,2051300,39.669517517089844,60594000,94.91141510009766,4615100,36.01462936401367,16026600,20.668973922729492,17605200,133.61807250976562,6500847,49.057098388671875,11422600,184.33465576171875,73311400
2016-08-02,23.764333724975586,135266400,56.02952194213867,18919200,49.929988861083984,35122000,143.30999755859375,2457000,39.62889862060547,39928000,94.49516296386719,7158700,35.9317626953125,17033100,20.486881256103516,19539300,133.18911743164062,5634002,48.941749572753906,13550000,183.15353393554688,92295500
2016-08-03,24.062305450439453,120810400,56.31917190551758,14632900,50.27415466308594,22075600,143.6300048828125,2217100,39.5694694519043,29206000,93.77611541748047,5310600,36.121585845947266,14913500,20.43365478515625,19704300,133.53224182128906,4174494,49.71836853027344,13122300,183.68885803222656,53993600
2016-08-04,24.210947036743164,109634800,56.31275177001953,13451400,50.64478302001953,26587700,143.1199951171875,1848600,39.48675537109375,21520000,93.74584197998047,4728200,36.326622009277344,14662600,20.534502029418945,14834700,133.70379638671875,4234526,49.64146423339844,9873000,183.88430786132812,46585500
2016-08-05,24.579126358032227,162213600,56.36420440673828,9617300,51.147804260253906,29335200,145.64999389648438,3926000,39.9661979675293,36146000,94.03345489501953,5146900,36.96445846557617,19064700,20.663375854492188,16246200,134.17567443847656,4502365,50.9793815612793,20752700,185.38827514648438,71892200
2016-08-08,24.782663345336914,112148800,57.02725601196289,10492700,51.23603820800781,19473500,145.55999755859375,3516300,39.881996154785156,24426000,93.58690643310547,5232500,37.13911437988281,14871600,20.545713424682617,19731600,134.13270568847656,4263822,50.825592041015625,11359200,185.2777862548828,39906500
2016-08-09,24.88327980041504,105260800,57.09807205200195,9654600,51.35959243774414,16920700,147.22000122070312,3680500,39.99343490600586,32154000,93.4203872680664,3941500,37.154296875,10449800,20.60173797607422,19283700,134.26141357421875,4195944,50.64875030517578,10097000,185.38827514648438,51251700
2016-08-10,24.698049545288086,96034000,56.09828186035156,12714800,51.20075607299805,15756900,146.69000244140625,2465200,40.04345703125,18370000,93.3674087524414,4333500,36.58478546142578,16782700,20.85841941833496,24156900,134.13270568847656,3868199,50.195091247558594,11556100,184.92942810058594,57941100
2016-08-11,24.682044982910156,109938000,56.299530029296875,11616000,51.44783020019531,18162300,147.74000549316406,3272200,40.02909851074219,25646000,93.67772674560547,4052000,36.630348205566406,14614100,20.816110610961914,18870900,134.21856689453125,7926280,50.33350372314453,9604500,185.78759765625,72504300
2016-08-12,24.73920440673828,74641600,57.03314971923828,9986900,51.13015365600586,21655200,147.72000122070312,2586700,39.97214126586914,17946000,93.2614517211914,4234800,36.3721809387207,13227500,20.841495513916016,29982600,134.0040740966797,4450136,50.22584533691406,7685400,185.62615966796875,61313500
2016-08-15,25.03650665283203,103472800,57.007179260253906,6432600,51.28899002075195,19283900,147.77999877929688,2195800,39.918155670166016,18596000,92.57270812988281,6469500,36.65312576293945,11758900,20.680721282958984,28908300,134.0040740966797,4080032,50.53341293334961,8371600,186.1614990234375,49813500
2016-08-16,25.013639450073242,135177600,57.07858657836914,6817900,51.00484848022461,20523500,147.24000549316406,2121300,39.68190002441406,21158000,91.0740737915039,11289100,36.78220748901367,13957600,20.559436798095703,29289900,133.78955078125,4670609,50.525726318359375,10128900,185.20130920410156,53213600
2016-08-17,24.977046966552734,101424000,57.20194625854492,7104600,51.11140441894531,18856400,149.0800018310547,3044200,39.89139938354492,21322000,91.81582641601562,10442800,36.911285400390625,13062900,20.570716857910156,43029900,134.21856689453125,3672056,50.66412353515625,11868100,185.54969787597656,75134300
2016-08-18,24.945032119750977,87938800,57.721317291259766,10342700,51.146915435791016,14214300,148.80999755859375,2185400,39.7591667175293,17292000,91.3692855834961,8728000,36.85055923461914,12189200,20.95714569091797,80574900,134.81906127929688,5851135,50.71025466918945,9313600,185.966064453125,52989300
2016-08-19,25.009065628051758,101472400,57.00069046020508,8615300,51.164676666259766,17271000,148.75,2641200,39.60561752319336,22416000,91.36927032470703,7798300,36.941673278808594,12557700,20.53687286376953,46039200,134.04696655273438,5162884,50.641056060791016,9084900,185.69415283203125,75443000
2016-08-22,24.81467628479004,103280800,57.12403869628906,8235400,51.20906448364258,15221900,148.4499969482422,1765000,39.47189712524414,17056000,90.7673568725586,6544900,36.92648696899414,9212600,20.505840301513672,30936300,134.34719848632812,4269331,50.59490966796875,9055600,185.68563842773438,61368800
2016-08-23,24.892433166503906,85030800,56.948753356933594,6514800,51.404422760009766,18732400,148.77000427246094,2019100,39.45405960083008,18350000,91.0035400390625,5603200,36.75943374633789,15430200,20.299936294555664,28174200,133.96116638183594,6701538,50.57184982299805,8949600,186.0595245361328,53399200
2016-08-24,24.70490837097168,94700400,57.14352035522461,7985400,51.45771026611328,18151500,148.41000366210938,2269400,39.30598068237305,25672000,90.44734954833984,6303900,36.92648696899414,16315800,20.373273849487305,30152100,133.91824340820312,4599977,50.71025466918945,10167200,185.1078338623047,71728900
2016-08-25,24.599716186523438,100344800,56.77995300292969,6935300,51.653045654296875,18552600,148.63999938964844,2449700,39.19205093383789,24054000,90.34069061279297,5566000,36.73666000366211,13643200,20.088396072387695,31542600,133.8754119873047,3553077,50.802528381347656,9978700,184.9803924560547,69224800
2016-08-26,24.45565414428711,111065200,56.656612396240234,6474400,51.528751373291016,20971200,147.91000366210938,2872800,39.28715515136719,24978000,90.69879150390625,6482700,36.83537292480469,15527300,20.065824508666992,30115500,133.96116638183594,4645987,50.917869567871094,14038600,184.63201904296875,122506300
2016-08-29,24.428203582763672,99881200,57.02665328979492,7027200,51.590904235839844,16417200,149.3000030517578,2726600,39.41593551635742,15474000,91.36927032470703,5074900,37.63268280029297,21201400,20.13916015625,22404300,134.518798828125,4433840,51.47917556762695,14583100,185.54122924804688,70502200
2016-08-30,24.240680694580078,99455600,56.818912506103516,6441100,51.404422760009766,16930200,150.22999572753906,2832200,39.22276306152344,23348000,91.02640533447266,3820500,38.437564849853516,25055800,20.113780975341797,17322600,134.5617218017578,3784692,51.90208435058594,13791200,185.23533630371094,58114500
2016-08-31,24.263547897338867,118649600,56.57219696044922,12491400,51.02259826660156,20860300,150.49000549316406,5338700,39.1202392578125,21428000,90.92733764648438,5693100,38.57424545288086,24533600,20.15044403076172,18934800,134.0040740966797,6972715,51.90208435058594,14952300,184.70852661132812,85269500
2016-09-01,24.40761947631836,106806000,56.37744140625,8434700,51.138031005859375,26075400,150.35000610351562,3020800,39.19701385498047,26070000,90.729248046875,4551800,38.29328155517578,17017100,20.545330047607422,35284200,133.83250427246094,8608480,51.67911148071289,12226500,184.71701049804688,97844200
2016-09-02,24.63630485534668,107210000,56.75398254394531,7099600,51.20906448364258,18900500,150.72000122070312,2258200,39.467933654785156,26998000,90.912109375,5806400,38.384422302246094,12684000,20.44942855834961,24248700,134.21856689453125,4341736,51.89439010620117,13720700,185.54969787597656,79293900
2016-09-06,24.629444122314453,107521600,57.500579833984375,9851200,51.155792236328125,16278400,150.42999267578125,4460800,40.020179748535156,39790000,91.2397232055664,5280700,37.95919418334961,21832200,20.590457916259766,28712700,133.18911743164062,8545902,51.855953216552734,16649400,186.1105499267578,56702100
2016-09-07,24.780376434326172,169457200,57.28634262084961,7470400,51.200191497802734,17493400,149.5800018310547,2437100,40.018699645996094,22906000,91.13304901123047,4753800,37.792137145996094,12437300,20.325319290161133,28854900,133.23194885253906,5689568,51.640655517578125,10070400,186.09352111816406,76554900
2016-09-08,24.13090705871582,212008000,57.81221389770508,9579500,50.99596405029297,20146100,149.77999877929688,2963400,39.76361846923828,23554000,91.02640533447266,4833000,37.8908576965332,14169200,20.260448455810547,28983600,133.1461639404297,6313322,51.70985412597656,12253000,185.6686248779297,74102900
2016-09-09,23.584346771240234,186228000,56.37744140625,12820200,49.91263198852539,35113900,146.6199951171875,4342700,39.052391052246094,37752000,90.08161926269531,7957300,36.99483871459961,32147200,19.828899383544922,36517800,129.15696716308594,9310440,51.248504638671875,19686900,181.22474670410156,221589100
2016-09-12,24.11261749267578,181171200,56.669593811035156,10889000,50.658531188964844,29303000,148.97000122070312,4323800,39.56452178955078,37274000,90.79021453857422,7239800,36.858150482177734,35588400,20.29147720336914,32592000,130.78697204589844,8640134,51.563758850097656,16453000,183.82481384277344,168110900
2016-09-13,24.686614990234375,248704800,55.319236755371094,13214300,50.19679260253906,30130200,146.22999572753906,5505900,39.06428146362305,36180000,89.60922241210938,7957900,35.658390045166016,59000500,20.15608787536621,22523700,128.0416717529297,9403607,51.15623092651367,18876100,181.1822509765625,182828800
2016-09-14,25.560192108154297,443554800,54.923221588134766,13957000,49.95704650878906,24062500,145.77999877929688,3097300,39.150455474853516,25842000,89.79971313476562,6124900,35.32429122924805,44841700,20.173009872436523,20941500,127.39823913574219,10657959,51.0562744140625,12648600,181.11424255371094,134185500
2016-09-15,26.429195404052734,359934400,55.23484802246094,9062600,50.78285217285156,26847000,146.66000366210938,3255500,39.68388366699219,31144000,90.38639068603516,5812100,35.043338775634766,60827800,20.42122459411621,21886800,128.608642578125,7324018,51.240814208984375,12531300,182.9241485595703,134427900
2016-09-16,26.280553817749023,319547600,54.553165435791016,21538400,50.83612060546875,44607000,145.00999450683594,11133700,39.52241516113281,42612000,90.09688568115234,12408800,34.496612548828125,51871400,20.553794860839844,41807100,128.30609130859375,13549410,50.61030960083008,25161500,182.2169952392578,155236400
2016-09-19,25.97412109375,188092000,54.4233283996582,7929100,50.551979064941406,20937100,145.24000549316406,3031800,39.394630432128906,22990000,89.64736938476562,5457600,34.93703079223633,33562400,20.333778381347656,20762100,127.22530364990234,6364465,50.894805908203125,13466900,182.25119018554688,80250500
2016-09-20,25.971830368041992,138057200,53.58584213256836,17522000,50.44541931152344,17384000,144.9199981689453,2367000,39.612060546875,20984000,89.8682861328125,5187700,35.354671478271484,51510400,20.299936294555664,17731800,128.26283264160156,6186101,51.102420806884766,10092200,182.2597198486328,69665300
2016-09-21,25.96725845336914,144012800,54.07925033569336,15055900,51.28899002075195,33707300,146.4600067138672,3768900,39.872093200683594,26970000,90.5997314453125,6337300,34.800350189208984,64530200,20.36198616027832,20027700,129.0409698486328,6057794,51.394596099853516,14116800,184.30923461914062,110284400
2016-09-22,26.211946487426758,124296000,54.23506546020508,10738500,51.34226989746094,19822200,146.52999877929688,2770900,40.41293716430664,35186000,91.01879119873047,5340500,34.71682357788086,36964400,20.384559631347656,17615700,129.8623504638672,6130471,51.8175163269043,12781700,185.4707489013672,76678700
2016-09-23,25.775157928466797,209924800,54.17662048339844,12667100,50.99596405029297,19955300,145.0,3697800,40.36391067504883,28234000,90.52354431152344,4773000,34.73200988769531,28710500,20.407121658325195,23089200,129.2139434814453,4762024,51.70985412597656,13967400,184.45448303222656,73630900
2016-09-26,25.81403350830078,119477600,53.92341613769531,10860300,50.52533721923828,21688700,144.17999267578125,2863700,39.75421142578125,29454000,89.73875427246094,5998900,34.078983306884766,30938000,20.20121955871582,17846100,127.7008056640625,5405558,50.57953643798828,16408100,182.95997619628906,89827300
2016-09-27,25.862060546875,98429600,54.040283203125,9595000,51.45771026611328,28065100,145.33999633789062,2934600,40.15439987182617,27346000,90.83590698242188,5349500,34.238433837890625,24359000,20.401477813720703,19033200,129.17063903808594,5319193,51.02553939819336,13711400,184.09584045410156,78494800
2016-09-28,26.058727264404297,118564400,56.41640090942383,28117900,51.528751373291016,20536400,145.27999877929688,3246500,40.121219635009766,29406000,90.96543884277344,5076100,34.40549850463867,28220300,20.249162673950195,18554700,129.2571563720703,5581836,51.29464340209961,11278000,185.00958251953125,87411000
2016-09-29,25.65395736694336,143548000,56.130767822265625,19082900,50.96931838989258,25463500,143.58999633789062,3313800,39.75371551513672,27000000,89.35018920898438,6190200,33.69171905517578,45266700,19.950183868408203,23990400,127.65758514404297,8111467,50.47958755493164,18727200,183.335693359375,128070600
2016-09-30,25.85291290283203,145516400,56.66309356689453,15961500,51.146915435791016,29910800,144.47000122070312,4416500,39.82405090332031,33204000,90.00540924072266,7941100,33.62336730957031,54117700,20.342247009277344,29947800,128.0466766357422,7536875,51.20237731933594,21680100,184.71917724609375,117202900
2016-10-03,25.731708526611328,86807200,56.51378631591797,7111200,50.98706817626953,19189500,143.75999450683594,3493800,39.641780853271484,29784000,90.52354431152344,6098600,33.28168487548828,38197700,20.31121826171875,17573100,128.13319396972656,4130278,51.1408576965332,14901700,184.2751007080078,83512100
2016-10-04,25.841476440429688,118947200,55.994415283203125,8222000,50.82725143432617,20085900,143.1699981689453,3058900,39.76115036010742,25174000,90.5311508178711,5733900,33.2209358215332,44008300,20.237882614135742,19707900,127.52790832519531,6495171,51.58232879638672,17226900,183.335693359375,119948100
2016-10-05,25.85291290283203,85812400,56.481319427490234,8796200,51.18243408203125,16726400,144.14999389648438,2998800,39.68388366699219,24276000,90.80545806884766,5778700,34.162513732910156,40459000,20.215322494506836,19393200,127.52790832519531,5203386,52.426551818847656,16280000,184.14703369140625,72816000
2016-10-06,26.045005798339844,115117200,56.50730514526367,7718300,51.271244049072266,16212600,143.8699951171875,2279500,39.77550506591797,21998000,90.47782135009766,4448500,34.30678176879883,29878200,19.56376075744629,60330900,126.53360748291016,5860880,52.56595230102539,17485000,184.2751007080078,62927400
2016-10-07,26.083887100219727,97433600,56.31251907348633,6614900,51.324493408203125,20089000,144.52000427246094,3093800,39.65812683105469,23262000,90.8511962890625,4799300,34.420692443847656,24893600,19.377599716186523,37961400,125.71224975585938,7895794,52.7518424987793,18497000,183.6431884765625,89788300
2016-10-10,26.538970947265625,144944000,57.416202545166016,10060000,51.53761291503906,18196500,145.1999969482422,1884100,40.32477569580078,29922000,91.27786254882812,3657000,34.66367721557617,21804900,19.174516677856445,26965200,124.76124572753906,7090734,53.162330627441406,13027500,184.5996551513672,51855000
2016-10-11,26.596139907836914,256164000,56.96173858642578,9309000,50.78285217285156,26497400,143.9499969482422,2723000,40.096954345703125,34432000,89.632080078125,6394200,34.51180648803711,25442600,19.008092880249023,25774500,125.02058410644531,6456464,52.906742095947266,15657100,182.26821899414062,130367400
2016-10-12,26.83397674560547,150347200,56.565731048583984,8172600,50.711822509765625,22177500,144.91000366210938,2558100,40.205909729003906,18158000,89.88350677490234,4685200,34.4130973815918,21780500,19.027841567993164,26822100,124.93413543701172,4748043,52.76731491088867,11899800,182.5074005126953,73866100
2016-10-13,26.75164794921875,140769600,56.195655822753906,9890300,50.5430908203125,25313700,143.22000122070312,4657600,39.82503890991211,27380000,90.1044921875,7387400,33.980255126953125,44174600,19.245027542114258,27581400,124.37211608886719,5924459,52.46527099609375,17890000,181.90957641601562,101357000
2016-10-14,26.900287628173828,142608800,56.18269729614258,7991700,50.98706817626953,27402500,144.17999267578125,2932800,39.85078811645508,22238000,89.57112884521484,5640500,33.949886322021484,45418600,19.307083129882812,19248000,124.89094543457031,5880390,52.29486846923828,24163800,182.0034637451172,93346200
2016-10-17,26.881994247436523,94499600,56.18269729614258,7263100,50.80949020385742,23830000,143.8000030517578,2552800,39.96173858642578,21128000,90.27970886230469,6956400,33.790435791015625,18861300,19.242204666137695,22480200,124.71800231933594,8290687,52.02378845214844,14963400,181.37155151367188,58275700
2016-10-18,26.863704681396484,98214000,56.33200454711914,5429300,51.200191497802734,19149500,144.3000030517578,2378500,40.68733215332031,45786000,87.9330062866211,12598300,34.13214111328125,23877600,19.425548553466797,23573100,125.27996826171875,5751228,52.43427276611328,11870300,182.5074005126953,76869700
2016-10-19,26.783662796020508,80138400,56.591678619384766,9373400,51.084747314453125,22878400,144.86000061035156,2309300,40.95231246948242,30002000,87.30824279785156,7400900,34.36753463745117,26977000,19.431184768676758,21369900,125.62581634521484,6090429,52.93769454956055,12705800,182.994140625,66519200
2016-10-20,26.76993751525879,96503200,56.61765670776367,6866900,50.83612060546875,49455600,144.49000549316406,2505000,40.69426727294922,27878000,87.5215835571289,6973000,34.11695861816406,27210600,19.386064529418945,18882000,125.66905975341797,5932952,52.868011474609375,14122000,182.6525421142578,73639800
2016-10-21,26.66473960876465,92770800,56.23462677001953,10736200,52.97612380981445,80032200,143.60000610351562,3075400,40.81462478637695,32316000,86.4320297241211,8422000,34.238433837890625,21490800,19.27606201171875,23533800,125.27996826171875,13386341,53.046146392822266,12175700,182.7379150390625,89089100
2016-10-24,26.904861450195312,94154800,56.422908782958984,8354900,54.1660041809082,54067000,143.8300018310547,2223800,41.39311599731445,28952000,86.56155395507812,6141900,34.56495666503906,19303800,19.51580810546875,21490800,125.02058410644531,6497675,53.3404655456543,10197100,183.5150909423828,60146600
2016-10-25,27.042078018188477,192516000,56.299530029296875,6835900,54.157127380371094,35137200,143.4199981689453,2349500,41.03700256347656,37814000,86.82821655273438,5595000,34.71682357788086,20402000,19.56376075744629,22889100,123.85340118408203,5525518,53.286251068115234,9945100,182.9002227783203,66542300
2016-10-26,26.433773040771484,264536800,56.539737701416016,8488100,53.83746337890625,29911600,143.94000244140625,2769700,40.71754837036133,35898000,87.28539276123047,6429200,35.043338775634766,25181900,19.62862777709961,15151500,124.8044662475586,5082424,53.54181671142578,9801300,182.5330047607422,75705500
2016-10-27,26.179927825927734,138248000,56.42938232421875,9071100,53.3668327331543,28479900,144.4499969482422,2914800,40.48228073120117,59470000,88.15397644042969,7548700,35.24076461791992,25661000,19.696327209472656,21394800,123.76693725585938,5306882,53.61927795410156,14210700,182.0462188720703,77220200
2016-10-28,26.006132125854492,151446800,55.040077209472656,19072200,53.16260528564453,33574700,144.0,2789900,40.591739654541016,87098000,87.87205505371094,8813300,35.10408401489258,20882000,19.741451263427734,20858700,126.31749725341797,14162063,53.526344299316406,12766500,181.50814819335938,140623200
2016-10-31,25.964967727661133,105677600,54.09222412109375,16663800,53.207000732421875,26434700,144.3000030517578,3229500,40.11328887939453,44854000,88.37491607666016,8552500,34.93703079223633,20115900,19.749919891357422,19167000,125.79875183105469,9090093,53.642520904541016,14336300,181.51673889160156,61272500
2016-11-01,25.49616241455078,175303200,54.30646514892578,13050600,53.10044860839844,24533000,143.6300048828125,3339400,39.89437484741211,47118000,87.87968444824219,7591900,34.92184829711914,20020200,19.546831130981445,26515800,124.8476791381836,6679440,53.417911529541016,15564500,180.2015380859375,122781800
2016-11-02,25.519031524658203,113326800,54.17662048339844,11226100,52.77190399169922,22147000,143.19000244140625,3178500,39.049415588378906,47014000,87.51396942138672,6591300,34.63855743408203,19566600,19.589141845703125,22935900,123.1617431640625,6442087,53.19331359863281,12449800,179.11705017089844,103330800
2016-11-03,25.24549674987793,107730400,54.312950134277344,8836500,52.57654571533203,21600400,143.63999938964844,2691800,38.74085998535156,43504000,87.64348602294922,6227100,34.715126037597656,14982700,19.63991355895996,20411700,122.25385284423828,4799374,52.9609489440918,10369700,178.2971954345703,88939300
2016-11-04,25.017942428588867,123348000,54.254520416259766,13877100,52.13255310058594,28697000,142.9499969482422,3493300,38.686866760253906,39412000,87.70442962646484,7160600,34.14853286743164,27391600,19.507349014282227,21786300,122.94556427001953,7483645,52.480770111083984,13571300,178.10073852539062,109122100
2016-11-07,25.37881851196289,130240000,55.475032806396484,13576200,53.650978088378906,31664800,146.91000366210938,5236000,39.7235107421875,39852000,88.88542175292969,6398200,34.76106262207031,25769400,19.68222427368164,29266200,126.70646667480469,8608188,54.12272644042969,16515100,182.0291748046875,109794900
2016-11-08,25.528217315673828,97016800,55.874568939208984,9735200,53.69538497924805,22935400,147.7899932861328,3636000,40.216312408447266,35382000,89.18255615234375,6675300,34.86824417114258,19462600,19.6850528717041,22863900,127.18211364746094,7476237,54.238887786865234,17531700,182.8489227294922,106772100
2016-11-09,25.48685073852539,236705600,56.49022674560547,15901300,53.42898941040039,49632500,151.27999877929688,8687800,39.89982604980469,61970000,91.66641998291016,16220000,36.7441291809082,67615000,20.054542541503906,50338500,128.0899200439453,11277456,56.73280715942383,50948400,184.78756713867188,258429000
2016-11-10,24.776588439941406,228538000,57.01420211791992,14106100,52.123687744140625,57822400,156.05999755859375,8142500,38.646751403808594,118192000,91.07974243164062,11904500,39.53113555908203,100988800,20.136341094970703,42963900,131.46185302734375,16969403,59.36616516113281,56192300,185.2487030029297,172113300
2016-11-11,24.923694610595703,136575600,56.11035919189453,13812200,52.4078369140625,38767800,156.9199981689453,4514400,38.223777770996094,71852000,90.2645034790039,8134800,39.607696533203125,46594900,20.09121322631836,24671700,132.7587127685547,8912459,59.397125244140625,27574300,184.8217010498047,100552700
2016-11-14,24.298473358154297,204702000,55.85491180419922,12607500,51.60865020751953,41328400,157.92999267578125,5520400,37.306007385253906,73766000,88.83971405029297,10054900,40.74854278564453,59154400,19.882490158081055,38752500,131.89414978027344,7875012,61.58124542236328,46130700,184.96685791015625,94580000
2016-11-15,24.620283126831055,129058000,56.863555908203125,12883500,52.627769470214844,35904100,157.4600067138672,4780100,38.39267349243164,58878000,88.62637329101562,7446700,40.26616287231445,39437900,20.144807815551758,29175300,132.93162536621094,8385295,61.46506118774414,28126300,186.41014099121094,91652600
2016-11-16,25.282270431518555,235362000,56.16274642944336,8201200,53.325069427490234,27332500,157.0800018310547,4468900,38.631404876708984,35968000,88.6568374633789,6594800,39.56941223144531,26996200,20.136341094970703,33577200,132.888427734375,5272015,59.94704818725586,26054900,186.0599822998047,65617700
2016-11-17,25.273082733154297,110528000,55.82217025756836,8200500,54.21009826660156,32132700,158.38999938964844,4169100,38.937477111816406,30674000,88.81681823730469,5730300,40.18960189819336,29205900,19.51580810546875,70320900,133.1045684814453,3721301,60.427215576171875,19306700,187.01641845703125,69797200
2016-11-18,25.298364639282227,113715600,55.85491180419922,8457800,53.95084762573242,27686300,157.75,3383300,38.43278503417969,36126000,88.50231170654297,7717800,40.4422607421875,29673400,19.33246421813965,33405900,132.58575439453125,5964376,60.18712615966797,19770000,186.59799194335938,86265800
2016-11-21,25.682231903076172,117058400,56.64741516113281,8861500,54.40677261352539,19652600,158.7100067138672,2847400,38.8701286315918,32616000,88.22610473632812,5843300,39.906288146972656,23587200,19.56657600402832,25068000,133.45040893554688,4619007,60.45045852661133,11983500,188.00706481933594,72402600
2016-11-22,25.69832420349121,103862000,56.7718620300293,9390200,54.63920211791992,23206700,158.66000366210938,3143300,38.880035400390625,27884000,86.4922866821289,11649700,39.982872009277344,22816900,19.778127670288086,32952000,134.7904815673828,5784384,60.822242736816406,14410100,188.37428283691406,67429000
2016-11-23,25.567302703857422,109705600,56.929054260253906,5996300,53.995548248291016,21848900,158.11000061035156,3050700,38.582855224609375,26260000,86.74544525146484,7892600,39.936927795410156,19986800,19.978389739990234,22196700,135.48220825195312,5064876,61.07780838012695,13373700,188.4767608642578,56620200
2016-11-25,25.696020126342773,45903600,57.06005859375,5042300,54.11175537109375,8409600,158.17999267578125,1777200,38.64377975463867,12270000,87.55867004394531,3433300,40.28913879394531,9635500,20.09121322631836,12703200,135.9144744873047,2746306,61.05459213256836,6185700,189.17706298828125,37872300
2016-11-28,25.645458221435547,108776000,56.634315490722656,7449600,54.18328094482422,20732600,156.97000122070312,4204300,38.919158935546875,51508000,86.79146575927734,9065700,39.49285125732422,26518500,20.079927444458008,21297600,135.09315490722656,4609909,60.65957260131836,13007200,188.2888946533203,76572500
2016-11-29,25.62017250061035,114115200,56.260986328125,9181100,54.61237716674805,22366700,157.67999267578125,2973300,39.09993362426758,31240000,86.29281616210938,7799600,39.70723342895508,16267300,20.13070297241211,21930300,134.22857666015625,6556935,61.12428665161133,14144100,188.65614318847656,69886700
2016-11-30,25.404098510742188,144649200,57.177947998046875,22696200,53.87039566040039,34655400,157.44000244140625,5145600,38.42832946777344,45582000,85.3875503540039,11178500,40.51882553100586,26567200,19.86556053161621,27978300,132.9748992919922,9522691,62.092403411865234,25351900,188.20352172851562,113291800
2016-12-01,25.167343139648438,148347600,57.13865280151367,13005600,52.92278289794922,34542100,160.1199951171875,4578600,37.85627365112305,57342000,85.44890594482422,8143300,41.606075286865234,35623100,19.933252334594727,20549400,135.69834899902344,9327613,63.34713363647461,23823600,187.51177978515625,79040500
2016-12-02,25.261579513549805,106112000,57.007667541503906,9706600,52.96749496459961,25515700,159.38999938964844,3854400,37.86271286010742,34376000,85.89388275146484,6167700,41.024169921875,21894700,19.992488861083984,20022600,135.48220825195312,4465577,63.199951171875,16931500,187.60569763183594,74840300
2016-12-05,25.079998016357422,137298000,57.295841217041016,11741100,53.83463668823242,23552700,160.2100067138672,4870400,38.54422378540039,33770000,85.87853240966797,5451600,41.613731384277344,24793900,19.72735023498535,31583700,134.48794555664062,4619424,64.48566436767578,18529800,188.73301696777344,67837800
2016-12-06,25.273082733154297,104782000,57.34822082519531,11293600,53.59326171875,19907000,161.33999633789062,3543600,38.44318771362305,34682000,85.97058868408203,6530400,42.532527923583984,30706700,19.845815658569336,23334000,134.74728393554688,3666882,64.8187026977539,16130000,189.33078002929688,59877400
2016-12-07,25.52132797241211,119994800,57.682247161865234,11182600,54.86268615722656,30809000,164.69000244140625,6043200,39.20048141479492,40588000,85.23410034179688,11761100,43.85712432861328,46617000,20.0560359954834,20898600,136.60621643066406,6864357,65.11300659179688,18996900,191.80735778808594,110738100
2016-12-08,25.771879196166992,108273200,57.84600830078125,9086700,54.54086685180664,21220800,164.11000061035156,4902500,39.383731842041016,32250000,85.14970397949219,7774900,43.864768981933594,39828600,19.982177734375,20532600,136.30355834960938,5872815,65.92626190185547,20844900,192.2770538330078,99714400
2016-12-09,26.192520141601562,137610400,58.2913703918457,8021700,55.39906692504883,27349400,164.86000061035156,3887900,40.09100341796875,38090000,86.1240463256836,7672100,43.74992370605469,20331200,19.90831184387207,32270100,137.38430786132812,6515975,66.21281433105469,14567200,193.43850708007812,88005800
2016-12-12,26.04311180114746,105497600,59.58818435668945,15545400,55.577857971191406,20198100,166.1199951171875,6759700,40.01423645019531,32572000,88.50231170654297,9544600,42.70862579345703,27886200,20.360008239746094,27252300,137.73020935058594,6477017,65.62417602539062,14511300,193.21646118164062,102016100
2016-12-13,26.477542877197266,174935200,60.6361083984375,18829300,56.301963806152344,35718900,166.6199951171875,4359100,40.38273239135742,42564000,88.90892028808594,7051600,42.754573822021484,24355600,20.396940231323242,26662500,137.2113800048828,7198926,65.64739990234375,16669000,194.5059814453125,110477500
2016-12-14,26.477542877197266,136127200,59.32622146606445,16325400,56.033790588378906,30352700,165.05999755859375,4537400,40.509029388427734,35994000,88.21845245361328,9378700,41.8817138671875,54590600,20.266254425048828,26008200,136.1739044189453,9113379,65.62417602539062,22622600,192.90048217773438,142501800
2016-12-15,26.622352600097656,186098000,59.52924346923828,11155100,55.94438934326172,27669900,165.72999572753906,3985500,40.39808654785156,35394000,88.90892028808594,6738100,42.256893157958984,31345900,20.192394256591797,21408900,135.13632202148438,9051219,66.60778045654297,19438900,193.6947021484375,124972600
2016-12-16,26.656845092773438,177404400,59.71917724609375,20560400,55.6940803527832,42453100,164.75999450683594,7046200,40.110321044921875,51978000,88.90122985839844,11291100,42.371742248535156,33171800,20.163990020751953,53534400,137.2545928955078,15018704,65.78681945800781,23008500,193.31585693359375,156420200
2016-12-19,26.810842514038086,111117600,59.22140884399414,9674400,56.87411117553711,34338200,165.35000610351562,2972500,40.2420654296875,25272000,89.0086441040039,6310800,42.27985382080078,16801400,20.334434509277344,17667900,137.98951721191406,7293116,66.16631317138672,21685100,193.73680114746094,90341100
2016-12-20,26.88210105895996,85700000,59.22795104980469,7221000,56.80259704589844,26028400,166.36000061035156,3103100,40.375789642333984,25438000,88.7324447631836,5715200,42.953643798828125,19245300,20.402612686157227,18324300,139.4161376953125,8308549,67.018310546875,14587300,194.484130859375,89838800
2016-12-21,26.907379150390625,95132800,59.129737854003906,7308000,56.80259704589844,17096300,165.9499969482422,2480500,40.227210998535156,29192000,88.46392822265625,5907600,42.655025482177734,14058400,20.237850189208984,15303000,138.89735412597656,5835173,67.1886978149414,11400500,193.94293212890625,67909000
2016-12-22,26.730390548706055,104343600,59.51613998413086,8003100,56.81153869628906,22176600,166.02999877929688,2511600,40.10240173339844,22632000,88.56362915039062,4602300,42.68566131591797,14515500,19.76911735534668,36320400,138.5924835205078,5048329,67.297119140625,13924200,193.60792541503906,56219100
2016-12-23,26.783252716064453,56998000,59.41136932373047,4266500,56.534420013427734,12403800,165.32000732421875,2043100,40.0092887878418,15310000,88.96261596679688,2992500,42.846439361572266,8313000,19.75491714477539,14411700,138.8538055419922,3127553,67.42106628417969,10759400,193.89137268066406,36697800
2016-12-27,26.953353881835938,73187600,59.437557220458984,4960600,56.570167541503906,11763200,164.9499969482422,2133800,40.11478042602539,19520000,88.92425537109375,3232600,42.838783264160156,8893900,19.80036735534668,13307100,138.94091796875,3266793,67.48297882080078,6946400,194.3724822998047,42672500
2016-12-28,26.838424682617188,83623600,59.142826080322266,6745900,56.31093215942383,14653300,163.75,2626800,39.84930419921875,24296000,88.3028335571289,3278300,42.356414794921875,10609100,19.689573287963867,14627100,138.06980895996094,3940730,66.99506378173828,9455600,192.76608276367188,64095000
2016-12-29,26.831533432006836,60158000,59.175567626953125,6684700,56.23046875,10250600,163.0500030517578,2545300,39.76560592651367,21148000,88.60201263427734,2993600,41.98890686035156,15933500,19.67537498474121,12895200,138.1134033203125,3357811,66.52261352539062,14689000,192.72315979003906,48696100
2016-12-30,26.622352600097656,122345200,59.11662292480469,9117800,55.55105209350586,25579900,162.97999572753906,4041400,39.249019622802734,34718000,88.38722229003906,5506700,42.195640563964844,15095500,19.635601043701172,20668500,137.63429260253906,5311535,66.83240509033203,13617800,192.0187225341797,108998300
2017-01-03,26.698211669921875,115127600,59.52924346923828,10360600,55.94438934326172,20694100,163.8300018310547,4091000,40.019683837890625,39180000,88.87052154541016,5953000,42.877071380615234,22063800,19.504920959472656,31419600,138.02626037597656,6708382,67.56045532226562,20550700,193.48765563964844,91366500
2017-01-04,26.6683292388916,84472400,58.87427520751953,9434200,55.6940803527832,21340000,164.0800018310547,3568900,40.00779724121094,30306000,88.72479248046875,5828900,42.91535568237305,15036100,19.618560791015625,23754000,138.06980895996094,4474320,67.68506622314453,15266600,194.6387939453125,78744400
2017-01-05,26.803951263427734,88774400,57.99663162231445,14443200,55.6940803527832,24876000,163.3000030517578,2982500,40.26782989501953,26810000,89.65309143066406,6217200,42.24922561645508,18831600,19.661163330078125,21297600,137.2858428955078,5395334,67.06200408935547,14300800,194.484130859375,78379000
2017-01-06,27.102766036987305,127007600,57.96390914916992,16518100,56.17682647705078,19922900,163.41000366210938,2697000,40.87157440185547,40342000,89.22344207763672,5221400,42.14203643798828,18715900,19.39129066467285,28473300,137.67782592773438,4615772,67.0698013305664,12893300,195.17996215820312,71559900
2017-01-09,27.35101318359375,134247600,57.007667541503906,13762300,55.99802780151367,20382700,162.02000427246094,3564700,40.96915054321289,28178000,89.20809173583984,5457500,41.529510498046875,21794100,19.519126892089844,26055600,137.0244903564453,4436678,67.1165542602539,12806600,194.5356903076172,46939700
2017-01-10,27.378602981567383,97848400,56.280643463134766,13283100,55.98014450073242,18593000,161.47000122070312,2671300,40.911197662353516,23948000,89.1160659790039,5312800,41.82046127319336,17978200,19.382766723632812,30769500,136.6324920654297,5676131,67.31124877929688,13989000,194.5356903076172,63771900
2017-01-11,27.525707244873047,110354400,56.856990814208984,11183700,56.48971176147461,21517300,162.22999572753906,3305900,41.101890563964844,26508000,88.01898956298828,8887200,41.958282470703125,21100600,19.46799659729004,20092800,137.0680389404297,5922894,67.81743621826172,14713100,195.08544921875,74650000
2017-01-12,27.410776138305664,108344800,56.549163818359375,10407000,55.9712028503418,20968200,161.41000366210938,3229400,41.085548400878906,26990000,87.93461608886719,6627300,41.72858810424805,20566600,19.30890655517578,19634700,136.71958923339844,6242356,67.16328430175781,21337400,194.59585571289062,72113200
2017-01-13,27.362506866455078,104447600,56.555721282958984,8415600,56.05167007446289,19422300,161.89999389648438,3081600,41.15537643432617,25804000,87.91922760009766,4935200,42.348758697509766,37231600,19.070276260375977,30037500,136.58892822265625,5075455,67.5215072631836,28296000,195.04251098632812,62717900
2017-01-17,27.583173751831055,137759200,57.21722412109375,13237300,55.899681091308594,20664000,159.63999938964844,4712800,40.98302459716797,28818000,88.12638092041016,6255400,41.177310943603516,26974400,19.43674087524414,39502500,136.19696044921875,6015165,65.06830596923828,30024600,194.3552703857422,61240800
2017-01-18,27.580873489379883,94852000,56.5098876953125,11831700,55.872867584228516,19670100,160.49000549316406,3074700,41.060279846191406,20554000,87.9959487915039,5014600,41.5524787902832,21186700,19.348678588867188,21964500,136.02272033691406,5154246,65.37203979492188,21270100,194.78482055664062,54793300
2017-01-19,27.532602310180664,102389200,55.494712829589844,16382900,55.6940803527832,18451700,159.41000366210938,3172800,40.82997131347656,21410000,87.61236572265625,5540800,41.78983688354492,20906900,19.2094783782959,20463300,135.93560791015625,7866123,64.87361907958984,16555600,194.063232421875,66608800
2017-01-20,27.583173751831055,130391600,56.25444030761719,18739700,56.087425231933594,30213500,160.2100067138672,4176100,41.01818084716797,26124000,87.57400512695312,7502400,42.165008544921875,24160800,19.084489822387695,36164100,132.9738311767578,17434281,65.1617431640625,18436800,194.77627563476562,129168600
2017-01-23,27.601558685302734,88200800,55.651885986328125,11433900,56.28410339355469,23097600,158.80999755859375,3434300,41.823524475097656,49148000,87.38988494873047,7989800,41.53715896606445,17227400,18.933929443359375,23854200,129.57655334472656,12330552,65.19291687011719,12179200,194.26939392089844,75061600
2017-01-24,27.576276779174805,92844000,55.7304801940918,11858100,56.784732818603516,24672900,160.72000122070312,4012500,42.076114654541016,33768000,85.74043273925781,12450300,41.8817138671875,18523300,19.1469783782959,32131800,130.66543579101562,7029095,65.97950744628906,15175300,195.5150146484375,95555300
2017-01-25,28.015304565429688,129510400,55.894203186035156,9578500,56.92774963378906,23672700,164.25,4500000,42.51791763305664,33108000,86.53831481933594,9385500,43.351783752441406,32252100,19.002098083496094,26168700,132.27699279785156,7956640,66.99971771240234,17551000,197.207275390625,84437700
2017-01-26,28.029096603393555,105350400,56.064510345458984,8779400,57.455196380615234,43554600,164.9199981689453,3132400,42.44510269165039,69866000,85.80180358886719,10164300,43.780548095703125,23769800,18.956647872924805,19512300,132.0592041015625,5585279,67.56045532226562,15962800,197.0011444091797,59970700
2017-01-27,28.03139877319336,82251600,56.00556564331055,10947900,58.80507278442383,44818000,164.39999389648438,2520300,41.85324478149414,75050000,86.98326873779297,8886100,43.32881546020508,17186200,18.652681350708008,40300800,130.70904541015625,6261031,67.70062255859375,12535400,196.69183349609375,59711100
2017-01-30,27.957841873168945,121510000,55.57982635498047,12789200,58.22399139404297,31651400,164.8000030517578,3194400,40.8032341003418,70338000,86.79146575927734,6969400,42.938323974609375,15961400,18.868581771850586,25924500,130.4912109375,5469409,66.99971771240234,13661900,195.4720458984375,79737300
2017-01-31,27.89348030090332,196804000,54.94452667236328,19128100,57.79490661621094,25270500,164.13999938964844,3099600,40.62294006347656,40404000,86.88353729248047,8713400,43.12974166870117,22409100,18.959491729736328,27962700,129.3587646484375,8075932,65.9094009399414,15655100,195.45481872558594,75880800
2017-02-01,29.59444236755371,447940000,54.32233428955078,15111800,56.83836364746094,39671500,163.61000061035156,2906900,40.37778091430664,45020000,86.86820983886719,7082300,43.09889602661133,21157700,18.814611434936523,27150000,129.31520080566406,5358922,66.15863037109375,15430900,195.53216552734375,79117700
2017-02-02,29.54387664794922,134841600,54.656341552734375,12200100,56.47181701660156,45827000,163.0,3041200,40.527347564697266,33784000,87.12901306152344,7826300,42.97557067871094,13044400,18.948129653930664,26996100,129.27169799804688,4529950,65.87825012207031,11081400,195.6610565185547,69657600
2017-02-03,29.670297622680664,98029200,54.71530532836914,12746300,56.92774963378906,30301800,163.94000244140625,3352700,40.61997604370117,30562000,87.1827392578125,7267600,44.14727020263672,19879800,18.891315460205078,22875900,129.3587646484375,6490288,67.89532470703125,17885200,197.0096893310547,80563200
2017-02-06,29.948429107666016,107383600,54.564659118652344,9938200,56.891998291015625,19796400,163.4199981689453,2798300,40.69377136230469,27018000,86.99862670898438,6178400,43.59226608276367,13940200,18.862905502319336,27291600,129.1845703125,4950529,67.5760269165039,11828400,196.65748596191406,57790100
2017-02-07,30.233449935913086,152735200,54.21099090576172,11705200,56.70426559448242,20277200,162.92999267578125,2446800,41.0706787109375,33332000,87.05999755859375,5507900,43.43037033081055,14937400,19.002098083496094,17417100,128.7490234375,4961630,67.53709411621094,9392800,196.6660614013672,57931200
2017-02-08,30.350679397583008,92016400,53.85406494140625,14006300,56.623802185058594,18096400,162.8699951171875,2247100,41.10287857055664,26044000,86.99862670898438,5272000,42.8830680847168,18592200,19.263450622558594,22982400,128.1827850341797,6715038,66.94520568847656,13970900,196.9237823486328,51566200
2017-02-09,30.569992065429688,113399600,54.092002868652344,9603000,57.26746368408203,22644400,164.0399932861328,2878300,41.11179733276367,23884000,87.52030944824219,5854600,43.731021881103516,15907800,19.624235153198242,33241500,128.87966918945312,4520873,67.91091918945312,13749100,198.09207153320312,65955200
2017-02-10,30.500747680664062,80262000,54.541439056396484,8739800,57.21382522583008,18170700,164.00999450683594,3066200,41.349037170410156,28302000,88.41024017333984,6438500,43.83123016357422,12268100,19.323116302490234,37336800,129.44589233398438,4754804,67.75514221191406,10992500,198.8737335205078,66015900
2017-02-13,30.77083969116211,92141600,54.85867691040039,9071600,57.85748291015625,22920100,165.85000610351562,2958400,41.5526008605957,25914000,88.90122985839844,5710800,44.00082015991211,15325300,19.252092361450195,25122900,130.83966064453125,7724671,68.6507568359375,18739100,199.95614624023438,55182100
2017-02-14,31.17021369934082,132904800,54.739742279052734,11370500,58.07332992553711,23108400,166.9499969482422,3057900,41.60559844970703,27266000,89.26948547363281,5539100,44.694583892822266,16382900,19.504920959472656,25386900,131.8849639892578,7309078,69.74887084960938,17932100,200.75506591796875,71109000
2017-02-15,31.283336639404297,142492400,54.96445846557617,11768500,58.03736114501953,17005200,167.27999877929688,4349600,41.471370697021484,27144000,89.91390991210938,5979700,45.13397216796875,25350400,19.513442993164062,25689900,132.18984985351562,5315103,70.55103302001953,17381800,201.80308532714844,86785800
2017-02-16,31.246402740478516,90338400,54.396053314208984,10615000,58.028350830078125,20546300,167.74000549316406,3152200,41.71159362792969,20102000,90.58903503417969,7119300,44.80250549316406,14694500,19.564577102661133,25241400,132.6254425048828,5411130,70.50428771972656,17672700,201.63124084472656,84722400
2017-02-17,31.331819534301758,88792800,54.03913116455078,15646000,58.118309020996094,21248800,168.57000732421875,3716900,41.928524017333984,29224000,91.18742370605469,8691400,44.779388427734375,15783200,19.706619262695312,38512200,132.27699279785156,4559141,70.27066802978516,15776600,201.94912719726562,77204100
2017-02-21,31.55805778503418,98028800,54.12504196166992,16419600,58.00138854980469,20655900,168.9199981689453,4416900,42.063236236572266,25206000,91.80120849609375,8595100,44.9027214050293,16916800,20.297502517700195,67238700,132.9302978515625,6310150,70.87813568115234,14068300,203.15174865722656,88946100
2017-02-22,31.652711868286133,83347600,53.49055862426758,12917400,57.88445281982422,19292700,169.61000061035156,3299400,42.16675567626953,24488000,91.69377899169922,5103900,44.98751449584961,12344200,20.371362686157227,45728100,132.10276794433594,6285841,70.91705322265625,11839000,202.9713897705078,62115200
2017-02-23,31.518814086914062,83152800,54.052345275878906,13847000,58.118309020996094,20273100,170.14999389648438,3377100,42.148921966552734,27734000,93.36624145507812,9980900,45.087738037109375,13841400,20.257734298706055,38399100,131.79541015625,6040329,70.97156524658203,11067000,203.10882568359375,74615900
2017-02-24,31.548824310302734,87106400,53.589691162109375,11338700,58.118309020996094,21796800,170.22000122070312,4023400,41.99092483520508,26924000,94.77948760986328,10835000,44.56354522705078,16379100,20.564538955688477,41669700,132.541748046875,5701420,70.34854888916016,15062300,203.3665313720703,82381600
2017-02-27,31.611160278320312,81029600,53.89371871948242,13465900,57.767539978027344,15871500,170.6300048828125,3738600,42.083045959472656,20206000,94.52464294433594,5946200,44.75627899169922,10101000,20.37989044189453,27764100,131.44419860839844,4918541,70.42642211914062,12361000,203.6844024658203,56515400
2017-02-28,31.62501335144043,93931600,53.7483024597168,16834200,57.54269027709961,23239800,171.4199981689453,6464500,41.84828567504883,27662000,94.37791442871094,8885500,44.61751174926758,15558900,20.149784088134766,47857800,130.8734893798828,8161171,70.57439422607422,15183500,203.1345977783203,96961900
2017-03-01,32.27140426635742,145658400,54.8719367980957,17482100,58.406105041503906,26937500,177.27999877929688,7137600,42.4337158203125,36374000,95.65213012695312,9393900,46.04359817504883,25912700,20.0134220123291,40568100,132.541748046875,7696084,72.89519500732422,24451400,205.97793579101562,149158200
2017-03-02,32.07979202270508,104844000,55.0569953918457,14170300,57.569679260253906,24539600,175.88999938964844,4154800,42.09196853637695,25018000,95.47452545166016,6950200,45.257320404052734,17578600,20.101484298706055,26748900,132.541748046875,5767504,71.75816345214844,16862500,204.6808624267578,70246000
2017-03-03,32.26909637451172,84432400,54.50178527832031,12190400,57.78554153442383,18135900,175.67999267578125,3552000,42.05382537841797,20100000,95.59805297851562,5585200,45.39607620239258,14740000,19.89411163330078,27893700,132.2344207763672,4164269,72.27217864990234,12817500,204.8096923828125,81974300
2017-03-06,32.167518615722656,87000000,54.746360778808594,9617200,57.80351638793945,18750300,175.39999389648438,3379100,41.96417999267578,20958000,95.53630828857422,6670700,45.180233001708984,13225500,19.851497650146484,27547800,131.7076416015625,4886991,71.58682250976562,15059200,204.19976806640625,55391500
2017-03-07,32.209075927734375,69785200,54.541439056396484,12711500,57.92043685913086,18521000,175.3000030517578,2645400,42.15635299682617,20774000,95.62895202636719,6644000,44.94126510620117,13099900,19.848663330078125,21848700,131.09295654296875,6256295,71.18962097167969,11156800,203.58982849121094,65103700
2017-03-08,32.089019775390625,74828800,53.556644439697266,16817700,58.451080322265625,21510900,174.97000122070312,3334400,42.27968215942383,20576000,95.83747863769531,7909900,44.87189483642578,14711300,19.97456932067871,23939400,130.82960510253906,6741538,71.03388214111328,17378400,203.21185302734375,78168800
2017-03-09,32.01515197753906,88623600,53.979637145996094,14721800,58.21724319458008,19846800,175.3699951171875,2955800,42.48769760131836,26954000,97.26617431640625,8571100,45.24959945678711,15721500,19.991743087768555,22693500,130.2149658203125,5412736,71.31423950195312,13726200,203.46957397460938,90683900
2017-03-10,32.121341705322266,78451200,53.93998718261719,11355200,58.39711380004883,19538200,174.97999572753906,3789700,42.664520263671875,26732000,97.4669418334961,7395400,45.36524963378906,15120200,20.060422897338867,21296400,132.9368896484375,12355279,71.08838653564453,13729900,204.18258666992188,81991700
2017-03-13,32.13520050048828,69686800,53.81441116333008,9571400,58.199249267578125,20100000,175.38999938964844,3333500,42.821529388427734,23332000,97.82991790771484,7162500,45.24959945678711,14063500,20.01749610900879,20407500,131.09295654296875,6299049,71.15069580078125,10004300,204.28564453125,57256800
2017-03-14,32.08673095703125,61236400,53.53019332885742,11335700,57.9294319152832,14280200,174.72999572753906,2972300,42.88740158081055,21234000,98.11563110351562,7679700,45.29586410522461,10885000,20.237850189208984,29875200,129.68807983398438,4757830,71.26750946044922,10237700,203.5039825439453,59880800
2017-03-15,32.426082611083984,102767200,54.19776153564453,11970300,58.2352294921875,24833800,174.6699981689453,3928500,43.01022720336914,26658000,99.59066009521484,8360600,45.257320404052734,17777300,20.19778823852539,26441400,130.65399169921875,5246349,71.43887329101562,16601400,205.26498413085938,96081800
2017-03-16,32.47918701171875,76928000,54.24403762817383,9923800,58.13628387451172,20674300,174.0800018310547,3119600,43.08997344970703,22090000,99.20452117919922,7610700,45.727535247802734,18468200,20.15772247314453,21183000,130.61007690429688,4425097,71.36876678466797,14492000,204.86122131347656,78344000
2017-03-17,32.31758117675781,175540000,54.19776153564453,18834100,58.343143463134766,49219700,172.82000732421875,6710700,43.20734786987305,37366000,98.89561462402344,13300800,45.22648620605469,20985700,20.000328063964844,42235200,131.1807861328125,9105805,70.62112426757812,21734700,204.50146484375,89002100
2017-03-20,32.65693664550781,86168000,54.19776153564453,7700300,58.39711380004883,14598100,172.07000732421875,3340700,42.986454010009766,30844000,98.9033432006836,5827500,44.42478561401367,17663200,20.026084899902344,22398600,130.56613159179688,3938998,70.11492919921875,14623600,204.27713012695312,52537000
2017-03-21,32.2829475402832,158119600,54.085418701171875,13387700,57.74955368041992,26640500,169.47000122070312,4973900,42.106327056884766,50760000,98.27008819580078,7578600,43.05264663696289,31766400,20.003189086914062,26240400,129.02955627441406,5599405,68.05888366699219,33089200,201.65431213378906,131809300
2017-03-22,32.647701263427734,103440800,54.03913116455078,11168400,58.48705291748047,20680000,169.3000030517578,3257000,42.0894889831543,27334000,97.50556945800781,10272700,42.65180969238281,27740900,20.103355407714844,19366800,129.6442108154297,5425360,68.16793060302734,21741000,202.1288299560547,97569200
2017-03-23,32.53227615356445,81385200,54.10523986816406,8928000,58.343143463134766,19269200,169.88999938964844,3142900,41.586769104003906,65754000,97.22753143310547,8508100,42.590145111083984,19000000,19.991743087768555,20696400,130.0393524169922,5148737,68.05888366699219,16090100,201.91314697265625,100410300
2017-03-24,32.46763610839844,89582400,53.688846588134766,9128500,58.442081451416016,22617100,168.66000366210938,4131900,41.363399505615234,42114000,96.90319061279297,6490300,43.03724670410156,21127500,19.92020034790039,17577000,130.4783477783203,5817541,67.98101806640625,16093200,201.7664337158203,112504900
2017-03-27,32.52304458618164,94300400,53.7020378112793,8481200,58.550018310546875,18614700,167.44000244140625,4884700,41.530303955078125,38692000,97.15030670166016,5004300,42.69805908203125,16854800,19.934511184692383,17377800,129.2490692138672,6048425,67.94206237792969,16689300,201.5594024658203,87454500
2017-03-28,33.1971435546875,133499200,54.092002868652344,11028600,58.72089385986328,20080400,168.30999755859375,4598000,41.635311126708984,30384000,97.04219818115234,5287600,43.137451171875,14878900,20.123380661010742,21756600,130.0393524169922,5810759,69.00123596191406,16264400,203.026123046875,93483900
2017-03-29,33.27102279663086,116760000,54.21096420288086,8495500,58.88277053833008,13618400,166.58999633789062,4776400,42.092952728271484,29146000,96.4707260131836,3971800,42.913902282714844,10329100,20.243574142456055,20973000,130.302734375,5750477,68.74423217773438,10207600,203.21591186523438,61950400
2017-03-30,33.227142333984375,84829200,55.32136154174805,44704900,59.098628997802734,15122800,167.36000061035156,3393700,42.073638916015625,18988000,96.26993560791016,4711700,43.3532829284668,12106500,20.486814498901367,24424500,131.1368865966797,7503760,69.33610534667969,11631000,203.86300659179688,56737900
2017-03-31,33.164825439453125,78646800,54.20436477661133,21750400,59.23354721069336,21040300,166.67999267578125,3564700,41.99042892456055,28820000,96.18498229980469,5657600,42.90618896484375,11864600,20.627038955688477,29819400,130.82960510253906,10599304,68.40935516357422,16987600,203.38848876953125,73733100
2017-04-03,33.17405700683594,79942800,54.24403762817383,11438700,58.954742431640625,20400900,166.8699951171875,3986900,42.4337158203125,39388000,96.29310607910156,4956400,42.7751579284668,14550700,20.55549430847168,24873900,131.1807861328125,6241563,68.16011810302734,19831800,203.03475952148438,85546500
2017-04-04,33.42107391357422,79565600,54.44229507446289,9270900,59.116607666015625,12997400,166.86000061035156,2853000,42.226688385009766,26970000,96.28538513183594,5358500,42.55159378051758,11937400,20.607004165649414,16701900,131.79541015625,5228488,68.38726806640625,14280800,203.1641082763672,56466200
2017-04-05,33.247928619384766,110871600,54.54804611206055,13809100,58.96372604370117,21448600,165.8300018310547,5231100,42.04541015625,37104000,96.37806701660156,5646300,42.38199996948242,17411700,20.503986358642578,19063500,131.57591247558594,5391307,67.51001739501953,17635500,202.56019592285156,108800600
2017-04-06,33.164825439453125,84596000,54.86531448364258,9554900,59.116607666015625,18103500,166.47000122070312,3892300,41.85670471191406,30672000,96.57112121582031,4324200,42.68263626098633,10387500,20.441024780273438,17823300,131.4003448486328,4496668,67.7371597290039,14379600,203.12965393066406,69135800
2017-04-07,33.0909423828125,66688800,54.700069427490234,8909600,59.071651458740234,14108500,166.1699981689453,2593400,41.70812225341797,22232000,96.4707260131836,3615100,42.274070739746094,15848800,20.861698150634766,32304000,131.66378784179688,3959509,67.50218963623047,13097100,202.92254638671875,74412300
2017-04-10,33.05170822143555,75733600,54.944610595703125,8885300,58.93673324584961,17952700,166.35000610351562,3015900,41.68831253051758,20924000,96.02279663085938,4594200,42.042816162109375,14607700,20.90748405456543,22487700,131.75155639648438,3861334,67.26719665527344,15081600,203.04339599609375,67615300
2017-04-11,32.6961784362793,121517600,54.7529296875,8576500,58.89176940917969,18791500,165.6999969482422,3488200,41.598167419433594,19486000,95.9301528930664,4161500,41.74989700317383,28086800,21.013368606567383,17431500,131.88328552246094,4598954,67.14973449707031,14690500,202.8018035888672,88045300
2017-04-12,32.73542785644531,81400000,54.83887481689453,9516100,58.666934967041016,17108500,165.11000061035156,3419700,41.67641830444336,22716000,96.84139251708984,5556600,40.94818878173828,25601300,21.016231536865234,19881900,130.6978759765625,5642494,66.89122772216797,14730600,201.91314697265625,81864400
2017-04-13,32.56229019165039,71291600,53.992862701416016,8667900,58.415096282958984,17896500,162.89999389648438,3655100,41.61301803588867,21474000,96.52477264404297,5396500,39.583778381347656,47982000,20.933242797851562,16009200,129.7759552001953,4172824,66.10794830322266,30529800,200.60171508789062,92880400
2017-04-17,32.742366790771484,66328400,53.920162200927734,9577200,58.89176940917969,16689300,164.35000610351562,3414100,42.353477478027344,20982000,97.08853149414062,5367500,40.63985061645508,31959100,21.030542373657227,16396200,130.12718200683594,4543951,67.25154113769531,19071700,202.37901306152344,68405400
2017-04-18,32.596920013427734,58790000,53.569854736328125,8821400,58.81083297729492,15155600,163.69000244140625,2985800,42.29702377319336,18724000,94.07673645019531,13485700,40.431724548339844,22257500,21.145000457763672,19883700,131.00521850585938,5363993,66.70325469970703,14127000,201.77505493164062,83225800
2017-04-19,32.47687911987305,69313600,53.199729919433594,10764400,58.49604415893555,26992800,162.75999450683594,3932900,42.42182922363281,21606000,93.72920227050781,6993100,40.20045852661133,17414600,21.196516036987305,17821800,131.7076416015625,5549243,66.15494537353516,17588500,201.4041290283203,68699900
2017-04-20,32.8831672668457,93278400,53.543418884277344,11649100,58.90976333618164,22299500,164.97999572753906,3729200,42.59864807128906,23776000,94.1153335571289,6330100,41.24113845825195,31552900,21.405418395996094,23043900,132.89300537109375,7737524,67.00870513916016,15635800,203.04339599609375,92572200
2017-04-21,32.843936920166016,69283600,53.331912994384766,9816700,59.71921920776367,32522600,163.41000366210938,5122400,42.54267501831055,23458000,94.0303955078125,6021700,40.85569381713867,26177300,21.44548225402832,17267100,129.7320098876953,15096994,66.20195770263672,19820600,202.39630126953125,110389800
2017-04-24,33.16020202636719,68537200,53.609535217285156,8729700,60.735530853271484,29770000,165.77999877929688,4135500,43.53226089477539,33930000,94.90303802490234,5679000,41.356754302978516,23856700,21.399696350097656,23437500,129.7320098876953,10137889,68.53610229492188,25468300,204.62225341796875,119209900
2017-04-25,33.36566925048828,75486000,54.019309997558594,10733800,61.086265563964844,30242700,167.52999877929688,4268500,44.02308654785156,40760000,95.32005310058594,5090000,42.05824279785156,27061300,21.47695541381836,17161200,129.29296875,8316040,69.1313705444336,18253800,205.81285095214844,76698300
2017-04-26,33.16944885253906,80164800,53.80117416381836,9445900,61.00532150268555,26190800,167.6300048828125,4084300,44.03794860839844,26466000,95.38182830810547,5021800,42.042816162109375,15915500,21.58570671081543,20845500,128.45883178710938,7797368,69.26454162597656,12832200,205.68341064453125,84702500
2017-04-27,33.194828033447266,56985200,53.708648681640625,12385300,61.401065826416016,34971000,166.5500030517578,4290200,44.151859283447266,46846000,95.55945587158203,4225200,41.965736389160156,13978000,21.588563919067383,18156600,127.66858673095703,6873288,68.62224578857422,13329000,205.85598754882812,57410300
2017-04-28,33.162513732910156,83441600,53.9664192199707,12072200,61.57193374633789,39548800,165.2100067138672,3045000,45.79027557373047,76918000,95.35095977783203,4381800,41.50322341918945,16501900,21.514158248901367,21991200,127.2734603881836,5024416,68.14444732666016,10755600,205.4073486328125,63532800
2017-05-01,33.838924407958984,134411600,54.23740005493164,8664100,62.42635726928711,31954400,165.44000244140625,3135400,46.201358795166016,46556000,95.25054168701172,4556400,41.98115539550781,13915800,21.52846908569336,18497700,127.05392456054688,5011187,68.19146728515625,15712300,205.92501831054688,66882500
2017-05-02,34.053627014160156,181408800,54.23080825805664,9102900,62.327430725097656,23906100,166.0500030517578,2781200,46.412845611572266,35026000,95.528564453125,4881600,42.042816162109375,15634900,21.611452102661133,21955200,127.2734603881836,7044432,67.75282287597656,14414200,206.0026397705078,57375700
2017-05-03,33.94973373413086,182788000,54.66041946411133,10289000,62.129547119140625,28928000,166.72999572753906,2982200,46.97549819946289,36496000,95.24283599853516,3736500,42.57844924926758,15737100,21.68013572692871,16570800,128.32713317871094,5611612,68.14444732666016,11540500,205.75245666503906,73137700
2017-05-04,33.82737731933594,93487600,53.959800720214844,16164500,61.88671875,21749400,166.33999633789062,3643500,47.286041259765625,38752000,95.72163391113281,3753700,42.83462142944336,17054100,21.84611701965332,16502400,128.19541931152344,4092740,68.2228012084961,11540100,205.9940185546875,61462700
2017-05-05,34.38836669921875,109310800,54.21096420288086,10213000,62.05762481689453,19128800,166.5500030517578,3578500,47.06612777709961,32310000,95.38182830810547,4139800,42.78028106689453,13078800,21.89190673828125,16793400,128.28321838378906,3532044,68.14444732666016,9436000,206.8050079345703,62001300
2017-05-08,35.323333740234375,195009600,54.7859992980957,8097100,62.00362777709961,18566100,165.02000427246094,5163900,47.482669830322266,37534000,95.18104553222656,3608600,42.7259407043457,14242800,21.783159255981445,19536600,127.62469482421875,4513424,68.2228012084961,8162200,206.7705841064453,48385700
2017-05-09,35.5495719909668,156521600,54.40264892578125,8647100,62.093589782714844,22858400,163.4600067138672,3840700,47.38460159301758,33758000,95.15013885498047,3762500,42.446495056152344,14402900,21.954864501953125,24765900,127.01007080078125,4974233,67.94863891601562,10273900,206.5806884765625,51363200
2017-05-10,35.38104248046875,103222800,54.64950180053711,9520300,62.33641815185547,17977800,163.72000122070312,3237400,47.291988372802734,22920000,94.84124755859375,4237400,42.47753143310547,15897200,22.096027374267578,22535700,126.00031280517578,5435063,68.48128509521484,8334900,206.95169067382812,54293800
2017-05-11,35.687015533447266,109020400,55.11653518676758,10047300,61.57193374633789,28789400,163.27000427246094,3285900,47.343994140625,20622000,95.14242553710938,4095900,41.7167854309082,32200100,21.93181610107422,25048200,126.74666595458984,5845752,68.26978302001953,10907400,206.52894592285156,62358300
2017-05-12,36.18541717529297,130108000,55.076499938964844,7480200,61.5,18714100,163.32000732421875,3592300,47.30684280395508,24298000,95.48224639892578,4097100,41.15786361694336,29642300,21.810819625854492,17678700,124.11248779296875,14279415,68.08181762695312,8738800,206.183837890625,53912700
2017-05-15,36.09269332885742,104038800,55.24330520629883,10881500,61.54496765136719,31530300,163.8000030517578,2959000,47.50891876220703,26754000,98.06929779052734,9854600,41.3907585144043,15245000,21.977903366088867,26531700,123.71736907958984,8297970,68.41075897216797,8835600,207.3227081298828,61918900
2017-05-16,36.03937911987305,80194000,55.076499938964844,9574200,62.7841911315918,34956000,163.61000061035156,2434900,47.77587890625,22030000,98.6716537475586,7233800,41.34418487548828,12650100,21.637969970703125,25115400,123.10272979736328,6157451,68.62224578857422,9795000,207.13284301757812,51241800
2017-05-17,34.829345703125,203070800,54.702877044677734,11151100,61.038421630859375,30548800,161.25999450683594,4797400,46.66445541381836,48982000,97.82218170166016,6480800,40.55238723754883,33173100,21.640850067138672,32913000,120.33686828613281,10946789,66.00614929199219,24679700,203.4574737548828,172174100
2017-05-18,35.36017608642578,134272800,54.542747497558594,9905800,61.24646759033203,25201300,161.6199951171875,3645600,47.077030181884766,36010000,98.05386352539062,6571300,40.66106414794922,19790100,22.3380126953125,57500400,120.64419555664062,10109177,65.7633056640625,23350100,204.27713012695312,107047700
2017-05-19,35.48070526123047,107843200,54.662864685058594,13028500,61.22837448120117,26961100,163.24000549316406,4164900,47.28256607055664,27206000,98.07703399658203,6957200,41.18892288208008,16895000,22.692352294921875,55745100,123.14662170410156,10117753,66.40560150146484,13412900,205.6057891845703,115011400
2017-05-22,35.69630813598633,91865600,54.90304946899414,9218700,61.91582107543945,16237600,165.1300048828125,4350800,47.74913024902344,27748000,98.27782440185547,4858200,41.15010452270508,13947000,22.628976821899414,26692800,123.71736907958984,5803039,66.34292602539062,11636000,206.64968872070312,61010600
2017-05-23,35.65224838256836,79675600,55.096534729003906,6857200,62.123870849609375,15425800,165.47999572753906,3352200,48.07007598876953,30908000,98.47859954833984,3972500,41.44508743286133,11751700,22.61168670654297,22754700,124.15633392333984,4982246,67.1732177734375,11753000,207.1070098876953,48341700
2017-05-24,35.54561996459961,76712000,54.90304946899414,8136000,62.20526123046875,14593900,164.92999267578125,2597300,48.41975402832031,22660000,98.47087097167969,3965200,41.21220779418945,11304400,22.513736724853516,22281000,122.1807861328125,11205008,67.13402557373047,9833800,207.59011840820312,46927700
2017-05-25,35.66848373413086,76942400,54.542747497558594,12370900,62.97414779663086,21854100,165.3000030517578,2605300,49.12553405761719,39082000,99.13943481445312,5294300,40.97156524658203,16643800,22.55983543395996,18405000,120.68812561035156,8190905,66.85208892822266,12238500,208.5823211669922,64071700
2017-05-26,35.608211517333984,87710400,54.409332275390625,8227100,63.281700134277344,19827900,165.69000244140625,2156300,49.195369720458984,32728000,98.66524505615234,4005200,40.68434524536133,14247700,22.507978439331055,18377400,120.51246643066406,6390068,66.8598861694336,8113500,208.5392303466797,46629900
2017-05-30,35.62212371826172,80507600,54.10908508300781,8973600,63.688751220703125,17072800,165.11000061035156,3048300,49.3390007019043,30324000,98.81291961669922,3665400,40.49028015136719,19379700,22.513736724853516,16231200,120.11735534667969,7602749,65.71630859375,12603200,208.35800170898438,35201900
2017-05-31,35.411170959472656,97804800,53.708778381347656,13572300,63.173152923583984,30436400,165.27999877929688,5674900,48.8892822265625,34482000,99.69915008544922,8813500,39.698486328125,30519700,22.64337921142578,24605100,120.20516967773438,7430561,64.3456039428711,28327900,208.30625915527344,91796000
2017-06-01,35.508522033691406,65616400,53.84221267700195,9884100,63.408302307128906,21603600,166.66000366210938,3330900,48.94872283935547,26128000,100.11112976074219,5790900,40.42817687988281,21001800,22.991960525512695,24459300,121.69786834716797,6758085,65.05838775634766,17123500,209.96273803710938,68962000
2017-06-02,36.03474044799805,111082800,53.041587829589844,21687300,64.90984344482422,34770300,166.2899932861328,3919900,49.33652877807617,34710000,101.12176513671875,6562600,40.218589782714844,19477300,22.937223434448242,23989500,122.4002914428711,7722083,64.7293930053711,14998500,210.66160583496094,88666100
2017-06-05,35.682403564453125,101326800,53.455238342285156,11527100,65.3802261352539,33316800,166.52000427246094,2303200,49.72087097167969,27578000,101.33940887451172,4634700,40.14871597290039,13663800,23.121591567993164,30437100,122.83930969238281,9078783,64.84690856933594,9080200,210.5062713623047,44698800
2017-06-06,35.802921295166016,106499600,54.18246841430664,12208600,65.5972900390625,31511100,166.1300048828125,2752300,49.3642578125,31042000,101.70478820800781,5619100,40.218589782714844,14887500,22.73845100402832,34577700,122.61984252929688,7036336,64.98006439208984,12196800,209.8333740234375,50375400
2017-06-07,36.016197204589844,84278400,53.98232650756836,13096500,65.4797134399414,22301800,166.5,2987300,49.60299301147461,27482000,101.642578125,5765200,40.43595886230469,17022400,22.80182647705078,25533600,121.52222442626953,9084960,65.72416687011719,13711100,210.2216033935547,54144300
2017-06-08,35.928123474121094,85003200,53.78885269165039,11720700,65.08169555664062,24588300,166.94000244140625,4387400,49.740684509277344,33758000,101.48714447021484,8101700,40.8007926940918,22644200,22.73845100402832,32799000,121.12709045410156,8538411,66.53875732421875,17951000,210.32513427734375,65950700
2017-06-09,34.53493881225586,259530800,54.796287536621094,13553900,63.60730743408203,49187400,170.0,3781300,48.04878616333008,72958000,102.24894714355469,5992500,41.763362884521484,25750000,22.879600524902344,28215300,122.66372680664062,5292255,68.11312866210938,19120200,210.00588989257812,132256400
2017-06-12,33.70969009399414,289229200,55.330039978027344,18172900,63.11886215209961,47761700,170.5,4662700,47.63719940185547,84042000,102.47441864013672,8020700,41.98849105834961,22791400,22.827756881713867,31231800,127.05392456054688,29022706,68.12881469726562,16053400,209.96273803710938,86108100
2017-06-13,33.98090744018555,136661600,55.350067138671875,12175500,63.90580368041992,25258600,171.47000122070312,3145400,48.067604064941406,40108000,102.62987518310547,5733800,42.267940521240234,17966000,22.908414840698242,16584000,124.90277099609375,12274276,68.35594177246094,12557200,210.98948669433594,60067000
2017-06-14,33.64942932128906,126124800,54.756263732910156,13714000,63.562068939208984,25510700,171.4499969482422,3344500,47.94031524658203,30110000,103.21292114257812,7329400,42.33004379272461,16575000,23.017887115478516,15019500,125.95641326904297,8580248,68.21492767333984,16175700,210.72198486328125,78602300
2017-06-15,33.447750091552734,128661600,54.88303756713867,11862600,63.227394104003906,26068700,170.5500030517578,3275200,47.55646514892578,48552000,103.42282104492188,5265000,41.84099578857422,17232300,22.732683181762695,33891600,128.125732421875,9988258,67.80765533447266,12509700,210.31643676757812,66464900
2017-06-16,32.97949981689453,201444400,55.70369338989258,39726100,63.3178825378418,48345100,170.47999572753906,6505900,47.47919845581055,51184000,104.44117736816406,12639600,41.83323669433594,23492700,21.6754150390625,168699000,128.3914031982422,17019649,67.50218963623047,16936600,210.36245727539062,84553100
2017-06-19,33.9229621887207,130165600,55.21662521362305,10445700,64.10482025146484,23798300,171.5500030517578,2869000,48.30137252807617,29376000,104.22352600097656,7488700,42.104923248291016,15367300,21.750322341918945,48285300,127.5059814453125,6365174,68.98255920410156,15972300,212.1137237548828,65123800
2017-06-20,33.614662170410156,99600400,54.9163932800293,13232600,63.23644256591797,21512200,170.5500030517578,2470100,47.99281311035156,25946000,104.3401107788086,5201200,41.49943923950195,13622200,21.761844635009766,30057600,124.5396728515625,9920401,68.5517349243164,11197800,210.6832275390625,56906400
2017-06-21,33.81401062011719,85063200,54.335914611816406,11422300,63.562068939208984,19891100,169.6199951171875,2365100,48.468292236328125,23232000,104.87650299072266,5841100,41.1268196105957,12653700,21.9635009765625,27034200,122.99011993408203,7044036,68.23844909667969,10005900,210.63121032714844,55977600
2017-06-22,33.758384704589844,76425200,54.095741271972656,8139900,63.553062438964844,22965700,168.32000732421875,2673900,48.3707160949707,20190000,105.76273345947266,7311000,40.74646759033203,15362200,21.756078720092773,24333900,121.9718017578125,7592087,68.16011810302734,12180600,210.53585815429688,44148100
2017-06-23,33.90904235839844,141757600,54.44935989379883,10611200,64.41236114501953,27617300,167.22000122070312,4046800,48.83976364135742,31280000,106.0581283569336,9007100,40.71540069580078,21868500,21.560192108154297,39240900,122.06037902832031,6622204,68.03480529785156,18812000,210.7872314453125,66986800
2017-06-26,33.80241775512695,102769600,54.202491760253906,7718700,63.79727554321289,19607000,167.49000549316406,2543000,48.1463508605957,30358000,105.98812866210938,5561800,41.064727783203125,12532800,21.750322341918945,25762500,122.23751068115234,5947203,68.33244323730469,10082400,210.9259796142578,56700500
2017-06-27,33.317935943603516,99047600,54.115787506103516,9221600,62.60325241088867,25215100,167.35000610351562,2995600,46.957664489746094,48872000,104.95425415039062,6120500,41.26654815673828,13496300,21.897241592407227,19363200,120.46654510498047,8623879,68.96690368652344,15415200,209.22671508789062,82247700
2017-06-28,33.80473709106445,88329600,54.39599609375,9189700,63.136985778808594,25806200,169.88999938964844,3210900,47.59757614135742,54912000,104.02919006347656,6557900,42.1747932434082,20961700,22.04128074645996,20966700,119.8910140991211,6471822,70.35331726074219,17466200,211.09933471679688,70042600
2017-06-29,33.30634689331055,125997600,53.84221267700195,20525100,61.95199966430664,28918700,169.3000030517578,3545500,46.448997497558594,64134000,103.11186218261719,5750000,43.30038070678711,32552100,21.874195098876953,21190500,119.6253662109375,7664597,71.3950424194336,27697800,209.24404907226562,106949700
2017-06-30,33.38517379760742,92096400,53.86222839355469,14000600,62.350013732910156,24161100,169.3699951171875,3627800,46.04583740234375,45754000,102.83972930908203,5264400,43.013160705566406,16750700,21.802173614501953,20889900,119.58110046386719,5478256,71.59085083007812,16892700,209.63417053222656,86820700
2017-07-03,33.264625549316406,57111200,54.77627944946289,8422300,61.66252899169922,16165500,171.8000030517578,2493400,45.53965759277344,33896000,103.3139419555664,2931000,43.30038070678711,11825000,21.709985733032227,14545800,121.52909088134766,4312002,73.0478515625,13208100,209.98963928222656,39153800
2017-07-05,33.401397705078125,86278400,53.94229507446289,9830800,62.48569869995117,21176300,171.85000610351562,2558600,46.17362594604492,41882000,103.88925170898438,4302700,43.30038070678711,14086900,21.69847297668457,18110700,121.08639526367188,4438284,73.78031921386719,17535400,210.4751434326172,54427600
2017-07-06,33.08613204956055,96515200,53.455238342285156,9822400,62.02436447143555,21117600,170.1999969482422,3182000,45.9472770690918,40298000,103.01854705810547,4282200,43.129615783691406,14481200,21.741676330566406,18485400,116.48199462890625,15993094,73.54403686523438,16596100,208.55044555664062,65400800
2017-07-07,33.42224884033203,76806800,53.52196502685547,10777800,62.82942581176758,16878300,171.13999938964844,2967200,46.59709930419922,33266000,103.03409576416016,4994100,43.26934051513672,11503500,21.701351165771484,15921300,115.77365112304688,8459808,73.91419219970703,12817800,209.90298461914062,57972300
2017-07-10,33.62623977661133,84362400,53.48192596435547,6338300,63.29978942871094,15014500,170.25,2504500,47.1017951965332,29030000,102.26449584960938,4019600,43.15288162231445,10979000,21.096372604370117,45200100,115.28665161132812,9756038,73.3943862915039,13987200,210.1283721923828,36663300
2017-07-11,33.73518753051758,79127200,53.775489807128906,9681100,63.30880355834961,17460000,169.24000549316406,3525600,47.22710418701172,29224000,102.0157241821289,3733100,42.7259407043457,14842700,21.165510177612305,22597800,116.79192352294922,8607645,73.11090087890625,13262300,209.9722900390625,50354600
2017-07-12,33.783870697021484,99538000,54.01567840576172,7974000,64.35809326171875,17750900,169.9199981689453,3018200,47.926944732666016,32042000,102.7931137084961,5053200,42.826866149902344,11951500,21.300912857055664,17100600,117.67737579345703,10638908,72.85883331298828,13540100,211.55020141601562,59610400
2017-07-13,34.254451751708984,100797600,54.02235794067383,5582300,64.91889190673828,20269800,169.69000244140625,3170500,47.98588180541992,30492000,102.50550079345703,4424400,43.16064453125,14201800,21.620689392089844,24481500,118.60709381103516,5794045,73.32350158691406,12820100,211.90565490722656,39471600
2017-07-14,34.54884719848633,80528400,54.22917556762695,7497200,65.83248901367188,25868100,169.47000122070312,2941500,48.38508224487305,21592000,103.08075714111328,4383100,42.687137603759766,17949600,21.992307662963867,27455700,118.56283569335938,4394069,72.6540756225586,22235200,212.89401245117188,60262700
2017-07-17,34.66938781738281,95174000,53.948978424072266,7914700,66.34807586669922,21803900,170.16000366210938,3044400,48.33802795410156,33210000,102.73092651367188,4939400,42.46977615356445,14953600,22.000951766967773,26506800,118.73992156982422,5779022,71.97676849365234,14374200,212.8679962158203,33531900
2017-07-18,34.78993225097656,71475200,53.775489807128906,8046100,66.30284881591797,26435300,170.30999755859375,2599700,48.88235092163086,28266000,104.52667999267578,10256000,42.539642333984375,13603300,21.95197868347168,12944700,119.04979705810547,5455700,71.72476196289062,14719400,212.980712890625,42742500
2017-07-19,35.007843017578125,83692000,53.94229507446289,9393200,66.80939483642578,22416200,171.1999969482422,1923200,49.17061233520508,28242000,105.1097412109375,5503300,42.6483154296875,12366200,21.85691261291504,15940800,119.27118682861328,5173234,71.82711791992188,11651200,214.13377380371094,51034300
2017-07-20,34.85019302368164,68974800,53.948978424072266,9681000,67.13502502441406,42361000,171.3300018310547,2137900,49.141876220703125,28368000,106.16695404052734,6088600,42.601741790771484,15123500,21.90012550354004,14896200,118.16437530517578,11509404,71.82711791992188,11561700,214.2291259765625,47135200
2017-07-21,34.83396911621094,105010400,53.455238342285156,12268600,66.7460708618164,46717100,171.33999633789062,2419800,49.223602294921875,29266000,105.18746185302734,6773500,42.05057907104492,17384500,21.937572479248047,21459900,114.7110824584961,18915198,71.5829849243164,10971300,214.0384521484375,82340800
2017-07-24,35.255859375,85972800,53.28844451904297,9403000,66.57420349121094,21394800,171.3699951171875,2649600,49.44499969482422,79690000,103.39946746826172,8306700,42.12821960449219,18489900,22.150754928588867,22164000,112.58598327636719,11867093,71.89012145996094,10725100,213.98638916015625,46622300
2017-07-25,35.406532287597656,75415600,53.55531692504883,11465300,67.10789489746094,22018700,172.94000244140625,2921100,47.99479675292969,118672000,102.52104187011719,6262900,42.74146270751953,20167800,22.620332717895508,34512000,112.63025665283203,9636328,73.08727264404297,16447700,214.50657653808594,54915600
2017-07-26,35.57345199584961,63124000,53.62202835083008,10465100,66.98123931884766,16252200,173.02000427246094,2849500,47.810546875,44432000,101.7980728149414,5382200,42.62502670288086,19686900,22.72980499267578,20148300,113.29434967041016,8499516,72.40205383300781,11815500,214.51527404785156,47575400
2017-07-27,34.90120315551758,129905200,53.9289665222168,11149700,66.17621612548828,36844200,173.0500030517578,3522600,47.176578521728516,74358000,101.70478820800781,5838100,42.46977615356445,17352600,22.983314514160156,24157500,114.1798095703125,8323113,72.10277557373047,12332400,214.31581115722656,70766600
2017-07-28,34.65548324584961,68854800,53.108299255371094,22800800,66.06765747070312,18306700,174.0,2401800,47.464839935302734,36276000,102.49771118164062,4970900,41.37522888183594,32590600,22.991960525512695,14925600,113.0287094116211,5902383,71.89012145996094,9351900,214.0644073486328,50088400
2017-07-31,34.47698974609375,79383600,53.40184783935547,12820200,65.7601318359375,23600100,174.97000122070312,3477000,46.829383850097656,45670000,103.17402648925781,5440800,41.87205123901367,20378100,23.04381561279297,18789600,113.38288879394531,6388461,72.29966735839844,11520300,213.9430389404297,65838700
2017-08-01,34.78297424316406,141474400,53.48859405517578,10421200,65.65157318115234,22132300,176.2899932861328,2666000,46.88188552856445,28052000,103.01080322265625,3837600,41.98072814941406,19350300,23.19074249267578,17179500,112.63025665283203,8745299,73.26837158203125,12523700,214.419921875,55050400
2017-08-02,36.42649459838867,279747200,53.775489807128906,10410100,65.36213684082031,26499200,177.85000610351562,3174500,46.93537902832031,40788000,102.73871612548828,4032100,41.92599105834961,19422100,23.19938087463379,26019000,112.98445892333984,5714629,73.33140563964844,10165600,214.52394104003906,47211200
2017-08-03,36.06256103515625,108389200,53.702091217041016,10136700,65.26262664794922,18214400,178.99000549316406,2856200,46.57183837890625,22478000,103.66376495361328,4327300,41.753971099853516,19374700,23.29732894897461,29840700,114.0469970703125,6451143,72.85098266601562,11078800,214.1077880859375,40856000
2017-08-04,36.25263977050781,82239600,53.515281677246094,8292200,65.7420425415039,22579000,179.9199981689453,2636600,46.843746185302734,25092000,103.53165435791016,3192800,41.31609344482422,44664600,23.184978485107422,21425400,114.1355209350586,4864539,73.76456451416016,14324000,214.49795532226562,60191800
2017-08-07,36.813636779785156,87481200,53.48192596435547,7893800,65.48876190185547,18705700,178.0399932861328,3279200,46.841766357421875,28916000,103.28288269042969,3010800,41.08152389526367,22673700,23.41544532775879,16453500,113.47144317626953,3937537,74.04808044433594,7978300,214.89674377441406,31995000
2017-08-08,37.1080207824707,144823600,53.348487854003906,9028400,65.84153747558594,22044600,176.42999267578125,2925000,46.764503479003906,30102000,102.8241958618164,5535800,41.21445083618164,24877800,23.504745483398438,22144200,113.16152954101562,5663840,73.78031921386719,13745400,214.3678741455078,61719400
2017-08-09,37.335201263427734,104526000,53.515281677246094,8087100,65.55207824707031,22213400,178.05999755859375,2804100,46.56094741821289,28018000,103.57049560546875,6332300,41.277008056640625,14631600,23.658395767211914,19819500,113.82561492919922,6191213,73.66217803955078,11214400,214.35919189453125,62632600
2017-08-10,36.14601135253906,163217200,53.198673248291016,12580300,64.59326171875,24734500,176.36000061035156,3084300,45.74421310424805,54148000,103.46166229248047,5607900,40.620201110839844,18373000,23.382993698120117,24135000,112.01045989990234,6192861,72.6068344116211,13252300,211.3334503173828,120479500
2017-08-11,36.64866638183594,105028400,52.68669128417969,10192400,65.57921600341797,21443700,175.33999633789062,2580000,46.06614685058594,32334000,103.46946716308594,4270600,40.61238479614258,14714500,23.307619094848633,23716500,111.56770324707031,4009922,72.00038146972656,10679500,211.6455841064453,74869900
2017-08-14,37.20021057128906,88490800,52.70015335083008,8862500,66.56517791748047,20096600,177.2899932861328,2710100,46.50398254394531,23012000,103.76483917236328,3041100,41.31609344482422,16313200,23.394588470458984,23376000,112.27606964111328,5068840,72.84310150146484,10994800,213.74365234375,73291900
2017-08-15,37.607486724853516,117862000,52.57216262817383,10350900,66.58334350585938,19181400,177.47000122070312,2670000,46.46188735961914,22130000,103.6871109008789,3931800,41.323909759521484,11028100,23.414880752563477,21198300,111.30207061767578,5703757,73.03211975097656,8812700,213.7176055908203,55242700
2017-08-16,37.456207275390625,110686400,52.18818664550781,9117100,66.9743881225586,18150400,178.5399932861328,2299200,46.768463134765625,26906000,104.30123901367188,4469900,41.198822021484375,11224400,23.475759506225586,34608000,111.12498474121094,5732741,72.52806854248047,11085400,214.0904083251953,56715500
2017-08-17,36.73710632324219,111762400,51.373050689697266,13400400,65.8376693725586,22977500,177.16000366210938,4189500,45.94579315185547,33914000,103.42282104492188,5741400,40.50291061401367,16814300,23.104686737060547,51881100,109.5754165649414,6514785,71.39395141601562,13837500,210.7525634765625,128490400
2017-08-18,36.65332794189453,109712400,51.62904357910156,14324300,65.91950988769531,18761500,177.55999755859375,3586100,45.872493743896484,26748000,103.10407257080078,4792800,40.409080505371094,17130600,22.99163055419922,29259000,108.68994903564453,7151497,71.46485900878906,13040700,210.42311096191406,136748000
2017-08-21,36.58583450317383,105474000,51.453895568847656,10084900,65.61031341552734,17734800,178.33999633789062,2878400,45.609493255615234,26024000,103.74153137207031,4660000,40.51854705810547,13503100,23.107595443725586,28841700,108.42431640625,9609933,71.37822723388672,11502100,210.5878448486328,65469700
2017-08-22,37.18393325805664,86418400,51.6963996887207,9503600,66.52880859375,14343700,180.4499969482422,2928600,46.576786041259766,35502000,104.7132568359375,4150300,40.83132553100586,12984100,23.19746208190918,19638300,108.91131591796875,6253415,72.11064910888672,9211800,212.7899932861328,63140100
2017-08-23,37.230472564697266,77596400,51.60884094238281,7054300,66.12865447998047,13766500,179.97999572753906,2444600,46.68476867675781,22690000,103.2362289428711,5129900,40.6827507019043,10019500,23.180063247680664,23397900,107.9815902709961,7205853,72.19728088378906,8811300,212.0270233154297,50203800
2017-08-24,37.065242767333984,79275600,51.42022705078125,8678300,66.10139465332031,17098300,178.42999267578125,3250100,46.40293884277344,25892000,103.3061752319336,5398400,40.784400939941406,12345000,22.710437774658203,57384000,107.5831527709961,5330878,72.07913970947266,8623200,211.5328369140625,50741700
2017-08-25,37.20254135131836,101920400,51.682952880859375,6844900,66.21961975097656,12794300,179.60000610351562,2284600,46.08645248413086,23746000,103.01670837402344,4133300,40.479461669921875,15307800,22.794509887695312,29706600,108.42431640625,4771643,72.37055969238281,11794600,212.0270233154297,64445900
2017-08-28,37.57722091674805,103864000,51.514530181884766,8229700,66.22869873046875,14569700,178.6999969482422,2986500,45.96907424926758,20988000,103.06365203857422,5349200,40.369991302490234,12425900,22.62056541442871,25864500,108.33580017089844,4994870,72.14215850830078,7292900,212.03567504882812,40565600
2017-08-29,37.91233825683594,118067600,51.501041412353516,7060400,66.42876434326172,11478400,178.6199951171875,2499300,46.34647750854492,23172000,103.4313735961914,3277900,40.205787658691406,10715500,22.835092544555664,22995600,108.2029800415039,4989131,71.74836730957031,10886100,212.27845764160156,51135700
2017-08-30,38.014732360839844,109078400,51.265281677246094,8218000,67.3017349243164,16897800,180.35000610351562,3303500,46.73676681518555,22406000,102.53950500488281,5430800,40.158870697021484,11427500,22.768417358398438,17489400,107.49461364746094,7068637,71.91376495361328,9165300,213.2841339111328,62030800
2017-08-31,38.165992736816406,107140400,51.42022705078125,15641700,67.99286651611328,27652800,181.16000366210938,4376300,47.311798095703125,33866000,103.55651092529297,7407100,39.93212890625,25231100,22.632158279418945,24584400,108.68994903564453,11535738,71.5829849243164,13217400,214.5672607421875,103803900
2017-09-01,38.177642822265625,66364400,51.581912994384766,7361100,67.23809051513672,21736200,180.72999572753906,2536800,47.15082550048828,20858000,102.50821685791016,3820800,39.85393524169922,16217700,22.719135284423828,19423200,111.30207061767578,12279368,72.22091674804688,9815800,214.87071228027344,62007000
2017-09-05,37.71917724609375,117874000,51.99282455444336,12784800,66.9380111694336,21556000,176.97999572753906,4880700,46.630287170410156,29148000,101.62419891357422,5146600,39.173667907714844,31251300,23.13367462158203,36205500,109.5754165649414,9293476,70.49613189697266,16897300,213.32749938964844,91398800
2017-09-06,37.679622650146484,86606800,53.0706787109375,18574400,66.74703216552734,16535800,176.7899932861328,4270300,46.65702819824219,27830000,102.22660064697266,5601900,39.00164794921875,26854000,23.214855194091797,25278300,110.32807159423828,11481632,70.96867370605469,11845700,214.05572509765625,57916900
2017-09-07,37.528343200683594,87714000,53.23910140991211,9836400,67.6018295288086,17471200,173.99000549316406,4620600,47.04682159423828,22332000,103.41571807861328,3800200,38.84525680541992,23367300,23.226449966430664,20462400,106.34349822998047,16715628,69.72428894042969,14592300,214.02975463867188,58034700
2017-09-08,36.91630554199219,114446000,53.097618103027344,8436000,67.27445220947266,14703800,175.5,3736400,46.62681579589844,19998000,102.4690933227539,4854400,38.76707458496094,18975700,22.866979598999023,29998800,105.45806884765625,9307268,69.63765716552734,14242200,213.77833557128906,63832800
2017-09-11,37.584205627441406,126323200,53.38729476928711,12955800,67.98377227783203,17910400,177.8699951171875,4107600,46.71992874145508,26748000,104.21371459960938,5724200,39.61155319213867,17987100,22.92495346069336,21000600,105.01532745361328,9036446,70.71663665771484,13219000,216.05845642089844,71364800
2017-09-12,37.43526077270508,286856000,53.55571365356445,7644400,67.91101837158203,14394900,178.6300048828125,2348500,46.8863410949707,25696000,103.75994110107422,5465200,40.32308578491211,17129500,23.07860565185547,18015000,105.85650634765625,10362702,71.5829849243164,14003800,216.7866973876953,56896000
2017-09-13,37.15366744995117,179629600,53.73758316040039,8369700,68.39295959472656,13380800,178.9199981689453,2679400,47.07405471801758,21908000,103.61913299560547,4679500,40.23706817626953,12617300,23.151077270507812,26471100,106.741943359375,8060554,71.78775024414062,12485400,216.89077758789062,59228000
2017-09-14,36.8348503112793,95042800,53.95315170288086,9072600,67.99286651611328,15733900,178.57000732421875,3304100,46.56341552734375,28548000,104.9725570678711,6274500,40.10414505004883,13739400,23.098896026611328,20817900,107.40605163574219,8781440,71.64598083496094,10562800,216.82139587402344,95446300
2017-09-15,37.20720291137695,196458400,53.939701080322266,16043700,68.48391723632812,38578400,179.88999938964844,9234800,46.323699951171875,39886000,105.18378448486328,15522000,40.393455505371094,28494300,23.301828384399414,39953400,107.00360870361328,13888549,72.15789794921875,18171800,217.11325073242188,95432400
2017-09-18,36.92561340332031,113077600,53.95315170288086,8594400,68.34749603271484,23307000,181.47000122070312,3698600,46.04930877685547,29474000,105.91133880615234,5260800,41.21445083618164,20943400,23.19166374206543,24528300,109.3735122680664,10955699,73.1817398071289,11318700,217.5750274658203,46235200
2017-09-19,36.93956756591797,83242400,54.040740966796875,9277100,68.6021499633789,16093300,183.00999450683594,3159000,46.40145492553711,24854000,105.78618621826172,4903800,41.72269821166992,17047000,23.20615005493164,18523200,108.2109146118164,9460843,73.98506927490234,12626100,217.79287719726562,47108100
2017-09-20,36.3205451965332,211805600,54.26305389404297,10606900,68.14747619628906,21587900,183.82000732421875,3742100,46.930423736572266,40080000,104.22149658203125,8705500,42.02764129638672,21560400,23.336610794067383,15954600,108.74750518798828,8298554,74.50489807128906,15311600,217.8712921142578,59574100
2017-09-21,35.696842193603516,150046800,53.81843948364258,11984200,67.48358917236328,19186100,183.16000366210938,2369000,46.93091583251953,27414000,103.07148742675781,6051800,42.27003479003906,16210900,23.194562911987305,19290900,110.67025756835938,10874529,74.84355163574219,10851500,217.2875213623047,48211400
2017-09-22,35.34776306152344,186581600,53.83863067626953,10205800,67.66548156738281,14111400,181.86000061035156,2688100,46.718441009521484,21496000,102.78987884521484,4334900,42.4185905456543,18047800,23.0554141998291,17265900,111.20684814453125,8287537,74.6860122680664,8358300,217.3311004638672,51214000
2017-09-25,35.035926818847656,177549200,54.552711486816406,10496600,66.61972045898438,24149200,182.52000427246094,2424600,46.27367401123047,37468000,102.6177749633789,6017400,42.2465705871582,11595900,22.945249557495117,25643400,112.2800064086914,8865635,74.12686157226562,10463400,216.88674926757812,57064400
2017-09-26,35.638675689697266,146640000,54.492103576660156,8755100,66.61972045898438,18019600,181.86000061035156,2382000,46.4296875,33454000,102.43778991699219,4516200,42.066734313964844,12052500,23.014822006225586,17505900,111.47512817382812,8503648,73.79605102539062,9358100,217.01742553710938,54082000
2017-09-27,35.892333984375,102016800,54.85586166381836,9724500,67.15623474121094,19565100,183.27000427246094,2593900,47.542598724365234,46692000,101.50682067871094,5796100,42.387306213378906,15840800,22.9858341217041,18943800,108.97109985351562,11787113,74.961669921875,15090200,217.86256408691406,81001400
2017-09-28,35.67124557495117,88022000,55.367855072021484,15581700,67.1744384765625,10883800,183.2100067138672,1930800,47.78578186035156,28018000,101.28780364990234,3992700,42.4185905456543,14531700,22.88727378845215,37118400,108.38980102539062,7544053,75.11920928955078,10270400,218.12399291992188,44778800
2017-09-29,35.866722106933594,105199200,55.22637176513672,9944000,67.73822021484375,17079100,183.32000732421875,2761600,48.227088928222656,40622000,101.71023559570312,5736900,43.122314453125,20872300,22.652456283569336,31060200,108.12149810791016,7026425,75.22158813476562,11438400,218.8906707763672,85578000
2017-10-02,35.794593811035156,74795200,54.99058532714844,6777900,67.84736633300781,15304800,185.41000366210938,2577500,47.91752624511719,30782000,102.65689086914062,4492900,43.372528076171875,11764400,22.74231719970703,23127600,109.86538696289062,8868389,76.26905059814453,13797200,219.8404083251953,59023000
2017-10-03,35.95051956176758,64921200,55.078163146972656,6082000,67.52911376953125,12190400,185.6699981689453,3173900,48.14585494995117,21666000,103.34530639648438,3900800,43.458534240722656,17405100,22.965543746948242,23810100,110.89382934570312,7075210,76.67072296142578,9633500,220.31088256835938,66810200
2017-10-04,35.717796325683594,80655200,55.098384857177734,6357100,67.92009735107422,13317700,185.8300018310547,2071300,47.883358001708984,21156000,103.96334075927734,3589000,42.97374725341797,14697800,22.927852630615234,18520200,109.46298217773438,6708361,75.89103698730469,12166600,220.57229614257812,55953600
2017-10-05,36.162296295166016,85135200,55.253318786621094,7375900,69.08409881591797,21195300,187.1199951171875,2786100,48.79517364501953,35618000,104.19805145263672,3741100,43.309959411621094,14560700,23.020626068115234,15416100,109.73123931884766,7252865,76.91291809082031,14236200,221.87918090820312,63522800
2017-10-06,36.141334533691406,69630400,55.044490814208984,6070600,69.11139678955078,13959800,187.42999267578125,2600600,49.21369934082031,31060000,104.22149658203125,2469500,43.458534240722656,11151200,22.901763916015625,18740100,109.0605239868164,8498765,76.77826690673828,10231900,221.62648010253906,80646000
2017-10-09,36.26701354980469,65051600,55.260047912597656,7489900,69.37509155273438,11386500,187.5,2036700,49.1478271484375,25910000,104.40143585205078,3750500,43.11449432373047,11377000,23.345308303833008,40479000,104.76786041259766,29275875,76.37425994873047,7765100,221.26052856445312,35803100
2017-10-10,36.280967712402344,62468000,55.41501235961914,7218500,69.37509155273438,13944500,188.0,2212800,48.92444610595703,23268000,104.75350189208984,4184600,43.481990814208984,12800500,24.388927459716797,75372000,104.45484161376953,16812134,76.9446029663086,10631500,221.84426879882812,43057400
2017-10-11,36.432247161865234,67622400,55.644046783447266,7023700,69.49329376220703,15388900,187.4600067138672,2750600,49.80853271484375,36300000,106.9048843383789,8269400,43.52108383178711,12843100,24.852766036987305,55683000,103.1581039428711,16937707,76.71488189697266,14283600,222.1927947998047,47674300
2017-10-12,36.30424118041992,64500400,55.52951431274414,6647500,70.12986755371094,16876500,186.3000030517578,2640700,49.80853271484375,30614000,107.04570770263672,5172800,43.169227600097656,15067500,24.960031509399414,38631000,103.06865692138672,12509021,76.04153442382812,18251600,221.8617401123047,47065100
2017-10-13,36.534637451171875,65576800,55.51604080200195,7180000,70.4663314819336,15335700,187.3699951171875,2830200,49.918495178222656,26552000,106.73279571533203,4106600,41.98072814941406,35310000,25.11077117919922,28167000,102.75567626953125,8428237,75.93855285644531,13190600,222.13182067871094,54800400
2017-10-16,37.20720291137695,96486000,55.78551483154297,5734000,70.61183166503906,12380100,187.9600067138672,2316700,49.99178695678711,21420000,106.4902572631836,5120100,42.066734313964844,22802400,24.85566520690918,27900900,104.45484161376953,10382567,77.50706481933594,12434000,222.4280242919922,38221700
2017-10-17,37.34450912475586,75989200,55.886573791503906,6444100,70.55725860595703,16824000,187.38999938964844,2273100,50.073516845703125,20260000,110.14371490478516,11717300,41.58976364135742,18614700,24.925235748291016,17554500,103.6946792602539,12235757,77.3327865600586,10335700,222.5849151611328,31561000
2017-10-18,37.17927551269531,65496800,55.7518310546875,6367100,70.57545471191406,13300700,187.85000610351562,2192900,50.15969467163086,25596000,110.05764770507812,6827700,41.76178741455078,21604000,24.99480628967285,16416300,103.38166809082031,7297059,77.62590026855469,10158600,222.80267333984375,40888300
2017-10-19,36.299583435058594,170336800,55.73834991455078,7945500,70.84825134277344,15092800,187.2100067138672,2831900,49.61983108520508,34284000,111.12163543701172,9181300,42.02764129638672,12669700,25.0469913482666,21087000,105.43856811523438,15769450,77.720947265625,9133900,222.8637237548828,61903800
2017-10-20,36.36241149902344,95896400,55.98760986328125,9574100,71.66667938232422,22866400,189.0399932861328,2934900,49.77981185913086,32120000,111.40326690673828,5634500,42.94245910644531,28407700,25.34848976135254,22853400,106.55648803710938,40147504,78.83004760742188,15326600,224.0137481689453,89176400
2017-10-23,36.34381103515625,87937200,56.07520294189453,9829900,71.68486785888672,20627200,189.38999938964844,2418200,48.81251525878906,32786000,112.35771942138672,6686000,42.934654235839844,18102100,25.699262619018555,31758000,99.8044662475586,39090944,78.69534301757812,9238600,223.14247131347656,63915300
2017-10-24,36.56023406982422,71028800,56.23012161254883,7551200,71.71212768554688,17517200,189.77999877929688,2888600,48.9586296081543,28902000,110.8087158203125,6585800,43.33341598510742,18779400,25.505029678344727,23102700,97.88172149658203,27880573,79.94696807861328,13000800,223.5345458984375,66935900
2017-10-25,36.399658203125,84828400,56.028018951416016,9153300,71.50296020507812,20410800,188.7100067138672,3394200,49.10572814941406,30574000,111.37200164794922,6563600,43.20050048828125,17096900,25.649978637695312,19224000,96.1378173828125,23060959,80.02619934082031,14632700,222.4280242919922,103715300
2017-10-26,36.63237762451172,68002000,56.23012161254883,9154500,71.62120056152344,32120700,188.61000061035156,2740900,49.10374069213867,47396000,110.94168090820312,5841100,43.489803314208984,15979200,25.690561294555664,19454700,95.33294677734375,18004137,80.59659576416016,13054400,222.71556091308594,69798000
2017-10-27,37.944915771484375,177816800,56.391788482666016,14866200,76.21348571777344,71066700,188.58999633789062,2978800,51.19632339477539,103682000,110.9181900024414,5140100,43.6852912902832,17258600,25.56011199951172,19851000,92.96302032470703,20560436,80.6203384399414,10400400,224.53651428222656,85562500
2017-10-30,38.79900360107422,178803200,56.27729797363281,7811100,76.28621673583984,31756700,187.85000610351562,2473700,51.169586181640625,46804000,109.52568817138672,6034300,43.669654846191406,12249200,25.206439971923828,21156000,91.26384735107422,20529324,80.33517456054688,8839500,223.70018005371094,54285700
2017-10-31,39.33891296386719,144187200,56.149288177490234,9754200,75.64059448242188,27086600,186.94000244140625,3290400,51.165130615234375,30326000,109.0641098022461,4832100,43.896392822265625,14619200,25.310800552368164,18020700,90.14598846435547,20450366,79.70140075683594,8690200,224.04859924316406,60304800
2017-11-01,38.83856201171875,134551200,56.49958419799805,9430000,75.64059448242188,22307400,187.1699981689453,2727800,51.63862228393555,43262000,109.51004028320312,5006800,43.95113754272461,11678300,25.493432998657227,18528300,89.51994323730469,19137318,79.94696807861328,8418200,224.34486389160156,54202700
2017-11-02,39.12248229980469,165573600,56.270538330078125,7775500,76.43171691894531,23992900,188.61000061035156,3340900,51.65694808959961,26694000,109.47091674804688,3494100,44.470802307128906,15630000,25.742746353149414,15549300,89.16223907470703,17012575,80.47773742675781,8731800,224.43203735351562,56449500
2017-11-03,40.14410400390625,237594400,56.034767150878906,6903500,76.5135498046875,17633500,187.27000427246094,2159900,52.004638671875,27770000,109.58826446533203,2737000,44.36844253540039,10049200,25.997854232788086,19536300,90.0565414428711,14160018,80.33517456054688,7103500,225.1812744140625,59589700
2017-11-06,40.55138397216797,140105200,56.418731689453125,9276700,76.81366729736328,19860900,186.67999267578125,2602600,51.642578125,18294000,109.33790588378906,4220700,44.234588623046875,10414900,25.713756561279297,15772200,90.01181030273438,12661511,79.8360824584961,8121500,225.5298614501953,49652600
2017-11-07,40.68170928955078,97446000,56.30422592163086,8471800,76.63178253173828,17939700,186.3000030517578,2500600,52.12350845336914,26104000,109.34575653076172,4201900,43.3448600769043,18679100,25.786226272583008,16047900,90.36952209472656,8693113,78.22796630859375,18822600,225.37295532226562,57502200
2017-11-08,41.01448440551758,97638000,56.23012161254883,8691600,76.89550018310547,18034200,184.60000610351562,4118800,52.41572952270508,24276000,110.55834197998047,4440700,42.72282791137695,24047100,26.165992736816406,20302500,89.96711730957031,8280233,77.34864044189453,18524700,225.75631713867188,50469600
2017-11-09,40.93070602416992,117930400,56.56693649291992,10528800,76.46810913085938,21178400,184.49000549316406,3633000,51.8922119140625,35892000,109.79949188232422,3517100,42.51811599731445,24438800,26.177587509155273,20713500,89.38578796386719,10610572,77.3406982421875,13697800,224.9373321533203,95085500
2017-11-10,40.79524612426758,100582000,56.390193939208984,8693700,76.2680435180664,19397800,183.67999267578125,3043300,51.71539306640625,19442000,109.18144226074219,4240800,42.36851501464844,13671700,26.357322692871094,22943400,91.62157440185547,21019137,77.24565887451172,9314000,224.8676300048828,59984700
2017-11-13,40.631752014160156,67928400,56.35618209838867,6720400,76.32258605957031,14196900,184.39999389648438,1889900,51.56929397583008,18814000,109.33790588378906,4322300,42.29765701293945,13447000,26.37761688232422,25474800,85.04843139648438,54577114,77.52291107177734,9303100,225.0767364501953,50228600
2017-11-14,40.017494201660156,99130000,55.914249420166016,9251700,76.43171691894531,18801300,183.33999633789062,3088000,51.5910758972168,21012000,109.126708984375,4078200,42.54961395263672,20830100,26.4066104888916,29502300,80.0403060913086,65218755,77.05553436279297,11043800,224.55398559570312,61315200
2017-11-15,39.48966979980469,116632400,55.213958740234375,9663600,75.83767700195312,19383100,181.80999755859375,4004500,51.33203887939453,18106000,108.82162475585938,4811500,42.32126998901367,18238600,26.041343688964844,25300200,81.65005493164062,30124129,77.78433227539062,15384100,223.4300079345703,80811500
2017-11-16,39.961456298828125,94550000,54.772029876708984,10527200,76.03874206542969,20962800,182.0500030517578,3944000,51.929359436035156,23768000,108.64165496826172,4193800,42.990543365478516,26361800,28.879417419433594,114367200,81.6053466796875,18649508,78.00614166259766,9808000,225.32940673828125,67777000
2017-11-17,39.73957061767578,87598000,54.55446243286133,9536400,75.3075942993164,22079000,181.05999755859375,2715900,51.3062858581543,26712000,107.9610366821289,4247400,42.63623046875,15814800,28.256141662597656,70726500,81.4264907836914,12615126,77.7447280883789,9017900,224.667236328125,75756800
2017-11-20,39.69986343383789,65049600,54.76525115966797,8468600,75.4263916015625,16315000,181.6300048828125,2428800,51.245357513427734,17526000,107.90625762939453,4266300,42.5574836730957,16943100,28.259033203125,49182900,80.39805603027344,13340623,78.43392944335938,9483200,225.05062866210938,48075500
2017-11-21,40.437904357910156,100525200,54.982826232910156,8838400,76.51398468017578,21237500,183.17999267578125,3047000,52.01999282836914,22206000,108.22702026367188,5660600,42.927547454833984,13757000,27.98073959350586,38239500,79.72727966308594,16258721,78.37054443359375,13389400,226.52304077148438,69176800
2017-11-22,40.86297607421875,102355600,55.1391716003418,7941600,75.95647430419922,20553100,182.55999755859375,3017000,52.10023498535156,14538000,107.40555572509766,3917000,42.565364837646484,11421700,27.948841094970703,26754600,81.15819549560547,11444448,78.14081573486328,7342200,226.32266235351562,45033400
2017-11-24,40.86531448364258,56106800,55.356746673583984,3851300,76.09356689453125,7425600,182.36000061035156,1038600,52.32806396484375,16492000,107.96885681152344,2606800,42.5889892578125,5386500,28.009729385375977,13488300,81.33707427978516,5195206,77.8873062133789,3680000,226.84539794921875,27856500
2017-11-27,40.6597900390625,82867200,55.145992279052734,9127500,76.65106964111328,18265200,183.49000549316406,2985200,53.09526062011719,35430000,108.70086669921875,3933100,42.478759765625,11066800,28.009729385375977,26714700,81.0240478515625,16453507,77.578369140625,13076200,226.73219299316406,52274900
2017-11-28,40.42155075073242,105715200,55.52669906616211,9794600,77.57413482666016,21926000,187.5399932861328,3721000,52.66337203979492,36424000,110.212158203125,5052800,43.75429153442383,25685200,28.053220748901367,26128800,82.32079315185547,11709157,80.29553985595703,16773000,229.03236389160156,98971700
2017-11-29,39.583091735839844,166665600,55.93465042114258,9725000,76.16667175292969,27381100,189.85000610351562,4898000,51.38008499145508,55866000,110.04682922363281,5851400,44.6282844543457,29631800,28.282228469848633,34272000,82.63379669189453,11509697,82.17304992675781,21105500,228.89291381835938,77512100
2017-11-30,40.136627197265625,166108800,56.628135681152344,18592700,76.92523956298828,33054600,193.00999450683594,6420400,51.320152282714844,45092000,109.66903686523438,8941900,44.46293258666992,30984400,28.186559677124023,38564100,81.78422546386719,14200582,82.79883575439453,23945900,230.89688110351562,127894400
2017-12-01,39.94977569580078,159037200,56.74372863769531,13779300,77.00749206542969,29532100,194.55999755859375,5177300,50.7703857421875,37762000,110.1806411743164,5990500,44.250328063964844,31242400,28.221349716186523,24888600,79.95086669921875,17116050,83.01274108886719,19683500,230.41769409179688,164390900
2017-12-04,39.65781784057617,130169600,56.818504333496094,12597700,74.1012191772461,39094900,196.9600067138672,4899500,50.116600036621094,38778000,109.4171371459961,5916700,45.18730545043945,28720400,28.122785568237305,26869500,80.26390838623047,14261616,84.72386932373047,23576600,230.1388702392578,94040600
2017-12-05,39.62046813964844,109400800,56.35618209838867,9357200,74.56729888916016,26152300,196.07000732421875,3411700,50.49946212768555,38998000,109.93659973144531,6745300,46.10065460205078,39754900,28.360498428344727,27030300,79.41429901123047,13733075,83.74945831298828,17193900,229.3110809326172,77994500
2017-12-06,39.47330856323242,114240000,55.941463470458984,13398900,75.65489196777344,26162100,196.00999450683594,3315700,51.14927673339844,28710000,111.03070068359375,5591700,46.11641311645508,26758300,28.201053619384766,21423000,78.96715545654297,9163104,83.12362670898438,15476200,229.354736328125,75898600
2017-12-07,39.54572677612305,102693200,56.12500762939453,11359600,75.38984680175781,23184500,196.33999633789062,2650700,51.73619079589844,30866000,110.20428466796875,4713100,46.73841857910156,32990600,28.2039737701416,22507800,79.19071960449219,11598420,82.8780746459961,13371800,230.07786560058594,77218600
2017-12-08,39.55740737915039,93420800,56.1998176574707,11988600,76.9161148071289,24489100,196.44000244140625,3953400,51.974422454833984,31170000,110.66075134277344,5101300,46.69906997680664,22017100,28.1369571685791,17463300,79.19071960449219,11360294,83.91582489013672,13506900,231.33250427246094,76563900
2017-12-11,40.3281364440918,141095200,56.45136642456055,8760700,77.89400482177734,22857900,196.6999969482422,3605000,52.10270690917969,23254000,111.09371948242188,4358600,46.35261917114258,15876600,28.247692108154297,26786700,78.92243957519531,12138124,83.67025756835938,10591200,232.029541015625,83077500
2017-12-12,40.1015739440918,77636800,56.267791748046875,11307000,78.21387481689453,23924100,199.07000732421875,4343000,51.94420623779297,33882000,112.24292755126953,8016700,47.5021858215332,25040400,28.1806640625,23431800,80.08501434326172,13945388,84.64462280273438,15508800,232.4390411376953,85195800
2017-12-13,40.23470687866211,95273600,56.512569427490234,10172700,78.00365447998047,22062700,197.39999389648438,4151900,52.07398223876953,27680000,112.47112274169922,6118400,46.769935607910156,18227000,28.489572525024414,23638200,79.41429901123047,8785613,83.58311462402344,15020300,232.41290283203125,102905400
2017-12-14,40.223026275634766,81906000,56.36297607421875,9492400,77.40050506591797,19306000,196.66000366210938,3593900,52.3751106262207,30962000,111.49514770507812,5337900,46.628211975097656,14731000,28.305973052978516,28157400,78.87770080566406,10129668,82.90975952148438,13034200,231.46324157714844,100666700
2017-12-15,40.631752014160156,160677200,56.45136642456055,26582300,79.37455749511719,53936700,197.77999877929688,9169400,53.09476089477539,63760000,112.13272094726562,12517000,47.139991760253906,36467500,28.30014419555664,48428400,79.68260955810547,18441952,84.0821762084961,29350600,233.3906707763672,144610300
2017-12-18,41.20397186279297,117684400,56.390193939208984,9363500,78.94503021240234,22283800,199.33999633789062,4600100,53.74309158325195,30292000,111.61319732666016,5833200,47.96674346923828,19970900,28.53036880493164,23893200,79.41429901123047,11249683,84.73177337646484,12713100,234.87063598632812,83653600
2017-12-19,40.76487731933594,109745600,56.05023956298828,10285100,78.44235229492188,23524800,197.91000366210938,3645200,53.4801025390625,26350000,111.59747314453125,6580100,47.52580642700195,17062700,28.79265022277832,36036600,78.65411376953125,13666553,84.37531280517578,12149900,233.96868896484375,82382900
2017-12-20,40.72052001953125,93902400,56.34257888793945,10620300,78.15904235839844,23674900,197.7899932861328,3914300,53.17203903198242,28728000,111.10946655273438,6289800,47.35258102416992,16544500,28.778079986572266,32189400,78.02811431884766,15725818,84.0821762084961,13091500,233.84608459472656,76751500
2017-12-21,40.87466049194336,83799600,57.008872985839844,13578100,78.14075469970703,17990700,198.88999938964844,3262400,53.03780746459961,25640000,111.03070068359375,6284700,48.5100212097168,22130700,28.577001571655273,22107300,78.1175537109375,14163503,85.4209976196289,12323700,234.3277587890625,67032300
2017-12-22,40.87466049194336,65397600,57.0904541015625,10161400,78.14989471435547,14145800,197.9199981689453,3786800,52.93925094604492,17788000,110.29084777832031,4665600,48.46278762817383,11653200,28.620716094970703,16436100,78.25170135498047,9675745,85.11993408203125,14573400,234.26638793945312,78720900
2017-12-26,39.8376579284668,132742000,57.09728240966797,4777200,78.04937744140625,9891200,197.57000732421875,1769600,52.7901611328125,18376000,110.26721954345703,3271100,48.132080078125,11662800,28.897560119628906,12887700,78.47681427001953,11546922,84.779296875,7403700,233.9862060546875,45244400
2017-12-27,39.84468460083008,85992800,57.04289245605469,7000600,78.33270263671875,14678000,198.69000244140625,3343200,52.51032257080078,22324000,110.64506530761719,3753600,47.99036407470703,10010800,28.92670249938965,15422400,78.251708984375,12546163,84.93772888183594,9496500,234.10003662109375,57751000
2017-12-28,39.9567756652832,65920800,57.12446212768555,7495300,78.34184265136719,10594300,199.55999755859375,2340000,52.299835205078125,19884000,110.63720703125,2485000,48.26592254638672,10550900,28.967500686645508,29291700,78.16168212890625,12714804,85.38928985595703,7440600,234.58160400390625,45116100
2017-12-29,39.52470397949219,103999600,56.866111755371094,8523400,78.17733001708984,18717400,198.22000122070312,3566000,52.17353057861328,23606000,109.97602081298828,4452900,47.769893646240234,10711400,28.778079986572266,21432900,78.5668716430664,15889514,84.71591186523438,8925700,233.6971435546875,96007400
2018-01-02,40.23237609863281,102223600,57.8111457824707,11469300,78.55201721191406,22483800,197.22000122070312,4113000,53.154693603515625,31766000,109.59033966064453,6842100,48.100589752197266,13819300,28.731454849243164,30451500,80.95314025878906,16185981,85.51602935791016,13578800,235.3698272705078,86655700
2018-01-03,40.22536087036133,118071600,58.946563720703125,13957700,78.91759490966797,26061400,199.7899932861328,3526700,54.06156539916992,31318000,110.63720703125,5350500,48.47065734863281,14203700,28.98207664489746,26710800,81.71855926513672,17000180,85.60316467285156,11901000,236.85853576660156,90070400
2018-01-04,40.412208557128906,89738400,59.028160095214844,10863000,79.61219787597656,21912000,200.69000244140625,3900000,54.27156448364258,26052000,110.62933349609375,4837600,49.076934814453125,18740500,29.00830078125,20491200,83.42945098876953,17225995,86.82948303222656,12953700,237.85694885253906,80636400
2018-01-05,40.87232208251953,94640000,58.980567932128906,11047600,80.59925079345703,23407100,201.4199981689453,4207600,54.99121856689453,30250000,111.54239654541016,6158800,49.407623291015625,14217900,29.180248260498047,21852000,83.4744873046875,16667865,86.2720718383789,14155000,239.44192504882812,83524000
2018-01-08,40.72052001953125,82271200,59.245723724365234,10927100,80.68147277832031,22113000,202.74000549316406,3887900,55.18537139892578,24644000,111.6840591430664,5129800,48.848602294921875,15569400,29.61155128479004,26531700,82.3038558959961,17130657,86.39949035644531,12466500,239.8798828125,57319200
2018-01-09,40.71583938598633,86336000,58.994163513183594,8131600,80.62667083740234,19484300,203.02000427246094,3834900,55.11503982543945,26808000,113.455078125,8897000,49.02181625366211,15766500,29.25601577758789,21938100,83.56454467773438,13855205,86.83745574951172,13292300,240.42279052734375,57254000
2018-01-10,40.70649719238281,95839600,58.52503967285156,10822300,80.26106262207031,18652200,205.61000061035156,3793100,54.98379135131836,20734000,113.3212890625,6558600,49.6989631652832,18107500,29.046186447143555,23791200,85.23043060302734,17177522,87.79303741455078,15834500,240.05502319335938,69574300
2018-01-11,40.937721252441406,74670800,59.102943420410156,14366000,80.49868774414062,17808900,206.69000244140625,3641500,55.07839584350586,22424000,113.96666717529297,4962200,49.61235809326172,22075000,29.148189544677734,19613100,85.63565826416016,20808952,88.2628402709961,13676800,241.80641174316406,62361500
2018-01-12,41.360450744628906,101672400,59.50408935546875,9834500,81.88786315917969,24271500,210.16000366210938,4184400,55.99962615966797,38586000,114.7302017211914,5450600,49.250160217285156,25886100,29.395893096923828,20853600,84.46502685546875,18169606,89.72006225585938,18884200,243.38279724121094,90816100
2018-01-16,41.15024948120117,118263600,59.1301383972168,10882800,80.74543762207031,36599700,210.2899932861328,6220000,56.002098083496094,36462000,115.59601593017578,8804000,49.210784912109375,17907800,29.343433380126953,21512100,81.98873138427734,42912819,89.40157318115234,22703300,242.55076599121094,106555100
2018-01-17,41.82990646362305,137547200,59.83045196533203,10546000,82.38137817382812,25621200,214.16000366210938,4600700,56.41814422607422,27830000,115.69051361083984,10619700,50.29735565185547,23892900,29.929203033447266,26045700,78.11662292480469,39131904,89.97491455078125,14940300,244.86270141601562,113258800
2018-01-18,41.86726760864258,124773600,59.4428825378418,9223700,82.3448257446289,24159700,213.19000244140625,5141500,56.26312255859375,27498000,115.64326477050781,5554800,50.352474212646484,16305900,30.39548110961914,36923700,75.50523376464844,35944841,90.18991088867188,14572900,244.45120239257812,100728000
2018-01-19,41.68043518066406,129700400,59.252540588378906,13090000,82.2534408569336,36875000,213.25,5140200,56.63606643676758,30552000,115.98955535888672,8738800,50.56507110595703,16524000,30.479990005493164,25135800,73.20901489257812,44851332,89.99083709716797,18785500,245.56329345703125,140920100
2018-01-22,41.33943557739258,108434400,60.000404357910156,10270400,83.72484588623047,23601600,215.97000122070312,3267200,57.65932846069336,29550000,116.60356140136719,7010400,50.966636657714844,12245200,30.730623245239258,21924900,72.80381774902344,28005019,91.04195404052734,12475700,247.55996704101562,91322400
2018-01-23,41.3487663269043,130756400,60.03438949584961,10281800,83.9898910522461,23412800,215.55999755859375,3659100,58.254173278808594,39138000,111.6368408203125,17473600,50.77764892578125,12937100,30.86174964904785,24863400,76.04551696777344,25714786,90.9464111328125,12320800,248.08544921875,97084700
2018-01-24,40.69014358520508,204420400,60.19076919555664,10316100,83.91678619384766,33277500,215.61000061035156,4294200,58.01247024536133,37128000,111.82575225830078,13034400,51.557159423828125,20180300,30.829696655273438,20469300,74.01946258544922,34850262,92.10902404785156,15904500,247.9890594482422,134816100
2018-01-25,39.96379470825195,166116000,60.08199691772461,11271900,84.38289642333984,26383200,215.10000610351562,3088300,58.54985427856445,29984000,113.65972900390625,7938800,51.691001892089844,17568700,31.065757751464844,17571300,72.84883117675781,19834813,92.13288879394531,13510000,248.0941162109375,84587300
2018-01-26,40.05720520019531,156572000,60.51033020019531,10514400,85.96393585205078,29172200,217.19000244140625,3640800,58.81829833984375,42170000,114.39176177978516,8065600,51.91147994995117,16251900,31.587400436401367,20358900,72.62371826171875,18965005,92.62661743164062,13883900,250.966552734375,107743100
2018-01-29,39.22809600830078,202561600,59.837242126464844,9315700,85.83602905273438,31569900,215.4600067138672,3021300,58.76481246948242,31494000,113.09298706054688,8013400,51.82487106323242,16105200,31.925447463989258,25065600,73.29906463623047,15469060,92.53105926513672,11679900,249.30262756347656,90118300
2018-01-30,38.99686813354492,184192800,59.00094985961914,12408000,84.75758361816406,38635100,214.41000366210938,5040100,58.31360626220703,37338000,112.10911560058594,8376100,51.39967727661133,16158900,31.395061492919922,27541500,71.81326293945312,14242064,91.66307067871094,14279100,246.7455596923828,131796400
2018-01-31,39.10429000854492,129915600,59.3545036315918,14404700,86.83222198486328,48756300,214.3800048828125,4626300,58.55381774902344,36022000,108.77172088623047,13137400,51.793357849121094,18147900,31.065757751464844,29438400,72.80381774902344,16018822,92.10902404785156,13141400,246.86817932128906,108364800
2018-02-01,39.18604278564453,188923200,60.55789566040039,17971000,86.14678192138672,47227900,217.25,4508900,58.522621154785156,73514000,110.212158203125,9393600,51.888427734375,15717600,30.75102424621582,19160400,72.1284408569336,11022366,93.0645980834961,13800600,246.58792114257812,90102500
2018-02-02,37.485748291015625,346375200,57.47120666503906,29822100,83.88020324707031,47867800,209.1199951171875,6080600,55.432525634765625,117842000,108.3702621459961,9262500,50.74783706665039,18905300,30.44794464111328,27759300,70.41753387451172,17171805,91.00214385986328,16477300,241.21966552734375,173174800
2018-02-05,36.5491943359375,290954000,54.200923919677734,30452700,80.42558288574219,51031500,196.8000030517578,10746500,52.618797302246094,83550000,102.6322021484375,19954100,46.06671905517578,103394400,29.16858673095703,37684800,67.13076782226562,25715850,86.63838195800781,30097600,231.13131713867188,294681800
2018-02-06,38.076663970947266,272975200,53.26948547363281,36262800,83.4689712524414,67998600,201.24000549316406,10663000,53.71040725708008,76630000,103.76566314697266,19193500,45.36969757080078,83076900,29.404645919799805,49241400,68.75164794921875,26462505,89.274169921875,33114800,235.68508911132812,355026800
2018-02-07,37.26154327392578,206434400,52.310848236083984,21994500,81.89701080322266,41107600,200.3699951171875,5758000,52.2730827331543,51942000,103.44293212890625,10550400,45.57563781738281,45551000,29.97291374206543,33495600,68.66159057617188,15859821,89.87934875488281,21878300,234.40650939941406,167376100
2018-02-08,36.23622512817383,217562000,51.719322204589844,25650800,77.69294738769531,55628700,191.4199981689453,8044400,49.910560607910156,66792000,99.46012878417969,11680200,43.880611419677734,43569700,29.148189544677734,41925300,65.0596694946289,28928098,85.90576934814453,27425800,225.61422729492188,246449500
2018-02-09,36.67945861816406,282690400,52.04900360107422,29491600,80.59010314941406,63499100,196.02000427246094,8931700,51.820396423339844,98360000,101.95529174804688,15030900,44.45882034301758,48904600,28.95876121520996,42553800,67.265869140625,26929053,87.62580108642578,28188000,229.00326538085938,283565300
2018-02-12,38.1568489074707,243278000,52.48859405517578,19340400,81.45832061767578,35720300,198.88999938964844,5128900,52.230987548828125,56240000,102.53775024414062,9963900,44.75187683105469,24401300,29.011219024658203,27405300,66.72555541992188,15771182,88.97952270507812,18043300,232.3660888671875,143736000
2018-02-13,38.539100646972656,130196800,52.406166076660156,11926600,82.09807586669922,26407700,197.99000549316406,3967700,52.21018981933594,31586000,102.29376983642578,6339000,45.939971923828125,24234200,29.427947998046875,19868400,66.05020904541016,15378459,89.52897644042969,16358200,232.9440460205078,81223600
2018-02-14,39.24967575073242,162579600,52.51606750488281,17188400,83.38357543945312,34960900,200.5399932861328,4348100,53.12943649291992,41304000,102.06547546386719,6259700,47.16768264770508,23681800,29.63777732849121,21922800,67.08576965332031,17926577,91.59938049316406,15186900,236.087890625,120735700
2018-02-15,40.56760025024414,204588800,52.34436798095703,14432400,85.08226013183594,27823900,203.89999389648438,4357900,54.05364990234375,37396000,103.29338073730469,5606400,47.53996276855469,22397300,30.08365821838379,22484700,66.86064147949219,11452419,91.98160552978516,12130200,239.1004638671875,111200300
2018-02-16,40.436279296875,160704400,52.57101058959961,13722400,84.47624206542969,30596900,203.7899932861328,4382500,54.258689880371094,39948000,104.80463409423828,7970100,47.48451232910156,18661900,30.535371780395508,48192900,67.76111602783203,13505612,91.32066345214844,13214300,239.1704864501953,160420100
2018-02-20,40.30026626586914,135722000,52.02841567993164,13387300,85.13734436035156,30911700,203.0500030517578,4116700,54.65937805175781,33754000,103.01000213623047,6563500,47.48451232910156,18517600,27.42587661743164,156265500,66.3653793334961,12867294,91.34455108642578,13461500,237.67298889160156,86369700
2018-02-21,40.11735534667969,149886400,51.437721252441406,11715000,84.00797271728516,26922500,201.02000427246094,4994400,55.16259002685547,41486000,102.25437927246094,6578000,47.310245513916016,19987800,26.671085357666016,148511100,65.23979187011719,20472151,91.7267837524414,14212500,236.49078369140625,98883700
2018-02-22,40.452674865722656,123967600,52.103973388671875,14020200,84.22835540771484,24392800,200.72999572753906,4034000,54.971900939941406,28010000,102.25437927246094,5732200,46.58155059814453,17948600,27.035364151000977,61095000,65.8250961303711,16379390,91.55955505371094,17070400,236.79721069335938,110511300
2018-02-23,41.156219482421875,135249600,53.25099182128906,13378800,86.36776733398438,26329200,202.75999450683594,4128400,55.87282943725586,25292000,103.91521453857422,5126800,46.86668395996094,21099200,27.070337295532227,38374500,65.7796859741211,11040854,93.4149398803711,12162500,240.57168579101562,92766400
2018-02-26,41.969966888427734,152648800,54.1507568359375,16940400,87.61656951904297,30199800,210.6199951171875,8254100,56.645973205566406,30912000,104.6202163696289,6684400,47.500362396240234,16478300,27.137367248535156,44097900,66.50601959228516,30302034,94.57754516601562,16511200,243.36521911621094,86491400
2018-02-27,41.83395004272461,155712400,53.23037338256836,14629500,86.49635314941406,25869100,209.66000366210938,5903400,55.34881591796875,42964000,104.30337524414062,7158600,46.89839172363281,17024400,26.671085357666016,40128300,65.82508850097656,19410582,93.45476531982422,17563300,240.32647705078125,99099200
2018-02-28,41.7706298828125,151128400,52.02153778076172,17087800,86.10152435302734,31167300,207.1999969482422,5378300,54.675724029541016,49292000,102.88541412353516,7985900,46.26472473144531,17869100,26.23103141784668,42431100,64.05460357666016,18490403,91.97366333007812,17735600,237.8919677734375,121907800
2018-03-01,41.03895950317383,195208000,51.65062713623047,15696700,85.25675201416016,37135600,201.52999877929688,6984000,53.065547943115234,55338000,100.82579040527344,9424000,45.39345169067383,28491000,25.96001434326172,56728800,63.646053314208984,19170976,90.32527923583984,18690000,234.43272399902344,176855100
2018-03-02,41.32271957397461,153816000,51.89104080200195,15630300,85.4404067993164,32830400,201.33999633789062,5025500,53.696048736572266,50162000,102.04571533203125,6910400,45.47266387939453,22428500,25.869672775268555,57130200,64.10001373291016,15572368,90.23770141601562,18353700,235.6412353515625,139083200
2018-03-05,41.46576690673828,113605600,52.38557052612305,14891000,85.98212432861328,23901600,203.24000549316406,4041100,54.222042083740234,28648000,102.81407928466797,5799800,45.615230560302734,20560900,26.2222900390625,40149600,65.4619140625,18247395,91.62324523925781,13933000,238.36485290527344,97307400
2018-03-06,41.43059539794922,95154000,52.32374572753906,10754300,85.68831634521484,22175800,204.5500030517578,3203300,54.52613830566406,23382000,101.5704116821289,5546500,45.20336151123047,23975900,25.95418357849121,33164100,66.46061706542969,12124707,91.7029037475586,10674400,238.96902465820312,79213200
2018-03-07,41.0460090637207,126814000,51.00502014160156,27255500,86.1841812133789,26716100,204.3000030517578,3622800,55.22647476196289,30748000,102.219970703125,6391700,44.831077575683594,24788700,25.569503784179688,34359000,65.87049102783203,17318787,91.36048889160156,13006500,238.8815155029297,87063500
2018-03-08,41.4939079284668,95096400,50.908851623535156,19299800,86.70751190185547,25887800,205.2899932861328,3084500,55.93672561645508,33862000,104.61229705810547,6423400,44.9261360168457,16828400,25.77471923828125,28766100,65.9158706665039,10348638,91.36846923828125,11173700,240.03736877441406,66901200
2018-03-09,42.20681381225586,128740800,51.21106719970703,19714100,88.64497375488281,36937300,212.94000244140625,5494300,57.49489212036133,42662000,105.99065399169922,7557800,46.12214660644531,19051500,26.00925064086914,29263200,67.82254028320312,13386967,93.99626159667969,15366600,244.21466064453125,113625300
2018-03-12,42.614864349365234,128828400,51.6781120300293,14226700,88.8561782836914,26073700,211.82000732421875,4967000,57.74700164794922,44306000,105.0638427734375,4942000,45.9558219909668,12414800,25.818693161010742,25422000,68.5488510131836,14653629,93.69366455078125,12339300,243.90814208984375,71924800
2018-03-13,42.20447540283203,126774000,51.190452575683594,13739700,86.68917083740234,35387800,209.1300048828125,4698200,56.4582633972168,43140000,106.42635345458984,9152300,45.59146499633789,13810600,25.886119842529297,21519000,65.5073013305664,24772029,92.57087707519531,13312300,242.3318328857422,91968900
2018-03-14,41.84566116333008,117473600,50.55168914794922,14820700,86.17495727539062,32132000,206.99000549316406,4015400,56.90302658081055,41870000,104.81824493408203,6770600,44.854854583740234,12212900,25.70142364501953,33121800,64.78095245361328,11907699,91.53569030761719,12905100,241.08834838867188,105895100
2018-03-15,41.894920349121094,90975200,51.114898681640625,15640600,86.47797393798828,27611000,207.82000732421875,4127200,56.988224029541016,33382000,105.4044418334961,6147200,45.01326370239258,13277700,25.654523849487305,49845600,65.18954467773438,9895779,91.7666015625,8748000,240.82569885253906,83433000
2018-03-16,41.74717330932617,157618800,51.595699310302734,32109700,86.8636245727539,49081300,206.9600067138672,5961800,56.18634796142578,58656000,105.89557647705078,14233500,44.276634216308594,37095000,26.141172409057617,85188000,64.96255493164062,23889514,91.92585754394531,19888900,241.08676147460938,100343700
2018-03-19,41.10931396484375,133787200,50.929466247558594,12744800,85.29348754882812,33344100,203.99000549316406,4261300,54.48503494262695,63656000,103.17058563232422,6017000,43.9439582824707,17982200,25.636930465698242,36160200,63.87302017211914,13810133,91.20120239257812,13214900,237.82479858398438,109208400
2018-03-20,41.09524917602539,78597600,50.81955337524414,13003200,85.51384735107422,23075200,204.75,2939300,54.2735481262207,54598000,103.93896484375,6214300,43.48457336425781,26874600,25.783510208129883,24774000,61.92097091674805,18554546,91.288818359375,9921200,238.22930908203125,59757300
2018-03-21,40.164249420166016,148219600,51.54074478149414,15418500,84.9170150756836,24457100,204.8300018310547,3235600,54.18440246582031,44898000,103.92312622070312,5158700,43.3974494934082,18997300,25.850942611694336,35508000,63.010467529296875,13592791,91.36846923828125,13633000,237.77197265625,78709600
2018-03-22,39.596736907958984,165963200,50.48301315307617,17737000,82.44699096679688,38604700,197.6300048828125,7113400,52.16115188598633,69312000,100.90499114990234,7560100,41.607364654541016,32656300,25.546049118041992,36744600,60.604469299316406,14862500,87.55413055419922,22550400,231.82839965820312,148785900
2018-03-23,38.6798095703125,164115200,50.06403350830078,20157300,80.05043029785156,44068900,192.4600067138672,7257000,50.843692779541016,49880000,99.09889221191406,8452500,40.379661560058594,30975800,25.04181671142578,30375300,59.333370208740234,17536442,85.21297454833984,23081500,226.88706970214844,183534800
2018-03-26,40.51601028442383,150164800,50.82642364501953,15032700,86.11070251464844,56396800,199.33999633789062,5223700,52.207706451416016,65984000,100.91293334960938,8358200,41.41726303100586,26718000,25.651594161987305,27599400,58.51622772216797,22000434,87.84080505371094,20217500,233.09445190429688,141956100
2018-03-27,39.477134704589844,163690400,50.62036895751953,15821900,82.15313720703125,56569000,196.14999389648438,5149200,49.87242889404297,60816000,100.77034759521484,7789900,40.474708557128906,23669300,25.226512908935547,19637400,61.013031005859375,32336072,86.13668823242188,18039900,229.129150390625,129941400
2018-03-28,39.04094696044922,166674000,50.00908279418945,18163900,82.0796890258789,52501100,196.6699981689453,4388800,49.785255432128906,77698000,100.96046447753906,6868500,40.77570343017578,23342500,25.730743408203125,34728900,62.102569580078125,29025877,86.00132751464844,19189300,228.45211791992188,146452300
2018-03-29,39.34580612182617,153594000,51.245391845703125,14882900,83.80596160888672,45867500,199.47999572753906,5714600,51.368186950683594,69338000,101.51496124267578,6119400,41.512325286865234,17706800,26.082536697387695,27823800,61.194644927978516,15548310,87.5700454711914,13274600,231.3711700439453,111601600
2018-04-02,39.08784484863281,150347200,50.290687561035156,17891100,81.28084564208984,48515400,195.0,6178200,50.15424346923828,65068000,98.67112731933594,8916900,40.672725677490234,23359800,25.079927444458008,57386700,59.56034851074219,15041824,85.88188171386719,18822500,226.37710571289062,186286300
2018-04-03,39.48885726928711,121112000,51.52701950073242,15999200,82.3735122680664,37213800,197.9600067138672,4192900,50.453895568847656,51322000,101.67342376708984,8035000,41.25094223022461,16646400,25.446380615234375,29086500,59.605743408203125,12474884,87.06043243408203,14050700,229.278564453125,119956900
2018-04-04,40.24397659301758,138422000,51.42397689819336,13122200,84.77928924560547,35560000,200.11000061035156,4100700,51.00019836425781,50724000,103.30528259277344,7717100,41.908355712890625,15952700,25.569503784179688,19609800,60.286705017089844,11929712,88.38229370117188,15302600,231.73171997070312,123715300
2018-04-05,40.523048400878906,107732800,52.21384811401367,14200000,84.82516479492188,29771900,200.85000610351562,4661300,51.145320892333984,35836000,103.54289245605469,5621700,42.18557357788086,16488800,25.742469787597656,19142700,60.96764373779297,11168889,89.54279327392578,16627000,233.56048583984375,82652600
2018-04-06,39.48652267456055,140021200,51.42397689819336,14299600,82.85102844238281,38026000,195.49000549316406,5580600,50.02151107788086,40134000,101.47537231445312,6399300,41.369754791259766,22943800,25.41413116455078,19050000,59.2879753112793,13242927,87.30980682373047,18906000,228.35540771484375,179521200
2018-04-09,39.87815475463867,116070800,51.42397689819336,11103100,83.34685516357422,31533900,195.3300018310547,3873100,50.52373123168945,33220000,102.56853485107422,6395800,41.38557815551758,17032000,25.29393768310547,25104300,58.24385070800781,14258423,88.35828399658203,15974300,229.48081970214844,105442900
2018-04-10,40.628578186035156,113634400,52.93505096435547,19006100,85.28429412841797,26812000,197.8000030517578,3250500,51.33649826049805,36620000,103.1784896850586,6019300,41.678653717041016,14594700,25.343767166137695,27382200,59.242584228515625,11982984,90.04700469970703,13951400,233.12962341308594,103529000
2018-04-11,40.43862533569336,89726400,53.18230056762695,13734000,84.34771728515625,24872100,195.22000122070312,3522100,50.76988220214844,34060000,102.68737030029297,4575400,41.13212966918945,14673200,25.18546485900879,18837000,58.87940216064453,10479010,88.53433990478516,14503300,231.90757751464844,91140200
2018-04-12,40.83728790283203,91557200,53.03805923461914,13270400,85.92703247070312,26758900,198.1300048828125,3707900,51.37562561035156,32896000,103.3210678100586,4559800,41.74201583862305,19967800,25.04475212097168,20568900,59.832725524902344,13277419,90.73530578613281,16435500,233.81549072265625,68890500
2018-04-13,40.97563934326172,100497200,53.46390151977539,10925000,85.46794891357422,23346100,197.0,3150900,51.313716888427734,25410000,103.4715805053711,4742300,40.30836486816406,32054900,25.21771240234375,22677600,61.240020751953125,14850168,88.27822875976562,39152800,233.12962341308594,85079200
2018-04-16,41.231266021728516,86313600,53.9446907043457,10743600,86.46880340576172,20288100,198.22000122070312,3819000,51.811973571777344,29776000,104.3746566772461,6379600,40.23708724975586,31879100,25.45810890197754,21062100,60.5136833190918,12160618,88.20622253417969,16580500,235.0464324951172,63405300
2018-04-17,41.79877853393555,106421600,53.800472259521484,10478100,88.21342468261719,26771000,199.27000427246094,4658300,53.45929718017578,54584000,103.40823364257812,11008700,40.05491256713867,25507100,25.768850326538086,20405700,62.60190963745117,15050609,88.20622253417969,15501400,237.56105041503906,64682000
2018-04-18,41.70496368408203,83018000,54.41175079345703,12061400,88.55315399169922,21043300,199.50999450683594,2872900,53.26266860961914,31126000,101.17431640625,9383600,39.9123420715332,21055700,25.67211151123047,17562000,62.01176834106445,8969027,87.493896484375,16081400,237.73684692382812,57303900
2018-04-19,40.523048400878906,139235200,54.54911804199219,11291500,88.25013732910156,23552500,200.3800048828125,2726500,53.95904541015625,39884000,101.03966522216797,5959500,40.82322311401367,23678400,25.765926361083984,19764900,63.509857177734375,18316838,89.41471099853516,17911000,236.41802978515625,77655900
2018-04-20,38.86273193359375,261964400,54.260650634765625,12072200,87.23091888427734,31154400,200.1300048828125,3705800,53.35825729370117,42434000,100.33465576171875,7743900,41.631126403808594,31149300,25.4991455078125,24974700,66.00666046142578,39371615,89.21465301513672,15584400,234.413330078125,99953100
2018-04-23,38.75016784667969,146062000,54.65214920043945,11729800,87.55229949951172,22331800,199.4199981689453,2672600,53.18441390991211,69590000,100.4693374633789,7501900,41.67073440551758,17723900,25.241167068481445,22081500,65.9158706665039,15298437,88.78246307373047,11285800,234.37818908691406,65558000
2018-04-24,38.210784912109375,134768000,53.814212799072266,14102000,85.5046615600586,34524800,196.8000030517578,3718200,50.650028228759766,128220000,99.96234130859375,6577500,41.59151840209961,23052100,25.367229461669922,25409100,66.64221954345703,15495602,88.36627960205078,16453100,231.2217254638672,112885500
2018-04-25,38.377296447753906,113528400,54.60406494140625,13867500,84.7608871459961,33729300,196.8000030517578,3204400,50.6673698425293,57860000,100.41387939453125,5859600,42.066768646240234,20978500,25.554847717285156,20281200,63.78223419189453,23216120,88.0301284790039,13548200,231.7932586669922,103840900
2018-04-26,38.51096725463867,111852000,55.53817367553711,14554400,86.55142974853516,42529000,197.02999877929688,2388500,51.67378616333008,50926000,101.40406036376953,8211100,41.53607940673828,17025800,25.780582427978516,17347500,65.28034210205078,13533448,88.11814880371094,10299500,234.14964294433594,67731900
2018-04-27,38.065399169921875,142623200,53.42957305908203,16346800,87.98387145996094,48272800,197.22999572753906,2558900,51.08638000488281,40746000,101.61001586914062,4266800,41.472713470458984,12304300,25.590028762817383,16953300,65.28034210205078,10188469,87.55792236328125,9384000,234.369384765625,57053600
2018-04-30,38.75484848022461,169709600,53.402099609375,15028800,85.8719253540039,41523600,193.72999572753906,4247500,50.448944091796875,34492000,100.19999694824219,8219400,41.1558837890625,17050500,25.933027267456055,26057700,63.87302017211914,10127373,87.06170654296875,13744900,232.5669708251953,82182300
2018-05-01,39.655357360839844,214277600,52.85261154174805,16231000,87.23091888427734,31408900,195.11000061035156,3235000,51.5469856262207,35326000,99.81975555419922,5122600,41.631126403808594,13903800,25.625207901000977,20873100,63.78223419189453,10719493,87.06170654296875,10503400,232.9801788330078,74203400
2018-05-02,41.407142639160156,266157600,52.749603271484375,13883700,85.8627700805664,27471000,193.30999755859375,3885500,50.81892395019531,34698000,97.8314437866211,7390800,41.338069915771484,16397200,25.311525344848633,18249000,64.37242126464844,10783239,86.37339782714844,12162100,231.4151153564453,86368900
2018-05-03,41.4821891784668,136272800,52.57101058959961,12243100,86.37696075439453,31142500,191.61000061035156,5059400,50.831302642822266,39282000,97.45911407470703,7282900,41.13058090209961,19216100,25.279273986816406,20628300,63.23747634887695,12665163,85.82917785644531,15379100,230.9051971435547,136311500
2018-05-04,43.10967254638672,224805200,52.81827926635742,9887200,87.37784576416016,22531300,195.63999938964844,4919100,52.05466079711914,36892000,98.37802124023438,6127600,41.82486343383789,16660500,25.660383224487305,20914500,64.00919342041016,8744820,86.78160095214844,11967900,233.89456176757812,91222100
2018-05-07,43.42155838012695,169805600,53.395225524902344,15071500,88.35115051269531,24242000,197.05999755859375,3692100,52.47367477416992,34400000,97.9027328491211,6707900,42.02436828613281,16259100,25.05647087097168,32350800,63.87302017211914,6858410,87.53392028808594,9356700,234.68592834472656,55304900
2018-05-08,43.63027572631836,113611200,53.63563537597656,17430400,87.97467803955078,23484600,196.24000549316406,4189600,52.43059158325195,26030000,97.12641906738281,5951800,42.447330474853516,20786200,25.13562774658203,19654200,64.78095245361328,12381195,88.83048248291016,12543200,234.68592834472656,67499200
2018-05-09,43.9374885559082,92844800,54.8994255065918,17142100,89.01226043701172,27327400,199.8699951171875,3290600,53.93427658081055,47160000,97.83934020996094,6808600,42.902198791503906,16286700,24.34995460510254,96795600,66.36984252929688,10614202,90.76730346679688,11368100,236.95433044433594,59666100
2018-05-10,44.565975189208984,111957200,56.12886047363281,17710300,89.9029312133789,22388100,201.1999969482422,2957300,54.75248718261719,36414000,99.29692077636719,4948000,43.612457275390625,20699000,24.394207000732422,47572800,66.6875991821289,7820843,91.4716567993164,9159700,239.1699676513672,72063900
2018-05-11,44.3964729309082,104848800,56.39250564575195,14751000,89.71012115478516,16778300,199.3000030517578,3917700,54.64897918701172,30504000,100.79411315917969,5716700,43.452850341796875,14424000,24.597763061523438,29804400,66.279052734375,5970052,91.12747192382812,10253000,239.89987182617188,59871500
2018-05-14,44.292877197265625,83115200,56.77411651611328,11852100,90.01309967041016,19454100,199.17999267578125,3264600,54.8084602355957,39338000,99.8593521118164,6101600,43.47678756713867,12809100,24.89571762084961,28497600,66.7784423828125,8562032,91.15948486328125,8710700,240.01412963867188,54790600
2018-05-15,43.89032745361328,94780800,56.74635696411133,12595700,89.36117553710938,24594000,197.36000061035156,3380000,53.73220443725586,35738000,99.12264251708984,5875700,43.69225311279297,14991100,24.934064865112305,27968700,66.7784423828125,7357154,90.46317291259766,11536200,238.36111450195312,87036100
2018-05-16,44.29994583129883,76732400,56.905921936035156,9570000,89.59175872802734,17384700,197.8300018310547,2927400,53.693565368652344,25628000,99.29692077636719,3818100,43.9236946105957,16450200,25.40903091430664,41200800,68.23111724853516,11397833,90.71129608154297,7571100,239.36343383789062,53942600
2018-05-17,44.01981735229492,69176000,56.80877685546875,11224100,88.69718933105469,17246700,197.49000549316406,2604200,53.553401947021484,25738000,98.10870361328125,6473400,43.26930236816406,21622400,24.92521858215332,89162100,68.23111724853516,10585136,90.40715026855469,8617200,239.16119384765625,56536400
2018-05-18,43.85973358154297,73190800,56.40639114379883,10030900,88.8631820678711,17865800,196.05999755859375,3137100,52.97787857055664,35482000,98.41764068603516,5433900,42.85432434082031,21492700,24.674461364746094,36129300,67.95870971679688,7170422,88.9425277709961,11806300,238.56332397460938,64368000
2018-05-21,44.17048263549805,73603200,57.08632278442383,8822400,90.00672912597656,19422500,197.91000366210938,3005500,53.689605712890625,25180000,98.0057144165039,5558700,43.524662017822266,11491400,24.931121826171875,32147100,69.27523040771484,16258282,89.7588882446289,9441900,240.35702514648438,58025900
2018-05-22,44.05984115600586,60962800,56.64227294921875,10753400,89.91450500488281,15441200,198.1300048828125,3162000,53.25870895385742,22226000,97.36408233642578,7172700,44.09925079345703,17398200,24.59481430053711,24201900,69.41140747070312,13717258,90.44718933105469,11507600,239.68881225585938,52966400
2018-05-23,44.34233093261719,80233600,56.996124267578125,15140900,90.98429870605469,21251200,195.9499969482422,4036300,53.78618240356445,23740000,97.79182434082031,4940800,44.83344650268555,23566100,24.488603591918945,28197600,64.37242126464844,30743980,90.031005859375,11453900,240.34817504882812,64694200
2018-05-24,44.292877197265625,92936000,55.6917610168457,13360500,90.66149139404297,26649300,194.8300018310547,3206200,53.760929107666016,20604000,96.84123992919922,6923600,43.628414154052734,24673400,24.441410064697266,25728600,66.279052734375,21995906,89.0225601196289,14084800,239.8558349609375,76043800
2018-05-25,44.39411926269531,69844000,54.60943603515625,14562000,90.70759582519531,18363900,194.14999389648438,3031000,53.69306945800781,22224000,96.93701934814453,4594800,43.81196212768555,17741900,24.326358795166016,17740500,66.41523742675781,10370235,88.5663833618164,8283500,239.28433227539062,56374800
2018-05-29,44.234031677246094,90056400,54.40821838378906,14644800,90.38482666015625,28671000,189.8699951171875,8912100,52.90011978149414,36076000,95.28508758544922,9821900,42.255802154541016,31604000,24.308650970458984,25284600,64.37242126464844,15867583,84.7807388305664,30643800,236.53233337402344,115908600
2018-05-30,44.13985824584961,74762000,56.54513931274414,16627500,91.25167846679688,22158500,194.10000610351562,4307600,53.365684509277344,28686000,96.53799438476562,6423700,43.27729415893555,16416200,24.81606674194336,27942300,64.32701873779297,10893914,86.71755981445312,17490800,239.68881225585938,69678400
2018-05-31,43.99156188964844,109931200,56.364768981933594,15803100,91.15026092529297,34140900,191.52999877929688,5787500,54.481571197509766,79368000,95.46064758300781,10337500,43.08575439453125,17515900,24.349958419799805,34406100,63.91840362548828,11571648,85.64509582519531,19808200,238.2203369140625,93519900
2018-06-01,44.784908294677734,93770000,56.77411651611328,9906100,92.94855499267578,28655600,192.22999572753906,3817800,56.2150764465332,63202000,96.76939392089844,5741000,43.644371032714844,14100200,24.482702255249023,15713700,64.00919342041016,11870536,86.75760650634766,13594200,240.5592041015625,71258400
2018-06-04,45.15921401977539,105064800,56.17742919921875,10954700,93.76010131835938,27281600,191.3000030517578,4444500,57.10857009887695,44754000,97.320068359375,4853000,43.756107330322266,10593700,25.1995792388916,32766000,62.238746643066406,17197157,86.79759216308594,9415400,241.7022705078125,45385200
2018-06-05,45.50762176513672,86264000,55.976219177246094,12059300,94.23963165283203,23514400,190.77000427246094,4325000,57.00851821899414,32964000,96.94499206542969,5125400,43.49273681640625,11883900,24.963571548461914,24844200,62.647315979003906,14699910,86.30937194824219,10415200,241.8780975341797,51135000
2018-06-06,45.665348052978516,83734400,56.93366241455078,11603300,94.51629638671875,21122900,193.99000549316406,4017500,56.80693817138672,34934000,97.99042510986328,6799300,44.35462188720703,15848200,24.945873260498047,22088400,61.92097091674805,12967368,88.3262710571289,15453600,243.90028381347656,62732200
2018-06-07,45.54292678833008,85388800,57.502620697021484,13502500,93.03153991699219,28232200,195.57000732421875,4340300,56.18634796142578,36108000,98.42134857177734,7414100,44.39453125,17299600,25.060924530029297,23117100,62.55653762817383,14811336,88.67839813232422,13444400,243.87396240234375,72969400
2018-06-08,45.12858963012695,106627200,58.00212860107422,14350400,93.72319793701172,22165100,196.00999450683594,3757800,56.101654052734375,27284000,99.00389862060547,6208100,44.43442916870117,12965900,24.886873245239258,22807200,63.23747634887695,10484206,88.9265365600586,10383200,244.59500122070312,72139700
2018-06-11,45.01796340942383,73234000,57.65522384643555,10831600,93.18832397460938,23490900,195.3300018310547,3465600,56.507293701171875,24796000,97.88668060302734,5571400,44.29875946044922,13518400,24.86916732788086,18756900,63.464439392089844,9098022,88.70243072509766,12642900,244.9202117919922,58892500
2018-06-12,45.265140533447266,67644400,57.18344497680664,12351800,93.42809295654297,18325200,195.27000427246094,3047000,56.86836242675781,26092000,97.79088592529297,5227300,44.19501876831055,13608300,24.810165405273438,24185100,63.464439392089844,8663462,88.19022369384766,15294100,245.23678588867188,72329000
2018-06-13,44.89319610595703,86553600,56.552093505859375,12049300,93.00389099121094,29492900,194.5500030517578,3704900,56.67222213745117,34302000,97.86270904541016,5836900,44.019447326660156,14901100,24.80721092224121,19075200,63.05589294433594,7407462,88.01411437988281,14979700,244.45419311523438,79070600
2018-06-14,44.9167366027832,86440400,56.81572341918945,11477300,93.52954864501953,25691800,192.5,4947200,57.458744049072266,35422000,97.68714904785156,5239200,43.68427658081055,18189100,24.718713760375977,22552200,61.92097091674805,12659759,86.46146392822266,20487300,245.0697479248047,77097600
2018-06-15,44.455318450927734,246876800,55.96235656738281,23797500,92.33989715576172,65738600,191.75999450683594,7341000,57.41713333129883,44438000,97.84676361083984,13173500,43.87580108642578,35715800,24.692167282104492,37509000,60.91337585449219,20069141,86.35741424560547,26028600,244.75701904296875,120041600
2018-06-18,44.4317741394043,73939600,56.07335662841797,9192600,93.01311492919922,23586000,191.11000061035156,3773800,58.62118148803711,33038000,96.81730651855469,6787400,43.95560836791992,17856700,24.485658645629883,25506900,60.45538330078125,14260009,86.58149719238281,9786800,244.25355529785156,52917600
2018-06-19,43.713775634765625,134314000,55.99010467529297,8759700,93.01311492919922,28653100,190.35000610351562,4035300,58.37898635864258,47282000,97.8148422241211,8572400,43.95560836791992,16654800,24.665616989135742,28057500,59.31040954589844,16249456,86.07730102539062,12707200,243.31744384765625,97531500
2018-06-20,43.904457092285156,82514800,55.81663513183594,8917700,93.94454193115234,26180800,189.5,5234200,58.645442962646484,51686000,97.39186096191406,6277200,43.47678756713867,16545600,24.665616989135742,23899800,58.98980712890625,20120367,86.06928253173828,8876900,243.7326202392578,53785500
2018-06-21,43.65962600708008,102847600,55.289371490478516,10990700,93.27131652832031,23198200,188.86000061035156,4977900,57.92083740234375,44966000,96.92103576660156,4417200,43.38900375366211,21191600,24.84261703491211,24276000,58.44020462036133,14750782,86.0452651977539,11048700,242.2046356201172,71061400
2018-06-22,43.532508850097656,108801600,56.46189498901367,16012200,92.59811401367188,38923100,188.91000366210938,5268000,57.91341781616211,34220000,98.03030395507812,9501400,43.04584503173828,24015000,25.02256965637207,32439000,59.768394470214844,14178026,84.63666534423828,19478900,242.64614868164062,54898500
2018-06-25,42.88512420654297,126652400,55.32405090332031,10557200,90.73528289794922,35433300,186.72999572753906,6062400,56.427059173583984,57682000,97.83080291748047,8170500,43.06180953979492,21069600,25.509334564208984,47818500,58.394412994384766,16029380,83.86835479736328,16907600,239.3431396484375,137854200
2018-06-26,43.41716384887695,98276800,55.948490142822266,10382800,91.37159729003906,26897200,186.44000244140625,4324600,56.097206115722656,34688000,97.6392593383789,5496400,42.638851165771484,14409100,25.36478614807129,30378600,62.92857360839844,44618882,83.92434692382812,17086800,239.87307739257812,68547400
2018-06-27,43.353599548339844,101141200,56.69085693359375,12725900,89.95138549804688,31298400,184.91000366210938,4451600,55.32059097290039,34538000,97.0487289428711,5666000,42.51914596557617,19520900,25.63323974609375,30899100,63.93616485595703,28252972,82.62779235839844,16276800,237.88589477539062,105110700
2018-06-28,43.66905212402344,69460800,56.87124252319336,9390700,90.95658111572266,26650700,187.08999633789062,4218500,55.807945251464844,29726000,97.3599624633789,5296800,42.7984619140625,13837300,25.32938575744629,25401000,63.34077835083008,13444307,83.98037719726562,14491300,239.24598693847656,76650500
2018-06-29,43.57722854614258,90950800,57.39854431152344,17323200,90.93814849853516,28053200,186.64999389648438,5185700,55.92730712890625,31562000,96.83324432373047,7308700,44.242897033691406,43888500,25.267427444458008,24766800,62.33317947387695,15015178,83.39612579345703,18972400,239.59039306640625,97592500
2018-07-02,44.06453323364258,70925200,56.72554397583008,9998300,92.2292251586914,19564500,187.8300018310547,3521000,56.567222595214844,23216000,97.0247802734375,5481400,44.945167541503906,21204900,24.78066635131836,24375300,61.233970642089844,13098533,84.10047149658203,11130000,240.1026153564453,63554800
2018-07-03,43.29708480834961,55819200,57.05855941772461,7197300,91.34392547607422,14670300,186.02000427246094,2031200,55.287899017333984,16448000,97.92656707763672,4248100,44.338653564453125,12830400,24.91046714782715,13188600,61.233970642089844,6721507,82.9239273071289,8311700,239.25486755371094,42187100
2018-07-05,43.6455192565918,66416800,57.10711669921875,9035700,91.9986801147461,18977400,187.5,3310200,56.52660369873047,28594000,99.75404357910156,7319100,44.08329391479492,16788600,24.948820114135742,16102500,61.50876998901367,11172227,83.46305084228516,10723400,241.20669555664062,56925900
2018-07-06,44.250518798828125,69940800,57.121009826660156,7637100,93.2897720336914,19234600,187.55999755859375,2818800,57.20960998535156,21820000,100.35257720947266,7297900,44.60200881958008,12389100,24.931121826171875,16841100,63.432376861572266,12524399,83.7366714477539,12173700,243.24681091308594,66493700
2018-07-09,44.86493682861328,79026400,57.516475677490234,7158600,93.92608642578125,18212000,189.63999938964844,3504700,57.8138542175293,21584000,100.59197998046875,6706100,45.30427932739258,16684000,25.35003662109375,19726200,63.89033508300781,13993109,86.32779693603516,13900800,245.4370880126953,50550400
2018-07-10,44.8108024597168,63756400,58.04377365112305,8806200,94.17507934570312,19293100,189.89999389648438,2685500,57.806922912597656,21334000,101.65336608886719,5075600,45.184574127197266,15581400,25.727638244628906,18145200,64.89796447753906,12585475,85.79666900634766,14575900,246.32029724121094,51966800
2018-07-11,44.229331970214844,75326000,57.301395416259766,10405300,94.04594421386719,19644600,189.91000366210938,3343100,58.020896911621094,33252000,100.74361419677734,4827400,44.74566650390625,15641400,25.52703857421875,16787700,64.07353210449219,9862643,85.61161804199219,10186500,244.5186767578125,77054700
2018-07-12,44.97087860107422,72164400,57.37077713012695,9762200,96.08403778076172,24335900,189.9600067138672,3040600,59.496849060058594,44148000,101.95662689208984,6199000,44.713741302490234,18236100,25.524085998535156,14665800,64.07353210449219,8309863,85.98177337646484,12456800,246.7353973388672,60124700
2018-07-13,45.04151153564453,50055600,57.800941467285156,8720000,97.2275619506836,24635200,190.9600067138672,2693700,59.653358459472656,32612000,100.4962158203125,8250200,44.179054260253906,34323400,25.872201919555664,19165800,63.61555099487305,10121259,85.58747100830078,21289100,246.9297332763672,48216000
2018-07-16,44.94261169433594,60172400,57.23200988769531,8306900,96.74803924560547,21786900,192.0,2626700,59.26158142089844,26784000,99.50668334960938,7314400,45.4798469543457,25538700,25.854496002197266,13341600,63.66135025024414,8943299,88.98328399658203,24662600,246.70887756347656,48201000
2018-07-17,45.06975555419922,62138000,57.10711669921875,7373300,97.70710754394531,25901700,190.41000366210938,3725000,60.082275390625,40162000,103.03398132324219,12858700,45.13670349121094,21649000,26.016746520996094,17734500,62.69956970214844,12334350,88.9189224243164,14821900,247.7069091796875,52315500
2018-07-18,44.82257080078125,65573600,57.04468536376953,8711900,96.94168090820312,29493900,200.44000244140625,10469600,60.073856353759766,38948000,101.98857116699219,7152000,45.14467239379883,19913900,25.98134994506836,15136500,62.97435760498047,8562449,89.74773406982422,14244900,248.22801208496094,44593500
2018-07-19,45.17098617553711,81147200,56.898990631103516,8659100,96.27769470214844,40171600,197.49000549316406,4670800,59.38986587524414,38338000,100.50421905517578,5984600,44.95315170288086,22219400,25.878103256225586,14649300,62.882755279541016,15641895,88.42805480957031,16775300,247.2918243408203,61412100
2018-07-20,45.06739807128906,82704800,56.475765228271484,9196300,98.00218963623047,56004000,196.77999877929688,4073900,59.32944107055664,37938000,100.43238067626953,5835500,45.01699447631836,17250400,25.978403091430664,14445300,60.0889892578125,35732423,89.54656982421875,13578100,247.00921630859375,82337700
2018-07-23,45.10741424560547,63957600,56.475765228271484,8425900,99.56995391845703,29707000,197.85000610351562,3587600,59.97926330566406,65446000,101.05484771728516,4631100,46.28586196899414,24584100,25.85154914855957,12450000,59.49360275268555,18849031,91.21226501464844,18140000,247.46849060058594,47047600
2018-07-24,45.43464279174805,74791600,57.59278869628906,11121000,99.28404235839844,26316600,198.4600067138672,3346600,62.31453323364258,107600000,103.2334976196289,7158800,46.5651741027832,27245000,25.94890594482422,16768500,60.0889892578125,11824171,91.85604095458984,14000400,248.7137451171875,68026900
2018-07-25,45.863094329833984,66839600,57.995201110839844,9523600,102.20745086669922,30702100,197.61000061035156,3743100,63.19565200805664,51104000,102.64295196533203,6523000,46.46940612792969,15531100,25.931194305419922,17427300,60.043182373046875,11132811,92.68486785888672,13329100,250.83340454101562,78882900
2018-07-26,45.7194938659668,76304000,58.44618606567383,13210100,101.09161376953125,31372100,197.4600067138672,3766100,63.66914749145508,54686000,103.96769714355469,7640600,46.53324508666992,14165300,26.028547286987305,19644900,60.22639083862305,11374588,92.4193344116211,11897800,250.24160766601562,57919500
2018-07-27,44.95912170410156,96096000,56.8365478515625,18220800,99.30252075195312,37005300,197.9499969482422,3939400,62.05401611328125,48362000,104.98119354248047,6620400,46.78862380981445,17662900,25.99905014038086,14038200,59.81420135498047,8206805,93.3688735961914,12802700,248.54598999023438,76768700
2018-07-30,44.70722579956055,84118000,56.711666107177734,11282800,97.17223358154297,34668300,199.08999633789062,3988300,60.92228698730469,43896000,105.4759521484375,11013100,46.67689514160156,22699900,26.22030258178711,18032100,60.27218246459961,8255716,93.9321517944336,13411600,247.2476348876953,63742500
2018-07-31,44.79666519165039,157492000,56.552093505859375,11716800,97.8270263671875,27655200,197.8699951171875,4911700,60.78261184692383,39382000,105.75526428222656,7598900,45.71925354003906,21633800,26.323564529418945,20124300,62.424766540527344,14959799,92.49983215332031,15843800,248.46640014648438,68570500
2018-08-01,47.43564987182617,271742800,55.775020599365234,8936300,98.01142120361328,23628700,197.85000610351562,4004600,61.06839370727539,36994000,105.85102081298828,5770400,46.006561279296875,19192700,26.03150177001953,15150000,60.63859176635742,9291368,93.0711441040039,13531600,248.05130004882812,53853300
2018-08-02,48.822242736816406,249616000,55.441986083984375,8364300,99.20106506347656,26104300,198.05999755859375,3269900,61.471553802490234,34704000,104.74177551269531,6563300,46.51728820800781,13489100,26.184898376464844,12918300,60.31797790527344,7631879,93.46543884277344,11058100,249.40257263183594,63426400
2018-08-03,48.96348571777344,133789600,55.64319610595703,7811100,99.6344985961914,18659600,200.24000549316406,5028000,61.324462890625,21264000,105.30036926269531,6498700,46.94822311401367,13720400,26.432710647583008,17241600,60.18057632446289,7354316,94.22186279296875,11016100,250.4713134765625,53935400
2018-08-06,49.217735290527344,101701600,55.62932586669922,10041800,99.71749877929688,20265900,206.05999755859375,6673100,61.30018615722656,22114000,105.35626220703125,5840000,46.99611282348633,13360500,26.4533634185791,13954800,59.99739074707031,6779285,94.24600982666016,9857400,251.3897247314453,39400900
2018-08-07,48.756309509277344,102349600,56.38556671142578,10698100,100.4091567993164,16080200,208.72000122070312,6160100,62.20012283325195,42506000,104.90933990478516,4664600,46.940250396728516,13810900,26.482866287231445,13580100,60.27218246459961,11811088,94.59204864501953,10562100,252.21994018554688,43196600
2018-08-08,48.789268493652344,90102000,56.010921478271484,7275000,100.97168731689453,15487500,208.94000244140625,3869000,62.47203826904297,34344000,104.67791748046875,3721500,47.23552322387695,13778600,26.565465927124023,15123300,59.768394470214844,8429823,94.7851333618164,8997100,252.11402893066406,42114600
2018-08-09,49.17299270629883,93970400,55.726463317871094,9828500,101.1376724243164,13677200,209.10000610351562,4685700,62.62705612182617,27326000,104.7018814086914,4057800,46.97827911376953,15859500,26.41117286682129,14183700,59.264617919921875,6778847,94.0528564453125,9694200,251.7696075439453,35717000
2018-08-10,49.026527404785156,98444800,55.670379638671875,12954300,100.5197982788086,18183700,206.6300048828125,4383100,62.035194396972656,26602000,104.34276580810547,4324000,46.66476058959961,16170100,26.758331298828125,24734700,58.48601531982422,10110158,93.12747192382812,12630600,250.08267211914062,77076000
2018-08-13,49.343082427978516,103563600,55.06755447387695,10308500,99.79127502441406,18472500,205.1699981689453,3837900,61.8435173034668,27500000,103.91981506347656,3778000,46.311065673828125,19541100,26.598100662231445,17637600,57.02043533325195,14001101,91.64683532714844,10336300,249.14649963378906,65732900
2018-08-14,49.55097961425781,82992000,54.892311096191406,8005900,101.0362548828125,16788300,205.8300018310547,2774500,62.31403732299805,28080000,103.34521484375,4542800,46.68084716796875,14860400,26.95713996887207,17510400,56.56242752075195,10349974,92.2583999633789,10597600,250.7362518310547,43842000
2018-08-15,49.66672897338867,115230400,53.932010650634766,16307800,99.66612243652344,29982800,204.5,3547200,61.03024673461914,37052000,104.08737182617188,5377300,46.616546630859375,17378400,26.770204544067383,25850700,55.9670295715332,13501919,91.49392700195312,10152100,248.86378479003906,102925400
2018-08-16,50.39435577392578,114001600,54.675010681152344,11519900,99.64761352539062,21384300,207.55999755859375,3576500,60.62610626220703,32176000,105.72333526611328,7861500,47.15512466430664,19992500,29.268598556518555,127893900,56.33343505859375,10847153,92.35497283935547,10118600,250.87745666503906,69967900
2018-08-17,51.40072250366211,141708000,54.857269287109375,10178400,99.5920639038086,18061500,208.13999938964844,2749900,60.21946716308594,33092000,107.31143951416016,6700900,47.31590270996094,13737600,29.034177780151367,49389900,56.33343505859375,9795746,92.35497283935547,8505100,251.7606658935547,65618500
2018-08-20,50.8998908996582,121150800,55.24278259277344,8152100,98.93478393554688,17914200,208.4600067138672,2527300,60.5215950012207,22218000,109.23469543457031,7935000,47.45256805419922,11403400,28.485252380371094,38037900,56.33343505859375,7878350,92.23426818847656,8618700,252.29946899414062,39807500
2018-08-21,50.8006706237793,104639200,55.256805419921875,9192200,98.11087799072266,22881900,208.49000549316406,2665300,60.29673385620117,23082000,108.01371002197266,5832100,47.39628982543945,17943500,28.508989334106445,31593900,57.844810485839844,12091467,92.79752349853516,10976700,252.89122009277344,67272000
2018-08-22,50.803043365478516,76072400,56.048885345458984,10098200,99.11067199707031,18000600,207.3300018310547,2454600,60.51168441772461,22296000,107.42315673828125,4688400,47.56509780883789,20829600,28.38733673095703,23297100,57.112022399902344,9065575,92.51591491699219,8314700,252.7410888671875,44993300
2018-08-23,50.906978607177734,75532800,55.43205642700195,7203900,99.57356262207031,18167700,207.24000549316406,2363000,60.48246765136719,24666000,107.82217407226562,5057600,47.12297439575195,19655600,28.241941452026367,18289200,57.4326171875,7940552,92.3227767944336,9265400,252.4053955078125,49204900
2018-08-24,51.065269470214844,73905600,55.8105583190918,6545200,100.35120391845703,17234000,207.97999572753906,2415700,61.25462341308594,24454000,108.49251556396484,4809400,47.17926025390625,14366600,28.173690795898438,25782900,57.249412536621094,8068963,92.28253173828125,8845700,253.92459106445312,57487400
2018-08-27,51.48577880859375,82100400,56.357322692871094,6671900,101.46208953857422,19662300,210.50999450683594,3166700,62.2214241027832,28580000,108.38809204101562,4325900,47.50883865356445,19915200,28.052038192749023,21120900,58.48601531982422,9324212,93.91606140136719,13768000,255.92929077148438,57072400
2018-08-28,51.90154266357422,91107200,56.27322006225586,8823400,102.07310485839844,19151500,210.77000427246094,2885200,61.7058219909668,27330000,107.90609741210938,6037500,47.48472213745117,19330200,28.506023406982422,29949000,58.44020462036133,12325524,93.45740509033203,8302600,256.0530700683594,46943500
2018-08-29,52.67639923095703,109019200,56.67978286743164,8004800,103.70240783691406,20818000,211.27000427246094,3176900,62.63646697998047,36926000,108.33987426757812,4648700,47.39628982543945,14436600,28.37843132019043,23588400,59.40200424194336,9971648,93.15160369873047,7221700,257.4307861328125,61485500
2018-08-30,53.16069030761719,195175200,56.43443298339844,7450900,103.63760375976562,22798700,209.75,4737900,62.13078308105469,30104000,108.41215515136719,4821900,46.99435806274414,14800900,28.514923095703125,21176100,58.48601531982422,9320414,92.69293212890625,8991800,256.3886413574219,61229500
2018-08-31,53.77490997314453,173360400,56.19609069824219,10700000,103.98941040039062,23222700,208.72000122070312,4526200,61.009456634521484,42308000,108.20330810546875,6139500,47.010433197021484,16720200,28.443710327148438,18974100,59.264617919921875,10517216,92.20205688476562,13065700,256.3974914550781,66140800
2018-09-04,53.94736862182617,109560400,56.280208587646484,8855000,103.41543579101562,22634600,210.0500030517578,2775800,59.99461364746094,41458000,107.42407989501953,4406800,47.26766586303711,19003700,28.295352935791016,24842100,58.02800369262695,9355782,92.6607666015625,10174200,255.95584106445312,57594400
2018-09-05,53.595375061035156,133332000,57.03023910522461,13878400,100.43450927734375,32872400,212.25999450683594,3708900,59.38986587524414,53988000,109.14326477050781,6174800,47.38825988769531,22332300,28.66922378540039,28423800,57.52421951293945,11491355,92.21012115478516,11462400,255.2670135498047,72452400
2018-09-06,52.70475769042969,137160000,56.39938735961914,13320600,100.66594696044922,23477600,212.8800048828125,3601800,58.6414909362793,46854000,109.9546127319336,6562000,46.56831359863281,20756900,28.61878204345703,18452400,57.295223236083984,8475812,91.8158187866211,9877600,254.49859619140625,65909900
2018-09-07,52.27952575683594,150479200,57.359710693359375,16417800,100.1753158569336,22498600,214.0399932861328,4050100,58.32450485229492,32658000,110.31614685058594,6375200,46.14225387573242,21482400,28.43480682373047,20017200,56.79142379760742,9570746,91.99285125732422,10955600,254.00393676757812,73524800
2018-09-10,51.57790756225586,158066000,57.27559280395508,10817900,101.25843811035156,20727900,215.11000061035156,4137200,58.19919204711914,27670000,110.227783203125,4892200,46.190486907958984,15623000,28.752294540405273,24997800,57.295223236083984,9050656,91.50199127197266,8276900,254.4456329345703,50210900
2018-09-11,52.88195037841797,142996000,58.0816764831543,11891900,102.9803237915039,24301800,215.10000610351562,3601500,58.93865966796875,29254000,111.27210998535156,7856800,46.12617492675781,22160300,28.675155639648438,19390500,56.47081756591797,8378597,92.08135986328125,9333800,255.28465270996094,50530500
2018-09-12,52.225196838378906,197114800,58.27092361450195,11556300,103.41543579101562,18891100,214.58999633789062,3463200,58.0278205871582,35716000,111.95497131347656,6767700,44.96860122680664,23868800,28.476346969604492,17700000,57.75320816040039,8385211,90.99501037597656,10800800,255.34645080566406,59810800
2018-09-13,53.486717224121094,166825600,57.70317077636719,11162700,104.52632141113281,26055600,214.88999938964844,4071600,58.54985427856445,40068000,112.3807601928711,6456100,44.21295928955078,26954800,28.224138259887695,22958700,58.211219787597656,11408558,91.34910583496094,12470800,256.856689453125,51034200
2018-09-14,52.87956619262695,127997200,58.123748779296875,9442600,104.95216369628906,19122300,216.3699951171875,3279000,58.34381866455078,24176000,112.05940246582031,4534800,43.99592208862305,20997600,28.066879272460938,18958200,58.62733840942383,14600045,91.3330078125,10337900,256.9007568359375,55079900
2018-09-17,51.471595764160156,148780400,58.467227935791016,8403300,103.81349182128906,20736500,216.2899932861328,3076900,57.44487762451172,34096000,112.43700408935547,5295500,43.658287048339844,21959500,28.135120391845703,15989400,58.71979904174805,10573242,91.6065902709961,9561300,255.54080200195312,68244000
2018-09-18,51.556644439697266,126286800,58.62142562866211,9219900,104.80404663085938,22170900,218.3000030517578,3576600,57.80543899536133,32314000,112.90290832519531,4581200,43.81102752685547,22055200,28.316120147705078,20279400,58.53485870361328,8950101,91.97676086425781,7944200,256.9273986816406,61930400
2018-09-19,51.587364196777344,108495200,59.3223876953125,10413600,103.4061279296875,21728400,220.9499969482422,4288000,58.16006851196289,25962000,112.83861541748047,5049900,44.389808654785156,17046200,28.259746551513672,17025300,59.45956802368164,12958354,94.64836120605469,16052800,257.20111083984375,49080600
2018-09-20,51.97951126098633,106435200,59.455570220947266,11198200,105.13732147216797,23714500,221.67999267578125,5340200,59.016910552978516,29244000,114.05978393554688,5019300,44.65509796142578,20308000,28.411069869995117,16656900,57.61014175415039,18430204,95.4610824584961,15590000,259.28546142578125,100360600
2018-09-21,51.41962432861328,384986800,59.700904846191406,26639400,105.77608489990234,71229700,220.52000427246094,13363200,58.05357360839844,91222000,114.78272247314453,13283400,44.20492935180664,36158500,28.455577850341797,28590300,56.26930618286133,19910349,94.83345031738281,24788200,259.04852294921875,105479700
2018-09-24,52.15904998779297,110773600,60.703285217285156,13549500,106.1556396484375,27334500,218.1300048828125,4539500,58.42207717895508,31150000,112.84667205810547,6708000,43.618099212646484,19604700,28.164793014526367,16011000,54.28113555908203,31005079,93.92413330078125,12492500,258.18804931640625,53409600
2018-09-25,52.48978805541992,98217600,60.63318634033203,12200700,105.95197296142578,22668000,218.0500030517578,3280300,59.13181686401367,33152000,111.3765640258789,7982800,43.5939826965332,15207400,28.21820068359375,18579600,52.10803985595703,27896911,93.65856170654297,9308300,257.948486328125,44370000
2018-09-26,52.07163619995117,95938800,60.12848663330078,10275500,105.5168685913086,19352000,216.11000061035156,4122100,59.14024353027344,37650000,110.99092102050781,7133300,42.73383712768555,22025100,28.066879272460938,17755800,52.66288375854492,19483739,92.55612182617188,14023600,257.1766052246094,79739700
2018-09-27,53.14179611206055,120724800,60.121482849121094,7895400,105.91494750976562,19091300,216.6999969482422,3053500,59.798973083496094,36274000,111.0391616821289,6450500,42.460514068603516,19991000,27.930376052856445,16090200,53.31018829345703,17151231,92.1537857055664,13283000,257.8951721191406,59249500
2018-09-28,53.32842254638672,91717600,59.59576416015625,9884900,105.87791442871094,21647800,214.11000061035156,4482500,59.785099029541016,35612000,110.99897003173828,6638500,42.25151443481445,18588600,27.865102767944336,18918900,52.20051574707031,15978112,90.8019027709961,15815100,257.921875,70091400
2018-10-01,53.687503814697266,94403200,60.149532318115234,8566900,107.02584838867188,18883100,214.77999877929688,2993000,59.85691833496094,33164000,112.2200698852539,4871800,42.00231170654297,17209000,28.010499954223633,14982900,55.8994026184082,64290209,91.3330078125,10146300,258.8179016113281,62078900
2018-10-02,54.16470718383789,99152800,60.605159759521484,8453100,106.5999984741211,20787200,215.2899932861328,2934800,59.812835693359375,40180000,112.85472869873047,6439100,41.905845642089844,17509600,28.2330379486084,23263800,56.96284103393555,31029263,91.7112045288086,13753100,258.6671447753906,47258200
2018-10-03,54.823822021484375,114619200,60.38785934448242,10206700,106.61851501464844,16648000,216.39999389648438,3275100,60.00550842285156,26246000,111.68986511230469,5411800,42.32386779785156,18444900,27.912580490112305,18982200,57.702613830566406,17311880,92.57221221923828,17142000,258.8089904785156,64694600
2018-10-04,53.85997772216797,128168000,59.988304138183594,10204600,104.41522216796875,34821700,218.97000122070312,4428500,58.298744201660156,46576000,111.9469223022461,4738700,43.01518630981445,21417500,27.954126358032227,18135900,58.53485870361328,15631315,93.40686798095703,16357400,256.7862243652344,111545900
2018-10-05,52.98588180541992,134322000,59.82007598876953,9217400,103.80422973632812,29068900,219.4600067138672,4075700,57.84110641479492,31852000,111.74612426757812,4309300,42.75795364379883,14793000,27.687068939208984,20080200,60.939144134521484,31541445,92.88015747070312,13777600,255.3489990234375,105951700
2018-10-08,52.863040924072266,118655600,60.37382888793945,13242400,102.6192855834961,29640600,222.05999755859375,5641200,57.25121307373047,46190000,111.97907257080078,5174100,43.1438102722168,12858200,28.096548080444336,17287800,62.92729568481445,36025406,93.44738006591797,14370900,255.3489990234375,87742200
2018-10-09,53.595375061035156,107564000,60.64019012451172,10177900,103.92459106445312,26198600,223.75999450683594,4516500,56.718780517578125,33690000,111.826416015625,4475300,43.03126907348633,15918300,28.805713653564453,34796700,62.649871826171875,23046331,92.79911041259766,14069500,254.976318359375,74339000
2018-10-10,51.112510681152344,167962400,59.24527359008789,16573400,98.27751922607422,61376300,213.10000610351562,7922100,54.093265533447266,58980000,110.6454849243164,7265600,42.147003173828125,21875900,28.414037704467773,27008400,61.40150833129883,19185019,90.32762145996094,23086400,246.9029998779297,214731000
2018-10-11,50.661293029785156,212497600,57.19847106933594,20320100,98.04608154296875,63904300,205.19000244140625,8322700,54.02293395996094,67696000,107.52043914794922,11603200,41.35117721557617,33147900,27.868070602416992,29779500,58.812278747558594,24238585,87.62110900878906,33705600,241.4645538330078,274840500
2018-10-12,52.47086715698242,161351600,57.04426956176758,15216300,101.43433380126953,47742100,206.8000030517578,5734700,55.4988899230957,49370000,107.54454803466797,6998000,41.8897705078125,32067300,28.132152557373047,25661700,56.96284103393555,25708943,86.6648941040039,32075700,244.818115234375,183186500
2018-10-15,51.34873580932617,123164000,56.65171432495117,10558800,99.610595703125,32068100,205.02999877929688,4541100,54.602420806884766,30074000,107.60881042480469,6398700,42.79814529418945,34118900,27.838394165039062,24916500,56.176822662353516,13070635,86.17061614990234,18903200,243.44297790527344,102263700
2018-10-16,52.48032760620117,116736000,56.91808319091797,9781800,102.7581558227539,31610200,209.8300018310547,4776200,56.11997604370117,38378000,109.70555877685547,9592800,43.192047119140625,28227200,28.42887306213379,33725100,55.94564437866211,18046308,88.0181655883789,19302800,248.76612854003906,118255800
2018-10-17,52.253536224365234,91541600,57.128379821777344,12247700,102.48967742919922,26548200,210.52000427246094,3807800,55.84806823730469,35652000,112.0353012084961,8261100,43.778873443603516,23524200,28.65142059326172,28618200,56.36176681518555,17409325,88.99866485595703,18794500,248.81051635742188,110626000
2018-10-18,51.03219985961914,130325200,57.37370681762695,17448600,100.44377899169922,32506200,208.6999969482422,3144900,54.378055572509766,46152000,112.06742858886719,7583900,42.68560028076172,22533300,28.535694122314453,34195200,57.24025344848633,17010175,87.58866119384766,17582500,245.2174072265625,134557500
2018-10-19,51.809417724609375,132314800,57.45783233642578,12098700,100.5918960571289,32785500,209.8300018310547,4814500,54.73813247680664,41286000,111.70594024658203,5924800,42.51678466796875,19521000,28.82648468017578,26852100,58.072509765625,18108844,87.44284057617188,15234500,245.0843048095703,139901600
2018-10-22,52.12596893310547,115168400,56.88303756713867,9474100,101.48987579345703,26545600,206.19000244140625,3252400,55.044708251953125,27116000,111.40867614746094,4864300,41.51998519897461,17621500,28.82352066040039,21368700,57.24025344848633,10483914,86.18681335449219,16199100,243.98422241210938,82415800
2018-10-23,52.61735153198242,155071200,55.96477127075195,15465100,100.07347106933594,43770400,204.0,4705700,55.220035552978516,37686000,111.60948944091797,8282700,41.4476432800293,25529800,29.01934814453125,28217400,58.6735725402832,17086295,85.28736877441406,21407500,242.7421417236328,146352700
2018-10-24,50.8124885559082,163702000,54.40864562988281,16085700,94.72261810302734,63897800,199.80999755859375,4705900,52.3577766418457,49286000,110.4366683959961,8279200,40.34633255004883,31161500,28.948135375976562,31094100,56.26930618286133,17394134,83.6990966796875,23168900,235.3874053955078,177806700
2018-10-25,51.9251708984375,119423200,54.892311096191406,12315500,100.25863647460938,61646800,201.97999572753906,4571900,54.65937805175781,72956000,111.23995971679688,9720700,41.68880844116211,29366100,29.428823471069336,32211300,54.558563232421875,18412572,84.9713134765625,17464700,239.6103515625,138061500
2018-10-26,51.09833908081055,189033600,54.34557342529297,18160100,99.01815032958984,55523100,198.49000549316406,6734600,53.676727294921875,106438000,110.03494262695312,11371400,41.198448181152344,30053800,29.357614517211914,44776800,52.24675369262695,24541312,83.80445098876953,19174900,235.39630126953125,201574600
2018-10-29,50.13920593261719,183742000,54.009090423583984,15707000,96.1390380859375,55162000,200.0399932861328,4936400,51.24882888793945,81290000,110.50089263916016,6783000,41.98623275756836,30541300,29.612789154052734,38118300,51.599456787109375,25007880,84.96320343017578,18445200,234.092041015625,160749100
2018-10-30,50.389625549316406,146640000,55.221763610839844,17758200,96.0279541015625,65350900,203.35000610351562,6054300,51.98086166381836,59768000,113.07161712646484,9646200,42.356014251708984,24910900,30.390199661254883,38125500,47.06832504272461,71983559,86.46232604980469,18019700,237.56105041503906,157116000
2018-10-31,51.7031135559082,153435600,55.852622985839844,16629100,98.87924194335938,51062400,205.27999877929688,5663000,54.015010833740234,70916000,112.46107482910156,9968900,42.79010772705078,23667400,29.755218505859375,37064700,46.69842529296875,42124411,88.34228515625,20860000,240.098388671875,128296300
2018-11-01,52.49686813354492,233292800,56.54658889770508,14159300,98.05533599853516,33384200,205.86000061035156,3895100,53.78718185424805,40132000,113.12785339355469,6913500,43.055381774902344,17654800,29.844234466552734,23205300,44.294158935546875,49320916,88.30988311767578,13065000,242.65345764160156,99495000
2018-11-02,49.014713287353516,365314800,57.44382858276367,19350400,98.27751922607422,37680200,206.57000732421875,5060000,53.06951141357422,43438000,113.0154037475586,7673200,43.095584869384766,18285600,30.06973648071289,21909600,42.95331573486328,54985507,87.82369995117188,19009200,241.21620178222656,122634100
2018-11-05,47.62327194213867,264654800,57.22651290893555,15815000,99.52727508544922,27922100,216.24000549316406,7667600,52.2889289855957,45358000,114.23646545410156,5601400,43.13576126098633,18990000,30.535593032836914,22850400,42.90707778930664,25955269,88.39901733398438,10276400,242.54702758789062,65622500
2018-11-06,48.138275146484375,127531600,57.47186279296875,9063200,99.72168731689453,24340200,218.50999450683594,3879800,52.97441101074219,28660000,114.53372955322266,5798900,43.04734802246094,20696800,30.660221099853516,19106100,43.55438232421875,23563834,88.81229400634766,10825000,244.08181762695312,60085900
2018-11-07,49.59821701049805,133697600,58.20082473754883,12699800,103.64686584472656,37901700,221.24000549316406,4741900,54.889686584472656,43388000,116.28501892089844,7173600,43.07146453857422,20668500,30.95396614074707,26017800,42.53718948364258,25878418,90.33570861816406,12679600,249.3072967529297,102752100
2018-11-08,49.4251708984375,101450400,57.27559280395508,16865500,103.45244598388672,25644100,222.4199981689453,4166000,54.215606689453125,33694000,116.72686767578125,5497100,43.07957077026367,22429200,31.120145797729492,17884200,42.0748176574707,33760858,91.06500244140625,11662500,248.85484313964844,65584900
2018-11-09,48.4721794128418,137463200,57.26143264770508,15070100,101.43433380126953,32039200,219.6300048828125,3971700,53.34339904785156,34860000,116.75897216796875,5343100,42.98232650756836,18972200,31.32190704345703,25351200,39.670555114746094,57077908,90.1817398071289,10432200,246.42396545410156,98812600
2018-11-12,46.03043746948242,204542000,56.52503967285156,11906600,98.93478393554688,33621800,215.4199981689453,3355200,51.97343826293945,34002000,116.98393249511719,7013600,42.42317199707031,19003300,30.820444107055664,26829300,36.942623138427734,51161628,88.28556060791016,13279700,241.8195343017578,99673600
2018-11-13,45.57053756713867,187531600,55.22926712036133,15530200,98.99959564208984,35374600,217.9199981689453,4089600,51.90458297729492,25750000,116.22879028320312,7432300,42.739219665527344,28102000,30.54450225830078,23870100,39.80925369262695,42945997,88.80416107177734,13746100,241.36703491210938,98176600
2018-11-14,44.28328323364258,243204000,54.7973518371582,18552100,97.5956802368164,39495100,216.02999877929688,4409100,52.23198318481445,34666000,115.88335418701172,6433100,42.26107406616211,24788400,30.126121520996094,31445700,38.468414306640625,35507986,86.97284698486328,18361400,239.71685791015625,125335900
2018-11-15,45.37614059448242,185915200,55.36380386352539,18976000,99.7433853149414,38505200,217.3800048828125,4258800,53.04772186279297,41584000,116.08418273925781,6657900,42.80403518676758,23220100,29.535646438598633,48247800,37.77487564086914,26807841,89.19314575195312,19100000,242.21871948242188,135101400
2018-11-16,45.87871551513672,147713200,55.90900421142578,13704900,100.68244171142578,33502100,218.41000366210938,4347900,52.910030364990234,35366000,117.28117370605469,8494300,42.901275634765625,18872500,28.986713409423828,42705600,37.08133316040039,36851582,89.12831115722656,13798600,242.84866333007812,126668000
2018-11-19,44.06045150756836,167701200,56.093109130859375,9430800,97.27027130126953,44773900,217.94000244140625,4321000,50.886783599853516,45684000,118.67901611328125,8714600,43.209232330322266,20215500,28.716693878173828,27643200,36.249080657958984,30898119,89.80899810791016,13987000,238.74099731445312,103061700
2018-11-20,41.95533752441406,271300800,54.49995803833008,15533700,94.56470489501953,64052500,210.7100067138672,7680900,51.036842346191406,54458000,117.65068054199219,8937700,42.57712936401367,22999200,27.93928337097168,37861800,35.37058639526367,29903260,87.88040161132812,18936200,234.32273864746094,136021300
2018-11-21,41.90790939331055,124496800,54.917694091796875,9685300,95.86634826660156,28130600,210.86000061035156,2840700,51.67973327636719,29698000,114.0677719116211,10275400,42.48799133300781,16946300,27.94225311279297,28052700,36.11036682128906,17620011,87.2240219116211,10619600,235.12124633789062,75563700
2018-11-23,40.84349822998047,94496000,53.45200729370117,10875400,95.82917785644531,13823100,207.07000732421875,2274000,51.0195198059082,14178000,114.26056671142578,3404900,42.00176239013672,11139400,28.21820068359375,14670000,35.00069808959961,9070771,86.42180633544922,6488400,233.55093383789062,42807900
2018-11-26,41.39586639404297,179994000,54.50702667236328,13741100,98.99030303955078,32336200,210.6300048828125,3973900,52.29933547973633,31558000,114.2929458618164,7590900,42.85266876220703,20581700,28.2330379486084,30103800,35.04694747924805,33103782,88.53678131103516,13948300,237.3214111328125,79981400
2018-11-27,41.30577850341797,165549600,54.55658721923828,10344500,99.61324310302734,29124500,212.52999877929688,4050600,52.11805725097656,33048000,115.78858947753906,5962100,43.10387420654297,18044600,28.200393676757812,27126900,34.399620056152344,23037755,88.9095230102539,9238200,238.1199188232422,75502400
2018-11-28,42.89409255981445,184250000,55.547882080078125,11482100,103.31363677978516,46788500,217.5,4013400,54.0749397277832,46042000,118.391845703125,8411400,44.04391860961914,23713300,28.918466567993164,30212400,35.786705017089844,25938200,89.89811706542969,13977300,243.60269165039062,127629600
2018-11-29,42.564571380615234,167080000,55.97981262207031,10255200,102.44896697998047,28123200,217.6999969482422,3960900,54.2131233215332,31004000,117.91483306884766,6900000,43.792701721191406,14978400,28.868019104003906,18723900,36.71144104003906,25745417,89.18505096435547,11144300,243.07040405273438,82346400
2018-11-30,42.33463668823242,158126000,56.29136657714844,14040100,103.09978485107422,33665600,218.24000549316406,5153200,54.95951843261719,59668000,118.7637710571289,12517600,43.9871826171875,18939000,28.9748477935791,31992000,34.67705154418945,39037109,90.1007308959961,18652700,244.55198669433594,98204200
2018-12-03,43.81390380859375,163210000,57.509254455566406,19415100,104.2154769897461,34732800,220.80999755859375,5153200,55.2918586730957,57532000,118.20589447021484,8827200,43.954769134521484,21261700,29.30124282836914,27246300,36.11036682128906,27268484,90.9515609741211,16034500,247.7902374267578,103176300
2018-12-04,41.88658905029297,165377200,56.24180603027344,18540700,100.8962631225586,45197000,210.1199951171875,7689800,52.62275695800781,45630000,118.06035614013672,9803500,41.961246490478516,33280500,28.42887306213379,31278900,33.659854888916016,27820875,86.89183044433594,23555900,239.76116943359375,177986000
2018-12-06,41.4195671081543,172393600,55.50540542602539,23218100,101.51925659179688,49107400,207.9600067138672,8386700,53.395896911621094,47436000,117.96337127685547,11572500,41.40208053588867,40310200,28.273738861083984,31101600,33.983516693115234,23571659,85.23873901367188,27213900,239.3974609375,204185400
2018-12-07,39.94268035888672,169126400,54.97435760498047,16224700,97.45621490478516,45044900,204.8800048828125,5483500,51.83574295043945,42682000,117.57528686523438,9444500,40.72948455810547,28510500,27.802364349365234,25489500,32.4114875793457,23887657,83.6990966796875,19248600,233.83485412597656,161018900
2018-12-10,40.205810546875,248104000,54.19548416137695,17946200,100.0316162109375,40801500,203.25999450683594,5593700,52.16263961791992,33652000,117.43788146972656,6848100,39.546329498291016,34524600,28.026113510131836,21830700,32.041587829589844,23545806,82.13519287109375,23636400,234.2783966064453,151445900
2018-12-11,39.97586441040039,189126800,54.29462432861328,15742400,100.96138000488281,42381900,202.27999877929688,4483700,52.582149505615234,33852000,118.44034576416016,9857400,38.703521728515625,32388600,27.9992618560791,19357500,31.25558090209961,25995248,81.33293914794922,16860700,234.3316192626953,121504400
2018-12-12,40.08726501464844,142510800,53.82728576660156,14559800,101.41695404052734,36183000,202.47999572753906,4164200,53.18044662475586,28960000,118.92545318603516,8869200,38.68733596801758,42820000,27.77849769592285,28917600,31.02440071105957,22080622,81.85966491699219,22621500,235.51162719726562,97976700
2018-12-13,40.52583694458008,127594400,54.50702667236328,13749700,101.76094055175781,31333400,202.4199981689453,4508000,53.17103958129883,24986000,119.52367401123047,6008300,38.11195755004883,35227100,27.733739852905273,24126900,33.28996276855469,43251895,81.940673828125,17250900,235.43174743652344,96662700
2018-12-14,39.22911071777344,162814800,53.515750885009766,12669300,98.58121490478516,47043100,200.0,4995200,52.089820861816406,36358000,107.52606201171875,58140200,37.714881896972656,25913000,27.402587890625,34480800,32.827613830566406,26875823,81.26810455322266,19879500,231.0845947265625,116961100
2018-12-17,38.86404037475586,177151600,52.425323486328125,15464100,95.66182708740234,56957300,197.9199981689453,5991600,50.799110412597656,49932000,104.4053726196289,36933100,37.7716064453125,29443300,27.080379486083984,27005400,33.058780670166016,27069962,80.23088836669922,25113500,226.55105590820312,165492300
2018-12-18,39.36897659301758,135366000,50.980857849121094,18681200,96.66594696044922,49319200,196.52000427246094,6593100,51.67874526977539,43640000,105.44023132324219,24640100,37.69866180419922,26740000,27.17286491394043,28820100,33.659854888916016,30626065,79.85002136230469,20837200,226.3026580810547,134515100
2018-12-19,38.1409912109375,196189200,50.11701583862305,21679600,96.40560913085938,68198200,195.1699981689453,6278800,51.28498458862305,58264000,103.16841888427734,21232100,37.009857177734375,34287600,27.014741897583008,36694500,35.46554946899414,45795945,78.83712768554688,28767900,222.91360473632812,214992800
2018-12-20,37.178524017333984,259092000,48.594669342041016,28723700,94.37875366210938,70334200,193.5800018310547,8976100,50.69658660888672,53674000,103.70199584960938,16609600,37.3096923828125,43969900,26.039169311523438,49121400,34.44694519042969,38050283,78.15644073486328,31825200,219.28500366210938,252053400
2018-12-21,35.73244857788086,382978400,48.23356246948242,47287300,91.32916259765625,111242100,192.10000610351562,14907700,49.09531784057617,104656000,103.55647277832031,19732900,36.56414031982422,55577900,25.99441909790039,44764500,33.10425567626953,38738388,76.3088607788086,41313900,214.79197692871094,255345600
2018-12-24,34.80789566040039,148676800,46.385498046875,14262800,87.51717376708984,43935200,187.75999450683594,5020600,48.76942443847656,36360000,99.31202697753906,7531900,35.332366943359375,18049900,25.60359001159668,18330900,32.039363861083984,14608516,74.66389465332031,17009300,209.11659240722656,147311600
2018-12-26,37.259117126464844,234330000,48.60176467895508,24887700,93.49549102783203,51634800,197.57000732421875,7158200,51.898643493652344,46318000,102.4408187866211,9253000,36.94501876831055,27770000,26.97296714782715,30084900,34.21544647216797,27092394,77.7593765258789,22542900,219.68212890625,218485400
2018-12-27,37.01731491088867,212468400,48.81416320800781,22077000,94.07193756103516,49498500,200.1199951171875,7386800,52.14876937866211,45996000,103.00672912597656,9918700,36.89640808105469,27005300,27.32501220703125,29644500,33.659847259521484,24993253,78.63452911376953,20304700,221.3687286376953,186267300
2018-12-28,37.03627014160156,169165600,48.26895523071289,19710600,93.33743286132812,38196300,202.0800018310547,5420600,51.840702056884766,34398000,102.89356994628906,6537200,37.098995208740234,23635000,27.486122131347656,29622000,34.77103805541992,25388083,78.46437072753906,17963300,221.0831298828125,153100200
2018-12-31,37.394256591796875,140014000,48.28312301635742,15807000,94.43453216552734,33173800,204.17999267578125,5451900,51.75550842285156,33110000,104.3326187133789,7409900,37.342105865478516,16544500,27.790430068969727,21017400,35.04884719848633,22610937,79.10452270507812,13237200,223.01956176757812,144299400
2019-01-02,37.436912536621094,148158800,49.34523010253906,16727200,94.01614379882812,35329300,202.8000030517578,4802100,52.23693084716797,31868000,103.28160858154297,7631700,38.03903579711914,20295200,27.847108840942383,24458100,37.271236419677734,26991297,80.47398376464844,15670900,223.25161743164062,126925200
2019-01-03,33.707923889160156,365248800,48.58760070800781,13866100,90.55746459960938,42579100,191.66000366210938,8540600,50.79019546508789,41960000,101.64041900634766,8654500,37.73918151855469,22262000,27.703908920288086,24831900,37.31753921508789,25654795,79.33031463623047,16286400,217.9241943359375,144140700
2019-01-04,35.14689254760742,234428400,50.379005432128906,16043600,94.76923370361328,44060600,195.1999969482422,6611200,53.3953971862793,46022000,103.34628295898438,8831700,38.857513427734375,23343600,27.8769474029541,24087300,38.1046257019043,25056937,82.25484466552734,16935200,225.22369384765625,142628800
2019-01-07,35.06864929199219,219111200,50.640995025634766,10844200,94.89012145996094,35656100,196.91000366210938,5423000,53.288917541503906,47446000,102.68334197998047,8404700,38.60628890991211,21858000,28.205121994018555,23369100,40.46590805053711,37493322,82.31202697753906,15430700,226.99952697753906,103139100
2019-01-08,35.7371826171875,164101200,51.009185791015625,11439000,95.57813262939453,31514400,196.30999755859375,4476800,53.75696563720703,35414000,105.06832122802734,9351600,38.5252571105957,19702900,28.402029037475586,21602700,39.632511138916016,30669237,82.15682983398438,13578800,229.1322479248047,102512600
2019-01-09,36.34406661987305,180396400,51.27824401855469,13473500,96.94485473632812,32280800,196.3699951171875,3607500,53.572723388671875,26998000,104.23558044433594,7403500,38.7359504699707,18837700,28.30953598022461,18816900,39.35471725463867,24268716,82.01795196533203,14230300,230.20309448242188,95006600
2019-01-10,36.460227966308594,143122800,51.016265869140625,13151100,96.32192993164062,30067600,196.5800018310547,3627700,53.43305206298828,26598000,104.8661880493164,6224400,38.695438385009766,16208400,28.330421447753906,28188900,41.39189529418945,23441412,82.00977325439453,14376100,231.0151824951172,96823900
2019-01-11,36.10225296020508,108092800,50.782596588134766,9790100,95.57813262939453,28314200,196.2899932861328,3535200,52.72181701660156,30864000,104.89854431152344,5300400,38.79267883300781,20006900,28.29462242126465,16183800,41.39189529418945,16832625,81.61767578125,15439900,231.1044158935547,73858100
2019-01-14,35.55937576293945,129756800,50.71887969970703,11012400,94.88079833984375,28437100,195.77999877929688,3954300,52.07992172241211,28490000,103.7101058959961,7374400,39.23838806152344,23827600,28.32744026184082,21255300,41.206695556640625,17043123,82.45907592773438,21258500,229.69447326660156,70908200
2019-01-15,36.28716278076172,114843600,50.7472038269043,10298300,97.63288116455078,31587600,196.94000244140625,3206700,53.81342697143555,37518000,104.58324432373047,5194400,38.63060760498047,27447600,28.715280532836914,21174600,40.41960144042969,19626381,83.06358337402344,26504900,232.326904296875,85208300
2019-01-16,36.73047637939453,122278800,50.725955963134766,12595600,97.97688293457031,29853900,198.41000366210938,5069600,53.96200942993164,38280000,103.51604461669922,6264200,39.6597785949707,32026400,28.745115280151367,16230000,41.57710647583008,17583057,83.73345947265625,18533000,232.88912963867188,77636700
2019-01-17,36.94856262207031,119284800,51.07290267944336,10141700,98.6648941040039,28393000,198.77999877929688,4161000,54.437984466552734,24896000,104.36492919921875,7632000,39.89479064941406,25738800,28.861469268798828,16843500,42.317893981933594,22074822,84.07655334472656,14247600,234.656005859375,96118400
2019-01-18,37.1761474609375,135004000,51.68185043334961,15759200,100.14317321777344,37427600,204.47999572753906,5941200,54.843135833740234,44892000,105.65849304199219,10593000,40.52688217163086,36380300,29.156829833984375,18361800,41.94750213623047,19350175,85.44080352783203,16428700,237.77926635742188,127900300
2019-01-22,36.34169387817383,121576000,50.902957916259766,15035600,98.25580596923828,32371300,200.72000122070312,5397700,53.42314147949219,39632000,104.13048553466797,10568100,40.40533447265625,33975200,29.085222244262695,24189600,40.09550857543945,22571396,84.0928955078125,17083700,234.5666961669922,115531200
2019-01-23,36.48866653442383,92522400,50.48521423339844,13187200,99.21344757080078,25874300,201.14999389648438,3705400,53.709415435791016,25194000,104.13048553466797,9267800,40.61602783203125,16806700,29.449199676513672,25037400,40.41960144042969,15104193,83.88052368164062,12146700,235.05755615234375,86030300
2019-01-24,36.1994514465332,101766000,50.556007385253906,11272500,98.73925018310547,23164800,201.02000427246094,4074800,53.689109802246094,29114000,102.69953155517578,9917000,40.50257873535156,17862100,29.344785690307617,22829100,40.651100158691406,18848780,83.92952728271484,11296800,235.1824493408203,59204100
2019-01-25,37.39897918701172,134142000,50.782596588134766,8996200,99.64112091064453,31225600,202.75,3823300,54.55636215209961,23260000,103.66967010498047,7585100,40.6241340637207,20183400,28.921127319335938,21654600,42.41049575805664,23434130,84.46051788330078,14369400,237.1724090576172,96883400
2019-01-28,37.05287551879883,104768400,50.44272232055664,13678400,97.69795227050781,29476700,200.9499969482422,3718000,53.48406219482422,29334000,104.28411102294922,6927700,40.37291717529297,19913100,28.956941604614258,17627400,41.345603942871094,19120938,84.86079406738281,12283100,235.369873046875,85613700
2019-01-29,36.66884231567383,166348800,50.63392639160156,10513200,95.70831298828125,31490500,202.0500030517578,2815400,52.99867630004883,19704000,105.3674545288086,6669300,40.397216796875,11927600,28.852519989013672,15760200,41.206695556640625,23885070,85.09768676757812,9743300,235.05755615234375,66136300
2019-01-30,39.17458724975586,244439200,51.18619918823242,11524700,98.90663146972656,49471900,205.9600067138672,4519900,54.382015228271484,29452000,106.42652893066406,7299300,40.591705322265625,16885100,28.282691955566406,35547900,42.13269805908203,18035624,85.29375457763672,12526300,238.77870178222656,92473700
2019-01-31,39.456695556640625,162958400,51.887176513671875,19876700,97.09361267089844,55636400,205.5399932861328,8676200,55.76386260986328,40232000,107.5907211303711,17298100,39.99477767944336,24934700,28.589975357055664,44169000,47.04045486450195,72747847,84.55037689208984,17520600,240.87576293945312,104012100
2019-02-01,39.475650787353516,130672400,53.75647735595703,22968700,95.55950927734375,35535700,209.19000244140625,5992600,55.40380096435547,33116000,108.4962158203125,9575200,39.99477767944336,21123500,28.002243041992188,37775700,47.179359436035156,33002372,84.86079406738281,13000800,240.9917449951172,85782500
2019-02-04,40.596954345703125,125982000,52.97761535644531,15483800,98.31160736083984,31315100,208.52000427246094,3730900,56.53304672241211,78408000,107.42903137207031,7759000,40.117431640625,17547800,28.273738861083984,21805800,47.271968841552734,21543088,85.1630630493164,9871500,242.68724060058594,60744800
2019-02-05,41.29155731201172,144406400,53.522823333740234,12786700,99.68760681152344,27325400,207.82000732421875,4243700,57.05062484741211,82296000,107.42903137207031,6449800,40.289161682128906,14784900,28.5213565826416,18299700,49.21654510498047,21455283,84.78728485107422,12763000,243.70458984375,79552800
2019-02-06,41.30577850341797,112958400,53.28916931152344,10866900,98.58121490478516,20609800,206.00999450683594,3708800,55.61528015136719,48256000,107.52606201171875,5066100,40.24828338623047,12145700,28.533294677734375,12794700,48.47575759887695,25140965,84.74641418457031,8745000,243.38330078125,58347800
2019-02-07,40.52347183227539,126966800,52.878482818603516,14418900,97.87458038330078,29760700,201.72999572753906,4908700,54.774288177490234,38298000,106.75801086425781,6085300,39.316070556640625,24189700,28.858482360839844,21030300,46.57746124267578,22682446,83.63542938232422,13177500,241.0631866455078,95482000
2019-02-08,40.57108688354492,95280000,52.96440124511719,11959500,98.24649047851562,21461100,200.9199981689453,4666700,54.599449157714844,21766000,107.04097747802734,4436700,38.964447021484375,20641200,28.515396118164062,18507600,45.41997146606445,24736786,82.80217742919922,12892600,241.35760498046875,75788900
2019-02-11,40.3377685546875,83973600,53.05030822753906,10434800,97.85601043701172,18914100,203.0500030517578,3600100,54.58656692504883,18498000,106.71761322021484,4962200,38.964447021484375,15995900,28.70036506652832,16628400,46.43857955932617,14749801,82.41007995605469,10978500,241.491455078125,68021400
2019-02-12,40.68534469604492,89134000,53.98100662231445,12599200,99.38079833984375,25056600,206.14999389648438,3517900,55.84757995605469,35036000,108.46385955810547,6262300,40.109249114990234,22033000,28.930084228515625,17643900,46.207069396972656,14005879,83.81514739990234,12852300,244.59690856933594,72270200
2019-02-13,40.51632308959961,89960800,54.589542388916016,13214600,99.30641174316406,18394900,205.8000030517578,3326900,55.899574279785156,28042000,108.69833374023438,7902200,40.08472442626953,13770900,29.2194766998291,16375500,48.012752532958984,20644401,84.21543884277344,10754100,245.3910675048828,65277200
2019-02-14,40.66393280029297,87342800,54.60387420654297,12772900,99.39009094238281,21784700,202.77999877929688,3627300,55.92780685424805,21106000,108.58512878417969,3910400,39.675865173339844,16456500,29.392518997192383,21602400,46.48485565185547,19486347,83.6681137084961,11518500,244.84681701660156,83234400
2019-02-15,40.5734748840332,98507200,55.63480758666992,14330300,100.61736297607422,26606900,205.2899932861328,5044700,55.453819274902344,27826000,110.2586669921875,6665000,40.24828338623047,19346200,29.831079483032227,28443000,46.71635818481445,16347527,86.22504425048828,14716900,247.51495361328125,97088700
2019-02-19,40.694881439208984,75891200,56.00708770751953,13551500,100.57086944580078,18038500,205.69000244140625,3204000,55.79458236694336,21980000,109.70083618164062,5935500,40.37910461425781,15121700,30.49040985107422,62091900,46.90156936645508,13264315,85.92279815673828,12764900,247.94326782226562,59120800
2019-02-20,40.956787109375,104457600,56.22187805175781,12633100,100.04798889160156,21607700,206.16000366210938,3309300,55.50135803222656,24090000,110.23441314697266,6089800,40.73072814941406,16742600,29.798255920410156,52895400,46.76266098022461,10151119,86.33940124511719,10030300,248.44305419921875,76610800
2019-02-21,40.72583770751953,68998800,55.713565826416016,10266000,102.1582260131836,29063200,205.3300018310547,3661400,54.690086364746094,33272000,109.48255157470703,6665500,40.526302337646484,16938800,29.65207290649414,19239600,46.43857955932617,10335701,86.15968322753906,8400100,247.55953979492188,64214700
2019-02-22,41.180564880371094,75652800,56.143104553222656,9519300,103.61482238769531,27763200,201.91000366210938,5575000,55.301761627197266,29436000,110.43659210205078,5223900,40.08472442626953,15848200,29.699806213378906,24260700,47.08675765991211,10587786,85.7757339477539,10647300,249.0944366455078,78114600
2019-02-25,41.48054885864258,87493600,56.20039749145508,9274400,104.19371032714844,23750600,202.30999755859375,5146500,55.33990478515625,26208000,110.84346008300781,6846600,40.60806655883789,16564100,29.571523666381836,27705000,50.09623718261719,60560499,86.67434692382812,11230700,249.4335479736328,69030700
2019-02-26,41.504356384277344,68280800,56.31494903564453,10990600,104.91265106201172,21536700,201.89999389648438,4892500,55.57169723510742,35026000,110.77019500732422,5106900,40.55082702636719,16997800,29.443233489990234,25464300,51.32965850830078,20864323,86.01264953613281,15465400,249.25506591796875,56844100
2019-02-27,41.63291549682617,111341600,56.894840240478516,12398200,104.73526763916016,21487100,202.2899932861328,4247200,55.61528015136719,22092000,110.57487487792969,4378100,40.804325103759766,17455000,29.270193099975586,23706900,52.38899612426758,21835966,85.90644073486328,9968800,249.14801025390625,56921600
2019-02-28,41.223419189453125,112861600,56.579837799072266,14597900,104.60453796386719,29083900,201.3000030517578,3619000,55.79655456542969,27422000,111.2015151977539,10133200,40.7961540222168,17786600,29.532733917236328,34127700,50.02956008911133,18230265,85.25289154052734,15156900,248.6838836669922,69268300
2019-03-01,41.65672302246094,103544800,57.27427673339844,15419400,105.07140350341797,23501200,203.1300048828125,3529400,56.88470458984375,34086000,112.59317779541016,5641600,40.91062927246094,19051400,29.21649932861328,31057500,49.45174789428711,17856700,85.31011962890625,13813300,250.2366180419922,78880500
2019-03-04,41.86624526977539,109744800,57.49623107910156,18089900,104.81929779052734,26608000,201.80999755859375,4640300,57.12739562988281,35490000,112.6989974975586,8377700,40.976043701171875,16697000,29.1926212310791,23051400,49.981422424316406,13996993,85.1140365600586,12466300,249.32640075683594,106494600
2019-03-05,41.79005432128906,78949600,57.410316467285156,13745500,104.29641723632812,19538300,201.47000122070312,5268400,57.9084587097168,40094000,112.93500518798828,6568900,40.7961540222168,14235400,29.338815689086914,18357900,47.62198257446289,35870538,85.0486831665039,10856600,248.98727416992188,59114600
2019-03-06,41.549598693847656,83241600,56.75881576538086,18633600,104.34309387207031,17687000,200.6699981689453,3216600,57.697967529296875,23602000,113.19541931152344,6236900,40.73891067504883,14211000,29.314943313598633,14089800,43.866153717041016,41286543,84.73009490966797,9070800,247.47930908203125,75039800
2019-03-07,41.06866455078125,99185600,57.388832092285156,16541700,103.07324981689453,25339000,199.3000030517578,5105700,57.0001106262207,30086000,112.50364685058594,6100400,40.624427795410156,19047300,29.073287963867188,18379800,45.5033073425293,25577378,84.11742401123047,12705700,245.40895080566406,94885100
2019-03-08,41.16628646850586,95997600,56.56550979614258,16211300,103.1852798461914,22818400,198.6999969482422,3755200,56.95652389526367,23694000,112.357177734375,7046700,40.722557067871094,17400000,29.11505699157715,16977000,46.17814636230469,17559457,84.15008544921875,10582400,244.91815185546875,85795800
2019-03-11,42.59237289428711,128044000,57.116790771484375,11060900,105.35152435302734,26491600,202.08999633789062,3999300,58.4072151184082,30032000,112.76407623291016,6150400,40.6898307800293,19471500,29.380586624145508,16035900,47.72062301635742,21277594,85.24474334716797,9763200,248.46974182128906,65098900
2019-03-12,43.07093048095703,129870400,57.27427673339844,11320000,106.08914947509766,26132700,202.5,3756100,59.29823684692383,42220000,113.26866912841797,5552900,40.59989929199219,18299300,29.347763061523438,15211500,47.04579544067383,19937161,84.99149322509766,10219100,249.40673828125,79667500
2019-03-13,43.26137924194336,124130000,57.7825813293457,10260200,106.91082763671875,35513800,204.05999755859375,3693600,59.387882232666016,25888000,113.45584106445312,6446900,40.820674896240234,21647300,29.54467010498047,16446900,48.299072265625,14880115,85.27742767333984,13022200,251.05760192871094,80639200
2019-03-14,43.74229431152344,94318000,57.58927917480469,9976700,106.994873046875,30763400,203.3800048828125,3084200,59.0644645690918,27302000,112.32462310791016,8493600,41.17229461669922,20160700,29.460691452026367,14777400,49.648746490478516,26859385,86.05348205566406,10926500,250.89703369140625,67518400
2019-03-15,44.31131362915039,156171600,57.381683349609375,25316400,108.22735595703125,54681100,204.30999755859375,7738700,58.954010009765625,51886000,111.98281860351562,11922500,41.4257926940918,46117300,29.520668029785156,43800000,48.00985336303711,37959266,87.0419692993164,24811700,252.13661193847656,81309000
2019-03-18,44.76366424560547,104879200,58.047489166259766,9840600,109.77733612060547,31207600,206.67999267578125,3964600,58.867332458496094,24442000,111.63285827636719,7369600,42.300758361816406,23843300,29.892601013183594,17310300,49.166717529296875,18387845,87.56477355957031,12935500,253.0508575439453,62199800
2019-03-19,44.4089241027832,126585600,57.89715576171875,13936500,109.85202026367188,37588700,205.14999389648438,3881500,59.55628204345703,29788000,112.66643524169922,5882500,42.0390739440918,19911900,29.94959831237793,16243200,49.11852264404297,10970991,87.24617767333984,12889300,253.11354064941406,90268100
2019-03-20,44.7969970703125,124140800,58.21931076049805,13133600,109.73065185546875,28113300,203.27000427246094,4053100,60.74348449707031,41508000,111.73051452636719,5475700,41.21317672729492,20632400,29.58666229248047,18969300,49.26313400268555,9704794,85.38362121582031,14920700,252.35171508789062,84609200
2019-03-21,46.44688415527344,204136800,58.5557975769043,10117000,112.25171661376953,29854400,204.42999267578125,4182300,61.223907470703125,28150000,112.38970184326172,5765100,40.77162170410156,24132800,29.712631225585938,19653000,49.50413131713867,10135942,84.03572082519531,19751000,255.2019500732422,79550400
2019-03-22,45.48503875732422,169630800,57.61793518066406,12497700,109.29180145263672,33624500,200.5500030517578,5872400,59.81333541870117,34422000,111.42125701904297,6528800,39.504150390625,27975800,29.47868537902832,20124300,48.106258392333984,16364625,81.49510955810547,31115200,250.29026794433594,122659300
2019-03-25,44.93507766723633,175381200,57.217002868652344,11320400,109.86136627197266,27067100,199.44000244140625,4113100,59.30466842651367,27576000,111.17711639404297,4500300,39.316070556640625,17227600,29.445680618286133,16222200,47.62422561645508,9977198,80.81708526611328,21032300,250.10198974609375,85575200
2019-03-26,44.47081756591797,199202000,57.96158218383789,9472800,110.0948257446289,26097700,200.6199951171875,3737800,58.93122482299805,30752000,112.77220916748047,4758600,40.0765495300293,16989600,29.490676879882812,14837700,48.684688568115234,9555279,81.6258316040039,15987100,251.96620178222656,68125900
2019-03-27,44.87080764770508,119393600,57.51768493652344,7258700,109.03036499023438,22733400,199.2100067138672,3619200,58.345306396484375,29428000,112.8780288696289,6764900,39.88029479980469,16912000,29.157733917236328,25413600,48.00985336303711,11064769,81.34807586669922,12753200,250.648681640625,72224700
2019-03-28,44.93033218383789,83121600,57.8040771484375,7412300,109.17977905273438,18334800,200.66000366210938,3233600,58.06100845336914,22402000,113.02452087402344,4602100,40.141963958740234,15881600,29.13374137878418,24162900,47.67243957519531,9068655,82.27118682861328,12454100,251.59884643554688,56238500
2019-03-29,45.22316360473633,94256000,57.84703826904297,10889200,110.1228256225586,25399800,200.88999938964844,4619400,58.28983688354492,30890000,113.76509094238281,7168400,39.51231384277344,53590800,29.25371551513672,22319700,48.15446472167969,9734708,82.69600677490234,14523400,253.1853485107422,82186800
2019-04-01,45.530277252197266,111448000,58.51285934448242,10816400,111.1312255859375,22789100,205.0,4671600,59.3839225769043,27706000,113.10587310791016,5885200,39.91301345825195,42015500,29.340702056884766,25517400,48.684688568115234,10301888,85.4816665649414,17499300,256.18780517578125,77617900
2019-04-02,46.192138671875,91062800,58.262271881103516,7646000,111.28996276855469,18142300,203.8800048828125,2599500,59.708831787109375,18288000,112.07233428955078,5517800,39.4223747253418,35393600,29.07674789428711,18822000,49.35952377319336,10382584,85.89012145996094,10295400,256.3132629394531,40070400
2019-04-03,46.50878143310547,93087200,57.91862487792969,8562900,112.0182876586914,22860700,203.6699981689453,2864500,59.96984100341797,22180000,111.63285827636719,5947000,39.953880310058594,30366300,29.151737213134766,17062500,48.684688568115234,11263640,86.06165313720703,11499200,256.7167053222656,68243200
2019-04-04,46.58974075317383,76457200,58.741947174072266,9360600,111.4487075805664,20112800,204.10000610351562,2436500,60.397769927978516,21022000,110.33072662353516,5844600,40.20738220214844,19260100,29.427688598632812,12078900,48.347267150878906,8232943,86.89303588867188,11952100,257.3977966308594,48997500
2019-04-05,46.901607513427734,74106400,59.056949615478516,10059100,111.94355773925781,15826200,205.3300018310547,3363500,60.00153732299805,20012000,110.82715606689453,4759700,39.88847351074219,23734900,29.643653869628906,13968000,48.25086212158203,8678979,86.687255859375,9933700,258.6437072753906,58621700
2019-04-08,47.63966751098633,103526800,59.42205047607422,9108200,111.98092651367188,15116200,205.25,2624000,59.844539642333984,21750000,110.79462432861328,4329600,39.970252990722656,18875200,29.763629913330078,16267200,45.74432373046875,35313691,86.96714782714844,8056300,258.84088134765625,53566300
2019-04-09,47.496822357177734,143072800,58.65603256225586,8561600,111.37399291992188,17612000,204.9199981689453,2589700,59.56767272949219,19668000,110.33072662353516,5210300,39.36513900756836,22903500,29.60165786743164,13102500,44.44285202026367,16687089,86.3250732421875,9092200,257.5143127441406,66142300
2019-04-10,47.76346969604492,86781200,58.39112854003906,10324300,112.22369384765625,16477200,204.52000427246094,2632200,59.75389862060547,15510000,110.33888244628906,4194100,39.078922271728516,30977800,29.87459945678711,12273300,44.15364074707031,10808576,86.71194458007812,10882300,258.3927001953125,52601500
2019-04-11,47.365875244140625,83603200,58.67035675048828,9115100,112.35442352294922,14209100,206.6699981689453,2988300,59.909420013427734,16998000,110.03776550292969,4485200,39.038047790527344,33662700,30.234533309936523,16820700,43.96082305908203,10997856,87.444580078125,11183800,258.3210144042969,55093100
2019-04-12,47.34682083129883,111042800,57.93292236328125,16638700,112.93333435058594,19745100,210.55999755859375,4778900,60.56023025512695,24312000,110.6644058227539,5756800,38.01588439941406,70271400,30.462505340576172,15486000,43.38239669799805,13735824,91.54390716552734,25834100,260.0688171386719,69727800
2019-04-15,47.432525634765625,70146400,57.739646911621094,8536100,113.02668762207031,15792600,209.74000549316406,2587500,60.74843978881836,23796000,111.1038818359375,5380900,38.24484634399414,34954000,30.723453521728516,15335700,43.28599166870117,16642146,90.49849700927734,15163800,259.89849853515625,49596700
2019-04-16,47.43729782104492,102785600,58.133384704589844,7005700,112.7652359008789,14071800,211.8000030517578,2644800,61.01490020751953,22622000,112.32462310791016,10745700,38.964447021484375,25217100,30.873422622680664,14485200,44.05723571777344,12085548,91.45337677001953,11583200,260.0688171386719,52153200
2019-04-17,48.36103439331055,115627200,58.29806137084961,8311400,113.698974609375,19300900,210.3699951171875,2883000,61.422523498535156,30366000,112.73153686523438,9543700,38.88267135620117,25144000,30.942407608032227,11187600,43.96082305908203,9643619,94.08749389648438,17791900,259.43243408203125,58268300
2019-04-18,48.53484344482422,96783200,58.083274841308594,9493900,115.19291687011719,27991000,209.99000549316406,2590900,61.48839569091797,24750000,111.91770935058594,10485300,38.90721130371094,22416800,30.94841194152832,11183400,45.06948471069336,10334612,93.39603424072266,12501900,259.943359375,68708500
2019-04-22,48.6943473815918,77758000,59.35048294067383,10770600,115.55706787109375,15648700,209.49000549316406,1929100,62.097103118896484,19084000,112.16998291015625,4666500,38.645530700683594,15972600,30.705461502075195,15238200,44.92488098144531,13467232,93.51126098632812,7975900,260.1673889160156,40160100
2019-04-23,49.396690368652344,93292000,59.69411849975586,10595100,117.1257095336914,24025500,211.61000061035156,3475400,62.930667877197266,31868000,113.85457611083984,5790500,38.71913146972656,16434300,30.91541862487793,15152400,44.973087310791016,8126706,93.62652587890625,9193100,262.5067138671875,52246600
2019-04-24,49.320499420166016,70162400,58.53431701660156,11684000,116.7242202758789,31257000,210.57000732421875,3208500,62.408634185791016,23396000,113.28492736816406,5676300,38.82543182373047,17831800,31.05339241027832,14093400,44.92488098144531,5775345,93.47013092041016,9245700,261.92413330078125,50392900
2019-04-25,48.8729133605957,74172800,58.8636360168457,11135000,120.58977508544922,38033900,211.9499969482422,3152100,62.76970672607422,31344000,113.65113067626953,5218100,38.8499641418457,23042800,31.050397872924805,11883300,43.96082305908203,12515311,93.5195083618164,9311800,261.7627258300781,57770900
2019-04-26,48.63959884643555,74596400,57.62508773803711,18053500,121.28074645996094,23654900,214.22000122070312,3155400,63.26894760131836,27228000,114.25341033935547,4613600,39.21794891357422,13035500,30.453508377075195,24323100,46.12995147705078,14905235,94.22742462158203,7889300,262.981689453125,50916400
2019-04-29,48.713401794433594,88818800,57.2528190612793,10023700,121.168701171875,16324200,216.5800018310547,3467600,64.19908905029297,72368000,113.8057861328125,4275200,39.471435546875,16918700,30.462505340576172,19139100,46.901187896728516,13243923,95.58565521240234,14242200,263.39410400390625,57197700
2019-04-30,47.775360107421875,186139600,57.47475051879883,13721500,121.94371032714844,24166500,216.7100067138672,3611100,59.3829345703125,133178000,114.91259002685547,6003700,39.58591842651367,18525100,30.846424102783203,18400800,49.02210235595703,35549901,95.5280532836914,11389100,263.5284423828125,81111700
2019-05-01,50.120452880859375,259309200,56.322086334228516,13909800,119.40397644042969,26821700,216.7100067138672,3769200,58.113014221191406,74340000,115.52295684814453,6656300,39.4387321472168,17542100,30.402507781982422,16011600,48.684688568115234,19938144,94.79542541503906,10412900,261.547607421875,71671900
2019-05-02,49.794288635253906,127985200,55.33412170410156,15360400,117.84467315673828,27350200,215.92999267578125,2646700,57.775726318359375,45098000,114.97769927978516,8835600,39.4959602355957,16883000,30.33953285217285,15021000,49.40772247314453,15895597,95.00121307373047,8613300,260.98297119140625,65030200
2019-05-03,50.41328048706055,83569600,55.46298599243164,12180700,120.35636138916016,24911100,218.60000610351562,3382600,58.916866302490234,41588000,115.57179260253906,5281600,39.78215789794922,16571300,30.618473052978516,15950700,50.612796783447266,13806910,95.58565521240234,8185400,263.53741455078125,56543700
2019-05-06,49.63477325439453,129772400,55.21955490112305,13367100,119.65606689453125,24239800,213.16000366210938,5657200,59.11052322387695,31774000,115.63689422607422,5818900,39.60227584838867,19279900,30.732444763183594,13841100,50.27537536621094,8754137,94.73780059814453,9387000,262.4529724121094,107198100
2019-05-07,48.296749114990234,155054800,54.92604064941406,13498800,117.20040893554688,36017700,209.42999267578125,5266700,58.38740921020508,36604000,113.91158294677734,6606700,38.57194900512695,23919100,30.384523391723633,13726800,48.73289108276367,11415060,93.19023132324219,15017700,258.07000732421875,144729900
2019-05-08,48.3062744140625,105358000,55.01192855834961,11352900,117.19105529785156,28419000,209.2899932861328,3838200,57.98720932006836,25520000,113.76509094238281,4667300,38.432926177978516,19814400,30.084577560424805,17646000,48.973899841308594,9500004,92.69633483886719,9575800,257.7115173339844,91568300
2019-05-09,47.787269592285156,139634400,54.96184158325195,13221600,117.18173217773438,27235800,208.55999755859375,4251300,57.8480339050293,29556000,112.9024429321289,5604200,38.589786529541016,23246900,30.015213012695312,18720300,48.395469665527344,11937839,92.62226104736328,12205900,256.9317932128906,103471100
2019-05-10,47.1252555847168,164834800,55.43976593017578,11056000,118.70369720458984,30915100,209.02000427246094,4075700,57.831687927246094,31650000,113.16287231445312,4771600,38.92831039428711,19983400,30.729862213134766,26228100,48.82929611206055,12666230,92.61402893066406,13189000,258.22247314453125,112429300
2019-05-13,44.386348724365234,229722400,54.82426071166992,12176100,115.17425537109375,33944900,205.00999450683594,5185800,56.2938232421875,45626000,111.65727233886719,5560000,38.25129318237305,23304700,30.120756149291992,22084500,47.576026916503906,12065484,90.09515380859375,13783700,251.73318481445312,127290500
2019-05-14,45.089012145996094,146118800,54.896663665771484,10548400,116.46277618408203,25266300,203.69000244140625,4005200,55.712852478027344,40392000,111.3480224609375,7179400,38.38338851928711,21267600,30.241374969482422,19061100,49.745140075683594,14148995,90.8113021850586,10503600,254.0098876953125,77003200
2019-05-15,45.6291389465332,106178800,55.30219268798828,8918000,118.10285186767578,24722700,202.97999572753906,4024300,57.98820495605469,59302000,111.42125701904297,6429400,37.84674072265625,20123300,30.117740631103516,20220900,49.455936431884766,10777477,90.46560668945312,10142000,255.49766540527344,73956400
2019-05-16,45.428375244140625,132125600,55.29492950439453,8105200,120.83000183105469,30112200,204.6300048828125,3074000,58.666748046875,35308000,112.47924041748047,6857200,37.896270751953125,20764100,30.548948287963867,51366000,48.82929611206055,10935800,91.62623596191406,9672700,257.8638916015625,76749600
2019-05-17,45.170265197753906,131516400,54.96907424926758,9279400,120.0240478515625,25770500,203.27000427246094,4614600,57.888145446777344,25362000,112.80476379394531,6915300,37.731143951416016,22273500,30.41324234008789,37113900,48.202667236328125,7436095,91.1817398071289,9570100,256.1968078613281,100353000
2019-05-20,43.75780487060547,154449200,54.96184158325195,7154300,118.29024505615234,23706900,202.72999572753906,2645300,56.693519592285156,30602000,112.65015411376953,4771100,37.52474594116211,18854000,30.61226463317871,21582300,47.62422561645508,10474656,91.6591567993164,8518200,254.50277709960938,62877600
2019-05-21,44.59667205810547,113459200,55.215274810791016,8489900,118.92754364013672,15293300,203.36000061035156,2664400,57.177913665771484,20562000,112.40599822998047,4859000,38.25129318237305,18416300,30.491641998291016,20667300,48.00985336303711,12121141,91.97197723388672,7967900,256.7973327636719,46847100
2019-05-22,43.6837158203125,118994400,54.715641021728516,7858300,119.649169921875,15396500,202.60000610351562,2775700,57.24774932861328,18826000,112.92683410644531,5456800,38.061397552490234,13155000,30.826353073120117,22022700,47.72062301635742,10361698,91.22291564941406,7918900,256.0085754394531,49482500
2019-05-23,42.93804931640625,146118800,53.43390655517578,14657200,118.2527847290039,23603800,201.3000030517578,4737400,56.72719955444336,25214000,113.76509094238281,6951800,37.615562438964844,17643700,30.71478843688965,19363800,46.08173751831055,11404487,89.42838287353516,14558000,252.8805389404297,98733800
2019-05-24,42.773136138916016,94858800,53.65839385986328,7056400,118.30901336669922,14123400,201.69000244140625,3314300,56.39387893676758,18554000,113.77330017089844,5473300,38.11919021606445,13425500,30.959041595458984,13449600,45.55150604248047,9536881,90.3091812133789,8537300,253.4542236328125,55268100
2019-05-28,42.59627151489258,111792800,52.57944107055664,14912900,118.23403930664062,23128400,199.6999969482422,6914900,56.4409294128418,20948000,112.31475067138672,11919600,37.64032745361328,19984600,30.88364601135254,30815100,45.11768341064453,14488312,89.32963562011719,11665500,251.09686279296875,70029400
2019-05-29,42.393123626708984,113924800,52.25357437133789,13645200,117.09069061279297,22763100,198.52000427246094,4625700,55.469181060791016,36230000,107.61141204833984,23247400,37.54951858520508,16058800,30.79319190979004,19560600,45.16590118408203,8945986,89.08267974853516,9966400,249.411865234375,104972900
2019-05-30,42.612998962402344,84873600,52.11598205566406,9362100,117.8310546875,16829600,199.74000549316406,3646300,55.54197692871094,18088000,108.25054931640625,7360600,37.19448471069336,13775900,30.814294815063477,15058800,45.64790725708008,10138450,88.12776947021484,10367800,250.0930938720703,62523800
2019-05-31,41.84104919433594,108174400,51.24702072143555,13983300,115.90983581542969,26646800,197.4199981689453,3685200,54.80351257324219,31582000,107.46392059326172,7811000,36.633056640625,17540500,30.588144302368164,17782500,45.5033073425293,9297080,87.22230529785156,10952800,246.72296142578125,86862800
2019-06-03,41.41802978515625,161584400,52.050811767578125,11831000,112.31106567382812,37983600,198.55999755859375,3979000,51.44744110107422,96890000,107.70154571533203,8434600,36.75691604614258,20172500,30.744935989379883,19844100,45.9371452331543,9484896,87.63389587402344,11680700,246.09552001953125,96428000
2019-06-04,42.93326187133789,123872000,53.289093017578125,10423000,115.4225082397461,29382600,201.58999633789062,4112600,52.2275276184082,60512000,109.57797241210938,6648900,37.714637756347656,21082000,30.925865173339844,17894700,48.202667236328125,12320032,90.3338623046875,12858600,251.43743896484375,77231900
2019-06-05,43.6263542175293,119093600,52.84737014770508,10617800,117.92476654052734,24926100,203.3000030517578,3210600,51.73965835571289,46988000,110.11058044433594,6860600,37.86324691772461,13705400,31.486730575561523,20708700,47.67243957519531,8258886,90.6549072265625,8340500,253.61553955078125,71169700
2019-06-06,44.26685333251953,90105200,53.81045913696289,11738900,119.78975677490234,21459000,204.77000427246094,3005200,51.89419174194336,29020000,111.99517822265625,9115800,37.91278839111328,16020500,31.694795608520508,24191100,47.81704330444336,7730128,90.85247039794922,8726700,255.26461791992188,69430400
2019-06-07,45.445098876953125,122737600,54.0059814453125,9095500,123.14484405517578,33885600,205.80999755859375,2672700,52.914974212646484,43828000,113.52747344970703,6533900,37.673343658447266,14979900,31.98124885559082,20428200,48.106258392333984,8243075,89.85645294189453,10618900,257.8190612792969,74272200
2019-06-10,46.02587890625,104883600,54.24494171142578,7760400,124.26943969726562,26477100,207.16000366210938,2865500,53.6276969909668,28510000,113.91256713867188,4994700,38.201751708984375,15242700,32.4214973449707,18977100,48.44366455078125,10486695,90.82776641845703,11380600,259.002197265625,60799100
2019-06-11,46.55882263183594,107731600,54.194252014160156,9415100,123.80084991455078,23913700,206.6300048828125,2545700,53.542503356933594,33508000,114.53533935546875,8230500,38.1934928894043,15078300,32.54814529418945,20241900,48.78108596801758,7816341,91.10765075683594,9847700,258.939453125,58641300
2019-06-12,46.41065216064453,73012800,53.60770034790039,7920800,123.22916412353516,17092500,204.57000732421875,2835900,53.4464225769043,23670000,116.09217834472656,9216500,37.07889938354492,22470400,32.81350326538086,13905300,49.55232620239258,11029015,89.94697570800781,9670500,258.482421875,47096300
2019-06-13,46.40108871459961,86698400,54.078392028808594,8986400,124.00704193115234,17200800,204.99000549316406,2257600,54.03630828857422,20814000,115.29735565185547,7500800,37.392642974853516,15629400,32.76224136352539,16455000,49.69694900512695,12462684,90.16925811767578,8406900,259.5489501953125,48945200
2019-06-14,46.064117431640625,75046000,53.83941650390625,8575900,124.12886047363281,17821700,205.16000366210938,2512400,53.80302047729492,24582000,114.78932189941406,6548100,37.64032745361328,16147500,32.888885498046875,13577700,49.311317443847656,6892891,90.39971160888672,9077400,259.26214599609375,52324700
2019-06-17,46.33895492553711,58676400,54.37529373168945,9355700,124.50376892089844,14517800,203.47999572753906,2820000,54.178955078125,19770000,114.2567138671875,5562800,37.37613296508789,13420400,32.91603469848633,12441000,48.44366455078125,9239377,89.90583801269531,8128600,259.3606872558594,39205700
2019-06-18,47.42878341674805,106204000,54.845970153808594,10091500,126.6686019897461,25934500,206.00999450683594,3670700,54.74110794067383,34526000,114.90403747558594,7122700,38.061397552490234,18611100,33.06377410888672,14733600,50.227169036865234,14759552,91.1323471069336,11057300,262.07647705078125,85434800
2019-06-19,47.2901496887207,84496800,54.54182052612305,9757400,127.16532135009766,23744400,206.75,3320600,54.70494079589844,26714000,115.08431243896484,6393400,37.68986511230469,17787600,33.05473709106445,11773800,49.841548919677734,12161930,90.47380065917969,13126500,262.6680603027344,78674400
2019-06-20,47.670162200927734,86056000,55.475982666015625,16229700,128.34617614746094,33042600,208.0399932861328,3836900,55.13536071777344,24018000,116.52647399902344,7335800,37.86324691772461,19205200,33.26580810546875,15004500,51.23942184448242,13234293,90.70429992675781,13638000,265.17767333984375,116570000
2019-06-21,47.507652282714844,191202400,56.2580451965332,23108100,128.3649444580078,36727900,206.2100067138672,5994400,55.73810958862305,50774000,116.4281005859375,11272200,38.713645935058594,39186200,33.51005554199219,39535800,50.51639175415039,13156947,90.08692932128906,27089500,264.79217529296875,83309500
2019-06-24,47.45984649658203,72881600,55.72217559814453,10011800,129.12400817871094,20628800,206.85000610351562,3164000,55.3087043762207,24236000,117.2229232788086,5894700,38.201751708984375,21854400,33.5432243347168,18098400,49.55232620239258,7343060,89.44485473632812,13039600,264.4679870605469,47582700
2019-06-25,46.740474700927734,84281200,55.229766845703125,9740000,125.04731750488281,33327400,208.07000732421875,3727400,53.86642837524414,31644000,118.18985748291016,7517000,38.09442138671875,20814000,33.38642883300781,18315000,49.26313400268555,7121838,88.70402526855469,18660100,261.87396240234375,82028700
2019-06-26,47.75141143798828,104270000,55.468719482421875,11365500,125.51589965820312,23657700,208.50999450683594,3937800,53.5068473815918,34698000,116.23147583007812,7674100,37.813697814941406,17106800,33.21755599975586,12485100,49.50413131713867,6847327,89.29672241210938,10324600,261.6129150390625,51584900
2019-06-27,47.73708724975586,83598800,54.90390396118164,8147800,125.7220687866211,16557500,212.02000427246094,4182500,53.32408905029297,24078000,115.28096008300781,5233500,38.21826171875,13391600,33.19947052001953,16443900,50.130760192871094,6677849,89.59302520751953,10906600,262.54052734375,40355200
2019-06-28,47.30210494995117,124442400,55.49045181274414,14781300,125.54399871826172,30043000,213.1699981689453,7472400,53.62967300415039,33672000,114.12564086914062,12792400,39.068660736083984,31030900,33.31707763671875,19520100,50.6615104675293,8832104,92.02957153320312,21634700,263.8915710449219,59350900
2019-07-01,48.1696662902832,109012000,55.43976593017578,11437900,127.15593719482422,22613500,214.6199951171875,3462600,54.481571197509766,29196000,114.19115447998047,5872300,39.374141693115234,15089100,33.35626983642578,16544100,51.28873825073242,8010518,93.5771255493164,12724500,266.2872619628906,78705600
2019-07-02,48.45167922973633,67740800,54.83148956298828,10475400,127.99940490722656,15237800,214.5399932861328,3054400,55.10563278198242,20630000,114.74015045166016,4501200,38.99435806274414,12107200,33.65177917480469,12188700,51.24049377441406,6043516,93.67591857910156,10174900,266.9808349609375,61504500
2019-07-03,48.85319900512695,45448000,55.352867126464844,5246100,128.8241424560547,13629300,215.16000366210938,2489100,55.6202392578125,20154000,116.46910858154297,3436300,39.349365234375,10438400,33.868873596191406,9621900,51.19224166870117,4449238,93.52668762207031,6849400,269.1153564453125,40898900
2019-07-05,48.810176849365234,69062000,55.12839126586914,6880800,128.44920349121094,18141100,215.25,3324200,56.099666595458984,29794000,115.18264770507812,4652400,39.4401969909668,10801600,33.766357421875,10738200,50.6615104675293,6072809,94.08212280273438,7929400,268.8091125488281,51677300
2019-07-08,47.803993225097656,101354400,55.3818359375,7876100,128.3555450439453,16779700,215.1300048828125,2978400,55.31315994262695,29888000,115.51041412353516,4078100,39.24205017089844,13189300,33.989505767822266,14147100,49.21403503417969,9659269,93.56814575195312,6917200,267.3320617675781,45841800
2019-07-09,48.0955696105957,82312000,55.34563064575195,7863000,127.886962890625,19953100,214.75,2687000,55.68462371826172,29472000,115.87095642089844,4217400,39.4897346496582,12595000,34.03775405883789,16270200,49.455284118652344,7113732,93.96602630615234,8947300,267.6653137207031,41101300
2019-07-10,48.57118606567383,71588400,56.1276969909668,8077400,129.1896209716797,24204400,214.02999877929688,3705000,56.50779342651367,30710000,115.70709991455078,4874400,38.92831039428711,12784900,34.067901611328125,13737000,49.21403503417969,7845233,93.69249725341797,9242300,268.9442443847656,58448500
2019-07-11,48.21746826171875,80767200,56.1711540222168,6404000,129.70504760742188,22327900,213.1699981689453,3119600,56.664794921875,26004000,114.80575561523438,5817400,38.92005157470703,19751400,34.351348876953125,11689800,48.7797966003418,6755455,94.58779907226562,11595200,269.57470703125,50826100
2019-07-12,48.58790588378906,70380800,56.21458053588867,6139000,130.1736602783203,18936800,214.10000610351562,2360500,56.72719955444336,21878000,110.04505920410156,17780100,39.10169219970703,12792600,34.556396484375,11229900,50.034263610839844,7864053,95.58260345458984,10783400,270.7815246582031,40326000
2019-07-15,49.044395446777344,67789600,55.81629943847656,7116400,130.1736602783203,16651500,213.5399932861328,2715300,56.98326873779297,21164000,110.3810043334961,10038200,38.565032958984375,21338400,34.670989990234375,10038000,49.55177688598633,8445819,94.4220199584961,12946600,270.87164306640625,33900000
2019-07-16,48.87470626831055,67467200,54.98356246948242,10197400,128.46795654296875,22726100,212.8800048828125,2709300,57.12937545776367,25352000,108.57012939453125,10214500,37.4008903503418,37548300,34.604652404785156,10464600,50.082523345947266,7931808,95.43336486816406,16945000,269.9979553222656,36650100
2019-07-17,48.599857330322266,56430000,54.6577033996582,7419300,127.7088851928711,20211000,207.4499969482422,4324400,56.79654312133789,19538000,108.04570007324219,8862100,37.32658004760742,24502100,34.556396484375,8065500,48.15255355834961,10770776,94.49662017822266,13120900,268.16064453125,36036300
2019-07-18,49.15192794799805,74162400,54.194252014160156,11424500,127.84943389892578,30381800,207.97999572753906,3610600,56.821311950683594,25450000,108.21776580810547,6203100,37.83021545410156,19409100,34.59258270263672,9670800,48.538551330566406,9059787,95.0603256225586,9397200,269.1423645019531,51392600
2019-07-19,48.418216705322266,83717200,54.302879333496094,11243100,128.03684997558594,48992400,205.97000122070312,3513100,56.0442008972168,23184000,106.775634765625,8340200,38.00360870361328,21847900,34.345314025878906,11388900,48.44205093383789,6952842,94.12358856201172,10402800,267.64727783203125,58678600
2019-07-22,49.52477264404297,89111600,54.36081314086914,8368800,129.73316955566406,25074900,204.83999633789062,3083900,56.423587799072266,28914000,105.40723419189453,12624800,38.3751335144043,17972100,34.01966094970703,13550700,49.26228332519531,8692963,94.72872924804688,9061100,268.3047180175781,43638100
2019-07-23,49.91195297241211,73420800,54.57805252075195,8551200,130.5391387939453,18034600,206.4600067138672,2846200,56.861427307128906,20648000,105.57110595703125,5803600,38.96958541870117,21150200,33.79953384399414,17262600,51.38523483276367,14906960,96.46131896972656,12752200,270.2231750488281,44564500
2019-07-24,49.87131881713867,59966400,54.570804595947266,8260200,131.87933349609375,20738300,207.97000122070312,3105200,56.4493408203125,27192000,106.34133911132812,6838600,40.00162124633789,29357200,33.77238845825195,12531900,51.529998779296875,9008083,96.85094451904297,10011000,271.49310302734375,47213200
2019-07-25,49.47698211669922,55638400,54.25943374633789,9083900,131.382568359375,18356900,207.89999389648438,3022200,56.261634826660156,54762000,107.4393310546875,8897800,39.70439529418945,20562000,33.83873748779297,11554500,50.323760986328125,9253562,95.92247009277344,10138400,270.19610595703125,55394100
2019-07-26,49.6490478515625,70475600,54.17251968383789,7677300,132.4604034423828,19037600,209.89999389648438,3654600,61.674129486083984,121216000,107.11976623535156,4894600,40.703399658203125,21641500,34.07997131347656,14187000,50.709754943847656,5420359,96.34526062011719,12800400,272.0064697265625,45084100
2019-07-29,50.11269760131836,86693600,54.556304931640625,7091900,132.16983032226562,16605900,208.61000061035156,2834100,61.50672149658203,41382000,108.99620056152344,7832000,39.861263275146484,19148600,33.85380172729492,11239800,50.082523345947266,7497670,96.03852081298828,8500400,271.510986328125,38126500
2019-07-30,49.89760208129883,135742800,54.56356430053711,6961200,131.53256225585938,16846500,207.80999755859375,1977500,60.82124710083008,28616000,108.2259750366211,5509600,40.08417892456055,14207000,33.79049301147461,9105600,50.75801086425781,9091748,95.822998046875,7121100,270.84466552734375,45849000
2019-07-31,50.91572570800781,277125600,53.84667205810547,13104600,127.7088851928711,38598800,205.42999267578125,4631800,60.33585739135742,39960000,106.70189666748047,8559200,39.96860122680664,23422800,33.283897399902344,18633900,50.42026901245117,34604621,96.16288757324219,13648000,267.88140869140625,104245200
2019-08-01,49.8139533996582,216071600,52.4708137512207,17132800,129.3864288330078,40557500,201.7100067138672,4823100,60.017887115478516,35426000,106.75920867919922,7870700,38.854000091552734,22668600,32.982357025146484,22365000,48.63505554199219,17640313,93.62618255615234,15664500,265.5486755371094,142646600
2019-08-02,48.75999069213867,163448400,51.956687927246094,21376700,128.2992706298828,30791600,202.6699981689453,5695300,59.252174377441406,34910000,107.39838409423828,6574900,39.16773986816406,20159000,32.98838806152344,16970100,48.24905776977539,12900213,93.61787414550781,11025500,263.54931640625,116749700
2019-08-05,46.207496643066406,209572000,50.89219665527344,19080900,123.90397644042969,42749600,197.72999572753906,7606200,57.193267822265625,47840000,106.65272521972656,9480000,38.09442138671875,27113500,31.90888214111328,22710000,46.60858917236328,14093359,90.83247375488281,15855300,255.62359619140625,178745400
2019-08-06,47.08222579956055,143299200,51.38460922241211,12282400,126.22817993164062,32696700,200.5500030517578,5500500,58.0020637512207,36014000,107.15254974365234,7880600,38.74666213989258,19446100,32.34612274169922,21049200,46.17435073852539,13321830,91.54540252685547,10203500,259.20806884765625,120711700
2019-08-07,47.56978225708008,133457600,51.051513671875,15231100,126.78104400634766,33414500,198.2100067138672,5325600,58.24129867553711,30686000,106.6937026977539,6771700,37.82196807861328,27830000,32.62654495239258,21835500,45.64360046386719,15406967,89.55583953857422,17320900,259.36126708984375,140572300
2019-08-08,48.61897659301758,108038000,52.41289520263672,14304100,130.1642608642578,27496500,200.52000427246094,4143400,59.741024017333984,30116000,107.89817810058594,5260500,38.74039077758789,20671300,32.884117126464844,13123200,45.78835678100586,9912773,91.07288360595703,10903300,264.4499816894531,87713900
2019-08-09,48.21833419799805,98478800,51.2977180480957,13686600,129.0584259033203,23466700,199.0500030517578,4334400,58.884666442871094,20418000,108.19318389892578,4677300,38.656890869140625,19786100,32.50837707519531,12580500,44.147891998291016,15393002,90.97339630126953,9980800,262.6486511230469,93730000
2019-08-12,48.09600067138672,89927600,51.0484504699707,9542600,127.25904083251953,20484300,197.17999267578125,2538800,58.17145919799805,22064000,108.10305786132812,6852100,37.930511474609375,17364400,31.88413429260254,17605200,43.66539764404297,13156727,89.26569366455078,9393700,259.4512939453125,65527600
2019-08-13,50.132774353027344,188874000,51.6789436340332,12403300,129.8925018310547,25154600,198.77999877929688,3913600,59.27248001098633,28434000,109.3239517211914,5013200,38.37302017211914,16649100,32.547760009765625,20025900,45.11286544799805,14852407,90.64179229736328,12124700,263.4862365722656,94299800
2019-08-14,48.640567779541016,146189600,49.596832275390625,18114400,125.9808578491211,32527300,195.80999755859375,5838200,57.66379165649414,35430000,106.73467254638672,7736200,36.71152114868164,28786700,32.181095123291016,27938400,43.568885803222656,17895704,86.87820434570312,19491800,255.69549560546875,135622100
2019-08-15,48.398258209228516,108909600,49.30357360839844,12874400,125.6987533569336,28074400,198.30999755859375,4642900,57.914894104003906,28506000,106.96407318115234,7251200,36.218929290771484,27900000,34.14772415161133,59438700,38.647491455078125,80465058,87.20978546142578,13365600,256.3710632324219,99556600
2019-08-16,49.54020690917969,110481600,50.07337188720703,12649000,128.00250244140625,24449100,199.72000122070312,4786200,58.40473175048828,24916000,107.63599395751953,5858900,37.062191009521484,21196600,34.238643646240234,32895600,42.410919189453125,49935166,89.29883575439453,11830600,260.15386962890625,83018300
2019-08-19,50.46384048461914,97654400,50.916481018066406,10032800,130.14637756347656,24355700,200.94000244140625,4216500,59.45622634887695,24450000,108.36526489257812,4958000,37.78022003173828,15378100,34.48712158203125,21534300,41.83192825317383,22398591,90.10297393798828,8265400,263.2880554199219,53571800
2019-08-20,50.46623611450195,107537200,50.60855484008789,9743500,129.06504821777344,21170800,198.14999389648438,4043000,58.61869812011719,20206000,107.01327514648438,7302000,37.3043098449707,13345800,33.953792572021484,18336900,40.43271255493164,20525588,88.95896911621094,8374000,261.2706604003906,51596400
2019-08-21,51.013221740722656,86141600,51.11443328857422,10134200,130.50372314453125,14970300,199.24000549316406,3531800,59.01740646362305,14152000,107.77530670166016,6912800,37.57149124145508,13513700,33.94470977783203,24469200,39.37122344970703,17105978,89.2076644897461,8189300,263.3961181640625,49524700
2019-08-22,50.97003173828125,89014800,51.00446701049805,8972000,129.5540008544922,18697000,201.00999450683594,3214300,59.014434814453125,17352000,107.56228637695312,7213500,38.089141845703125,14703900,33.91136169433594,17986200,39.5159797668457,13672704,90.12784576416016,9343400,263.3150939941406,51666400
2019-08-23,48.61418533325195,187272000,49.479530334472656,15371900,125.42609405517578,38508600,197.16000366210938,5946700,57.13532638549805,36254000,104.6615982055664,15714000,37.08723831176758,21152500,33.58409881591797,18710100,38.45448684692383,25801529,87.88957214355469,14762300,256.5513000488281,149161500
2019-08-26,49.537811279296875,104174400,49.74345779418945,7343900,127.36312866210938,20312600,200.1999969482422,3094900,58.00701904296875,21166000,105.5036392211914,8889500,37.55479049682617,15973100,33.935604095458984,17807100,38.84048843383789,11634356,88.59422302246094,8209500,259.3882751464844,72423800
2019-08-27,48.97883224487305,103493200,49.259586334228516,9490900,127.63578796386719,23102100,198.35000610351562,3069000,57.98919677734375,23460000,107.02263641357422,20183800,37.362762451171875,15038200,34.06589889526367,17201100,38.26148986816406,13255982,87.65744018554688,14331800,258.3706359863281,66668900
2019-08-28,49.3075065612793,63755200,49.61882400512695,9647400,127.46652221679688,17393300,200.4499969482422,3404900,58.13431167602539,16810000,106.2301025390625,9878800,37.96390151977539,14740000,34.15681838989258,16113000,38.30975341796875,11576392,88.53617095947266,10585500,260.1899108886719,59696700
2019-08-29,50.142372131347656,83962000,50.16868209838867,9004100,129.87367248535156,20168700,203.1999969482422,3328100,59.14915466308594,19636000,105.86687469482422,6749900,38.5650520324707,16196600,34.568931579589844,15811500,39.12997817993164,11785596,90.54234313964844,10002200,263.5132751464844,57899400
2019-08-30,50.07759475708008,84573600,50.20533752441406,9180800,129.62924194335938,23940100,203.41000366210938,3632000,58.96540451049805,18064000,105.9659423828125,7371100,38.88230895996094,15250600,34.62348175048828,17115900,39.80547332763672,9494847,91.07288360595703,10170300,263.3961181640625,62901200
2019-09-03,49.34829330444336,80092000,50.26398468017578,9849700,127.91783905029297,18869300,200.89999389648438,3637000,57.92628479003906,25908000,106.2796401977539,5710200,38.4815559387207,17224200,34.738624572753906,17828100,40.19145584106445,13572847,89.99519348144531,9868800,261.8560791015625,69101400
2019-09-04,50.1855583190918,76752400,50.799190521240234,6959200,129.4129638671875,17995900,202.19000244140625,3209100,58.55629348754883,21312000,106.37870788574219,4807200,38.82387924194336,17123100,35.12345886230469,17348700,42.45916748046875,18790362,91.08116912841797,6929200,264.8282470703125,46887300
2019-09-05,51.16675567626953,95654800,51.51764678955078,9901500,131.68846130371094,26101800,204.24000549316406,3968800,60.03820037841797,26394000,106.14756774902344,4754100,39.75898361206055,19243400,34.981040954589844,17479200,42.50742721557617,17433537,93.15364837646484,13224700,268.232666015625,83258100
2019-09-06,51.16196060180664,77449200,52.00152587890625,10418500,130.79518127441406,20824500,204.72999572753906,3409400,59.74746322631836,18972000,105.84211730957031,6758300,39.366573333740234,18846100,34.76589584350586,13039200,42.024925231933594,8596517,93.35260009765625,7836600,268.4398193359375,49584300
2019-09-09,51.380271911621094,109237600,52.41208267211914,12840200,129.30953979492188,25773900,206.6199951171875,4565000,59.69545364379883,31854000,104.80192565917969,7684700,40.41857147216797,27651400,35.250736236572266,17921100,43.231163024902344,10023906,95.66549682617188,13985100,268.5749816894531,51260300
2019-09-10,51.98722839355469,127111600,52.83729553222656,13810800,127.9554443359375,28903400,208.30999755859375,3878300,59.716758728027344,27922000,106.94833374023438,8239500,40.3350830078125,25822400,35.16588592529297,14572200,44.099639892578125,12563304,96.88410186767578,14333100,268.5118713378906,57947100
2019-09-11,53.64016342163086,177158400,52.73466873168945,10525700,127.99307250976562,24726100,210.91000366210938,4437300,60.425010681152344,23522000,108.28570556640625,6203600,40.785945892333984,19190000,35.156803131103516,15852300,45.161109924316406,11455328,97.14937591552734,9919200,270.4212646484375,68821100
2019-09-12,53.52022171020508,128906800,52.77132034301758,9100700,129.30953979492188,27010000,211.3699951171875,4598400,61.16645812988281,31644000,107.67478942871094,5250000,40.618953704833984,24305900,35.42951202392578,13422900,44.678619384765625,13666384,97.74625396728516,12283500,271.3580322265625,72908700
2019-09-13,52.479034423828125,159053200,53.25520706176758,7337200,129.12152099609375,23363100,213.61000061035156,4244700,61.41707229614258,23676000,107.96372985839844,5369800,40.84437942504883,25142400,35.58405303955078,16915800,45.11333465576172,9146903,99.66951751708984,16257200,271.1777648925781,62104800
2019-09-16,52.75492477416992,84632400,54.0543212890625,19830200,128.19061279296875,16731400,210.3300018310547,3472600,61.00102996826172,28218000,106.94007110595703,5101700,40.89447784423828,17759700,35.02043533325195,18270900,45.30653381347656,9178805,98.78250122070312,11993900,270.34033203125,58191200
2019-09-17,52.946842193603516,73274800,53.64375305175781,14452200,129.18727111816406,17814200,210.14999389648438,3862700,60.91435623168945,20806000,107.04737854003906,4976400,40.7108039855957,18346100,35.30527114868164,13813500,45.20993423461914,7614962,98.29338836669922,10735400,271.0247802734375,41475500
2019-09-18,53.443450927734375,101360000,53.38716125488281,7292200,130.2498016357422,23982100,210.89999389648438,2732800,61.051551818847656,17440000,107.65831756591797,4373600,40.85272979736328,20511700,35.50223922729492,11868000,45.30653381347656,8079777,99.27987670898438,10665600,271.1868591308594,73375800
2019-09-19,53.00922775268555,88242400,53.027923583984375,8050200,132.6475830078125,35772100,209.22000122070312,2735500,61.35368347167969,16554000,107.41063690185547,4730100,40.836036682128906,16887500,35.48709487915039,10141800,45.4997444152832,6808664,98.9648666381836,9382600,271.1688232421875,76560500
2019-09-20,52.23431396484375,221652400,52.84463119506836,19736600,131.11488342285156,39167300,208.1199951171875,10700800,60.912376403808594,37692000,108.68196105957031,12053100,40.602256774902344,30229400,35.44769287109375,33997200,45.25822830200195,11542705,98.56697082519531,21862800,269.8876037597656,89565000
2019-09-23,52.47184371948242,76662000,52.88127899169922,7495200,130.8328094482422,17139300,207.9600067138672,3075800,61.152587890625,20798000,108.75627136230469,5183700,40.877784729003906,20603400,35.641639709472656,15487500,45.11333465576172,6723554,98.55036926269531,9135100,269.82427978515625,43476800
2019-09-24,52.22233200073242,124763200,52.155487060546875,13307100,129.17787170410156,29773200,206.39999389648438,3709800,60.34229278564453,35804000,108.59940338134766,7102600,40.618953704833984,21629300,35.877994537353516,21819300,43.326194763183594,10702559,97.26543426513672,11696500,267.70703125,94869400
2019-09-25,53.02600860595703,87613600,52.3094367980957,8035200,131.0396728515625,21382000,208.11000061035156,3291900,61.70978927612305,26798000,108.13709259033203,4522900,41.12824630737305,21313100,35.89921188354492,13840800,44.2439079284668,8799802,97.82086944580078,9389400,269.2904052734375,71854000
2019-09-26,52.75251770019531,75334000,52.03086471557617,8420200,131.20887756347656,17456600,206.89999389648438,2823000,61.529014587402344,23166000,106.37042999267578,7545800,40.80263137817383,19984000,35.84769058227539,11960700,43.56769561767578,7469661,97.0167465209961,9899200,268.7293701171875,56179700
2019-09-27,52.49582290649414,101408000,52.404747009277344,8224000,129.5069122314453,22477700,207.4499969482422,2843500,60.7197151184082,34122000,106.16407012939453,6006500,42.33889389038086,59467400,35.893150329589844,10304100,43.664306640625,6121624,97.5887451171875,10207800,267.2817077636719,84746600
2019-09-30,53.73133850097656,103909600,51.76692199707031,9768900,130.7293701171875,17280900,208.02000427246094,3167500,60.481475830078125,24470000,106.80799102783203,6552100,42.113468170166016,26897100,35.96284484863281,10204200,43.18128967285156,7040620,97.56388092041016,9755000,268.52130126953125,51662400
2019-10-01,53.88007354736328,139223200,50.54991912841797,10279100,128.8863983154297,21466600,206.7100067138672,3511800,59.73161315917969,24504000,107.31157684326172,7673000,40.961280822753906,27249300,35.711326599121094,11187900,41.58734130859375,13799506,95.78984832763672,11250300,265.3273010253906,88242400
2019-10-02,52.52941131591797,138449200,49.23025131225586,14503700,126.61089324951172,30521700,203.10000610351562,5938500,58.340850830078125,33030000,108.97090148925781,12051800,40.468666076660156,23515900,35.18710708618164,17833500,41.10433578491211,9534413,93.8831558227539,12548700,260.6405029296875,122539500
2019-10-03,52.97563171386719,114426000,49.83876037597656,10788400,128.14356994628906,24132900,204.97999572753906,4307600,58.910919189453125,28368000,108.30221557617188,6997600,40.47700881958008,20212200,35.24467468261719,15619500,42.07035446166992,11762643,93.74946594238281,12735200,262.7758483886719,85278800
2019-10-04,54.46064758300781,138478800,50.56458282470703,10534800,129.87367248535156,22897700,208.0800018310547,3571900,59.97727584838867,24282000,110.34127807617188,7233300,41.08650588989258,15779500,35.80526351928711,13881000,41.394142150878906,10487838,95.78005981445312,9453100,266.3316955566406,65091200
2019-10-07,54.47264099121094,122306000,49.86809158325195,10993000,128.9333953857422,15303700,207.24000549316406,2720600,59.84305191040039,17040000,109.92850494384766,5427200,40.75254440307617,15691900,35.5234489440918,14085000,41.3458366394043,6454560,95.5711441040039,6771600,265.1825866699219,59610500
2019-10-08,53.834495544433594,111820000,48.90035629272461,9748700,127.5699462890625,25550500,204.08999633789062,4185500,58.945594787597656,20086000,108.83880615234375,7870400,39.92597198486328,19734000,35.62950897216797,15375300,39.993408203125,9129448,93.44026947021484,10806300,261.06561279296875,95708100
2019-10-09,54.465450286865234,74770400,49.44287872314453,8580900,129.98654174804688,19749900,206.69000244140625,3206900,59.553306579589844,15948000,106.6759033203125,7787700,40.20149230957031,13467800,36.038597106933594,11710200,40.33151626586914,6589067,94.11715698242188,7273700,263.5447692871094,62359400
2019-10-10,55.199546813964844,113013600,50.036712646484375,7100100,130.79518127441406,17654600,206.86000061035156,2979200,59.90347671508789,12842000,106.54380798339844,5119700,40.618953704833984,18267800,36.24464416503906,13024500,40.81452560424805,6128666,95.43741607666016,10994100,265.3273010253906,55296300
2019-10-11,56.66775894165039,166795600,50.57190704345703,10101900,131.3405303955078,25446000,208.0800018310547,4408400,60.21253204345703,22330000,108.41779327392578,7161400,41.08650588989258,23024600,36.43555450439453,18383700,42.50507736206055,11202546,97.05020904541016,15076500,268.07794189453125,98720400
2019-10-14,56.586204528808594,96427600,50.718536376953125,6234600,131.2183380126953,13304300,207.91000366210938,1902600,60.3145637512207,13296000,107.91421508789062,5700000,41.13661193847656,16870500,36.11131286621094,13719900,42.118648529052734,6832219,97.30924987792969,8779000,267.7793884277344,40394800
2019-10-15,56.454254150390625,87360000,50.894474029541016,6645700,133.1177520751953,19695700,209.3800048828125,3055400,61.526527404785156,27584000,109.66433715820312,10008800,41.837947845458984,38478400,36.220401763916016,13550100,42.939781188964844,7791583,100.24231719970703,23379000,270.4304504394531,46754500
2019-10-16,56.22633361816406,73903200,50.022056579589844,9765800,132.0269775390625,20751600,209.2899932861328,3233900,61.56417465209961,22986000,111.58783721923828,12434200,41.403785705566406,23728400,36.187076568603516,11344800,42.988075256347656,11605123,100.00834655761719,11087700,269.9961853027344,48928200
2019-10-17,56.44464874267578,67585200,49.95606994628906,9757200,131.34999084472656,21460600,208.6199951171875,3575400,62.049556732177734,20958000,112.41336822509766,8434000,41.42048263549805,20560100,36.3143424987793,11732700,43.664306640625,6552993,100.56822204589844,10818500,270.79241943359375,45736600
2019-10-18,56.715736389160156,97433600,49.567508697509766,13472700,129.20606994628906,32273500,208.75999450683594,3581400,61.634010314941406,31624000,105.42108917236328,25868700,41.72105026245117,21199500,36.10221481323242,16776900,43.27789306640625,7827417,100.74369049072266,10417400,269.6071472167969,64304000
2019-10-21,57.6993522644043,87247200,50.395938873291016,10199300,130.16519165039062,20078200,211.49000549316406,3337300,61.6275749206543,18094000,105.68524932861328,13823600,42.13016128540039,19409100,36.28404998779297,10230300,42.45677185058594,12155530,103.24223327636719,12714600,271.4348449707031,39048600
2019-10-22,57.56739807128906,82293600,50.652549743652344,9536000,128.2281951904297,27431000,210.6199951171875,2716800,61.47502517700195,22862000,106.65938568115234,7613700,42.26375198364258,18526900,36.235565185546875,7634100,43.76090621948242,11459381,104.27841186523438,12549100,270.5480651855469,48594700
2019-10-23,58.33988952636719,75828800,51.136417388916016,8641800,129.04623413085938,29844600,210.9600067138672,2413800,62.28877258300781,21282000,107.23726654052734,6693400,42.522579193115234,14173700,36.165870666503906,8520000,44.14731216430664,9547274,104.55418395996094,8828300,271.33538818359375,34352200
2019-10-24,58.43585968017578,69275200,50.652549743652344,9003600,131.5850830078125,37029300,210.25999450683594,3147200,62.362083435058594,20224000,105.25598907470703,12111600,42.66450500488281,16695400,36.090110778808594,8700900,43.22958755493164,6848069,104.47897338867188,8020500,271.77862548828125,35453100
2019-10-25,59.15557098388672,73477200,50.76984405517578,7607200,132.32786560058594,25959700,211.8000030517578,2539200,62.619136810302734,27104000,105.95768737792969,6947300,43.056922912597656,17433300,36.07192611694336,7692900,43.47109603881836,8458780,105.31459045410156,9055700,272.8916015625,45205400
2019-10-28,59.748130798339844,96572800,50.32264709472656,11209600,135.58126831054688,35280100,212.86000061035156,3521900,63.84150695800781,65428000,106.64286041259766,7876300,43.123722076416016,23914800,36.12648010253906,10213800,43.809200286865234,6371196,105.71571350097656,9522200,274.42974853515625,42147000
2019-10-29,58.36627960205078,142839600,50.1760139465332,13894400,134.30247497558594,20589500,213.00999450683594,2630400,62.43885803222656,52654000,106.59334564208984,4506300,43.5578727722168,21063000,35.49920654296875,14373300,43.809200286865234,9180931,105.64885711669922,9797300,274.3482971191406,44284900
2019-10-30,58.359073638916016,124522000,49.64815139770508,12840600,135.97621154785156,18496600,213.25,3296900,62.440826416015625,29204000,109.66433715820312,9627600,43.44099044799805,16155900,35.787078857421875,8988600,48.83253479003906,43326155,105.06388854980469,8513700,275.1898193359375,49643900
2019-10-31,59.678558349609375,139162000,49.53818893432617,16169100,134.81027221679688,24605100,212.5800018310547,4305500,62.34672927856445,31904000,109.00389862060547,7686700,43.10702896118164,18814700,35.532535552978516,14643900,48.204612731933594,17381933,104.38704681396484,11589100,274.4569091796875,69053800
2019-11-01,61.372291564941406,151125200,51.02644729614258,14108700,135.1393280029297,33128400,215.8300018310547,4777800,63.01288604736328,28812000,108.31047058105469,5541800,43.566226959228516,16359300,35.641639709472656,11287800,50.13667297363281,16462897,106.79365539550781,11682600,276.99951171875,71141500
2019-11-04,61.775333404541016,103272000,52.54405212402344,15858200,135.91981506347656,16912000,217.97999572753906,4149200,63.872718811035156,30632000,107.50968933105469,6140300,44.01708221435547,17559900,35.6264762878418,13938000,52.79322052001953,19618249,107.6460189819336,9159900,278.1123352050781,60606900
2019-11-05,61.686553955078125,79897600,53.58510208129883,14930400,135.835205078125,18250200,220.8800048828125,5321800,63.963348388671875,25148000,107.66656494140625,6257300,44.501346588134766,25965300,36.017372131347656,12651300,52.9864387512207,14321783,107.87997436523438,13747600,277.8047180175781,42933200
2019-11-06,61.71294403076172,75864400,52.41208267211914,13996500,135.4590606689453,16575800,222.0,3662900,63.94205093383789,24626000,108.11236572265625,5450000,44.91879653930664,22051100,36.2113151550293,10843200,53.227935791015625,15650118,108.04711151123047,11231100,277.8680725097656,46487100
2019-11-07,62.42518615722656,94940400,53.52644729614258,13073800,135.64707946777344,17786700,222.74000549316406,4394900,64.73104095458984,45140000,108.5003433227539,5873700,45.51726150512695,23452500,36.432525634765625,13324200,54.53207015991211,14261713,108.6320571899414,13528900,278.84527587890625,54272300
2019-11-08,62.59605026245117,69986400,52.50993347167969,12106000,137.24560546875,16732700,221.30999755859375,3346100,64.83306121826172,30392000,109.79641723632812,5003000,45.6015625,14722100,36.19313430786133,11498100,55.643001556396484,12535897,108.9496078491211,9293400,279.5330505371094,49032100
2019-11-11,63.09172821044922,81821200,52.190887451171875,8674000,137.38668823242188,14362600,220.85000610351562,2380400,64.30211639404297,17234000,108.95439147949219,4371400,45.559417724609375,10659400,36.07192611694336,13317000,54.821876525878906,9144135,108.56520080566406,8679000,278.99908447265625,35797300
2019-11-12,63.033958435058594,87388800,51.47117233276367,13918600,138.28936767578125,18641600,220.88999938964844,2657700,64.2491226196289,28852000,108.4343032836914,5228700,45.70270919799805,15187600,36.09616470336914,15189300,55.15998458862305,9819738,107.93013000488281,9099000,279.587158203125,46484600
2019-11-13,63.63792419433594,102734400,51.04824447631836,11773700,138.51504516601562,16919200,219.77000427246094,3190700,64.1980972290039,20538000,108.36827087402344,5885400,44.91880798339844,16846800,36.659793853759766,23135400,54.53207015991211,10830626,107.36187744140625,8023300,279.6777648925781,53917700
2019-11-14,63.19758224487305,89182800,50.82563400268555,11279800,139.22024536132812,19729800,219.36000061035156,2831200,64.84049224853516,28948000,108.11236572265625,4217500,45.0873908996582,16491400,36.559783935546875,67512600,54.53207015991211,6177722,107.46217346191406,8483400,280.0848388671875,51219900
2019-11-15,63.94833755493164,100206400,51.337623596191406,11252800,141.01622009277344,23485700,219.74000549316406,3477000,66.04851531982422,39286000,111.39799499511719,10495100,45.34868240356445,15225300,36.020416259765625,30413100,55.643001556396484,7671582,108.23931884765625,10163600,282.1116027832031,62023600
2019-11-18,64.27078247070312,86703200,50.840484619140625,10095600,141.3640899658203,21534000,219.35000610351562,3894200,65.36994934082031,27984000,111.30717468261719,9291800,45.51726150512695,14374600,36.43858337402344,19644000,55.256591796875,10226930,109.15015411376953,8749300,282.3197021484375,49228000
2019-11-19,64.07587432861328,76167200,50.32109832763672,12605500,141.41114807128906,23935700,219.02999877929688,3378100,65.0108871459961,21864000,111.29889678955078,5192200,45.54254913330078,14434100,36.329498291015625,11146200,55.5463981628418,9396375,109.11669921875,8824500,282.23822021484375,67804700
2019-11-20,63.32992935180664,106234400,50.47691345214844,16930700,141.16583251953125,25696800,217.47999572753906,4966000,64.47943115234375,28892000,112.2235107421875,7594400,45.1295280456543,14994700,36.09919738769531,15227700,55.015071868896484,9367744,108.32286834716797,11782800,281.1886901855469,79406200
2019-11-21,63.046016693115234,121395200,51.69376754760742,14080900,141.0337371826172,18576100,216.6300048828125,3707600,64.39424896240234,25546000,112.6362533569336,6424900,45.14638900756836,16186100,36.320404052734375,12908400,55.69129943847656,8364300,108.57354736328125,7705500,280.7362976074219,54664700
2019-11-22,62.99065399169922,65325200,51.47117233276367,12143600,141.13754272460938,15901800,217.9600067138672,2392800,64.07379913330078,27776000,113.98191833496094,9235800,45.75328063964844,13823400,36.16889572143555,11529300,55.787899017333984,7720858,109.29219818115234,8167900,281.36065673828125,44850200
2019-11-25,64.09513854980469,84020400,51.12986755371094,10670000,142.684814453125,22420900,219.05999755859375,3648500,64.66665649414062,23590000,114.0317611694336,6111900,45.694278717041016,15561000,36.03556442260742,17644500,55.93280792236328,11378143,109.87716674804688,10068500,283.5412292480469,48647200
2019-11-26,63.59461212158203,105207600,51.003719329833984,15457000,143.43960571289062,24620100,218.89999389648438,3717800,65.03118896484375,21910000,114.0234603881836,10636500,45.35711669921875,18078900,36.11738204956055,18877500,54.821876525878906,12879647,110.02758026123047,10490700,284.18359375,37569000
2019-11-27,64.4488525390625,65235600,50.97403335571289,8393900,143.7132568359375,15184400,220.5,3945500,64.98809051513672,18808000,114.5055923461914,5523000,45.803871154785156,16352900,35.98707580566406,10302300,54.53207015991211,9128706,110.35345458984375,6607900,285.4503479003906,44444600
2019-11-29,64.30686950683594,46617600,50.55111312866211,7980800,142.82638549804688,11977300,220.3000030517578,2256500,64.58987426757812,12802000,114.28945922851562,3278900,45.9050178527832,10508600,36.087066650390625,9471900,54.43547058105469,4562336,110.10276794433594,5712000,284.3916931152344,36592700
2019-12-02,63.56336212158203,94487200,50.76628494262695,11116900,141.09979248046875,27418400,220.3300018310547,3888100,63.83556365966797,26538000,114.18138885498047,4717100,45.19696044921875,20252700,36.14464569091797,17012700,53.904151916503906,13785963,109.8604507446289,8615600,281.9759216308594,75767800
2019-12-03,62.43000411987305,114430400,50.36561584472656,12245800,140.8733367919922,24066000,218.0800018310547,4480100,64.12679290771484,25270000,114.01514434814453,5741400,44.320343017578125,25560700,35.95980453491211,19784400,53.083038330078125,12850515,108.44821166992188,10361300,280.0848388671875,73941700
2019-12-04,62.98103713989258,67181600,50.936946868896484,11049700,141.38279724121094,17574700,218.39999389648438,2667700,65.32538604736328,35506000,115.86054229736328,7257300,44.87665939331055,18867400,35.96586227416992,16669800,52.6483268737793,8777551,110.58741760253906,10318200,281.81298828125,49080000
2019-12-05,63.905029296875,74424400,50.75886535644531,13109000,141.45826721191406,17869100,219.60000610351562,2319300,65.72261047363281,24408000,116.01018524169922,5472900,44.868221282958984,13499700,36.11805725097656,13058400,52.11701583862305,9484775,111.18907928466797,9587400,282.3197021484375,40709000
2019-12-06,65.13944244384766,106075600,51.57504653930664,13710800,143.1754608154297,16403500,222.61000061035156,3447700,66.33824157714844,32968000,116.69181823730469,6640400,45.82915496826172,18325700,36.4589729309082,13022400,53.614356994628906,10151591,112.8436279296875,10170600,284.8984375,48927000
2019-12-09,64.22747039794922,128042400,51.686336517333984,12397700,142.80755615234375,16687400,221.3800048828125,2601000,66.51654815673828,30842000,116.79155731201172,4241000,45.44983673095703,15070800,36.331119537353516,14448000,53.083038330078125,5356135,112.31718444824219,8498200,284.0027160644531,34838500
2019-12-10,64.60283660888672,90420400,51.24115753173828,14281800,142.59048461914062,16476100,221.25999450683594,2688900,66.5115966796875,17606000,116.36762237548828,5310300,45.2559700012207,15959100,36.26416015625,12846900,53.17963790893555,4971956,112.39240264892578,7532900,283.68597412109375,52649800
2019-12-11,65.15389251708984,78756800,51.166961669921875,13748400,143.12828063964844,18856600,222.57000732421875,3546600,66.57897186279297,20480000,117.19056701660156,6631500,44.817649841308594,16834200,36.22154998779297,10519200,52.9864387512207,7365872,112.12499237060547,9011900,284.4913635253906,53429100
2019-12-12,65.31990814208984,137310400,52.190887451171875,17068500,144.5812530517578,24612100,225.9199981689453,5121900,66.78895568847656,29114000,117.48979949951172,5012400,45.82072067260742,19119500,36.45287322998047,12447000,55.256591796875,20039606,115.33383178710938,13717400,286.94329833984375,96389600
2019-12-13,66.20780181884766,133587600,51.367286682128906,12274500,145.79833984375,23845400,225.3699951171875,3160500,66.7087173461914,33170000,117.5230712890625,4257200,45.34026336669922,19179300,36.61419677734375,16098900,54.77357864379883,10560930,114.32270812988281,10592100,287.115234375,81503900
2019-12-16,67.3411636352539,128186000,51.93861389160156,15208700,146.74180603027344,24144200,226.85000610351562,4278800,67.39370727539062,28128000,117.86385345458984,5353100,45.70270919799805,19793500,36.69029998779297,16052100,53.95246887207031,11137921,114.76559448242188,11372000,289.0877380371094,82749700
2019-12-17,67.47350311279297,114158400,51.70119094848633,14450700,145.94932556152344,25425600,227.0500030517578,4867400,67.10594177246094,32948000,119.33518981933594,10722400,45.803871154785156,16723400,36.915531158447266,13727400,53.614356994628906,8376439,115.46754455566406,11546800,289.151123046875,61097700
2019-12-18,67.3122787475586,116028400,51.842159271240234,13652300,145.64743041992188,24129200,225.00999450683594,5962300,66.95834350585938,23330000,119.02761840820312,7849200,45.23910140991211,18857000,36.48331069946289,15309000,52.93812561035156,15133639,115.35052490234375,10381500,289.1691589355469,48133000
2019-12-19,67.37965393066406,98369200,51.48600769042969,13273200,146.91168212890625,24958900,225.2100067138672,4432600,67.18270111083984,28922000,120.8231201171875,9414700,45.20540237426758,18133300,36.55028533935547,13392300,53.32453155517578,9090163,114.7739486694336,9350400,290.3544616699219,85310500
2019-12-20,67.24006652832031,275978000,51.89409637451172,35092000,148.51564025878906,53477500,226.30999755859375,11572200,66.9241714477539,50090000,121.41333770751953,14532800,44.95252227783203,66318000,36.61419677734375,23863200,53.32453155517578,14775102,114.68203735351562,29992600,291.6274108886719,147142100
2019-12-23,68.33732604980469,98572000,52.153785705566406,14172500,148.51564025878906,17718200,225.47999572753906,3504100,66.89494323730469,19936000,121.72920989990234,6558700,45.35711669921875,17637700,36.230674743652344,13457400,53.953025817871094,8834673,114.64860534667969,9738400,292.0729064941406,52990000
2019-12-24,68.40229034423828,48478800,51.953453063964844,3979400,148.4873046875,8989200,225.47000122070312,961100,66.58786010742188,13468000,121.3052749633789,4238900,45.36555862426758,4635500,36.37677764892578,6682200,54.09805679321289,4167022,114.96614074707031,3324300,292.08203125,20270000
2019-12-26,69.75941467285156,93121200,52.035072326660156,8840200,149.70440673828125,14520600,226.4499969482422,1725700,67.48136138916016,23662000,121.2221450805664,3019300,45.643714904785156,12517100,36.379825592041016,12671400,54.291446685791016,6092672,116.18616485595703,6770900,293.6369323730469,30911200
2019-12-27,69.73294067382812,146266000,51.85700988769531,10516100,149.9780731201172,18412800,226.13999938964844,2769400,67.09355926513672,23212000,121.15567779541016,3432700,45.44983673095703,9892000,36.401126861572266,10632000,54.04972457885742,6013441,116.26970672607422,7868200,293.5641174316406,42528800
2019-12-30,70.14682006835938,144114400,51.55278015136719,12689400,148.68548583984375,16348400,225.75999450683594,2769700,66.35409545898438,19994000,120.78154754638672,2923300,45.18009948730469,10900500,36.34331130981445,8837400,53.566261291503906,9659851,115.84355926513672,6963000,291.9456787109375,49729100
2019-12-31,70.65933990478516,100805600,51.7753791809082,13151800,148.7892608642578,18369400,226.5,3145200,66.33824157714844,19514000,121.2553939819336,4435000,45.34868240356445,12566000,36.172847747802734,14736000,53.953025817871094,11367670,116.48697662353516,7201600,292.6549072265625,57077300
2020-01-02,72.27153015136719,135480400,52.60639190673828,12456400,151.54428100585938,22622100,228.38999938964844,3764000,67.7889404296875,27278000,121.33856201171875,5777000,45.30653762817383,16803100,36.20329284667969,20294700,57.675594329833984,17540015,117.8991928100586,10803700,295.3918151855469,59151200
2020-01-03,71.56892395019531,146322800,52.1834716796875,17386900,149.6572723388672,21116200,226.17999267578125,3023900,67.43431854248047,23408000,119.93367004394531,5752400,45.028377532958984,15608800,35.88368225097656,16197600,57.86896514892578,17231837,116.34334564208984,10386800,293.1549377441406,77709700
2020-01-06,72.13919067382812,118387200,52.584136962890625,20081900,150.0441131591797,20813700,226.99000549316406,4263000,69.2317123413086,46768000,119.7840805053711,7731300,44.7586555480957,13200300,35.81063461303711,19336500,58.69083786010742,22461009,116.2508316040039,10259000,294.2734069824219,55653900
2020-01-07,71.79991912841797,108872000,52.153785705566406,17387700,148.67601013183594,21634100,225.9199981689453,3517000,69.09799194335938,34330000,120.51557159423828,7382900,44.38776397705078,13278600,35.478851318359375,20540700,58.255733489990234,14160793,114.2745132446289,10531300,293.4459228515625,40496400
2020-01-08,72.95492553710938,132079200,51.367286682128906,15137700,151.044189453125,27746500,225.99000549316406,3780300,69.58979797363281,35314000,120.49894714355469,6605800,44.52263259887695,16585600,35.35710525512695,17627400,57.72392272949219,11115771,115.16596984863281,9695300,295.00982666015625,68296000
2020-01-09,74.5045394897461,170108400,51.76053237915039,14811800,152.9311981201172,21385000,228.64999389648438,3497300,70.32035064697266,33200000,120.85640716552734,6112700,44.44677734375,20817400,35.72236251831055,16691100,57.57889938354492,7900488,115.58646392822266,9469000,297.0102233886719,48473300
2020-01-10,74.6729965209961,140644800,51.30051803588867,11995600,152.22354125976562,20725900,226.6199951171875,2572900,70.77452850341797,26258000,120.5820541381836,5042600,44.252899169921875,13777600,35.424072265625,18164400,56.418609619140625,11767739,114.43429565429688,10190900,296.15557861328125,53029300
2020-01-13,76.26831817626953,121532000,51.790225982666016,9953900,154.05393981933594,21626500,228.4499969482422,3286700,71.32282257080078,30730000,121.1141128540039,4593200,43.924163818359375,25197600,35.271881103515625,18337800,58.594154357910156,13274420,115.38463592529297,12355200,298.1922912597656,47086800
2020-01-14,75.23843383789062,161954400,51.345027923583984,16261000,152.96896362304688,23477400,227.1699981689453,3355400,70.85525512695312,26076000,121.79574584960938,7037500,41.55558395385742,56668300,35.363189697265625,19757400,58.159053802490234,9034667,116.730224609375,24906000,297.7376403808594,62832800
2020-01-15,74.91600036621094,121923600,51.2634162902832,11390300,153.95960998535156,21417900,228.35000610351562,2662500,71.2817153930664,21550000,122.20301818847656,4960300,40.729530334472656,47148000,35.08924865722656,22362600,57.385528564453125,9239517,114.9809341430664,16293400,298.4105529785156,72056600
2020-01-16,75.85442352294922,108829200,51.06308364868164,13340300,156.78067016601562,23865400,229.72999572753906,3036400,71.82455444335938,26080000,123.19225311279297,6476000,41.51343536376953,37020200,35.2779655456543,16108200,57.24049377441406,7358067,115.42667388916016,10783800,300.8927917480469,54050300
2020-01-17,76.6942138671875,137816400,50.87017059326172,18144100,157.65814208984375,34371700,230.1999969482422,6603800,73.27869415283203,52424000,123.99856567382812,9083600,41.454437255859375,29669200,34.99184799194336,30135000,57.09544372558594,9345794,116.22560119628906,14697700,301.8293762207031,95846000
2020-01-21,76.17446899414062,110843200,50.14301681518555,17982600,157.09202575683594,29517200,228.6300048828125,5840700,73.41392517089844,48930000,124.08163452148438,9543900,41.252132415771484,30858300,35.18360137939453,22061100,56.37028884887695,8775485,115.08183288574219,8474200,301.23834228515625,77742400
2020-01-22,76.44636535644531,101832400,49.8536491394043,17033100,156.3372039794922,24138800,229.5399932861328,3164300,73.49414825439453,28458000,123.23381042480469,10305300,40.93183517456055,20367700,35.33883285522461,14778300,54.96827697753906,12428998,114.94729614257812,7549100,301.2746276855469,48914900
2020-01-23,76.81453704833984,104472000,49.54201889038086,19605900,157.29962158203125,19680800,229.3800048828125,4750000,73.53475189208984,26650000,123.466552734375,8671900,40.64523696899414,17297900,35.25056838989258,12915300,56.90206527709961,14679157,114.82955932617188,9345700,301.6202087402344,51963000
2020-01-24,76.59315490722656,146537600,49.2081298828125,18238600,155.7144775390625,24918100,226.86000061035156,4022500,72.61749267578125,29786000,123.29197692871094,9051900,40.09733581542969,21239600,34.812255859375,13150200,56.61199951171875,11912960,111.97856903076172,15166400,298.9378662109375,87578400
2020-01-27,74.34091186523438,161940000,48.03581237792969,21231000,153.1104278564453,32078100,222.4499969482422,5454000,70.91173553466797,34132000,123.64938354492188,7587100,39.701171875,18156200,35.26578903198242,21055200,55.30668640136719,9602991,111.03666687011719,12860500,294.1460876464844,84062500
2020-01-28,76.4439697265625,162234000,47.96902084350586,19664700,156.11077880859375,24899900,224.02999877929688,3609300,71.84137725830078,29724000,124.27288055419922,7336600,39.92876434326172,16673300,35.491031646728516,15810600,56.70868682861328,12625782,113.05504608154297,13062800,297.228515625,63834000
2020-01-29,78.04411315917969,216229200,47.56835174560547,14202800,158.54498291015625,34754500,224.5,2310400,72.14846801757812,21566000,125.13735961914062,6288600,39.84447479248047,16166300,35.27492904663086,11326500,62.558433532714844,44278356,112.88688659667969,9326000,296.98297119140625,53888900
2020-01-30,77.93103790283203,126743200,48.07290267944336,18544700,163.01715087890625,51597500,227.8800048828125,3350900,72.02710723876953,27110000,124.98771667480469,6470600,40.38393020629883,14760200,35.48493194580078,13744500,61.54319381713867,19154638,114.28292846679688,9048900,297.94677734375,75491800
2020-01-31,74.47567749023438,199588400,46.09180450439453,34282900,160.61126708984375,36142700,224.42999267578125,3948200,70.96373748779297,43822000,123.74915313720703,8651700,39.566307067871094,23080400,34.84877395629883,23327400,60.18952560424805,15646447,111.31422424316406,12785200,292.5367126464844,113845600
2020-02-03,74.2711410522461,173788400,45.060462951660156,27389300,164.52676391601562,30107000,223.47000122070312,3525000,73.4312515258789,71636000,124.8298110961914,5765200,39.71803283691406,15471100,34.78181457519531,13041300,59.2709846496582,10105766,112.16360473632812,10021100,294.7099304199219,69083000
2020-02-04,76.72309875488281,136616400,44.49654769897461,31922100,169.94244384765625,36433300,225.0800018310547,3642600,71.58927154541016,95880000,126.01853942871094,6541400,39.83604049682617,14973300,35.086204528808594,15696600,60.81802749633789,8905297,113.77830505371094,9157100,299.20166015625,62573200
2020-02-05,77.34870147705078,118826800,46.54441452026367,32099200,169.73486328125,39186300,228.64999389648438,3360500,71.6209716796875,36376000,128.00521850585938,5979900,40.72110366821289,20141800,35.55495834350586,17048700,62.17168426513672,10046658,115.71260070800781,10150700,302.6567077636719,65951100
2020-02-06,78.25347137451172,105425600,45.91374969482422,16055400,173.2541046142578,27751400,229.61000061035156,2799400,73.10286712646484,37822000,127.62283325195312,6201200,40.87443923950195,18259200,35.40275573730469,16058700,62.60679244995117,12763278,115.72941589355469,8992300,303.6752014160156,50359700
2020-02-07,77.18978881835938,117684000,45.609535217285156,15112500,173.4994354248047,33529100,227.3800048828125,2882800,73.25839233398438,28360000,126.25955200195312,5700300,40.75517654418945,13174600,35.445369720458984,11068800,62.02664566040039,13369743,115.35939025878906,6379800,302.05670166015625,64139400
2020-02-10,77.556396484375,109348800,45.127845764160156,20934500,178.03759765625,35844300,227.11000061035156,2944600,74.72196960449219,38302000,126.23465728759766,4835600,40.69554901123047,18124800,35.08011245727539,18434700,62.413394927978516,6720424,115.83873748779297,5960700,304.3115234375,42070000
2020-02-11,77.08850860595703,94323200,45.556846618652344,14908700,174.0183563232422,53159900,227.3300018310547,2916400,74.79130554199219,34852000,126.34268951416016,3715300,40.88296890258789,13686100,35.12577819824219,17390400,62.12333297729492,8202487,116.05744171142578,6578600,304.8389892578125,54864500
2020-02-12,78.91917419433594,113730400,46.11378860473633,17862100,174.2730712890625,47062900,227.44000244140625,3785200,75.21577453613281,31042000,125.59455871582031,5166800,40.71257400512695,16668100,35.26274871826172,14206800,63.62203598022461,13184414,116.05744171142578,7958000,306.80303955078125,43992700
2020-02-13,78.35718536376953,94747600,45.85789108276367,16949400,173.32962036132812,35295800,226.47000122070312,2838500,74.95623779296875,22914000,124.7633056640625,5480200,40.993709564208984,12530000,35.74671173095703,15999600,62.558433532714844,10234936,115.95648956298828,7447500,306.47564697265625,54501900
2020-02-14,78.37645721435547,80113600,45.64714813232422,10855300,174.87692260742188,23149500,226.8000030517578,2506200,75.22071838378906,23198000,124.79654693603516,5716300,41.07890319824219,15526400,35.88368225097656,24391800,62.02664566040039,7416954,115.603271484375,6627600,306.9665832519531,64582200
2020-02-18,76.94136047363281,152531200,45.0676383972168,18948500,176.6507110595703,27792200,226.77000427246094,3153000,75.25589752197266,25642000,123.97360229492188,7230700,40.031063079833984,22423800,36.41330337524414,34539600,61.639892578125,8820688,114.07266998291016,8996400,306.1755676269531,57226200
2020-02-19,78.05570983886719,93984000,45.41383743286133,12804900,177.1804962158203,29997500,229.24000549316406,3187000,75.52483367919922,22746000,123.80733489990234,6115200,40.116249084472656,15602500,35.81975173950195,21563400,60.96305465698242,11010597,115.6285171508789,7071200,307.6394958496094,48814700
2020-02-20,77.2549057006836,100566000,45.052581787109375,14817200,174.47470092773438,36862400,228.1699981689453,3547700,75.13453674316406,25962000,123.33352661132812,7464700,40.3292236328125,15965500,35.82279968261719,15068700,60.576290130615234,7937566,115.6285171508789,7422800,306.3756408691406,74163400
2020-02-21,75.50623321533203,129554000,44.50316619873047,20315700,168.9591064453125,48572600,229.3300018310547,4699100,73.47384643554688,42520000,124.63030242919922,7776800,40.63590621948242,21729100,36.09371566772461,18726300,59.22262954711914,8611565,114.21562194824219,9772800,303.22052001953125,113788200
2020-02-24,71.91967010498047,222195200,42.418365478515625,32096600,161.6743927001953,68311100,221.69000244140625,7932400,70.32381439208984,49560000,122.06206512451172,10588900,39.519920349121094,23075900,35.40579605102539,19848000,57.33717346191406,14240786,111.14599609375,13618400,293.1640625,161088400
2020-02-25,69.48359680175781,230673600,40.79267501831055,36414500,159.00645446777344,68073300,218.0500030517578,8558600,68.66262817382812,51580000,121.00802612304688,10529000,38.4379997253418,31110100,34.81834411621094,23292900,54.72654724121094,16269102,106.18414306640625,20797200,284.2806396484375,218913200
2020-02-26,70.58585357666016,198054800,39.897037506103516,29801000,160.9932098388672,56206100,216.05999755859375,6901700,68.86817932128906,49776000,120.19651794433594,10093800,37.603126525878906,27372600,34.632667541503906,20019900,52.93778610229492,18682881,106.50371551513672,24825600,283.2349853515625,194773800
2020-02-27,65.9718017578125,320605600,37.496150970458984,48141300,149.64976501464844,93174900,207.6699981689453,10941800,65.12776947021484,62290000,116.38182830810547,12566700,36.18043899536133,41180000,33.6038703918457,28476900,50.23046875,18910102,102.07167053222656,23005500,270.5143127441406,284353500
2020-02-28,65.9332046508789,426510000,38.71541213989258,62446700,153.27322387695312,97012700,206.33999633789062,15147200,66.33131408691406,80198000,112.50022888183594,19820300,34.80035400390625,71703000,32.77594757080078,52369200,52.599369049072266,30359552,97.64802551269531,45931400,269.3778381347656,384975800
2020-03-02,72.07162475585938,341397200,40.55183029174805,38127600,163.47189331054688,71030800,217.6300048828125,10395800,68.66262817382812,55430000,117.13478088378906,11508200,36.00153350830078,44231200,35.271881103515625,51222600,54.194759368896484,25039892,102.19782257080078,27355400,281.0436706542969,238703600
2020-03-03,69.78269958496094,319475600,38.61004638671875,50580700,155.63839721679688,71677000,208.80999755859375,10716100,66.25553894042969,56602000,113.42879486083984,13662500,34.52774429321289,45091000,34.367862701416016,33340800,52.599369049072266,21919391,98.36287689208984,32547700,272.99664306640625,300139100
2020-03-04,73.0195083618164,219178400,39.45298767089844,24079600,161.35272216796875,49814400,217.86000061035156,7408700,68.4288558959961,47598000,120.02922821044922,10560500,35.2689094543457,33881500,35.542781829833984,24625200,52.93778610229492,16665500,100.79336547851562,25795900,284.4715270996094,176613400
2020-03-05,70.6509780883789,187572800,37.714420318603516,40788200,157.30348205566406,47817300,208.9600067138672,8112700,65.11834716796875,54380000,118.79945373535156,11339200,33.13914489746094,45037900,35.28404998779297,25638300,48.73176956176758,21686251,95.84829711914062,25025600,275.01513671875,186366800
2020-03-06,69.71273803710938,226176800,35.89304733276367,55640500,152.85693359375,72821100,205.97999572753906,9443500,64.17631530761719,64640000,118.81623840332031,12239100,31.59718894958496,56766500,35.68278884887695,29411100,45.48943328857422,29787216,90.89483642578125,38159400,270.4689025878906,228667200
2020-03-09,64.19901275634766,286744800,31.505184173583984,72896300,142.4974822998047,70419300,193.1300048828125,13950500,60.21650314331055,69252000,114.139892578125,13848600,27.669904708862305,53277200,35.66147994995117,59243400,39.73066711425781,24558063,78.5826416015625,40352000,249.34674072265625,309417300
2020-03-10,68.8227310180664,285290000,32.671775817871094,60445900,152.2419891357422,65354400,202.72999572753906,10929200,63.15751266479492,54872000,118.48997497558594,12698100,29.88486099243164,40078700,36.462013244628906,37797300,42.82781219482422,19850767,84.68828582763672,31102700,262.2491455078125,276444100
2020-03-11,66.43247985839844,255598800,31.595495223999023,51986100,145.3451385498047,56371600,194.63999938964844,9573900,59.974300384521484,54732000,110.25824737548828,17763400,27.542118072509766,44769500,34.83052444458008,31620000,39.73066711425781,20746329,80.70195007324219,38127000,249.46495056152344,255316300
2020-03-12,59.87195587158203,418474000,27.98287010192871,65725300,131.5608367919922,93226400,175.97000122070312,22293800,55.05363082885742,94326000,104.91263580322266,21539200,23.171836853027344,68447600,31.671031951904297,56323200,34.988155364990234,31583435,74.0496826171875,49725200,225.59690856933594,392220700
2020-03-13,67.04509735107422,370732000,28.69034194946289,79891500,150.2646942138672,92727400,196.39999389648438,14859100,60.14121627807617,79400000,112.34127044677734,20084200,26.31536865234375,78365700,34.730072021484375,42962100,37.9885139465332,22099041,87.38788604736328,38543300,244.88230895996094,329566100
2020-03-16,58.419960021972656,322423600,25.958288192749023,48924700,128.11720275878906,87905900,177.77000427246094,14168600,53.14429473876953,96520000,106.35152435302734,18877900,22.57550048828125,57466700,32.49590301513672,36753900,32.22975158691406,23255932,74.31038665771484,38589700,218.08639526367188,297240000
2020-03-17,60.98868942260742,324056000,27.704397201538086,41204400,138.6658477783203,81059800,187.60000610351562,15072400,55.37605285644531,83194000,114.26534271240234,18911800,25.241973876953125,58112800,36.300689697265625,52806000,34.26225662231445,24121739,78.85176849365234,35239800,229.861328125,262070500
2020-03-18,59.495689392089844,300233600,24.92718505859375,54036400,132.82859802246094,81593200,172.44000244140625,16669300,54.04521942138672,93044000,112.90179443359375,17521100,23.95559310913086,51904100,37.311248779296875,77355900,31.93939781188965,27873844,70.55113983154297,41525600,218.22274780273438,327597100
2020-03-19,59.039825439453125,271857200,25.913135528564453,49412400,135.0140380859375,85922700,174.67999267578125,12488100,55.05957794189453,74064000,106.28460693359375,18482300,24.10041618347168,53123500,36.51939010620117,57100500,31.358675003051758,19861762,71.73695373535156,32175100,218.6864776611328,289322000
2020-03-20,55.29165267944336,401693200,24.641183853149414,76534600,129.9430694580078,84866200,170.05999755859375,15213600,52.90705490112305,82878000,100.29485321044922,19785100,22.57550048828125,73915800,34.84400177001953,55423500,31.5522403717041,25306037,70.22314453125,30150800,209.26239013671875,347158800
2020-03-23,54.11703872680664,336752800,23.670289993286133,56952500,128.64695739746094,78975200,162.1300048828125,16501500,52.20969009399414,83672000,92.97496795654297,20815200,21.510623931884766,47064100,34.93877029418945,39366000,29.568130493164062,21193467,66.46390533447266,32536600,203.9119110107422,326025200
2020-03-24,59.54634475708008,287531200,26.673290252685547,61835600,140.3403778076172,82516700,178.1999969482422,14075100,55.967926025390625,72468000,99.7009048461914,17604800,24.637115478515625,48630300,35.1680793762207,42705000,33.92351150512695,23974833,74.3692626953125,34363200,222.38697814941406,235494500
2020-03-25,59.21831512451172,303602000,28.06566047668457,56607700,138.99700927734375,75638200,180.47000122070312,13851200,54.56180953979492,90324000,99.88495635986328,13986100,24.67971420288086,53341100,33.44681167602539,53287500,36.58511734008789,27665082,77.14453125,38111700,225.7161407470703,299430300
2020-03-26,62.33457565307617,252087200,29.217187881469727,46722000,147.69142150878906,64568100,183.89999389648438,14131400,57.59791564941406,76562000,105.88306427001953,15066800,26.32389259338379,45494700,33.57522201538086,58250700,39.295135498046875,24714600,82.51850891113281,29826300,238.89564514160156,257632800
2020-03-27,59.75376510620117,204216800,27.809768676757812,51558600,141.62705993652344,57042300,179.66000366210938,10259500,54.989742279052734,62794000,103.03041076660156,12133200,25.795711517333984,38942800,33.50184631347656,36160500,36.87546920776367,18719196,76.63995361328125,30041500,231.78001403808594,224341200
2020-03-30,61.45903015136719,167976400,28.223711013793945,45835000,151.58921813964844,63420300,183.17999267578125,7672600,56.775238037109375,58736000,111.27047729492188,21754000,25.489023208618164,41232800,35.21698760986328,29212500,38.182098388671875,17425331,78.63311767578125,21656900,239.30723571777344,171369500
2020-03-31,61.3336067199707,197002000,28.57744789123535,41491600,149.2051239013672,77927200,182.8300018310547,8996800,57.54987335205078,65228000,109.69776916503906,15746100,24.4497013092041,36920300,34.73699188232422,26258400,38.4240608215332,24307107,75.71484375,23379300,235.74024963378906,194881100
2020-04-01,58.10640335083008,176218400,28.24629020690918,36045900,143.9071044921875,57969900,175.9499969482422,8682700,54.585575103759766,51970000,107.75694274902344,12606100,22.63513946533203,48497400,34.8959846496582,28269600,34.068687438964844,19974760,70.9464111328125,28029600,225.1307830810547,189554600
2020-04-02,59.07601547241211,165934000,30.406352996826172,62000200,146.88717651367188,49630700,179.72999572753906,7271900,55.32504653930664,56410000,111.38758850097656,11594500,23.188875198364258,33113500,36.27480697631836,29515500,33.391178131103516,19561750,73.59555053710938,24018000,230.32574462890625,177660400
2020-04-03,58.22700881958008,129880000,29.51072120666504,48425700,145.5343780517578,41243300,178.33999633789062,6643700,54.12000274658203,51374000,112.2408676147461,10071200,22.345491409301758,32735800,36.52857208251953,28625100,32.56849670410156,19622924,71.42022705078125,21199400,226.99656677246094,135561200
2020-04-06,63.30657958984375,201820400,30.459043502807617,41301900,156.357421875,67111700,185.24000549316406,9935500,58.60186004638672,63320000,116.917236328125,14994400,24.39006233215332,36056100,38.543331146240234,47768700,34.988155364990234,19672140,76.01728057861328,26820800,242.2430877685547,188061200
2020-04-07,62.573341369628906,202887200,31.038564682006836,48921800,154.6734161376953,62769000,185.25,8148200,58.57065200805664,61620000,115.0098648071289,11567100,24.50933265686035,39229900,37.29595947265625,41369700,34.020286560058594,19278732,77.01998138427734,22563800,242.49005126953125,201427200
2020-04-08,64.17488098144531,168895200,33.002933502197266,33355600,156.22499084472656,48318200,191.00999450683594,6109900,59.7811393737793,40334000,119.84519958496094,10758200,25.795711517333984,42213700,37.250091552734375,27876600,35.326900482177734,18589124,80.12999725341797,22903300,250.63003540039062,153774500
2020-04-09,64.63795471191406,161834800,32.461036682128906,60107300,156.2344512939453,51385100,193.83999633789062,10519600,59.75984573364258,54028000,118.14696502685547,11125400,28.283273696899414,62462000,37.23786926269531,32828700,34.5526123046875,25701070,87.31877136230469,42055900,254.4440155029297,189999200
2020-04-13,65.90667724609375,131022800,32.18256378173828,29651900,156.58448791503906,41905300,188.77000427246094,7888600,59.950035095214844,38702000,116.92560577392578,8153200,26.77539825439453,36068900,38.30791473388672,24194100,33.971900939941406,18874790,83.43547821044922,26911900,252.12095642089844,114839100
2020-04-14,69.23516845703125,194994800,31.934194564819336,30769000,164.33282470703125,52874300,192.94000244140625,7032000,62.66520309448242,63358000,122.1624526977539,13838000,25.710519790649414,64267100,39.439117431640625,34098900,33.53635025024414,21481602,81.14968872070312,46151300,259.55670166015625,134143400
2020-04-15,68.60322570800781,131154400,30.466562271118164,33125000,162.6109619140625,40940800,188.57000732421875,6138300,62.27243423461914,42236000,123.52606964111328,11962300,24.22820281982422,41883900,39.36574172973633,22435200,31.455459594726562,27732155,77.14742279052734,30118600,254.04153442382812,121775000
2020-04-16,69.1483383178711,157125200,29.465559005737305,30934000,167.49269104003906,50479600,187.9600067138672,6228200,62.27886962890625,57896000,125.20753479003906,12181700,22.90774917602539,52962100,40.45719909667969,31882200,30.197250366210938,33241115,74.20734405517578,32449600,255.26719665527344,131798300
2020-04-17,68.21009063720703,215250000,32.52878189086914,40829100,168.96856689453125,52765600,191.1999969482422,8272200,63.34721374511719,51050000,127.17345428466797,10920000,24.17708969116211,46985000,40.39299392700195,30915300,33.100830078125,33287181,80.8777847290039,30191900,262.16326904296875,146684800
2020-04-20,66.79425811767578,130015200,30.993408203125,39260800,165.6195068359375,36669600,188.75,6474700,62.46311950683594,35292000,126.8806381225586,12226200,23.580759048461914,45441600,39.69898986816406,24401700,31.503854751586914,20001786,77.92918395996094,23679400,257.5445861816406,100109300
2020-04-21,64.72965240478516,180991600,30.827823638916016,44381600,158.7699432373047,56203700,183.47999572753906,5882500,60.036712646484375,49648000,125.21591186523438,9951100,22.86515235900879,41918700,39.50331497192383,27900600,31.358675003051758,15539929,75.66890716552734,23035000,249.72457885742188,126385700
2020-04-22,66.59407043457031,116862400,31.708410263061523,27074200,164.16253662109375,34620200,186.5800018310547,5470000,62.32741165161133,46296000,127.98487854003906,11515600,22.83107566833496,28043300,40.23095703125,19448100,31.11671257019043,15398901,75.91534423828125,16662400,255.26719665527344,92951600
2020-04-23,66.33599090576172,124814400,32.701881408691406,35271000,162.17575073242188,32790800,185.6300048828125,6211900,62.95939254760742,34202000,130.093017578125,10665000,22.601064682006836,38331500,39.29541778564453,28839900,31.5522403717041,16611930,75.95779418945312,16638800,255.2488250732422,104709700
2020-04-24,68.25108337402344,126161200,32.91260528564453,28653800,165.136962890625,34277600,186.52000427246094,5205500,63.22834396362305,37402000,129.5492706298828,8653400,22.933305740356445,35135900,39.57364273071289,17343600,30.294025421142578,31222349,77.07943725585938,15809200,258.8067321777344,85063200
2020-04-27,68.29932403564453,117087600,33.07067108154297,28274400,164.66397094726562,33194400,187.4600067138672,6622400,62.94404220581055,44186000,129.07240295410156,8924000,24.2026424407959,39606100,39.22510528564453,17923800,31.11671257019043,21475783,80.40193939208984,22870200,262.538330078125,77896600
2020-04-28,67.19223022460938,112004800,33.845882415771484,26545100,160.65257263183594,34392700,187.1199951171875,6674600,61.048580169677734,80700000,126.64640808105469,8558700,24.594524383544922,35188000,39.133384704589844,20732100,32.907249450683594,28223273,80.97125244140625,20238900,261.3310241699219,105270000
2020-04-29,69.39917755126953,137280800,35.71993637084961,29502500,167.86167907714844,51286600,189.61000061035156,7645000,66.47642517089844,108358000,125.68435668945312,9285200,25.557174682617188,38515200,37.78817367553711,44612100,31.842605590820312,45188986,83.15506744384766,20462600,268.1722717285156,118745600
2020-04-30,70.86322021484375,183064000,34.974830627441406,37076300,169.54566955566406,53875900,187.36000061035156,8217800,66.70030212402344,55842000,125.51705169677734,14829600,24.747867584228516,29506100,37.16143035888672,40497900,32.907249450683594,35254082,81.3706283569336,19127600,265.6753234863281,122901700
2020-05-01,69.72238159179688,240616800,32.46855926513672,35399300,165.1558837890625,39370500,182.6699981689453,7513700,65.2451400756836,48872000,124.05303192138672,7309000,23.50408172607422,35197600,37.580291748046875,31143900,31.455459594726562,24151935,79.23778533935547,18547700,258.64208984375,125180000
2020-05-04,70.70887756347656,133568000,33.77814483642578,27465600,169.19566345214844,30372900,177.9499969482422,9448600,65.52151489257812,30806000,124.03633880615234,7198400,23.29962921142578,34343900,37.818756103515625,17807700,30.052064895629883,27457604,78.2945785522461,15725900,259.35546875,80873200
2020-05-05,71.7701187133789,147751200,33.74051284790039,29276200,171.01211547851562,36839200,176.02999877929688,9016300,66.8152084350586,39666000,125.0653076171875,6562300,22.422163009643555,56753400,38.13364791870117,19337400,30.0036678314209,23474184,78.17562866210938,18064100,261.7517395019531,79569900
2020-05-06,72.5105972290039,142333600,33.10830307006836,22659000,172.69613647460938,32139300,172.3800048828125,9003000,66.63740539550781,31732000,123.8774185180664,6191600,21.81731414794922,57732900,37.69645309448242,17309100,28.939023971557617,23525367,76.70556640625,20978000,259.9774475097656,73632600
2020-05-07,73.2607192993164,115215200,33.29645538330078,22160300,173.6988983154297,28316000,173.47999572753906,6698000,67.81865692138672,30652000,123.46749114990234,5570500,21.930309295654297,52387000,37.42930221557617,27345600,29.568130493164062,20196745,77.50431060791016,16771900,263.1144714355469,75250400
2020-05-08,75.00444030761719,133838400,34.756561279296875,19977400,174.72067260742188,30877800,176.8300018310547,5793600,68.5645523071289,33326000,124.39605712890625,4712100,22.104150772094727,53725300,37.75173568725586,20830800,30.439208984375,18787072,78.77042388916016,20487800,267.468017578125,76452400
2020-05-11,76.18465423583984,145946400,34.4254035949707,22258000,176.66961669921875,30892700,174.63999938964844,9235700,69.51798248291016,32718000,124.73906707763672,5887500,21.53915786743164,51444200,37.975894927978516,25341900,29.955276489257812,14414337,76.45066833496094,31907600,267.52288818359375,79514200
2020-05-12,75.31401062011719,162301200,33.84998321533203,25439100,172.66766357421875,32038200,172.80999755859375,6470900,68.11088562011719,33918000,123.09101867675781,7039200,20.89594078063965,53560500,38.009674072265625,19100100,29.035804748535156,19191335,73.95242309570312,27962900,262.1907043457031,95870800
2020-05-13,74.40465545654297,200622400,32.16975784301758,30827900,170.05653381347656,44711500,170.57000732421875,10258900,66.7810287475586,40368000,123.08267974853516,6970500,19.58342170715332,90209900,37.9881706237793,29175300,28.019556045532227,47299141,71.4032211303711,35451600,257.55364990234375,144721100
2020-05-14,74.86175537109375,158929200,32.45363998413086,24856500,170.79449462890625,41873900,170.92999267578125,7013600,67.2035140991211,36660000,123.50932312011719,6871400,20.91332244873047,87965500,37.89910888671875,22233000,27.58401870727539,28130338,74.36878204345703,35152500,260.6358642578125,121977900
2020-05-15,74.41917419433594,166348400,32.22346115112305,22445600,173.28268432617188,46610400,169.25,5937500,68.0058822631836,41544000,125.85166931152344,10340400,20.30487632751465,51616700,38.67295455932617,31770000,26.567771911621094,25779038,72.99224090576172,26099000,261.8340148925781,111146300
2020-05-18,76.1725845336914,135178400,34.786014556884766,32026100,174.93832397460938,35264500,175.4600067138672,7458900,68.60617065429688,47094000,125.91860961914062,7388400,22.086761474609375,55684400,39.20112228393555,38633700,30.34242057800293,51073738,76.8585205078125,30504400,269.8094482421875,119703800
2020-05-19,75.73239135742188,101729600,33.711891174316406,21771600,173.72731018066406,26799100,172.49000549316406,5574800,68.07225036621094,31586000,124.66376495361328,6107300,20.81770896911621,48234300,38.368953704833984,74746200,30.052064895629883,21766084,75.34599304199219,19597300,267.0381774902344,95189300
2020-05-20,77.20526123046875,111504800,34.809017181396484,19352400,176.13699340820312,31261300,176.02000427246094,5455600,69.79386901855469,38262000,123.54277038574219,5713400,21.31316566467285,45297100,38.522483825683594,32246400,31.068313598632812,18315596,77.60629272460938,20552400,271.57464599609375,85861700
2020-05-21,76.62968444824219,102688800,34.187557220458984,19130700,174.02142333984375,29119500,174.94000244140625,4059900,69.67450714111328,30894000,122.73133087158203,6487300,21.261011123657227,28376500,38.381229400634766,22448100,31.358675003051758,19827132,76.6205825805664,14621400,269.69970703125,78293900
2020-05-22,77.12303161621094,81803200,34.218257904052734,15406400,174.09732055664062,20826900,174.92999267578125,3584800,69.9959487915039,28544000,121.61096954345703,6140900,21.008934020996094,30415300,38.17856216430664,22359600,31.019920349121094,13961540,76.02578735351562,13557900,270.2117919921875,63958200
2020-05-26,76.60064697265625,125522000,35.22331619262695,20356500,172.25682067871094,36073600,180.33999633789062,7107600,70.39860534667969,44590000,121.77102661132812,7072300,22.82559585571289,57720300,38.03423309326172,23730600,32.907249450683594,25984590,81.42159271240234,41233900,273.5409851074219,88951400
2020-05-27,76.93439483642578,112945200,35.47650909423828,20788300,172.48451232910156,39517100,185.77000427246094,7410500,70.34461975097656,31684000,122.04900360107422,7950000,24.294578552246094,61963000,37.6104736328125,31073700,35.27851104736328,29644242,86.13763427734375,39402000,277.61102294921875,104817400
2020-05-28,76.96824645996094,133560800,34.55583572387695,19698000,172.09555053710938,33810200,185.10000610351562,6313100,70.24359130859375,35170000,123.80109405517578,6189600,23.660043716430664,51490200,37.98203659057617,24424800,32.81046676635742,27831269,84.85452270507812,24713900,277.098876953125,90405200
2020-05-29,76.89326477050781,153532400,34.885738372802734,25874700,173.85067749023438,42130400,185.5800018310547,10630200,71.00037384033203,37044000,125.30049133300781,8504000,23.008132934570312,51336900,38.09565734863281,29311200,31.794212341308594,25942336,82.68772888183594,26526400,278.3335876464844,119090800
2020-06-01,77.83889770507812,80791200,35.5071907043457,19031000,173.45216369628906,22622400,183.83999633789062,5718800,71.06725311279297,25162000,123.98644256591797,6141800,23.547046661376953,34201700,38.06494903564453,20550300,32.713680267333984,15083601,83.78388214111328,15176800,279.4585876464844,55758300
2020-06-02,78.19924926757812,87642800,36.29744338989258,22319000,175.42555236816406,30794600,185.94000244140625,5803000,71.43574523925781,23442000,124.87934875488281,6078300,23.81650733947754,39058000,38.058807373046875,19187700,34.11708068847656,22787385,84.06427764892578,21195000,281.7724609375,74267200
2020-06-03,78.62975311279297,104491200,37.778194427490234,23418000,175.8524627685547,27311000,190.82000732421875,6706700,71.2841796875,27732000,125.2162857055664,6339500,25.059480667114258,50814000,37.91447830200195,20262900,35.61726379394531,24642090,88.60184478759766,25941100,285.5223693847656,92567600
2020-06-04,77.95259857177734,87560400,37.6707649230957,18731400,173.53758239746094,28761800,192.0500030517578,5809800,70.04843139648438,26982000,123.59890747070312,8170500,26.26769256591797,61839200,37.49686050415039,24015000,37.45619583129883,25118482,90.44579315185547,26784700,284.77239990234375,75794400
2020-06-05,80.17273712158203,137250400,40.72433090209961,41328900,177.59805297851562,39893600,200.66000366210938,10390400,71.32231903076172,42642000,124.0790786743164,9725400,27.52805519104004,107651200,37.327964782714844,39337200,38.133705139160156,33669153,94.51600646972656,42231000,292.07098388671875,150524700
2020-06-08,80.64675903320312,95654400,41.99790954589844,33579400,178.69854736328125,33211600,201.55999755859375,6695100,71.71953582763672,33878000,123.63262176513672,7555600,28.962263107299805,69051300,37.22970962524414,28344300,40.940486907958984,31792699,96.40242004394531,24881800,295.601318359375,73641200
2020-06-09,83.19345092773438,147712400,41.061912536621094,27276900,180.064697265625,29783900,196.07000732421875,7711800,71.91962432861328,33624000,122.9503173828125,8247200,28.362503051757812,51480400,37.26347351074219,20746200,38.81120300292969,23603936,93.92970275878906,17031100,293.3971862792969,77479200
2020-06-10,85.33378601074219,166651600,38.8599739074707,31156800,186.74359130859375,43872300,191.50999450683594,7337400,72.54468536376953,31762000,124.50027465820312,10137100,25.824392318725586,82090000,37.20513916015625,28141500,36.82707214355469,23465356,90.12287902832031,24913300,291.75994873046875,95000800
2020-06-11,81.23684692382812,201662400,35.43047332763672,39183000,176.7157440185547,52854700,178.02000427246094,15372400,69.43428802490234,47144000,118.66277313232422,11913300,23.28628921508789,75621300,36.87656784057617,34162800,33.63312530517578,24979842,82.60273742675781,36259200,274.9402770996094,209243600
2020-06-12,81.93822479248047,200146000,36.190025329589844,30978100,178.11033630371094,43373600,181.2100067138672,9476800,69.98008728027344,36676000,119.74095153808594,8687400,24.31195640563965,51301200,36.15494918823242,32359200,35.08493423461914,20261430,84.86304473876953,24856800,278.2329406738281,194678900
2020-06-15,82.9515609741211,138808800,36.16701126098633,27929300,179.248779296875,32770200,181.5500030517578,8105200,70.36741638183594,30468000,118.98284149169922,8649600,24.52056884765625,48311400,36.25934600830078,32703300,35.036537170410156,20497800,86.03565979003906,22153600,280.8304443359375,135782700
2020-06-16,85.14997100830078,165428800,36.98026657104492,26203400,183.6413116455078,42556700,182.3000030517578,9407600,71.64178466796875,30648000,121.68678283691406,7579100,24.790023803710938,52985600,36.741458892822266,25167600,36.149600982666016,19694772,86.72394561767578,22193600,286.2358093261719,137627500
2020-06-17,85.0314712524414,114406400,35.77572250366211,19279400,184.27694702148438,25687800,180.86000061035156,6448500,71.94242095947266,30610000,121.31613159179688,5100100,23.859968185424805,38660800,36.55106735229492,20166900,35.036537170410156,15090141,84.5316162109375,15639800,285.0467834472656,83398900
2020-06-18,85.06534576416016,96820400,35.99822235107422,21478700,186.25027465820312,23061600,180.72999572753906,4920900,71.03011322021484,34862000,120.80232238769531,4797400,23.946884155273438,33670200,36.231719970703125,20070000,35.23012161254883,15729550,84.07279968261719,16591900,285.15655517578125,80828700
2020-06-19,84.57923126220703,264476000,35.27702713012695,48899900,185.14027404785156,44441100,179.72000122070312,8767900,70.5605697631836,52784000,121.15612030029297,12206900,23.99034309387207,71903000,36.80287170410156,40078800,34.60100173950195,17792356,83.11257934570312,40371200,283.5269470214844,135549600
2020-06-22,86.7921371459961,135445200,35.61460494995117,17565400,190.2822723388672,32818900,180.1699981689453,5816900,71.84930419921875,29442000,120.78548431396484,5285600,23.773046493530273,32808300,37.36481857299805,27338400,34.068687438964844,15707761,82.21185302734375,16216900,285.3457946777344,74649400
2020-06-23,88.64470672607422,212155600,35.82942581176758,18916600,191.55352783203125,30917400,181.00999450683594,6378100,72.50900268554688,37752000,120.3390121459961,5921600,23.66873550415039,47279100,37.177494049072266,19727700,33.8751106262207,16168082,83.21453094482422,15381400,286.6594543457031,68471200
2020-06-24,87.07992553710938,192623200,34.14153289794922,27626900,187.69229125976562,36740600,177.52999877929688,8081200,70.95976257324219,31592000,117.77827453613281,8211200,22.70391082763672,57380900,36.94105911254883,20614800,31.60063934326172,29025298,80.43592071533203,22919800,279.34710693359375,132813500
2020-06-25,88.23597717285156,137522400,34.65556335449219,19353600,190.06407165527344,27803900,178.85000610351562,6380000,71.37580871582031,23958000,117.65189361572266,7421200,23.79043197631836,45102200,36.75987243652344,20569800,32.326534271240234,14836396,83.24002838134766,25743600,282.34185791015625,89468000
2020-06-26,85.52484893798828,205256800,33.46636962890625,31518600,186.25975036621094,54675800,175.3699951171875,14772100,67.48483276367188,97640000,116.0851058959961,12849700,22.025915145874023,81172300,36.333045959472656,26991600,31.40568733215332,17938840,78.67694854736328,41896300,275.63580322265625,127961000
2020-06-29,87.49588775634766,130646000,34.0034294128418,17052100,188.26150512695312,26701600,177.19000244140625,5218200,69.20001220703125,45074000,117.12123107910156,5309800,22.33884048461914,43769200,36.56028366088867,16511400,32.95658493041992,15103383,79.02536010742188,18499700,279.6869812011719,79773300
2020-06-30,88.2262954711914,140223200,34.31031799316406,22153600,193.07147216796875,34310300,178.50999450683594,6763800,70.23417663574219,40286000,118.46058654785156,7738300,22.251914978027344,46610000,36.781375885009766,20509200,33.10197448730469,13947676,79.92607879638672,19137000,283.2696838378906,113394800
2020-07-01,88.05941009521484,110737200,33.53542709350586,17290100,194.20046997070312,32061200,177.99000549316406,4619800,71.42039489746094,42182000,118.24998474121094,6174800,21.80861473083496,37509300,36.75374221801758,19733700,32.66579055786133,24202957,79.24627685546875,18755700,285.2538757324219,72396500
2020-07-02,88.05941009521484,114041600,33.819297790527344,18216600,195.68040466308594,29315800,178.8300018310547,5163100,72.80371856689453,57218000,118.7469711303711,5152200,22.025915145874023,37013300,36.60633850097656,17695800,33.05351638793945,14877567,79.50370025634766,27845600,286.8248596191406,69344200
2020-07-06,90.41502380371094,118655600,34.057132720947266,22692000,199.89268493652344,31897600,182.72000122070312,6443300,74.27571868896484,44712000,120.44009399414062,6156400,22.15630340576172,46983100,36.508079528808594,21695100,33.9259033203125,15133900,81.5114517211914,18625300,291.25262451171875,61713800
2020-07-07,90.13446807861328,112424400,33.174827575683594,17407600,197.56832885742188,33600700,181.14999389648438,4952100,73.79380798339844,42364000,120.33059692382812,5622600,21.261011123657227,36920500,38.983089447021484,93458100,32.762725830078125,12526487,79.21195220947266,25757200,288.2486267089844,82910000
2020-07-08,92.23371887207031,117092000,33.09811019897461,18291400,201.9134521484375,33600000,181.1999969482422,5547800,74.47135162353516,31766000,120.68437194824219,6257400,21.3392391204834,38413400,38.212337493896484,52217100,33.24737548828125,12928884,80.05281066894531,18762200,290.4533996582031,54638600
2020-07-09,92.63036346435547,125642800,31.73244285583496,25882000,203.32704162597656,33121700,178.8000030517578,5420600,75.21726989746094,41836000,120.0273208618164,5738600,20.89594078063965,38118900,39.228755950927734,42771600,31.89034080505371,14997186,78.31963348388672,25600800,288.7998046875,83354200
2020-07-10,92.79239654541016,90257200,32.722164154052734,18951000,202.7103271484375,26177600,182.89999389648438,5482300,76.22517395019531,35918000,119.92623901367188,4282400,22.138916015625,56483300,40.12848663330078,44236800,32.4234733581543,12725057,82.60111999511719,28954200,291.74871826171875,57550400
2020-07-13,92.36433410644531,191649200,32.7298469543457,20028300,196.4488525390625,38135600,184.1300048828125,7885600,74.89879608154297,42954000,122.3185806274414,6951900,22.086761474609375,51038800,39.772281646728516,42338400,32.471927642822266,13742084,83.7851791381836,32079200,289.2223815917969,102997500
2020-07-14,93.89280700683594,170989200,33.81163024902344,21444100,197.66323852539062,37591800,189.7100067138672,14683400,75.32621765136719,38108000,124.60132598876953,7447100,21.078475952148438,118952600,40.53689193725586,26455800,33.34431076049805,13946091,84.26567077636719,42731700,292.970458984375,93657000
2020-07-15,94.53852844238281,153198000,34.24127960205078,17332400,197.36915588378906,32179400,190.55999755859375,7558200,75.12909698486328,31026000,124.8877182006836,8512800,22.034610748291016,61714300,40.53382873535156,31731300,34.604408264160156,18022606,85.56986236572266,22508400,295.6620178222656,87196500
2020-07-16,93.375244140625,110577600,33.97274398803711,14673700,193.46046447753906,29940700,191.00999450683594,4771300,75.03202056884766,26484000,125.72168731689453,9304700,22.130224227905273,48676800,40.59524154663086,17676600,34.16822814941406,10502384,85.81008911132812,16886900,294.68829345703125,54622500
2020-07-17,93.18658447265625,92186800,33.3896598815918,17958900,192.47378540039062,31635300,190.75999450683594,5186800,75.12760162353516,34264000,125.80591583251953,7441100,21.686925888061523,39184100,40.4539909362793,18189600,34.265159606933594,12029771,84.22276306152344,16137700,295.5426025390625,62774900
2020-07-20,95.1504135131836,90318000,32.607078552246094,18553900,200.7465362548828,36884800,190.47999572753906,4089400,77.45497131347656,30166000,126.01648712158203,6191500,21.356618881225586,38682200,40.3710823059082,18342600,33.29584884643555,9844356,83.48487854003906,14458100,297.9309997558594,56308800
2020-07-21,93.8371810913086,103433200,34.25661849975586,28821800,198.0426788330078,37990400,192.27000427246094,5256300,77.06270599365234,27486000,126.13444519042969,5575900,22.773447036743164,58395200,40.635162353515625,21712500,34.1197624206543,14019625,85.29529571533203,17798100,298.5649719238281,57292200
2020-07-22,94.10077667236328,89001600,33.45869827270508,21345400,200.8887939453125,49605700,192.10000610351562,4182700,77.5049819946289,24482000,126.36184692382812,5910200,22.82559585571289,41030500,40.73649597167969,16164600,34.2166862487793,13143364,84.6775131225586,14271200,300.2643737792969,57792900
2020-07-23,89.81766510009766,197004400,33.52775573730469,17934400,192.15122985839844,67457000,193.25,6036800,75.1226577758789,33910000,126.02495574951172,6566300,22.903827667236328,50791000,40.423274993896484,16796400,34.1197624206543,13769391,84.92633819580078,12870200,296.6816711425781,75738000
2020-07-24,89.59513854980469,185438800,33.32060241699219,16415300,190.97482299804688,39827000,194.52000427246094,5140800,74.6996841430664,29902000,124.76981353759766,5405900,22.82559585571289,39357000,40.300453186035156,13037400,33.24737548828125,13131567,84.32573699951172,12744200,294.7710266113281,73766600
2020-07-27,91.71858978271484,121214000,33.81163024902344,18547900,193.39407348632812,30160900,192.13999938964844,4309100,75.75067138671875,27124000,123.97801208496094,5675200,22.15630340576172,34761000,40.291236877441406,14045700,32.520408630371094,14185812,83.14165496826172,11959100,296.92059326171875,48293000
2020-07-28,90.21187591552734,103625600,33.41266632080078,19190500,191.65794372558594,23251400,194.1199951171875,4412300,74.47384643554688,30910000,123.68317413330078,4842200,22.191068649291992,30505200,40.46012878417969,14414100,33.392784118652344,15255125,83.50203704833984,11754300,295.03741455078125,57495000
2020-07-29,91.94110107421875,90329200,33.78093719482422,14143200,193.59324645996094,19632600,196.41000366210938,4067300,75.45747375488281,22676000,123.43891143798828,4489100,22.40837287902832,31442100,40.13154602050781,14223300,31.938810348510742,29782982,85.52696228027344,12743500,298.6659851074219,48454200
2020-07-30,93.05360412597656,158130000,32.12372589111328,29901100,193.44146728515625,25079600,194.3000030517578,4819600,76.19347381591797,36042000,123.69158172607422,5922500,21.426164627075195,51019200,39.95652389526367,13788300,30.339445114135742,25586567,83.24462127685547,14834800,297.600341796875,61861700
2020-07-31,102.79525756835938,374336800,32.284854888916016,32116200,194.4945526123047,51044000,195.77999877929688,5936500,73.69622802734375,91468000,122.78184509277344,8259600,21.087167739868164,45537900,39.73542785644531,21631500,29.41860008239746,28609840,82.91858673095703,14535000,299.9520568847656,84986800
2020-08-03,105.38544464111328,308151200,32.41527557373047,23033600,205.43312072753906,78983000,199.25999450683594,6251000,73.43917846679688,45482000,124.12118530273438,4078700,21.11324691772461,27863700,39.70472717285156,14971500,29.61246109008789,18011050,82.45526123046875,12962800,302.03729248046875,53077900
2020-08-04,106.0892105102539,173071600,33.351295471191406,17724000,202.349853515625,49280100,200.24000549316406,3838800,72.97063446044922,37212000,124.01171112060547,4162200,21.052398681640625,28106900,40.423274993896484,18219600,29.757863998413086,14253587,81.98334503173828,13366200,303.2039794921875,41917900
2020-08-05,106.4737548828125,121776800,33.64283752441406,17175100,202.0177764892578,28806400,203.6199951171875,5184500,73.25739288330078,29134000,125.0056381225586,5467500,21.20885467529297,32935400,39.86133575439453,25483500,31.017967224121094,21286984,83.40765380859375,15260900,305.08721923828125,42697700
2020-08-06,110.18855285644531,202428800,33.481719970703125,14434900,205.2528839111328,32656800,205.02000427246094,3380700,74.5382080078125,33306000,124.28965759277344,4837900,21.1564884185791,44670300,39.72007369995117,14496300,30.678709030151367,14027650,83.43341064453125,10482100,307.1265563964844,43679400
2020-08-07,107.68331909179688,198045600,33.328277587890625,18757900,201.5814208984375,27820400,209.47999572753906,6186000,74.21232604980469,27718000,125.17414093017578,3635100,21.880908966064453,46272400,39.91046905517578,16558500,31.017967224121094,16665861,85.26954650878906,14743700,307.3470458984375,57308300
2020-08-10,109.24848937988281,212403600,34.149200439453125,24367800,197.56832885742188,36716500,212.5800018310547,6633800,74.13555145263672,20546000,124.6939926147461,4096600,21.5579776763916,50602600,40.49696731567383,17683200,32.326534271240234,18929062,86.35066223144531,14989900,308.2657165527344,44282100
2020-08-11,105.99945068359375,187902400,34.50212860107422,28987500,192.94813537597656,36446500,212.66000366210938,5688200,73.3292236328125,31098000,123.80109405517578,6388400,22.099105834960938,55000100,39.98108673095703,25360200,32.6173210144043,18687596,89.07913970947266,31518600,305.7210693359375,69601100
2020-08-12,109.52226257324219,165598000,34.49431228637695,22503200,198.46014404296875,28013100,213.24000549316406,4791900,74.65164184570312,22512000,126.06707000732422,5257300,21.985647201538086,42868500,40.50004577636719,19094400,32.5688591003418,14073295,88.32408905029297,19240800,309.9834899902344,53774400
2020-08-13,111.46054077148438,210082000,33.649356842041016,17338700,197.9952392578125,22588900,211.97999572753906,4535600,75.11771392822266,22388000,124.66873168945312,5155500,21.837270736694336,27387800,40.65421676635742,19867200,31.987276077270508,10719714,87.83502197265625,13598600,309.4230651855469,41816100
2020-08-14,111.36119842529297,165565200,33.79800033569336,13595700,198.1850128173828,17958900,210.9600067138672,3441500,74.5223617553711,21942000,124.87095642089844,4240200,22.081649780273438,26743400,40.88546371459961,20106300,32.27806854248047,10111524,87.86933898925781,12134400,309.43231201171875,47260400
2020-08-17,111.0704574584961,119561600,33.35987854003906,15554600,199.49424743652344,20184800,206.77999877929688,5484400,75.09739685058594,19990000,125.50267791748047,4306900,21.35723304748535,36661700,41.81047439575195,39465000,31.357221603393555,11843460,85.55270385742188,14988000,310.415283203125,35481000
2020-08-18,111.9959716796875,105633600,33.19558334350586,13014000,200.6421661376953,21336200,208.3300018310547,3500100,77.0557632446289,28378000,126.42924499511719,4322600,20.981937408447266,29680700,41.536048889160156,80232600,31.211824417114258,8564375,84.36006927490234,13246500,311.08587646484375,38733900
2020-08-19,112.13650512695312,145538000,32.827877044677734,14473100,199.42489624023438,27627600,207.2100067138672,5829000,76.50252532958984,30472000,126.68193817138672,7816300,21.00811195373535,33667800,40.826873779296875,38155200,30.921035766601562,10907008,84.55740356445312,13533000,309.79058837890625,68054200
2020-08-20,114.62476348876953,126907200,32.32716751098633,15678500,204.06576538085938,26981500,206.1199951171875,4133800,78.06961059570312,26382000,127.54959869384766,4874700,20.72882080078125,36022100,40.259544372558594,26810700,30.387910842895508,12793394,83.54492950439453,13672600,310.7551574707031,42207800
2020-08-21,120.53167724609375,338054800,32.084632873535156,25517700,202.58221435546875,36249300,207.42999267578125,4785300,78.03593444824219,34838000,128.67835998535156,6722800,20.632810592651367,27198000,40.586387634277344,24864000,30.581771850585938,12008403,83.50203704833984,12228300,311.8575439453125,55106600
2020-08-24,121.97325134277344,345937600,33.031288146972656,18208900,203.21939086914062,25460100,212.61000061035156,5039500,78.51041412353516,25638000,129.0175018310547,5387900,21.374683380126953,36906700,40.49387741088867,19813800,32.13266372680664,20622516,85.85301208496094,17898300,315.0176696777344,48588700
2020-08-25,120.97260284423828,211495600,31.98291778564453,31285600,205.8631591796875,23043700,213.35000610351562,3675900,79.5356674194336,25150000,128.94125366210938,3863500,21.479421615600586,35077300,40.27804183959961,21722400,31.938810348510742,13934033,86.23052215576172,13648900,316.1199035644531,38463400
2020-08-26,122.61774444580078,163022400,31.30226707458496,26795000,210.31382751464844,39600800,214.66000366210938,4639000,81.4316177368164,52188000,129.1447296142578,8008300,20.981937408447266,28348200,40.29962158203125,18814800,31.40568733215332,11497281,85.02073669433594,12052400,319.289306640625,50790200
2020-08-27,121.15191650390625,155552400,31.09103012084961,32034300,215.47781372070312,57602200,216.8699951171875,4814200,80.65847778320312,31350000,129.72134399414062,5575400,21.46196746826172,36706600,42.12806701660156,119018700,31.40568733215332,14724301,87.81785583496094,22163900,319.98748779296875,58034100
2020-08-28,120.95565795898438,187630000,31.834274291992188,33477100,217.69366455078125,26292900,218.5500030517578,4290400,81.19883728027344,22418000,130.28099060058594,5395700,21.549245834350586,25797300,43.2596549987793,64050900,32.03575134277344,11870004,88.17822265625,13756700,322.0543518066406,48588900
2020-08-31,125.05754852294922,225702700,31.247507095336914,25259600,214.4792022705078,28774200,218.0399932861328,6131900,80.70849609375,26422000,130.0860137939453,6362700,21.077943801879883,27615500,42.81257629394531,45236400,30.727169036865234,28464920,85.96453857421875,14219400,320.8876647949219,66099200
2020-09-01,130.03892517089844,151948100,30.84850311279297,22464100,216.13394165039062,25725500,218.5500030517578,4134300,81.97396087646484,22652000,128.4833526611328,6307700,20.990657806396484,30508800,45.50743865966797,106798200,30.00019073486328,18695642,85.92164611816406,11595600,323.9099426269531,54908700
2020-09-02,127.34471893310547,200119000,30.66072654724121,26413400,220.29933166503906,34080800,221.67999267578125,5493900,85.06009674072266,49522000,130.442138671875,6881900,21.44451141357422,40334000,45.535179138183594,51666000,31.211824417114258,16816680,87.21725463867188,14475700,328.59503173828125,69540000
2020-09-03,117.14937591552734,257599600,30.59815216064453,28817200,206.6524658203125,58400300,218.14999389648438,7084700,80.70751190185547,63726000,126.81282806396484,8672800,21.40087127685547,42349300,44.56700897216797,48015000,30.63023567199707,18884902,86.94267272949219,23281200,317.2866516113281,148011100
2020-09-04,117.22692108154297,332607200,30.57468032836914,24632500,203.7519073486328,59664100,218.32000732421875,6041400,78.31526947021484,55850000,125.99878692626953,7200100,21.63652992248535,48745000,44.039764404296875,33982200,31.114896774291992,17992270,88.8217544555664,26325500,314.6960754394531,139156300
2020-09-08,109.33814239501953,231366600,29.870546340942383,38496400,192.72984313964844,52924300,217.8000030517578,7001200,75.4619369506836,54032000,124.87098693847656,8756800,20.920835494995117,49082900,42.689239501953125,33966900,29.757863998413086,24206006,85.73286437988281,22108600,306.09771728515625,114465300
2020-09-09,113.6992416381836,176940500,29.69060707092285,25886100,200.9369659423828,45679000,219.6300048828125,5417000,76.6323013305664,39242000,126.94004821777344,6960700,20.807373046875,49427900,43.13325119018555,33669000,29.85478973388672,21878280,86.5479965209961,13434000,312.142333984375,91462300
2020-09-10,109.98744201660156,182274400,28.947372436523438,34381200,195.3070831298828,35461500,217.8000030517578,3837300,75.5832748413086,33024000,124.57418823242188,6191800,20.903379440307617,54211700,42.183570861816406,33709200,29.079341888427734,19526919,85.6556396484375,15922800,306.72235107421875,90569500
2020-09-11,108.5434341430664,180860300,28.869131088256836,26838600,194.03273010253906,33620100,217.92999267578125,3437100,75.07362365722656,30706000,125.31193542480469,3934700,21.18267250061035,34861100,42.149654388427734,28879800,28.837017059326172,14429505,86.71957397460938,13784300,306.8785705566406,84680200
2020-09-14,111.79973602294922,140150100,28.681360244750977,26129900,195.34512329101562,30375800,219.94000244140625,4068800,74.73038482666016,42660000,125.79524993896484,4375800,21.653980255126953,49787100,42.340816497802734,45733800,29.806318283081055,14847532,87.92081451416016,19017400,310.9205322265625,65605700
2020-09-15,111.97417449951172,184642000,28.376239776611328,23724200,198.5499725341797,21823900,218.94000244140625,3855800,76.03248596191406,23042000,126.25313568115234,3658800,21.715076446533203,41954800,42.353153228759766,30427800,29.56399917602539,17325133,85.1837387084961,23683000,312.4913635253906,52920900
2020-09-16,108.66943359375,154679000,29.581079483032227,30890900,195.00271606445312,26328100,219.58999633789062,5658400,74.89185333251953,22128000,125.837646484375,4323000,22.43949317932129,51768200,42.01398468017578,27860400,32.714263916015625,51360267,85.54411315917969,19270600,311.2512512207031,82096000
2020-09-17,106.93463897705078,178011000,29.573257446289062,24696200,192.96762084960938,34011300,218.0500030517578,6940800,73.65116119384766,40008000,124.794677734375,5461400,21.91581916809082,51531300,42.146568298339844,37245000,34.16822814941406,52374245,84.56597137451172,18290100,308.5137023925781,91523300
2020-09-18,103.54267883300781,287104900,29.09600830078125,46853800,190.57107543945312,55225300,218.2100067138672,11862200,71.87060546875,63056000,126.49907684326172,12174000,21.933273315429688,115153200,41.71489334106445,54709200,33.34431076049805,29148649,84.38579559326172,20121600,304.96185302734375,105877900
2020-09-21,106.68270111083984,195713800,28.501420974731445,35351800,192.61570739746094,39839700,213.02000427246094,8341400,70.83297729492188,56908000,123.0394058227539,7574500,20.981937408447266,56188400,42.263736724853516,47275500,30.775630950927734,32651524,81.77742004394531,28378800,301.5678405761719,99450800
2020-09-22,108.35929107666016,183055400,27.79728889465332,27303200,197.256591796875,33517100,214.16000366210938,5289400,72.30298614501953,33950000,122.28470611572266,5295900,20.64154624938965,39839500,42.64606857299805,33102000,30.290973663330078,28269901,80.88510131835938,19257000,304.6391296386719,63612100
2020-09-23,103.81402587890625,150718700,26.90540313720703,31251400,190.76124572753906,30803800,209.61000061035156,4421200,69.80525207519531,37726000,122.47974395751953,8784400,19.925857543945312,45697700,41.93073654174805,23133300,29.61246109008789,17785373,79.57232666015625,19952700,297.5741882324219,93112200
2020-09-24,104.88008880615234,167743300,26.850635528564453,26796000,193.23387145996094,31202500,208.72000122070312,3962000,70.47240447998047,34552000,122.67478942871094,5614800,20.353515625,43329100,42.149654388427734,29453100,29.37013053894043,19154738,79.50370025634766,18366500,298.3674011230469,76681300
2020-09-25,108.81477355957031,149981400,27.100990295410156,23486000,197.6370391845703,29437300,210.4499969482422,3562400,71.2747802734375,30326000,123.5142593383789,5531200,20.632810592651367,30229900,42.325401306152344,22618800,29.661407470703125,16006529,80.19868469238281,13293100,303.1910705566406,71069400
2020-09-28,111.4120864868164,137672400,27.625173568725586,23396500,199.17762756347656,32004900,213.5399932861328,5042800,72.24552154541016,30784000,124.74381256103516,5843200,20.7899169921875,41103500,42.31923294067383,21197100,30.098316192626953,16711586,82.50674438476562,20894100,308.2268371582031,64584600
2020-09-29,110.56893157958984,99382200,26.8193416595459,20770500,197.10443115234375,24221900,210.44000244140625,4036900,72.61006164550781,31816000,124.70140838623047,6768600,20.3011531829834,38416300,42.28532409667969,27702900,29.709957122802734,14761158,81.81172943115234,12848200,306.5482482910156,51304000
2020-09-30,112.23585510253906,142675200,26.85846519470215,22223700,200.02401733398438,33829100,212.94000244140625,5821800,72.5892562866211,40924000,126.24472045898438,8487700,20.519351959228516,43071500,43.13941192626953,34826400,30.24395751953125,19417934,82.60111999511719,16400600,308.87249755859375,104081100
2020-10-01,113.18557739257812,116120400,25.91963005065918,36890200,202.0496826171875,27158400,212.02000427246094,4758500,73.69375610351562,32884000,124.92186737060547,6457800,20.562990188598633,38879800,44.11684036254883,43290900,30.292505264282227,15885525,83.20172119140625,15778700,310.85552978515625,88698700
2020-10-02,109.53197479248047,144712000,25.802268981933594,32694300,196.08682250976562,33154800,211.17999267578125,4420000,72.09397888183594,31222000,124.00608825683594,5485600,20.938291549682617,26238600,43.321327209472656,24585000,31.020689010620117,18072625,83.99113464355469,15149600,307.90399169921875,89431100
2020-10-05,112.90454864501953,106243800,26.396869659423828,22965200,200.07154846191406,21331600,212.36000061035156,3648500,73.44264221191406,21602000,125.69351959228516,4992800,21.339773178100586,22607500,43.7221565246582,14259000,31.117778778076172,11693825,85.76636505126953,13871900,313.36419677734375,45713100
2020-10-06,109.66761779785156,161498200,26.1230411529541,26731800,195.8206024169922,28554300,210.25999450683594,5313600,71.86712646484375,26096000,124.02303314208984,5118200,21.104127883911133,30991300,43.36141586303711,21475500,29.952680587768555,34121508,84.88306427001953,19220400,308.9093322753906,90128900
2020-10-07,111.52838897705078,96849000,26.2091007232666,23779300,199.54855346679688,25681100,213.2899932861328,3758500,72.2693099975586,36108000,125.39676666259766,5603100,21.653980255126953,34647300,43.44157409667969,16949100,30.6323184967041,16710242,86.3638916015625,16358500,314.28643798828125,56999600
2020-10-08,111.4217758178711,83477200,27.5860595703125,34413700,200.2617645263672,19925800,215.14999389648438,3611100,73.47236633300781,26076000,126.25313568115234,4413500,22.081649780273438,26483400,43.58650588989258,14676900,32.28287124633789,20699139,88.1391372680664,15659000,317.07183837890625,45242500
2020-10-09,113.36003875732422,100506900,27.17922592163086,29228600,205.23548889160156,26458000,215.67999267578125,3090700,74.81062316894531,32966000,128.01693725585938,5054100,22.081649780273438,28211300,44.024330139160156,14494800,33.205238342285156,34410686,87.6368637084961,13689100,319.9033508300781,59528600
2020-10-12,120.56074523925781,240226800,27.093177795410156,17912800,210.5515899658203,40461400,216.41000366210938,3902000,77.49210357666016,55344000,128.75466918945312,7273200,22.41331672668457,25855600,44.477596282958984,18402300,33.15668869018555,17863963,88.710693359375,16058000,325.0498046875,80388500
2020-10-13,117.36258697509766,262330500,26.77240753173828,20995100,211.9400634765625,28950800,212.30999755859375,4848700,77.61493682861328,39072000,125.80376434326172,11057600,21.592884063720703,29939600,45.08810043334961,23800200,32.62268829345703,15105450,87.27314758300781,21697300,322.928466796875,73255500
2020-10-14,117.4498291015625,150712000,26.717636108398438,17743000,210.0380859375,23421700,210.91000366210938,5026300,77.4351577758789,33174000,125.58329772949219,7706400,20.292423248291016,75388100,44.38201141357422,19710900,33.10814666748047,19652097,86.7882080078125,15204100,320.8994445800781,57727900
2020-10-15,116.984619140625,112559200,26.95234489440918,23251600,208.89686584472656,22733100,211.64999389648438,3063200,77.04039764404297,31210000,124.81166076660156,5978600,20.03058624267578,60328600,44.56391906738281,13692600,33.35088348388672,17907361,88.08717346191406,17171200,320.5028076171875,60357700
2020-10-16,115.3467788696289,115393800,26.678516387939453,22627200,208.89686584472656,26057900,211.91000366210938,3630400,77.6461410522461,34194000,125.58329772949219,6097000,19.952037811279297,43141200,44.61943435668945,16935000,35.38980484008789,33937143,87.90532684326172,13275000,320.3091735839844,89501900
2020-10-19,112.40061950683594,120639300,26.14651107788086,23645800,203.72341918945312,27625800,208.99000549316406,3410900,75.77642822265625,29734000,122.3780288696289,7250800,19.672740936279297,37423600,44.07674789428711,14643300,35.38980484008789,26250714,86.42449951171875,11725700,315.4394226074219,68425600
2020-10-20,113.88338470458984,124423700,26.365575790405273,23040600,204.13230895996094,22753500,210.05999755859375,3888500,76.8229751586914,41670000,122.572998046875,5325400,19.908401489257812,34751200,44.36967468261719,14523000,35.63252639770508,19746677,86.91812133789062,11257100,316.7029113769531,60051900
2020-10-21,113.26313018798828,89946000,25.943098068237305,28619300,204.27500915527344,22724900,210.17999267578125,3192000,78.5520248413086,60322000,122.04728698730469,5221300,19.812387466430664,29528300,44.52384948730469,13114200,35.53543472290039,14809210,86.05211639404297,10730500,316.1033935546875,63575000
2020-10-22,112.1777114868164,101988000,27.273117065429688,31831500,204.36058044433594,22351500,211.61000061035156,2949900,79.57577514648438,30512000,123.02247619628906,5279700,20.292423248291016,32238300,44.26176071166992,13344000,37.477264404296875,19214348,89.0916976928711,14837200,317.8372802734375,55399300
2020-10-23,111.4896011352539,82572600,26.725461959838867,27429100,205.63491821289062,18879600,212.7100067138672,2830800,80.87937927246094,30548000,123.15813446044922,4154400,20.3186092376709,24558300,44.3542594909668,10540500,37.04035186767578,26597033,89.8970718383789,15087600,318.91644287109375,49143900
2020-10-26,111.49929809570312,111850700,26.091745376586914,30888700,199.78628540039062,37111600,208.49000549316406,4714100,78.46782684326172,35826000,122.08121490478516,6929500,19.812387466430664,34034100,43.83316421508789,16111800,35.82670593261719,20917251,87.6715087890625,12410700,313.02288818359375,91473000
2020-10-27,113.00147247314453,92276800,25.677095413208008,27100700,202.80093383789062,36700300,206.8800048828125,3037800,79.19044494628906,25902000,121.38587951660156,4890100,19.04433250427246,49636500,44.052085876464844,11831100,34.467430114746094,19696497,86.01750183105469,10391700,311.9438171386719,65994100
2020-10-28,107.76814270019531,143937800,24.69914436340332,42136400,192.74887084960938,51195600,200.6999969482422,7533600,74.82795715332031,45174000,117.3241195678711,8426100,18.48574447631836,54835900,43.17949676513672,16849200,36.020877838134766,50860201,83.6014175415039,16389500,301.2818908691406,127094300
2020-10-29,111.7609634399414,146129200,25.79444694519043,38622800,194.6888885498047,31432600,201.50999450683594,5224400,77.11026000976562,55406000,116.33202362060547,7205400,18.450830459594727,46184000,43.14249038696289,15153900,35.77816390991211,24738095,84.14696502685547,14208800,304.3439636230469,90597700
2020-10-30,105.5003433227539,190272600,25.520620346069336,47885700,192.5491485595703,36953700,201.89999389648438,5754000,80.0438232421875,99878000,116.26417541503906,7364100,18.721397399902344,34592400,42.78173828125,18601800,36.020877838134766,20539191,84.90040588378906,15194500,301.1711730957031,120287300
2020-11-02,105.41311645507812,122866900,26.592458724975586,40130300,192.41598510742188,30842200,204.30999755859375,5937500,80.45046997070312,44228000,117.60394287109375,7088000,19.11415672302246,38401200,43.29049301147461,16575600,36.50634765625,21844975,86.81419372558594,15011600,304.5468444824219,86068300
2020-11-03,107.0315933227539,107624400,26.138683319091797,36773000,196.3151397705078,27512000,206.6300048828125,5469900,81.50739288330078,31432000,117.44285583496094,6363000,19.279991149902344,38427000,44.024330139160156,15413100,38.10835647583008,19636808,89.55069732666016,17482600,309.9239807128906,93294200
2020-11-04,111.40238189697266,138235500,25.997867584228516,35410100,205.78709411621094,42311800,206.1699981689453,5974400,86.46968841552734,71342000,118.20600891113281,10263500,19.09670066833496,47203200,43.771507263183594,17927400,38.10835647583008,25465824,86.81419372558594,18886500,316.8504943847656,126959700
2020-11-05,115.35645294189453,126387100,25.950916290283203,30824100,212.34898376464844,36080100,207.4499969482422,5933800,87.29434204101562,39758000,118.51128387451172,8016200,19.578935623168945,38319700,44.237091064453125,14202600,38.787994384765625,17215987,90.36469268798828,17837400,323.0299377441406,82039700
2020-11-06,115.22542572021484,114457900,25.64579963684082,33985600,212.75787353515625,25231900,208.85000610351562,4305600,87.15715026855469,28622000,120.62269592285156,5942500,19.210681915283203,29502900,44.94626235961914,16198500,39.27344512939453,16878656,89.1609878540039,12552800,322.9561767578125,74973000
2020-11-09,112.92459869384766,154515300,28.89259910583496,76879400,207.68907165527344,44395000,221.5,11340800,87.24083709716797,53440000,123.87042236328125,12351600,21.236093521118164,102118900,44.25867462158203,28198500,42.33183288574219,38779589,101.23271942138672,47792400,327.01434326171875,172304200
2020-11-10,112.58482360839844,138023400,29.533594131469727,49055400,200.6707305908203,44045100,228.47999572753906,7057300,86.0670166015625,43022000,125.73592376708984,7386500,21.20979118347168,49029100,44.88151168823242,18199200,43.59400939941406,33051594,100.90363311767578,20539300,326.53472900390625,85552000
2020-11-11,116.00205993652344,112295000,29.22911834716797,34124500,205.93927001953125,29440800,227.3699951171875,4786100,86.53804779052734,31838000,125.32889556884766,6382400,21.20979118347168,38309200,45.627689361572266,18805800,43.1571044921875,17543666,99.3968505859375,14443400,328.9604187011719,58649000
2020-11-12,115.73025512695312,103162300,28.227575302124023,30933700,204.88363647460938,21593900,224.72000122070312,5109800,86.31961822509766,26474000,125.7529067993164,4710300,20.876598358154297,34505900,45.704776763916016,12564300,42.5260124206543,15954303,98.17581176757812,22063000,325.7691650390625,67546200
2020-11-13,115.77879333496094,81581900,28.90862274169922,29241500,205.9011993408203,18621100,227.4199981689453,4789500,87.77771759033203,29744000,127.10960388183594,5893500,21.104570388793945,30056100,46.41703796386719,19738200,44.904747009277344,26078809,98.7906723022461,11847900,330.2793273925781,62892200
2020-11-16,116.78842163085938,91183000,30.575193405151367,38596800,206.58592224121094,24953300,233.10000610351562,5766600,87.86539459228516,25468000,127.91516876220703,6266400,21.832313537597656,36954800,47.002872467041016,34560300,46.45820999145508,23830013,101.57910919189453,19858600,334.40203857421875,74541100
2020-11-17,115.90497589111328,74271000,30.98383331298828,26521100,203.95164489746094,24154100,233.16000366210938,5038400,87.25273895263672,21314000,126.64322662353516,7297700,21.95506477355957,29490400,46.05628204345703,42711600,46.99220657348633,18127238,100.54859161376953,14553200,332.6035461425781,66111000
2020-11-18,114.58466339111328,76322100,29.81402587890625,31068000,201.26280212402344,28372800,230.07000732421875,4740600,86.21163177490234,20108000,124.9642562866211,6661000,21.97260284423828,44318300,45.969947814941406,24936900,47.23493576049805,29867932,99.80384826660156,12571200,328.6007080078125,70591300
2020-11-19,115.17687225341797,74113000,29.966257095336914,26954400,202.54046630859375,24792700,229.52999877929688,4621800,87.09969329833984,20106000,124.76922607421875,7987700,22.937084197998047,44560000,46.904197692871094,18590700,46.89512252807617,17490999,100.07230377197266,10202500,329.9841613769531,59940900
2020-11-20,113.9148178100586,73604300,29.597688674926758,18351000,200.6049346923828,22843100,227.00999450683594,4027300,86.00064086914062,27694000,124.10784912109375,6354900,22.340858459472656,38469100,46.32453536987305,21937200,47.380577087402344,16078116,99.2149887084961,12718900,327.72442626953125,70417300
2020-11-23,110.52670288085938,127959300,31.53667640686035,29367600,200.3379364013672,25683500,229.5399932861328,3630100,85.56379699707031,22530000,122.8441162109375,7318300,23.05984115600586,40691400,46.537288665771484,18557100,48.885498046875,21708341,102.07271575927734,13209200,329.6889953613281,63230600
2020-11-24,111.80816650390625,113874200,33.63591766357422,46979300,203.9135284423828,33979700,233.9199981689453,4712500,87.3636703491211,27984000,122.8441162109375,11034800,25.085243225097656,80523400,46.669883728027344,17155200,50.730228424072266,35369990,106.79226684570312,20121600,335.00152587890625,62415900
2020-11-25,112.64305877685547,76499200,32.698486328125,28178200,203.9230499267578,21012900,233.1300048828125,3249600,87.37506103515625,19600000,122.68189239501953,7594600,25.067707061767578,38875500,46.81479263305664,13833300,50.97295379638672,22044528,105.6751708984375,11715600,334.4849853515625,45330900
2020-11-27,113.18669891357422,46691300,32.20171356201172,14971900,205.2197723388672,14512200,231.5500030517578,1935800,88.50877380371094,14790000,122.95510864257812,3059000,24.953720092773438,20281400,46.74386215209961,10999500,50.487491607666016,10865436,104.97371673583984,5983600,335.41656494140625,28514100
2020-11-30,115.57491302490234,169410200,30.551162719726562,45614300,204.11370849609375,33064800,228.91000366210938,5989000,86.89315795898438,32418000,123.5357666015625,15663200,23.980470657348633,48211000,47.110782623291016,32695500,49.419498443603516,25100464,102.08135986328125,14411800,333.9316101074219,83872700
2020-12-01,119.1377944946289,127728200,30.847623825073242,32472900,206.15419006347656,30904500,229.67999267578125,4442400,88.92183685302734,37350000,125.90089416503906,9738200,24.603002548217773,41924200,47.064537048339844,22935300,49.273860931396484,17408658,103.69208526611328,12668900,337.5839538574219,74231400
2020-12-02,119.4872817993164,89004200,32.00139617919922,29369500,205.35325622558594,23724500,230.4199981689453,4679100,90.3884048461914,29424000,126.49008178710938,7745500,25.313213348388672,35508000,46.41086959838867,23547000,50.633140563964844,15496290,105.68382263183594,10811300,338.2941589355469,45927000
2020-12-03,119.35137176513672,78967600,32.21773147583008,27038900,204.27586364746094,25120900,231.02000427246094,4694500,90.23336791992188,24728000,127.22440338134766,7310500,25.56748390197754,41264600,46.034698486328125,25725900,51.45841979980469,18348801,104.99105072021484,12904400,338.2020263671875,62882000
2020-12-04,118.6814956665039,78260400,33.39555358886719,28723600,204.3902587890625,24666000,231.35000610351562,4749600,90.3284683227539,20544000,128.3087921142578,6747100,25.90943145751953,47168800,45.91444396972656,20889300,52.817691802978516,27090138,105.94361877441406,13583700,341.1164855957031,50749900
2020-12-07,120.13772583007812,86712000,32.77058792114258,24899400,204.32351684570312,24620000,229.24000549316406,4649300,89.99513244628906,22288000,127.19881439208984,6634700,25.725305557250977,31713000,45.66777420043945,18479100,52.72060775756836,19542810,105.54527282714844,9724300,340.41552734375,48944300
2020-12-08,120.74931335449219,82225500,33.84424591064453,32573800,205.9635467529297,23284100,228.19000244140625,4587200,89.71281433105469,19936000,129.40174865722656,8339800,25.37458610534668,32209500,46.0809440612793,20716500,53.2060661315918,18735107,105.64920043945312,9592100,341.4115905761719,42458900
2020-12-09,118.2252197265625,115089200,34.292930603027344,37824800,201.9492950439453,32440600,227.50999450683594,4873800,88.05509185791016,31728000,130.72523498535156,8440100,25.47103500366211,35276000,45.71710968017578,20139600,55.293521881103516,25307401,104.8265151977539,13073900,338.3495178222656,74098300
2020-12-10,119.64259338378906,81312200,35.262428283691406,38058700,200.72886657714844,26733300,227.35000610351562,4567400,87.54940032958984,28688000,129.9994659423828,7392900,25.856826782226562,31730200,45.50356674194336,20652300,54.953697204589844,19195227,104.15105438232422,13668400,338.2388000488281,57735400
2020-12-11,118.8368148803711,86939800,35.09416198730469,25478800,203.34146118164062,30979400,226.38999938964844,4028100,87.90352630615234,18628000,130.59713745117188,5977400,25.49734115600586,29779100,45.4911994934082,16860900,54.17698287963867,17853791,103.53620910644531,9981600,337.84222412109375,57698600
2020-12-14,118.2252197265625,79184500,33.82822036743164,30595000,204.23770141601562,28798400,222.85000610351562,6541600,86.78715515136719,33050000,127.28418731689453,8547300,25.11154556274414,28378000,45.073429107666016,25088100,52.57496643066406,15913996,102.44508361816406,12112400,336.32958984375,69216200
2020-12-15,124.14715576171875,157243700,34.485233306884766,27138400,204.1709442138672,27000600,224.3800048828125,5168000,87.22400665283203,21352000,128.56492614746094,7612600,26.067256927490234,38866200,45.051761627197266,31871400,53.93423843383789,17377921,104.19434356689453,12590200,340.87664794921875,63865300
2020-12-16,124.07919311523438,98208600,35.01405715942383,34273000,209.0814208984375,35023300,221.91000366210938,7537400,87.0313491821289,24676000,127.7964859008789,8486100,25.997116088867188,35204800,45.00533676147461,25650900,53.06040954589844,11800604,104.4974365234375,11169400,341.4115905761719,58420500
2020-12-17,124.94322204589844,94359800,34.8377799987793,21204600,209.2149200439453,32515800,224.67999267578125,7388000,86.20519256591797,34880000,131.16921997070312,9920300,25.83928871154785,42870500,45.21268844604492,30679500,52.817691802978516,12528955,103.6314697265625,11618000,343.32073974609375,64119500
2020-12-18,122.9627685546875,192541500,34.236846923828125,46596800,208.42352294921875,63354900,223.42999267578125,20663300,85.49742126464844,85256000,131.9291534423828,17137200,25.435964584350586,53716400,45.16626739501953,41384100,52.52615737915039,23023775,103.12055206298828,28954800,341.949951171875,136542300
2020-12-21,124.4869155883789,121251600,33.61188507080078,27869500,212.23745727539062,37181900,223.49000549316406,7372500,85.91050720214844,33974000,130.6569366455078,7893400,25.90943145751953,52731600,45.17245101928711,25553100,52.33179473876953,17218374,106.991455078125,28323600,340.727294921875,96386700
2020-12-22,128.03041076660156,168904800,33.04301071166992,21792900,213.5247039794922,22612200,221.8800048828125,6157300,85.20026397705078,20370000,130.40077209472656,4699500,25.392120361328125,25655900,44.624698638916016,37599000,51.55434036254883,17858164,105.36341857910156,11788200,340.1529846191406,47949000
2020-12-23,127.13723754882812,88223700,33.46766662597656,19085900,210.74050903320312,18699600,224.24000549316406,4983900,85.59700012207031,22974000,129.7347412109375,4607300,26.61087417602539,38383700,44.3214225769043,20430600,52.769107818603516,12139419,108.30772399902344,14973200,340.4585876464844,46201400
2020-12-24,128.11778259277344,54930100,33.331451416015625,8039000,212.39007568359375,10550600,226.52999877929688,2387000,85.89068603515625,9312000,130.18731689453125,2114900,26.163707733154297,14443700,44.4080810546875,9054600,51.74869918823242,6029070,107.83143615722656,4164900,341.7831726074219,26457900
2020-12-28,132.7000274658203,124486200,33.443626403808594,23877500,214.4972686767578,17933500,228.41000366210938,3505500,87.8619384765625,27650000,130.80206298828125,3855500,26.242618560791016,21658500,44.94035339355469,19344900,51.70011520385742,10793588,108.54156494140625,8072600,344.7193603515625,39000400
2020-12-29,130.93316650390625,121047300,33.067039489746094,20287700,213.72491455078125,17403200,229.57000732421875,3799500,87.0595703125,19726000,131.6132049560547,5212000,26.111099243164062,19584400,44.655643463134766,17938200,51.3113899230957,10640944,108.25577545166016,8389200,344.0617370605469,53680500
2020-12-30,129.81666564941406,96452100,33.331451416015625,23807300,211.36981201171875,20272300,229.64999389648438,3257400,85.99420166015625,21026000,133.24407958984375,5412800,26.084796905517578,18519300,44.618507385253906,18751200,52.040245056152344,10156427,108.55887603759766,7398000,344.5526428222656,49455300
2020-12-31,128.81678771972656,99116600,33.0269889831543,22786500,212.07534790039062,20942100,231.8699951171875,4228100,86.80599212646484,21070000,134.37974548339844,5099900,26.461814880371094,21081200,44.609230041503906,17814000,52.477561950683594,9570828,110.0396957397461,8580200,346.30322265625,78520700
2021-01-04,125.63247680664062,143301900,33.251319885253906,27764700,207.5653839111328,37130100,228.4499969482422,7404900,85.49297332763672,37324000,133.6282958984375,11765900,26.040956497192383,31421600,45.34574890136719,32182200,50.87407684326172,16040798,109.00051879882812,16819900,341.5887451171875,110210800
2021-01-05,127.18577575683594,97664900,34.853797912597656,44035100,207.76559448242188,23823000,227.47000122070312,5524900,86.18241119384766,20360000,135.19943237304688,9602300,26.768701553344727,37360000,45.104366302490234,26498100,52.33179473876953,16793346,109.59364318847656,13731200,343.9413146972656,66426200
2021-01-06,122.90452575683594,155088000,35.74317169189453,36484800,202.37835693359375,35930700,230.27000427246094,9009400,85.33200073242188,46588000,136.4716339111328,8230100,28.662586212158203,73507500,45.38597869873047,21918900,55.19862365722656,26400690,114.73970031738281,24909100,345.9975891113281,107997700
2021-01-07,127.09845733642578,109578200,36.02360534667969,29528100,208.13751220703125,27694500,232.8800048828125,4691600,87.8807601928711,41936000,136.93275451660156,7747200,29.31142234802246,50634100,45.38288497924805,20538000,54.76131057739258,15105891,118.50767517089844,21940400,351.13824462890625,68766800
2021-01-08,128.1954345703125,105158200,36.42422866821289,28628200,209.40562438964844,22956200,234.02999877929688,4850400,89.044189453125,35484000,136.65097045898438,8228900,29.100990295410156,32324700,45.37670135498047,24478200,55.101444244384766,14590235,118.63851165771484,12035100,353.1390075683594,71677200
2021-01-11,125.21504211425781,100384500,37.52994155883789,38246200,207.37472534179688,23031300,233.42999267578125,3882000,86.98674774169922,34796000,136.07887268066406,7066200,29.14483070373535,33739300,45.58094024658203,26264400,55.63593673706055,13493535,120.40911102294922,15937900,350.758544921875,51034700
2021-01-12,125.04031372070312,91951100,38.36321258544922,36915100,204.9337615966797,23249300,233.02999877929688,5616600,86.05264282226562,29528000,135.0200958251953,6903200,29.75858497619629,59146400,46.100833892822266,23373300,57.23941421508789,18346073,122.30179595947266,18033500,350.8325500488281,52547700
2021-01-13,127.06928253173828,88636800,38.7958869934082,29000300,206.27816772460938,20087100,234.50999450683594,3827500,86.53903198242188,23432000,134.815185546875,6643100,29.63582992553711,35734800,45.630455017089844,16069500,56.219024658203125,10776915,122.41519165039062,14816800,351.77734375,45303600
2021-01-14,125.14710235595703,90221800,40.31021499633789,35474800,203.1125946044922,29480800,235.02000427246094,4528700,85.73021697998047,29212000,137.17181396484375,10030800,30.46879005432129,55856900,45.48191452026367,23017200,56.65632629394531,11879594,123.1303482055664,18565600,350.54541015625,49989100
2021-01-15,123.42877197265625,111598500,38.37123107910156,42411300,202.75979614257812,31746500,233.49000549316406,5225000,85.5667724609375,31444000,136.87294006347656,7630800,28.09266471862793,91993100,44.7608642578125,35920500,55.05284881591797,14768762,120.9236831665039,27881000,347.989013671875,107160000
2021-01-19,124.0986099243164,90757300,39.13240432739258,24932600,206.37350463867188,30480900,234.5500030517578,5502100,88.38248443603516,41660000,138.9905548095703,9057600,28.60997772216797,43806800,44.37403106689453,24123600,55.53874969482422,12740305,120.40036010742188,19843800,350.721435546875,51233300
2021-01-20,128.176025390625,104319500,39.68525695800781,22342400,213.9060821533203,37777300,234.75999450683594,4876200,93.11742401123047,64152000,138.6489715576172,6839900,28.460918426513672,29949800,45.03010177612305,23775600,55.34438705444336,11840751,118.59485626220703,16028800,355.5749816894531,61836100
2021-01-21,132.874755859375,120150900,38.54750061035156,29044500,214.50677490234375,30709400,234.16000366210938,4317300,93.31949615478516,58634000,138.09397888183594,6818000,28.057594299316406,28240600,44.82585525512695,14325900,53.78949737548828,13162304,117.60054016113281,13411700,355.89910888671875,47840100
2021-01-22,135.01051330566406,114459400,38.002662658691406,23264800,215.44117736816406,30172700,232.9199981689453,4465000,93.73603057861328,32744000,139.6479949951172,8137000,27.969913482666016,24476100,45.283851623535156,19219500,53.98385238647461,10617570,116.69345092773438,12933200,354.6394348144531,52860500
2021-01-25,138.74813842773438,157611700,37.5780143737793,26395800,218.85475158691406,33152100,233.00999450683594,5097700,93.82122802734375,50586000,141.72283935546875,9924400,28.26802635192871,28515500,45.243629455566406,19031100,53.400779724121094,18462763,115.2368392944336,14212800,356.0380859375,70402000
2021-01-26,138.98114013671875,98390600,36.75273132324219,23976800,221.5244598388672,49169600,231.57000732421875,3944800,94.49828338623047,31462000,145.5652313232422,14205700,27.513975143432617,28026500,45.64900588989258,15031500,54.858482360839844,42495519,114.76587677001953,11307800,355.4823303222656,42665300
2021-01-27,137.91323852539062,140843800,36.33608627319336,32410300,222.06796264648438,69870600,227.36000061035156,8227100,90.08972930908203,82512000,143.34518432617188,14207300,26.453052520751953,45074900,44.51329040527344,29910300,55.29579544067383,29983117,111.52122497558594,17603900,346.794189453125,123351100
2021-01-28,133.08831787109375,142621100,36.904964447021484,24967200,227.8175048828125,49111200,230.9499969482422,5943500,91.78659057617188,55278000,144.43812561035156,8944400,27.014204025268555,28770200,44.48544692993164,22301700,53.88667297363281,18879766,113.48371124267578,13761800,349.7767333984375,94198100
2021-01-29,128.1080780029297,177523800,35.927452087402344,38961100,221.1717071533203,42503100,227.8699951171875,6387300,90.50676727294922,44530000,139.2893829345703,22505900,26.198772430419922,39500800,43.47658920288086,32509200,51.89447784423828,21921317,112.22771453857422,14808100,342.7742614746094,126765100
2021-02-01,130.2244415283203,106239800,35.991554260253906,24412400,228.50401306152344,33314200,229.32000732421875,4068200,93.76129913330078,40252000,138.93077087402344,9971400,26.295223236083984,23713400,43.099037170410156,25945200,52.1860237121582,13379614,113.0562973022461,11080700,348.4799499511719,75817600
2021-02-02,131.04962158203125,83305400,36.56044006347656,31940400,228.37051391601562,25916300,232.24000549316406,5300300,95.051513671875,66332000,137.68414306640625,11443300,26.961589813232422,25302900,43.56322479248047,27002400,54.61553955078125,16946953,116.53644561767578,12253600,353.40753173828125,64450700
2021-02-03,130.03025817871094,89880900,37.99465560913086,28459300,231.69822692871094,27158100,232.67999267578125,3805600,101.97364807128906,97882000,137.0437469482422,8601900,27.7945613861084,28507800,43.69630432128906,14966700,54.42116928100586,10877474,117.87095642089844,10600800,353.6854248046875,52427100
2021-02-04,133.3795623779297,84183100,38.72377014160156,25280300,230.75430297851562,25296100,235.77000427246094,4438400,101.71363830566406,48596000,138.31597900390625,7758100,28.726905822753906,30825400,44.10789108276367,17346300,55.63593673706055,13396066,120.5835189819336,12419500,357.7052307128906,47142600
2021-02-05,132.9663848876953,75693800,40.02178192138672,34980100,230.93545532226562,18054800,235.16000366210938,3812200,103.45703125,29866000,140.4164581298828,9495300,28.63894271850586,24908100,44.67421340942383,20451600,55.392974853515625,10396669,120.34801483154297,10051300,359.1131286621094,48669800
2021-02-08,133.11219787597656,71297200,41.744441986083984,36998700,231.19288635253906,22211900,237.4199981689453,3327300,103.24357604980469,28828000,140.81777954101562,6035300,29.377788543701172,29223800,44.88154983520508,15825300,56.41337966918945,8517928,122.23200988769531,10136400,361.7066955566406,38365200
2021-02-09,132.23715209960938,76774200,41.255531311035156,28977000,232.4324188232422,23565000,239.91000366210938,4773400,102.79136657714844,21892000,141.97047424316406,5544200,29.2546443939209,23539800,45.129119873046875,15906900,56.07324981689453,10581235,121.74358367919922,8614800,361.4659118652344,35551100
2021-02-10,131.6343231201172,73046600,41.65481185913086,25723800,231.52658081054688,22186700,239.9199981689453,3822600,103.34063720703125,25102000,142.4315185546875,5921300,29.201873779296875,22687000,44.603031158447266,18576900,55.392974853515625,9140985,121.8133316040039,10323200,361.3083801269531,59154400
2021-02-11,131.38156127929688,64280000,40.6118049621582,26972200,233.1189422607422,15751100,239.75999450683594,2908500,103.45307159423828,20480000,141.79119873046875,4871300,28.779680252075195,22393200,44.56899642944336,12791400,55.68452835083008,10398836,121.47317504882812,9201000,361.891845703125,42913300
2021-02-12,131.61489868164062,60145100,41.165897369384766,19756700,233.595703125,16561100,242.4600067138672,3421800,103.76411437988281,18990000,142.2351837158203,4413100,29.492136001586914,34473100,44.708251953125,13423500,56.9964599609375,11725144,123.20014190673828,8324600,363.6795959472656,50593300
2021-02-16,129.49534606933594,80576300,42.40446853637695,28060100,232.36566162109375,26728500,245.27999877929688,4722200,104.54023742675781,31004000,140.94586181640625,5656100,30.60039710998535,36468200,45.07651138305664,27891000,58.162628173828125,12100796,126.16568756103516,12130600,363.3646545410156,50972400
2021-02-17,127.21057891845703,97918500,43.064491271972656,25509700,233.37869262695312,21653500,245.25,3909500,104.9324951171875,20294000,141.44961547851562,6676700,32.18362808227539,80157700,45.55308151245117,25571100,57.62813949584961,8615357,126.55819702148438,10810100,363.4480285644531,52290600
2021-02-18,126.1119155883789,96856700,42.38816833496094,20627600,232.9868621826172,16925600,243.5,4031000,104.29802703857422,22546000,141.51792907714844,5189100,32.509071350097656,43334700,42.600807189941406,96927300,56.510562896728516,9802022,126.9855728149414,10587800,361.9011535644531,59712800
2021-02-19,126.26747131347656,87668800,42.673370361328125,22607200,230.2918243408203,25262600,241.85000610351562,4252400,103.45604705810547,37938000,139.1613006591797,8190900,33.27430725097656,39023000,42.811241149902344,36606000,58.40558624267578,12248665,129.1050262451172,11969800,361.2620849609375,83241000
2021-02-22,122.50482177734375,103916400,44.24600601196289,36435100,224.11805725097656,36446900,244.97000122070312,4009100,101.74481964111328,29466000,139.07537841796875,6447100,32.77294921875,34690000,42.610084533691406,32106600,60.737911224365234,19388781,130.3173828125,11488400,358.4832763671875,67414200
2021-02-23,122.36872863769531,158273000,44.85714340209961,33527900,222.93307495117188,30228700,245.52999877929688,5454900,102.0350570678711,34658000,137.8467559814453,7042800,32.66739273071289,36792500,41.923072814941406,31300200,61.175228118896484,14454364,131.36404418945312,16234400,358.91864013671875,107284100
2021-02-24,121.87283325195312,111039900,46.20163345336914,28728600,224.15631103515625,26339700,248.4499969482422,5105900,103.2083969116211,22608000,139.69403076171875,10286100,33.678916931152344,42764300,41.223690032958984,46565700,63.75052261352539,21426186,133.67543029785156,15061400,362.87371826171875,72433900
2021-02-25,117.63378143310547,148199500,45.43568801879883,29670900,218.8426971435547,39542200,243.69000244140625,6455200,99.84738159179688,41548000,139.84007263183594,9719700,33.03681945800781,37233100,40.833763122558594,33324600,62.00127410888672,18526244,131.86122131347656,18127700,354.13006591796875,146670500
2021-02-26,117.89631652832031,164560400,44.30304718017578,35291000,222.0824432373047,37819200,240.50999450683594,8085300,100.14256286621094,40042000,136.14556884765625,14417500,31.8142032623291,39468000,40.20555877685547,42470700,60.93227005004883,17802448,128.3636474609375,19829200,352.30523681640625,152701600
2021-03-01,124.24517822265625,116307900,45.95718002319336,36998300,226.4404296875,25324000,249.2100067138672,6332300,102.50757598876953,26060000,136.88449096679688,10551400,32.6234130859375,28066100,40.654273986816406,34634400,63.70193862915039,15657201,131.2681121826172,14845500,360.8453063964844,105348800
2021-03-02,121.64923858642578,102260900,45.68828201293945,30302600,223.50643920898438,22812500,249.22000122070312,4684500,102.25102233886719,25564000,136.62673950195312,7610900,32.66739273071289,19701200,40.26435089111328,29230800,63.070255279541016,15490231,130.8407440185547,14221700,358.0295104980469,79595300
2021-03-03,118.67408752441406,112966300,46.054962158203125,35358900,217.4760284423828,34029500,251.5500030517578,6088300,99.62252044677734,33892000,134.22100830078125,8499600,33.151161193847656,35365100,39.48450469970703,41837400,65.3053970336914,23589309,133.37014770507812,14324100,353.287109375,119940200
2021-03-04,116.79764556884766,178155000,47.83946990966797,52137500,216.68283081054688,44727800,245.47999572753906,7827000,100.73790740966797,49216000,131.5146026611328,11033200,32.68498611450195,42932500,39.46593475341797,45348000,65.93707275390625,33418377,131.32049560546875,20093900,348.91522216796875,183433000
2021-03-05,118.0518798828125,153766600,49.648414611816406,51429800,221.33705139160156,41872800,253.14999389648438,6397000,103.86514282226562,53100000,134.11795043945312,8331600,32.92247772216797,34558300,39.957984924316406,34073700,66.13159942626953,21061930,131.62576293945312,18465100,355.3341064453125,152039600
2021-03-08,113.1322250366211,154376600,49.599525451660156,38154600,217.31358337402344,35267400,257.6099853515625,7124300,99.4288558959961,36868000,135.23483276367188,6546700,34.01314163208008,38255200,39.57424545288086,40988400,68.90327453613281,28835014,133.37014770507812,17133300,353.5650634765625,123149200
2021-03-09,117.73100280761719,129525800,48.83357620239258,35645900,223.42041015625,33080500,259.0199890136719,8259300,101.05636596679688,33920000,135.4926300048828,7461300,33.53818130493164,35854100,39.886802673339844,31988700,68.0766372680664,22966413,132.42816162109375,16238800,358.6130065917969,113633600
2021-03-10,116.6518325805664,111943300,50.33289337158203,31579100,222.1207275390625,29746800,263.989990234375,8939300,100.84984588623047,27100000,136.73846435546875,6635600,34.813560485839844,38437200,40.904937744140625,44929200,64.42967987060547,44186284,135.30648803710938,14342200,360.8453063964844,109899400
2021-03-11,118.57689666748047,103026500,49.95806121826172,24802600,226.62196350097656,29907600,260.9100036621094,5917600,104.03701782226562,27702000,136.72979736328125,6305600,34.19784927368164,30598700,40.889469146728516,35489700,59.664310455322266,61355743,134.59999084472656,11771500,364.5038757324219,86245000
2021-03-12,117.67266845703125,88105100,50.495853424072266,20422700,225.3031463623047,22653700,260.0199890136719,4495400,101.5338363647461,33818000,137.12506103515625,5474800,35.156593322753906,28754000,41.50530242919922,28437600,61.17171859741211,26996039,136.1961212158203,12849500,364.99481201171875,64653600
2021-03-15,120.55057525634766,92403800,49.208404541015625,31243600,224.40480041503906,26034900,254.61000061035156,6973400,101.75373840332031,26168000,137.82957458496094,5524100,34.91910934448242,25892200,41.291778564453125,25071900,64.91592407226562,22351422,135.5158233642578,12101100,367.1714172363281,73427200
2021-03-16,122.08675384521484,115227900,48.165401458740234,30624800,227.17630004882812,28092200,251.5,67200,103.21234893798828,31900000,138.64576721191406,6369100,34.61125183105469,24668300,41.27939224243164,19881000,63.943416595458984,14938641,133.8935089111328,12805600,366.7083435058594,73722500
2021-03-17,121.29922485351562,111932600,48.377262115478516,25575500,226.53594970703125,29562100,252.0,67700,103.12964630126953,26382000,138.1302947998047,6001400,35.042240142822266,33537000,40.935890197753906,24156300,66.18021392822266,15895858,135.2716064453125,13952400,367.95880126953125,97959300
2021-03-18,117.18655395507812,121229700,46.291263580322266,38622800,220.49606323242188,34833000,252.4600067138672,5547300,100.11433410644531,31700000,137.87252807617188,4801800,35.89543533325195,57420600,40.401397705078125,29815500,64.42967987060547,12792812,137.50445556640625,21898500,362.60516357421875,115349100
2021-03-19,116.66152954101562,185549500,46.030517578125,84439400,220.1424560546875,46430700,250.99000549316406,16635400,100.3927001953125,46072000,137.50308227539062,14891500,34.8575325012207,60291800,40.939002990722656,57703500,64.2837905883789,13737991,135.315185546875,54418800,361.9341735839844,113624500
2021-03-22,119.96722412109375,111912300,45.55790328979492,29315100,225.5325164794922,30127000,250.36000061035156,5370400,100.57742309570312,33536000,137.8983154296875,7544100,34.27701950073242,32206000,41.13478088378906,24654000,63.846153259277344,10591427,131.67807006835938,19944800,364.82421875,73778600
2021-03-23,119.14079284667969,95467100,44.99566650390625,33493300,227.0520477294922,31638400,248.30999755859375,4622400,101.10442352294922,28510000,137.7694091796875,7178300,33.63493728637695,32494400,41.622650146484375,29154900,61.56073760986328,13172818,130.36105346679688,17076300,361.95269775390625,90686600
2021-03-24,116.7587661743164,88530500,45.908294677734375,29781800,225.0260467529297,25620100,249.6300048828125,4165000,100.6685791015625,25218000,139.10975646972656,6370100,33.52937316894531,24201700,41.36473083496094,23547300,60.78269958496094,12454218,131.372802734375,13079800,360.1127624511719,97588600
2021-03-25,117.24488830566406,98844700,45.77791976928711,31495900,222.0442657470703,34061900,250.75,5500000,100.66510009765625,35616000,139.1613006591797,6269800,34.5672721862793,28773000,41.6444091796875,28125900,62.48462677001953,14725103,133.05615234375,15608300,362.138671875,116128600
2021-03-26,117.84769439697266,94071200,47.024620056152344,34226500,226.00076293945312,25479900,256.7699890136719,5799100,100.2822494506836,27978000,141.70443725585938,7619200,34.97188186645508,29156100,41.992454528808594,28653600,63.16539764404297,12143472,135.2716064453125,16754400,367.9744873046875,114409100
2021-03-29,118.02269744873047,80819200,46.772029876708984,21144400,224.8157501220703,25227500,258.82000732421875,6642600,101.32530975341797,26492000,142.6581573486328,8535100,33.81084060668945,38426900,42.47102737426758,30146400,62.97088623046875,10786807,133.16957092285156,17570300,367.7886657714844,108107600
2021-03-30,116.57402038574219,85671900,46.19348907470703,20303400,221.5759735107422,24792000,258.19000244140625,3878000,101.35900115966797,27312000,141.77317810058594,7236300,34.64644241333008,36134200,42.18201446533203,27230100,64.67278289794922,10618713,134.7395477294922,13184300,366.8128356933594,76262200
2021-03-31,118.7616195678711,118323800,45.49272155761719,23686500,225.322265625,43623500,255.47000122070312,6578100,102.15392303466797,42570000,141.20614624023438,8281500,34.36497116088867,25832800,42.20998764038086,24546000,63.846153259277344,12557044,132.77706909179688,16736700,368.2997131347656,112734200
2021-04-01,119.58805084228516,75089100,46.763877868652344,23194500,231.61065673828125,30338000,258.20001220703125,5573400,105.4852294921875,39880000,139.90017700195312,7229700,34.8575325012207,22706900,42.14473342895508,25595100,64.5755386352539,11874438,134.0679473876953,16561500,372.2770080566406,99682900
2021-04-05,122.40758514404297,88651200,46.03866958618164,23264800,238.0329132080078,36910600,262.6600036621094,5049600,109.9021987915039,48510000,140.4156951904297,7387100,34.72560119628906,21293400,43.328704833984375,40043100,65.45082092285156,10180082,134.77859497070312,13508000,377.6203308105469,91684800
2021-04-06,122.70899963378906,80171300,45.908294677734375,18926300,236.87652587890625,22931900,263.05999755859375,3060600,109.42176818847656,35240000,140.38134765625,5074200,35.05104446411133,20969600,43.53691482543945,31044600,65.15907287597656,8035938,133.8310546875,13071600,377.3973388671875,62021000
2021-04-07,124.35211181640625,83466700,46.11199188232422,22385000,238.82611083984375,22719800,263.6199951171875,3582700,110.89624786376953,24134000,140.57037353515625,4608000,35.17418670654297,19393200,43.44368362426758,20361600,65.11043548583984,8379669,135.92791748046875,16903500,377.8341064453125,55836300
2021-04-08,126.7438735961914,88844600,45.63124084472656,21999300,242.0276336669922,23625200,263.510009765625,3113300,111.46086883544922,28664000,140.02044677734375,5039400,35.20936965942383,20845000,43.415706634521484,19095600,65.40219116210938,11018763,136.09461975097656,12335500,379.6275939941406,57863100
2021-04-09,129.31065368652344,106686700,45.52532196044922,20020700,244.51242065429688,24326800,266.010009765625,6052500,112.46334838867188,26146000,138.54269409179688,8418300,35.62277603149414,28363600,43.437469482421875,20676600,66.13159942626953,12689464,137.11233520507812,12122400,382.3874206542969,61104600
2021-04-12,127.59947967529297,91420000,45.223819732666016,20238800,244.56976318359375,27148700,267.92999267578125,4292900,111.17311096191406,25024000,138.87779235839844,5022800,35.860252380371094,21093000,43.44368362426758,18723000,66.08296203613281,8442187,136.82281494140625,12273400,382.52691650390625,56704900
2021-04-13,130.7009735107422,91266500,45.39493179321289,19370600,247.0354766845703,23837500,267.1000061035156,3556600,111.65898132324219,25682000,137.02194213867188,18424100,34.998260498046875,29333200,43.31007385253906,17397900,65.35357666015625,10277370,135.19093322753906,16113600,383.6606140136719,56551000
2021-04-14,128.3675537109375,87222800,46.70682907104492,28051100,244.26394653320312,23070900,267.5299987792969,3119900,111.03888702392578,21002000,137.39999389648438,7718300,36.93334197998047,64926900,43.294525146484375,21924600,66.5206069946289,12968951,132.66419982910156,19939600,382.35040283203125,61659900
2021-04-15,130.76901245117188,89347100,46.429786682128906,23250300,248.0006866455078,25627500,269.1400146484375,3919200,113.18546295166016,29174000,137.80377197265625,7524600,37.15322494506836,44146300,43.55556106567383,21710400,65.88847351074219,10208753,133.50643920898438,17694100,386.4577331542969,60229800
2021-04-16,130.4384765625,84922400,46.169044494628906,22752000,249.18577575683594,24878600,272.1099853515625,4710300,113.0616455078125,26282000,139.39328002929688,9049400,38.56053924560547,57060200,43.69540023803711,26488500,65.11043548583984,10036727,134.49786376953125,13773400,387.74945068359375,82037300
2021-04-19,131.09962463378906,94264200,46.02237319946289,21123300,247.27438354492188,23209300,270.2799987792969,4235500,113.40882873535156,30290000,139.77987670898438,8353500,38.595733642578125,39124200,43.415706634521484,19281000,65.45082092285156,9003729,133.92759704589844,11900200,385.8444519042969,78498500
2021-04-20,129.41758728027344,94812300,45.05270767211914,21782100,246.81565856933594,19722900,267.8900146484375,3740800,112.87640380859375,22288000,143.03622436523438,14050700,37.41710662841797,29734000,43.751338958740234,24452100,63.505775451660156,12330465,130.96212768554688,13716700,383.01947021484375,81851800
2021-04-21,129.7967987060547,68847100,45.63124084472656,16625600,249.03282165527344,24030400,272.2099914550781,3897100,112.8437271118164,23204000,143.13072204589844,6333200,38.03280258178711,27258000,43.87874984741211,17335200,64.91592407226562,9953202,132.07632446289062,12236700,386.6436462402344,66793000
2021-04-22,128.28004455566406,84566500,45.036407470703125,21600100,245.77395629882812,25606200,269.510009765625,3732100,111.56439208984375,24146000,141.91921997070312,7233000,37.557838439941406,24638300,43.40330123901367,19705200,65.20768737792969,10555051,129.295166015625,15256100,383.1123046875,97582800
2021-04-23,130.5940704345703,78657500,45.28086853027344,15337900,249.57749938964844,21462600,271.9800109863281,3684100,113.91254425048828,29066000,142.21141052246094,6015300,38.57813262939453,28024200,43.474761962890625,22971000,65.88847351074219,9357311,131.76931762695312,14041900,387.2662658691406,73209200
2021-04-26,130.98292541503906,66905100,45.37049865722656,16083800,249.9598388671875,19763300,270.8599853515625,3569100,114.40782928466797,32038000,141.008544921875,6027800,38.82442092895508,24606600,42.85636901855469,22846200,65.98570251464844,18815482,132.0939178466797,10799100,388.0747375488281,52182400
2021-04-27,130.6620635986328,66015800,45.96532440185547,19278600,250.3612518310547,31014200,273.6499938964844,3173400,113.4692611694336,44386000,140.20091247558594,6217700,39.66001510620117,29130200,43.00242614746094,16151400,65.5966796875,30050351,132.69924926757812,12821200,387.9910583496094,51303100
2021-04-28,129.87454223632812,107760100,47.35057067871094,24729800,243.2796173095703,46903100,272.95001220703125,3176000,116.8401870727539,81106000,139.16989135742188,7448000,39.65121078491211,20795100,42.85014343261719,14286600,64.18656158447266,13261158,133.55906677246094,8943700,387.8795471191406,51238900
2021-04-29,129.77734375,151101000,48.026885986328125,27318400,241.32046508789062,40589000,277.6000061035156,4540300,118.51029968261719,41234000,141.07723999023438,6394300,40.6715202331543,26880700,43.39086151123047,19596000,64.23518371582031,11066635,136.156005859375,12976900,390.35137939453125,78544300
2021-04-30,127.81336212158203,109839500,46.64165496826172,30518400,241.00509643554688,30945100,274.95001220703125,5212400,116.56578826904297,44856000,139.8142852783203,9079100,39.62483215332031,34176500,43.47787094116211,19680000,63.797542572021484,10011667,134.9453125,11705100,387.78656005859375,85527000
2021-05-03,128.86343383789062,75135100,47.929107666015625,20509600,240.6992645263672,19626600,279.17999267578125,5184000,116.04971313476562,28242000,141.94505310058594,6594100,40.003047943115234,16522700,44.164649963378906,27139500,65.40219116210938,12734908,134.5504913330078,11801100,388.6229248046875,68128300
2021-05-04,124.30351257324219,137564700,48.2305908203125,23522200,236.8095703125,32756100,280.260009765625,4465500,114.25428771972656,44818000,144.14454650878906,10179500,40.23173904418945,26137600,43.729583740234375,19084200,63.797542572021484,15557003,136.4104766845703,12977700,386.2253723144531,101591200
2021-05-05,124.54657745361328,84000900,49.68101119995117,31526200,235.54811096191406,21901300,282.760009765625,4348100,114.64754486083984,26636000,143.54315185546875,7792300,40.40764617919922,19620200,43.69230270385742,18351000,64.23518371582031,11168297,138.2002716064453,10506700,386.34619140625,60162200
2021-05-06,126.14108276367188,78128300,50.15362548828125,26836800,238.6636505126953,26491100,289.7099914550781,5962900,115.76589965820312,25190000,144.11874389648438,5529900,41.104026794433594,34271500,44.004268646240234,16302000,64.23518371582031,12595406,140.98143005371094,13542400,389.4314270019531,74321400
2021-05-07,126.81304931640625,78973300,50.87067794799805,33610600,241.27267456054688,27032900,290.92999267578125,6099200,116.48802947998047,28898000,144.77174377441406,5316200,41.02470016479492,25140400,43.73908615112305,23408400,64.67278289794922,10810442,141.46401977539062,14257800,392.26580810546875,67733800
2021-05-10,123.54074096679688,88071200,50.99291229248047,31956600,236.2266387939453,29299900,292.3299865722656,4537800,113.50740051269531,30914000,146.29246520996094,8357500,41.07758331298828,28193100,43.932518005371094,26307600,64.91592407226562,13154138,141.4464874267578,14014300,388.38140869140625,81852400
2021-05-11,122.6252670288086,126142800,49.371376037597656,34563800,235.31874084472656,33641600,285.6300048828125,6813500,112.43313598632812,34186000,145.09823608398438,8217900,40.30187225341797,31478500,43.53630447387695,26464200,63.65164566040039,13645738,139.0951690673828,15451700,384.9151611328125,116888000
2021-05-12,119.5671615600586,112172300,49.63591766357422,34426500,228.4091033935547,36684400,282.9100036621094,5308800,108.97550201416016,46376000,144.5139923095703,6758300,40.23135757446289,33392900,42.41006088256836,25998300,62.33875274658203,14215045,138.13885498046875,14381700,376.7374572753906,134811000
2021-05-13,121.70977783203125,105861300,49.02415466308594,24268200,232.26051330566406,29624300,286.8999938964844,5244100,110.40147399902344,33204000,146.0261688232422,8018600,40.90129089355469,23553400,43.12762451171875,21475200,63.068138122558594,13158312,141.69210815429688,15395000,381.2630920410156,106394000
2021-05-14,124.12508392333984,81918000,50.23942947387695,20735400,237.1536407470703,23901100,290.67999267578125,4260600,112.84519958496094,31996000,146.24954223632812,5797700,41.394920349121094,17078500,43.526954650878906,16091700,64.47830200195312,10167742,143.8942413330078,10584000,387.1175537109375,82201600
2021-05-17,122.97586059570312,74244600,51.41336441040039,25282500,234.3152618408203,24970200,289.2200012207031,3883300,113.36722564697266,21598000,146.39559936523438,5722600,42.22352981567383,25212800,43.33040237426758,19675800,63.943416595458984,15316179,144.4733428955078,9886800,386.1324768066406,65129200
2021-05-18,121.59291076660156,63342900,49.95833969116211,25170800,232.30833435058594,20168000,287.5899963378906,4356300,112.05718994140625,22204000,146.4471435546875,5846000,41.3067741394043,24126000,44.27256774902344,58183800,63.068138122558594,9816408,142.43785095214844,11098100,382.8057556152344,59810200
2021-05-19,121.43708038330078,92612000,48.75960922241211,28889800,232.88304138183594,25739800,286.2200012207031,5271300,112.50443267822266,23684000,146.12924194335938,5533800,40.698551177978516,28911100,44.27568054199219,34874700,63.65164566040039,11921066,141.34996032714844,13278900,381.8020935058594,106467100
2021-05-20,123.98873138427734,76857100,48.64386749267578,20692500,236.1016082763672,21800700,286.7300109863281,4141600,114.26023864746094,32352000,146.9798583984375,4853200,40.31068801879883,26107000,44.43167495727539,30540900,63.505775451660156,9324527,141.10426330566406,10426000,385.9095153808594,78022200
2021-05-21,122.15778350830078,79295400,48.71000671386719,20792700,234.8467559814453,21863100,287.739990234375,4230700,113.6252670288086,40632000,146.8853302001953,6501800,40.44291305541992,27312700,44.222652435302734,22927500,64.33241271972656,10697965,142.70985412597656,10249000,385.59356689453125,76578700
2021-05-24,123.78421783447266,63092900,49.28043746948242,18400300,240.22052001953125,21411500,289.7300109863281,3973300,116.93925476074219,31832000,147.44725036621094,5195100,40.760250091552734,25707400,44.22578430175781,18945900,64.08930206298828,7827397,143.48190307617188,9440300,389.5244445800781,51376700
2021-05-25,123.58943176269531,72009500,48.164363861083984,25616100,241.12095642089844,17704300,287.20001220703125,4752300,117.02987670898438,22440000,147.0409393310547,7444700,40.62803649902344,29415300,44.40672302246094,21505200,63.797542572021484,9496071,141.99920654296875,12609100,388.66009521484375,57451400
2021-05-26,123.54074096679688,56575900,48.726539611816406,21698700,240.90061950683594,17771600,287.3299865722656,4756300,117.8936767578125,21572000,146.1677703857422,5726400,40.90129089355469,26170600,44.353675842285156,19294200,65.15907287597656,12092309,141.98167419433594,13058300,389.4314270019531,43088600
2021-05-27,122.01168060302734,94625600,48.412384033203125,33556000,238.81240844726562,24426200,289.29998779296875,6602100,117.02046966552734,35224000,145.9429473876953,8114700,41.218624114990234,42572900,44.20393753051758,56577000,69.77855682373047,37035234,144.19256591796875,15707500,389.6358642578125,56707700
2021-05-28,121.35916137695312,71311100,48.255306243896484,19246800,239.1668243408203,18270200,289.44000244140625,4522500,116.7317123413086,21482000,146.32334899902344,6400800,41.18336868286133,15760100,44.31000900268555,21186300,68.3683853149414,14560581,144.0960693359375,10291300,390.3328552246094,58520200
2021-06-01,121.03777313232422,67637100,49.9831428527832,28474200,236.98281860351562,23213300,289.8399963378906,3335800,117.93675994873047,23354000,143.1072998046875,10448400,41.65937042236328,17878600,44.194583892822266,20767500,68.80602264404297,10087388,145.68405151367188,9445400,389.989013671875,54216600
2021-06-02,121.79743194580078,59278900,50.37997055053711,22978300,236.8870391845703,19406700,290.0199890136719,3517100,117.41223907470703,21158000,143.6865234375,6806000,41.26270294189453,18492600,44.09786605834961,23298000,68.51427459716797,8012785,145.69281005859375,10498600,390.602294921875,49097100
2021-06-03,120.31708526611328,76229200,50.5783805847168,20272800,235.3640594482422,25307700,291.9700012207031,4099400,116.27256774902344,18696000,143.54818725585938,5808800,40.95417785644531,20206400,44.17586135864258,18374400,68.51427459716797,12672972,145.7893524169922,13354400,389.1526794433594,58138800
2021-06-04,122.60578155517578,75169300,50.80160140991211,20427800,240.23011779785156,25281100,292.5199890136719,3271100,118.55040740966797,24458000,143.48765563964844,6510300,41.394920349121094,18190300,44.253849029541016,13635900,67.88214874267578,12855029,146.02622985839844,8510800,392.7117919921875,55938800
2021-06-07,122.61551666259766,71057600,50.47090530395508,15477900,243.12294006347656,23079200,289.4599914550781,4441000,118.98280334472656,24120000,142.51075744628906,5362800,41.52715301513672,16644300,43.95747756958008,16630800,67.63899230957031,7493597,145.34188842773438,7267200,392.3306884765625,51555000
2021-06-08,123.43359375,74403800,51.3637580871582,28953400,241.9351806640625,22455000,289.19000244140625,5035900,118.79161834716797,24240000,141.25714111328125,7746800,41.086395263671875,21271700,43.623653411865234,20120700,67.5903549194336,8852489,144.7628173828125,10370700,392.4144287109375,47134300
2021-06-09,123.81343078613281,56877900,51.79365158081055,29133000,242.9122314453125,17937600,288.5799865722656,3501800,119.26213836669922,17942000,143.15914916992188,5552600,40.47816848754883,22617500,43.38967514038086,17085300,66.76374816894531,11189043,142.9554901123047,12377400,391.8288879394531,48436300
2021-06-10,122.82003021240234,71186400,51.876319885253906,27488700,246.4084930419922,24563600,284.9100036621094,4039200,120.60881805419922,25904000,144.4473114013672,6463100,39.746543884277344,21640000,43.63925552368164,16378500,66.2774658203125,9999489,140.72703552246094,12119400,393.6503601074219,51020100
2021-06-11,124.02767944335938,53522400,51.396820068359375,17631700,247.0311737060547,18999700,286.82000732421875,3524200,120.36465454101562,21958000,142.61448669433594,7389900,40.26662063598633,19389300,43.910682678222656,25232400,66.56922149658203,8500031,140.6305389404297,13683800,394.3008117675781,45570800
2021-06-14,127.0760269165039,96906500,51.31415939331055,16997200,248.94692993164062,19150500,283.5299987792969,6100500,121.29132843017578,22098000,142.96893310546875,4931300,39.79941940307617,25452300,43.85139846801758,15140700,65.49945068359375,9114079,138.2441864013672,19917900,395.1837158203125,42358500
2021-06-15,126.2579345703125,62746300,53.182533264160156,30717100,247.48138427734375,18038900,283.94000244140625,3758700,120.27500915527344,21562000,142.20816040039062,5062900,40.07267761230469,23865400,43.67668914794922,19327200,65.83982849121094,7629388,136.14727783203125,24485500,394.45880126953125,51508500
2021-06-16,126.75462341308594,91815000,52.99238586425781,24803200,246.54266357421875,27220000,283.1099853515625,5626800,119.63409423828125,26472000,142.15626525878906,6988500,40.16964340209961,38287700,42.78755569458008,28794900,65.35357666015625,14070907,137.1035919189453,25321200,392.2564392089844,80386100
2021-06-17,128.3518524169922,96721700,51.248016357421875,28491800,249.91436767578125,27565500,278.69000244140625,7134200,120.59595489501953,25842000,142.83929443359375,5874700,37.71910858154297,48910400,42.96538543701172,19341900,63.21402359008789,15451709,133.146728515625,29722400,392.1263732910156,90949700
2021-06-18,127.05658721923828,108953300,49.93354415893555,39590700,248.5063018798828,37202200,274.0400085449219,12565800,118.97883605957031,46116000,140.0381622314453,12993000,36.80235290527344,61292200,42.16985321044922,44812800,62.14424133300781,16465184,129.77769470214844,43595700,386.8363952636719,118676300
2021-06-21,128.8485870361328,79663300,51.74405288696289,33145400,251.5716094970703,26696100,277.1000061035156,5482700,120.66429901123047,27414000,141.64620971679688,6592300,38.151023864746094,26444700,42.553585052490234,20775000,64.13792419433594,10825169,131.9798583984375,18664800,392.37432861328125,72822000
2021-06-22,130.48472595214844,74783600,52.736106872558594,25140400,254.33030700683594,24694100,276.9200134277344,5224700,121.17741394042969,22390000,141.45599365234375,5627800,38.38022232055664,26455200,42.7501220703125,19107000,63.35989761352539,7678083,131.786865234375,14251200,394.4720153808594,57700300
2021-06-23,130.2120361328125,60214200,53.124656677246094,20701600,254.1003875732422,19518700,274.6600036621094,4533100,120.97582244873047,19148000,140.60011291503906,4493400,38.75044631958008,18778500,42.416297912597656,19390500,62.97088623046875,8763306,132.585205078125,12733300,393.99664306640625,49445400
2021-06-24,129.92959594726562,68711000,53.339603424072266,19568400,255.4605712890625,21446900,275.489990234375,5453900,121.34532165527344,21362000,141.23988342285156,4549200,39.82586669921875,27951000,42.71269607543945,23444100,63.943416595458984,9594524,133.80474853515625,13733200,396.327392578125,45110300
2021-06-25,129.63742065429688,70783700,53.455352783203125,18438300,253.8609161376953,25611100,278.3800048828125,5577100,121.35372924804688,34594000,141.9661102294922,10963800,40.88365936279297,49074700,43.21809387207031,28640700,64.04073333740234,6844839,135.15586853027344,15484900,397.7351379394531,58129500
2021-06-28,131.2638397216797,62111300,52.09126663208008,20570000,257.40509033203125,19590000,276.6099853515625,4024600,121.3809814453125,28526000,141.80184936523438,5604000,40.36357879638672,27127500,43.08394241333008,15549000,62.72682571411133,12396856,135.40150451660156,14125800,398.53692626953125,53159600
2021-06-29,132.77340698242188,64556100,51.76884078979492,19579300,259.9722900390625,19937800,276.2099914550781,4470500,121.11996459960938,23108000,141.81044006347656,3749500,39.482086181640625,39534000,42.8343620300293,35962500,63.700096130371094,13883493,135.23483276367188,14528700,398.75140380859375,35970500
2021-06-30,133.38699340820312,63261400,52.14913558959961,17875500,259.4933166503906,21656500,277.9200134277344,4474100,120.93869018554688,24474000,142.42428588867188,6151700,39.92284393310547,18168100,43.994911193847656,45511200,65.5006332397461,13754002,136.46311950683594,12531000,399.0869445800781,64827900
2021-07-01,133.6888885498047,52485800,52.297943115234375,22530300,260.1639099121094,16725300,280.1700134277344,3647200,121.29032897949219,18110000,143.4790496826172,6320200,40.02861022949219,18658000,43.46455001831055,26348700,65.59793853759766,9368346,137.81423950195312,10479400,401.2966003417969,53441000
2021-07-02,136.3087158203125,78852600,52.22353744506836,14555300,265.9591369628906,26458000,279.1199951171875,3682800,124.07683563232422,25982000,146.08993530273438,9059900,39.72889709472656,13218500,43.71100997924805,26280600,65.01399230957031,6653090,137.68185424804688,11424000,404.3638916015625,57697700
2021-07-06,138.31500244140625,108181800,50.73545455932617,22110800,265.96875,31565600,277.32000732421875,4401500,125.00053405761719,26404000,145.2167510986328,6098500,38.336143493652344,25486900,43.65797805786133,18279300,62.87281036376953,14172730,135.36997985839844,15083400,403.6273498535156,68710400
2021-07-07,140.7984619140625,104911600,49.94180679321289,21671400,268.1430358886719,23260000,279.239990234375,4412600,125.2818603515625,24060000,146.46170043945312,6293500,38.25681686401367,21884000,43.586212158203125,25607400,63.16480255126953,12250973,135.5287628173828,12271800,405.0538635253906,63549500
2021-07-08,139.50315856933594,105575500,49.718589782714844,18935900,265.7388000488281,24618600,274.1000061035156,5370500,123.86532592773438,23790000,146.1763916015625,5755500,37.3047981262207,29148700,43.54878234863281,21267000,62.629493713378906,10798825,133.19046020507812,17834600,401.75341796875,97595200
2021-07-09,141.32437133789062,99890800,50.61971664428711,20086000,266.2369384765625,23916700,280.489990234375,4896000,124.33536529541016,18632000,146.75564575195312,6120900,38.70636749267578,25055900,43.77029037475586,15185400,64.04073333740234,8290767,137.45242309570312,13694500,406.0420837402344,76238600
2021-07-12,140.7302703857422,76299700,50.570106506347656,21809400,265.6429443359375,18931700,280.1099853515625,4282500,125.77862548828125,17668000,146.52223205566406,7840500,38.926734924316406,17618900,43.692298889160156,19515000,63.79743576049805,11187237,139.42019653320312,19940400,407.4964904785156,52889600
2021-07-13,141.84051513671875,100827100,50.330360412597656,17147300,269.1489562988281,26120100,279.2099914550781,3136300,126.14117431640625,19240000,146.3406219482422,4691200,38.10694885253906,25387800,43.857643127441406,18947700,62.72682571411133,7907410,137.3465576171875,22671700,406.1072998046875,52911300
2021-07-14,145.25897216796875,127050800,49.214298248291016,21573600,270.61444091796875,23113700,278.30999755859375,4108000,127.02823638916016,23742000,147.3349151611328,6162900,39.62311935424805,49618000,44.16026306152344,18812100,62.337528228759766,8970443,136.8788604736328,14622800,406.7133483886719,64130400
2021-07-15,144.60647583007812,106820300,48.73480224609375,15851100,269.19671630859375,22604200,279.7200012207031,3274700,125.80786895751953,24218000,145.56253051757812,6656900,39.667198181152344,33388100,44.194583892822266,17974800,62.09421157836914,10310877,137.17889404296875,11539300,405.32421875,55126400
2021-07-16,142.5709686279297,93251400,47.38725662231445,27049500,268.9285583496094,26186800,277.8999938964844,3436100,125.77318572998047,20424000,145.32916259765625,5834900,39.032527923583984,27838200,44.16338348388672,18095400,61.07228469848633,9141767,134.04637145996094,14002700,402.1449890136719,75874700
2021-07-19,138.73373413085938,121434600,45.75863265991211,37969100,265.3460388183594,32935600,272.6600036621094,5231900,123.40372467041016,27968000,144.27442932128906,8219700,37.94828414916992,43362200,44.06043243408203,27383100,58.39580535888672,19842400,129.687255859375,22172900,396.2061767578125,147987000
2021-07-20,142.33724975585938,96350000,46.2629280090332,26756100,267.558837890625,26259700,276.8900146484375,4737000,125.01985168457031,26312000,145.6317138671875,9902800,39.52616882324219,34556200,44.26008224487305,19020300,61.80221939086914,15072405,132.10508728027344,15385200,401.8839416503906,99608200
2021-07-21,141.60679626464844,74993500,47.75102233886719,20908700,269.55120849609375,24364300,279.8800048828125,3435900,126.34672546386719,20746000,146.53086853027344,7585200,40.37239456176758,29654600,44.04170608520508,18591900,63.65142059326172,13548149,134.88462829589844,12356700,405.1376953125,64724400
2021-07-22,142.9702606201172,77338200,47.213653564453125,13493800,274.09161376953125,23384100,277.70001220703125,2565700,127.21099853515625,14302000,146.95448303222656,5281900,39.69364547729492,23309500,44.07290267944336,13013400,61.80221939086914,8712244,133.1815948486328,9913300,405.9861755371094,47878500
2021-07-23,144.6843719482422,71447400,47.15578079223633,14088200,277.4730529785156,22768100,278.489990234375,3217500,131.76119995117188,41506000,148.51930236816406,5014900,39.305782318115234,23946500,44.43479919433594,15947400,61.85088348388672,7579911,132.92568969726562,9666100,410.1629943847656,63766600
2021-07-26,145.10313415527344,72434100,48.346248626708984,18387600,276.8790588378906,23176100,278.79998779296875,2423800,132.77159118652344,30572000,148.58848571777344,4484900,39.676002502441406,22976700,44.497188568115234,18517200,62.87281036376953,10800049,133.81692504882812,8208000,411.16986083984375,43719200
2021-07-27,142.94105529785156,104818600,47.80887985229492,16861400,274.4748229980469,33604100,280.7799987792969,3390300,130.65670776367188,54710000,149.27146911621094,7089300,39.79060363769531,22124500,44.50031280517578,15395700,63.65142059326172,23964901,133.64044189453125,11218700,409.2958984375,67397100
2021-07-28,141.19775390625,118931200,48.13130569458008,16855300,274.1682434082031,33566900,278.1000061035156,3794000,134.81117248535156,95130000,148.8564453125,5750700,40.11676025390625,23252800,44.319366455078125,14071500,63.894752502441406,13757312,133.861083984375,9217300,409.1280212402344,52472400
2021-07-29,141.84051513671875,56699500,48.718265533447266,18607800,274.43646240234375,18168300,279.760009765625,3543600,134.49766540527344,31716000,148.8564453125,4214100,40.989437103271484,24487400,44.37552261352539,11063100,64.67334747314453,10889854,135.00820922851562,9063500,410.8248291015625,47435300
2021-07-30,142.05484008789062,70440600,47.59394836425781,28652800,272.91351318359375,20944800,278.2900085449219,3607400,133.45654296875,25576000,148.87374877929688,5346400,40.49580001831055,25794000,44.472232818603516,16332300,63.0188102722168,12050777,133.93165588378906,9805200,408.8297424316406,68951200
2021-08-02,141.72366333007812,62880000,47.602210998535156,20873800,272.8273010253906,16267400,278.1400146484375,3091200,133.58335876464844,21634000,148.93426513671875,3721500,40.36357879638672,23960700,44.36927032470703,19958400,61.193946838378906,39943542,133.39337158203125,10203200,407.9719543457031,58783300
2021-08-03,143.5156707763672,64786600,48.114776611328125,18208200,275.03045654296875,17879000,281.79998779296875,3630600,134.35153198242188,20762000,150.76708984375,6033000,41.280330657958984,24050300,44.86844253540039,18915300,62.690330505371094,23177543,134.91110229492188,10394800,411.2910461425781,58053900
2021-08-04,143.1163787841797,56368300,46.99043273925781,20868300,274.44610595703125,16191300,278.7799987792969,3024600,133.85182189941406,19676000,149.8766326904297,4793100,40.68091583251953,22178000,44.56271743774414,15301500,62.59908676147461,22702917,133.4551239013672,10155000,409.2679138183594,46732200
2021-08-05,143.22348022460938,46397700,47.288055419921875,15180200,277.32928466796875,13900200,280.2099914550781,3584900,134.96719360351562,17870000,150.1619110107422,4291000,41.601646423339844,28092600,45.38943862915039,27005400,62.66600036621094,13050690,135.1405487060547,9151500,411.85968017578125,38969700
2021-08-06,142.54071044921875,54126800,47.83369064331055,14888500,277.27191162109375,16589300,285.6300048828125,4831900,134.4590301513672,20488000,149.66049194335938,4581100,43.17754364013672,33583900,45.30833053588867,19263600,63.57842254638672,17637083,138.97900390625,13328800,412.54034423828125,46930000
2021-08-09,142.49197387695312,48908700,47.288055419921875,17828200,276.18939208984375,16117600,287.2300109863281,3676500,135.6224365234375,17760000,150.17921447753906,3950200,43.07130432128906,29795200,45.41752624511719,15811800,63.08572006225586,12768033,138.82901000976562,9516900,412.2046813964844,41222600
2021-08-10,142.0140380859375,69023100,48.09823989868164,16340200,274.3789367675781,18616600,288.94000244140625,3134100,135.5174560546875,19414000,150.23104858398438,3678300,43.93891906738281,28708100,46.38465118408203,38262000,64.52737426757812,12930790,140.53204345703125,8667000,412.7174377441406,43339300
2021-08-11,142.2676544189453,48493500,48.238773345947266,18278600,274.8675537109375,13955900,291.2799987792969,3475100,134.9944305419922,15352000,150.2570343017578,4221300,44.8508186340332,29203900,46.79958724975586,41455800,64.50303649902344,13330458,142.20864868164062,9156500,413.7430419921875,44034300
2021-08-12,145.22300720214844,72282600,48.129676818847656,19225500,277.6071472167969,14561300,290.239990234375,3170300,135.90077209472656,16506000,151.46739196777344,4300400,45.28464126586914,21729900,46.67433166503906,18269100,64.79500579833984,10270509,142.76449584960938,8844200,414.9829406738281,38909400
2021-08-13,145.42782592773438,59375000,47.642921447753906,20063000,280.5191650390625,18249000,287.8900146484375,3115200,136.42929077148438,15948000,152.3751220703125,5882100,44.59407043457031,15843300,46.82149887084961,15981300,63.821754455566406,9020462,141.16737365722656,8980900,415.73822021484375,39470300
2021-08-16,147.3980712890625,103296000,46.94636917114258,16959500,282.1954650878906,22507600,289.45001220703125,3562300,137.00579833984375,22384000,153.749755859375,4782800,43.744163513183594,22615500,47.203514099121094,47791500,62.86675262451172,11101144,140.2408447265625,8755800,416.7171630859375,73740000
2021-08-17,146.49102783203125,92229700,46.62745666503906,16243700,280.7394104003906,20075300,289.1000061035156,3626300,135.37332153320312,21716000,155.1589813232422,6041900,43.124420166015625,16887000,47.1878547668457,50950200,61.814388275146484,13125487,138.546630859375,9347200,413.9855041503906,92673900
2021-08-18,142.75531005859375,86326000,45.645565032958984,21890500,279.02154541015625,21813000,286.3599853515625,3880500,134.17227172851562,19258000,153.18780517578125,7134100,42.46929168701172,16319300,46.686859130859375,28211700,61.68666076660156,10427487,137.28477478027344,8065500,409.45440673828125,89351900
2021-08-19,143.0869598388672,86960300,44.25244140625,30923500,284.8182373046875,29850500,285.1300048828125,3393100,134.40106201171875,21782000,154.380859375,5615000,41.831844329833984,20259400,47.00310134887695,22630500,60.47615432739258,17344153,136.13763427734375,9517700,410.08831787109375,92812200
2021-08-20,144.54022216796875,60549600,44.26084899902344,16918300,292.10260009765625,40817600,285.2699890136719,2846100,136.1340789794922,31194000,155.133056640625,5428700,41.98235321044922,15357400,47.422698974609375,19400400,60.859378814697266,10203095,136.5259246826172,6974100,413.3514099121094,72008700
2021-08-23,146.02279663085938,60131800,46.08196258544922,21632600,292.38092041015625,22830200,285.6199951171875,2956500,138.7214813232422,28454000,154.46334838867188,6461700,42.15055847167969,15551900,47.10956954956055,16166100,61.41901779174805,9642436,138.27304077148438,7934600,416.9874572753906,54973000
2021-08-24,145.93499755859375,48606400,46.459617614746094,17915600,290.4327087402344,18175800,286.0199890136719,3185000,139.9299774169922,19268000,152.53271484375,5734800,42.8145637512207,15109100,46.62421798706055,18828900,62.81808090209961,11007246,139.1290283203125,7670900,417.6494445800781,38744700
2021-08-25,144.70608520507812,58991300,46.54353713989258,13270300,289.8472595214844,20006100,287.29998779296875,2973300,140.73974609375,15848000,151.52386474609375,5700300,43.637916564941406,21357400,46.64301300048828,21921300,63.68791961669922,12627427,141.996826171875,11335000,418.5257873535156,40529700
2021-08-26,143.90625,48597200,45.91410827636719,11842600,287.0448913574219,17666100,285.2699890136719,3340300,140.10726928710938,20610000,150.71507263183594,5031600,43.42543029785156,21627600,46.13888168334961,23466900,62.88499069213867,13107992,142.729248046875,11027500,416.0551452636719,57829600
2021-08-27,144.94015502929688,55802400,46.80370330810547,15822500,287.6494445800781,22605700,286.6000061035156,3484400,142.64662170410156,28780000,150.39328002929688,7046100,44.09829330444336,16873300,45.87899398803711,23088600,64.533447265625,12473178,143.87635803222656,8780200,419.7751159667969,77235100
2021-08-30,149.3488006591797,90956700,46.291770935058594,14086100,291.36358642578125,16348100,285.6600036621094,3505200,143.22760009765625,24434000,151.0281524658203,3252700,42.85882568359375,16054100,46.24847412109375,16440600,63.98599624633789,11469513,141.57327270507812,7937600,421.62103271484375,48357400
2021-08-31,148.090576171875,86453100,45.75467300415039,27104100,289.72247314453125,26285300,285.7699890136719,6497800,143.33360290527344,22448000,150.56723022460938,7106800,40.459590911865234,73514300,46.37372970581055,25078500,64.11981201171875,17641256,141.14089965820312,12340800,420.9964904785156,59300200
2021-09-01,148.75381469726562,80313700,45.125240325927734,21644100,289.67449951171875,18983800,285.260009765625,3323200,143.84671020507812,21936000,151.0977325439453,5327400,38.467586517333984,84960500,46.273521423339844,19056600,63.05530548095703,12789542,140.9379425048828,8729900,421.22021484375,48721400
2021-09-02,149.8657684326172,71115500,46.224632263183594,23293300,289.0218200683594,16285600,285.04998779296875,3969800,141.93638610839844,32342000,152.1326446533203,4544300,39.459163665771484,37629000,46.51776123046875,20018100,64.6368637084961,13633178,141.5909423828125,8813300,422.51617431640625,42501000
2021-09-03,150.499755859375,57808700,46.04838943481445,13840000,289.0122985839844,14747900,281.8900146484375,4495100,142.38461303710938,19850000,152.22828674316406,4096900,39.10502624511719,21687500,46.73381423950195,17211900,63.718326568603516,12225833,140.73500061035156,7959700,422.41351318359375,47170500
2021-09-07,152.8309326171875,82278300,45.779842376708984,14354400,288.0909423828125,17180400,278.8999938964844,4863900,142.9205322265625,20124000,149.86276245117188,6859900,39.228965759277344,19733500,46.11383819580078,25345200,62.83023452758789,17639170,140.48794555664062,9285600,420.90325927734375,51671500
2021-09-08,151.289794921875,74420200,45.360225677490234,18756700,288.11968994140625,15046800,279.3399963378906,4646800,142.33656311035156,18344000,149.49749755859375,4661700,38.7951545715332,21252400,46.17332458496094,19508400,62.39835739135742,19263203,139.8614044189453,7852700,420.39044189453125,56181900
2021-09-09,150.2754364013672,57305700,45.393802642822266,19110800,285.2789611816406,19927000,278.6099853515625,3683700,142.18797302246094,15314000,146.1666717529297,7114600,39.27324676513672,19776900,45.847679138183594,22328700,62.83023452758789,15066205,140.47027587890625,7904300,418.59100341796875,57970400
2021-09-10,145.30104064941406,140893200,45.301483154296875,15123700,283.8009338378906,19633400,277.6000061035156,4552300,139.54811096191406,36840000,145.21005249023438,6699300,39.24668502807617,23367400,45.68172836303711,15775200,62.04554748535156,15350467,138.85545349121094,8311600,415.2906799316406,89948200
2021-09-13,145.86676025390625,102404300,46.46800231933594,22052300,285.0294189453125,23652900,279.9200134277344,4601900,140.99090576171875,22094000,144.19248962402344,6273500,40.5126953125,28027200,45.42182922363281,19529400,63.54193878173828,20038302,141.06149291992188,10052800,416.35345458984375,83738600
2021-09-14,144.47198486328125,109296300,45.805023193359375,19940300,287.71661376953125,21853400,277.20001220703125,5283200,141.2008514404297,19674000,143.3228302001953,5259600,40.769447326660156,36053200,45.18385314941406,16533900,61.060115814208984,25717763,138.59959411621094,11685600,414.1066589355469,78197100
2021-09-15,145.35955810546875,83281300,47.34919738769531,23240900,292.5439758300781,28356300,278.17999267578125,3883500,143.06813049316406,27408000,143.86196899414062,7935300,41.29179763793945,31535600,45.26213836669922,14850000,62.142879486083984,13007192,139.56138610839844,11691500,417.5655822753906,78792200
2021-09-16,145.12547302246094,68034100,46.84566116333008,17907200,292.927978515625,19550800,277.510009765625,4210000,142.25633239746094,26190000,143.6880645751953,5665400,40.97307205200195,24102400,45.41244125366211,18428400,61.644081115722656,9601506,139.49961853027344,10880900,416.90362548828125,77786700
2021-09-17,142.46270751953125,129868800,46.291770935058594,30000400,287.79345703125,41372500,276.760009765625,15863300,139.4728240966797,53384000,143.27932739257812,13419800,41.14128875732422,34912100,45.31849670410156,73032600,61.114864349365234,17203387,139.13784790039062,25581600,412.8424987792969,118425000
2021-09-20,139.41957092285156,123478900,45.0580940246582,27555100,282.44775390625,38278700,274.20001220703125,7644000,137.4119415283203,46518000,142.46185302734375,7270800,40.55696487426758,30603100,44.69538879394531,25054500,60.713382720947266,16217539,134.97288513183594,15819900,405.95867919921875,166445500
2021-09-21,139.8974609375,75834000,45.01614761352539,19696800,282.9275817871094,22364100,273.17999267578125,4648400,137.7224884033203,25332000,143.08798217773438,6663600,40.5923957824707,23049100,44.783050537109375,17437500,58.894596099853516,25342171,134.9905242919922,8999900,405.57525634765625,92526100
2021-09-22,142.25787353515625,76404300,46.3337287902832,25690600,286.5553283691406,26626300,274.07000732421875,5018400,138.96115112304688,25056000,142.5662078857422,5657100,41.681331634521484,29430700,44.67972946166992,15044400,59.94086456298828,18002884,137.57601928710938,11236200,409.5314636230469,102350100
2021-09-23,143.2137451171875,64838200,47.90309143066406,23069400,287.4958801269531,18604600,278.1199951171875,4731600,139.88491821289062,20952000,143.37496948242188,4697900,42.31877517700195,21852800,44.704776763916016,15585300,62.629493713378906,18620844,142.2262420654297,12336100,414.5072937011719,76396000
2021-09-24,143.30154418945312,53477900,48.331092834472656,22328600,287.2944030761719,14999000,277.8699951171875,3106100,140.87448120117188,22984000,142.9401397705078,4399300,42.42500686645508,20384700,44.830020904541016,13360500,63.18956756591797,10528608,143.86753845214844,10102400,415.1900634765625,62094800
2021-09-27,141.78970336914062,74150700,49.76617431640625,32972200,282.32293701171875,23571700,279.7200012207031,3358400,139.7422637939453,21882000,141.90525817871094,5775500,42.106292724609375,48927500,44.541961669921875,21250800,64.13314819335938,12971559,147.34422302246094,13220900,414.0023193359375,61371100
2021-09-28,138.41494750976562,108972300,50.286495208740234,37619300,272.10186767578125,43186200,276.7900085449219,4959500,134.54966735839844,45772000,141.5921630859375,7610400,40.654354095458984,49349100,43.993980407714844,20580900,64.36449432373047,20146646,146.55007934570312,13387900,405.65936279296875,130436300
2021-09-29,139.31228637695312,74602000,50.25292205810547,23422800,272.5625915527344,26353700,277.2900085449219,2952000,133.08709716796875,30848000,142.64451599121094,5124100,41.6370735168457,21730200,43.975196838378906,21375600,64.69927978515625,11876404,146.4353485107422,7777100,406.34222412109375,82329200
2021-09-30,138.01499938964844,89056700,49.363338470458984,31289600,270.5663757324219,32343600,272.94000244140625,5187900,132.4159698486328,37996000,140.452880859375,6972300,41.08816146850586,22947500,43.64328384399414,22457700,62.7208137512207,14356273,144.44110107421875,13161200,401.3757629394531,140506000
2021-10-01,139.1366729736328,94639600,51.134117126464844,24407300,277.4571838378906,30086300,275.7099914550781,3950700,135.25595092773438,35360000,139.55709838867188,8568300,41.62821960449219,18021700,42.91371154785156,30014400,64.41928100585938,12992425,147.4765625,11285000,406.1456604003906,129240100
2021-10-04,135.7131805419922,98322000,51.7971076965332,33946700,271.70831298828125,31350700,273.6400146484375,4307000,132.39964294433594,51202000,138.4700164794922,8620700,41.62821960449219,22315200,42.5003776550293,29970300,63.859188079833984,12288913,147.3177490234375,14120000,400.9080505371094,128570000
2021-10-05,137.63461303710938,80861100,51.71317672729492,29641600,277.1308288574219,24993000,278.04998779296875,5069400,134.74082946777344,32404000,138.78306579589844,5129000,42.46043014526367,20250500,42.779056549072266,20597400,63.859188079833984,9208740,149.72344970703125,12292900,405.0794677734375,90682500
2021-10-06,138.5027313232422,83221100,50.764854431152344,25284900,281.30560302734375,28002600,280.2200012207031,3866100,136.268310546875,24364000,139.07012939453125,7312600,42.3807487487793,17425700,43.092185974121094,19376700,63.51222229003906,11257962,150.0430145263672,8692600,406.76300048828125,113032200
2021-10-07,139.7609405517578,61732700,50.90752410888672,19513600,282.9755859375,20430500,282.95001220703125,3794200,137.91265869140625,25110000,140.31373596191406,5309200,42.28336715698242,19272300,43.599449157714844,21068100,64.23055267333984,10684302,150.992919921875,10195400,410.27978515625,72437500
2021-10-08,139.38050842285156,58773200,52.183143615722656,22186900,282.9755859375,17685700,284.1400146484375,2299900,138.4678955078125,26526000,139.9571533203125,4343200,42.49583435058594,14295400,43.730953216552734,13847400,63.749629974365234,6859525,151.10829162597656,8190100,409.5314636230469,74557400
2021-10-11,139.29269409179688,64452200,51.66282272338867,22121500,282.380615234375,19298600,280.92999267578125,2907900,137.6045684814453,17954000,139.3657684326172,4101600,41.85839080810547,15387900,43.690250396728516,13048200,63.360023498535156,6615872,147.93026733398438,12154700,406.5666198730469,65233300
2021-10-12,138.02476501464844,73035900,51.39426803588867,20198600,281.0849609375,17974100,278.6199951171875,3770800,135.16281127929688,36332000,137.13943481445312,6686400,41.30065155029297,18995700,43.64328384399414,15789300,62.532100677490234,13722903,146.7939910888672,13032600,405.5658874511719,71181200
2021-10-13,137.4395294189453,78762700,51.25160598754883,14991700,284.3766784667969,23416300,277.8999938964844,3311400,136.28514099121094,19654000,138.45257568359375,6901100,40.769447326660156,24150300,43.3270263671875,17937900,62.312950134277344,12065484,142.92347717285156,22753500,407.0249328613281,72974000
2021-10-14,140.2193603515625,69907100,52.03208541870117,18594500,290.55743408203125,27262900,281.6400146484375,3646400,139.82052612304688,31894000,139.2440185546875,4579200,40.11429977416992,53257700,43.79670715332031,19783500,62.54428482055664,9853826,145.1162109375,15176800,413.87127685546875,70236800
2021-10-15,141.2727508544922,67940300,52.52723693847656,16092600,291.9586486816406,25384800,284.2099914550781,4313700,140.03546142578125,30274000,140.2789306640625,6918400,42.83226776123047,60096600,44.009639739990234,20737200,63.5609245300293,9069257,147.9036407470703,14267400,417.02325439453125,66260200
2021-10-18,142.94064331054688,85589200,52.50204849243164,18282800,294.9145812988281,22729300,282.5899963378906,3551500,141.43215942382812,20396000,139.25270080566406,7465500,43.761863708496094,33842700,44.363468170166016,19887000,63.38437271118164,6653913,147.85040283203125,12672900,418.2579650878906,62213200
2021-10-19,145.09625244140625,76378900,53.29092025756836,18933200,295.81671142578125,17682100,284.8299865722656,2682700,141.88685607910156,20164000,142.5139923095703,10081300,44.567508697509766,26500300,45.30596923828125,33444300,63.75569534301758,6767714,149.64356994628906,8053900,421.4847106933594,46996800
2021-10-20,145.58387756347656,58418800,53.58465576171875,14305200,295.0296936035156,16537100,287.489990234375,3147600,140.43267822265625,23288000,142.43572998046875,6003200,44.40814971923828,24227900,45.71617126464844,17453700,64.52884674072266,9803748,151.65870666503906,8185600,423.1401672363281,49571600
2021-10-21,145.7984619140625,61421000,52.611148834228516,16564600,298.244873046875,16918100,286.82000732421875,2488800,140.548583984375,26292000,142.1052703857422,4524100,44.55866622924805,20448300,45.96979904174805,13954500,62.793861389160156,11588129,150.4691619873047,8415200,424.2437438964844,41305400
2021-10-22,145.0279541015625,58883400,52.97201919555664,14266800,296.7092590332031,17449300,289.239990234375,3406500,136.26980590820312,50588000,142.3835906982422,4304300,44.8508186340332,21517200,46.448875427246094,21195600,63.341766357421875,8595273,152.49317932128906,8817900,423.8042297363281,58845100
2021-10-25,144.9791717529297,50720600,54.00426483154297,17939800,295.72076416015625,17554500,290.260009765625,3142900,136.15142822265625,34412000,142.69664001464844,6715400,44.81540298461914,19330300,46.987457275390625,19287900,64.10270690917969,10427005,151.74746704101562,10159200,426.07696533203125,45214500
2021-10-26,145.64244079589844,60893400,55.25471878051758,25585100,297.6209716796875,28107300,290.8500061035156,3872300,137.99537658691406,49236000,144.1490020751953,6939100,44.82426071166992,18196300,46.5772590637207,17418600,65.40544128417969,18781193,152.15585327148438,8015100,426.4604797363281,56075100
2021-10-27,145.18399047851562,56094900,53.81964111328125,21764500,310.15509033203125,52588700,287.7799987792969,3691500,144.83926391601562,85782000,142.4009552001953,7018800,44.31077194213867,21988300,46.195247650146484,14565600,63.220001220703125,14420637,148.98666381835938,9847000,424.5711669921875,72438000
2021-10-28,148.8123779296875,100077900,53.970699310302734,16626400,311.2875671386719,26297900,289.7200012207031,3300100,144.47422790527344,36206000,141.62693786621094,6278800,45.470550537109375,26785500,46.48332214355469,12598500,64.0783462524414,9487384,151.2325897216797,7212900,428.6678771972656,51437900
2021-10-29,146.11061096191406,124953200,54.104976654052734,23966300,318.26470947265625,34766000,287.010009765625,4420300,146.6505126953125,43320000,141.6529998779297,8526800,45.293479919433594,19788500,46.78705596923828,22022700,63.8409423828125,9018536,150.8153839111328,8140100,429.53765869140625,70162400
2021-11-01,145.2913055419922,74588300,55.07847213745117,19656400,316.10540771484375,27073200,286.239990234375,2889500,142.14437866210938,46924000,141.77476501464844,5846400,45.78041458129883,18699000,46.90290832519531,12549600,64.66886901855469,7844250,150.73550415039062,7435500,430.2765197753906,48433600
2021-11-02,146.32521057128906,69122000,54.398704528808594,16300000,319.7139587402344,26487100,287.92999267578125,3838300,144.06166076660156,33482000,144.00985717773438,8450600,45.41742706298828,21672500,46.88098907470703,13638900,64.94886016845703,7192101,151.3302459716797,7173800,432.0162353515625,48908400
2021-11-03,147.75894165039062,54511500,53.651790618896484,17372800,320.5489196777344,21500100,288.7200012207031,2773100,145.2161865234375,27494000,143.54893493652344,6717800,46.03715515136719,24225700,47.025028228759766,14209500,64.51057434082031,6599661,151.38352966308594,8402700,434.65374755859375,52509800
2021-11-04,147.2420654296875,60394600,54.054622650146484,17720100,322.8906555175781,23992200,287.69000244140625,3426300,146.8699493408203,38412000,143.14889526367188,8224400,44.98843765258789,32005700,47.36946487426758,15149100,64.04792785644531,7505094,149.39503479003906,9574200,436.7020263671875,52847100
2021-11-05,147.7694854736328,65463900,54.566558837890625,18565100,322.52593994140625,22570100,287.8800048828125,3581100,147.4489288330078,38354000,142.13133239746094,6215900,44.828460693359375,23443200,47.040687561035156,15081900,66.19686126708984,12202399,149.1819610595703,7975600,438.21722412109375,66390600
2021-11-08,146.94898986816406,55020900,55.15401077270508,17696000,323.41851806640625,20897000,288.79998779296875,4721000,147.62623596191406,23052000,141.6443328857422,5578800,45.21061706542969,19509500,46.740074157714844,15373200,66.00204467773438,8305554,150.07858276367188,6413700,438.59136962890625,50405200
2021-11-09,147.31039428710938,56787900,55.69110870361328,18781300,322.42034912109375,21307400,286.3500061035156,3587200,147.51478576660156,19530000,141.33123779296875,6112800,44.339656829833984,28324800,46.90290832519531,15001800,67.74919891357422,40325875,148.94223022460938,7990300,437.1416320800781,51149100
2021-11-10,144.48745727539062,65187100,54.593963623046875,20177200,317.47784423828125,25500900,285.32000732421875,3421700,144.51829528808594,29970000,142.86184692382812,6225100,44.75736999511719,19827800,46.480194091796875,16803600,66.3307876586914,13952431,148.8002471923828,6999200,433.6249084472656,69429700
2021-11-11,144.43861389160156,41000000,54.696022033691406,13319300,319.0421447753906,16849800,284.6499938964844,2861000,144.3925018310547,16518000,141.8095703125,4118800,44.96177673339844,16069700,46.49897384643555,13603200,65.13761901855469,8848557,148.79136657714844,5815300,433.7652587890625,34848500
2021-11-12,146.50946044921875,63804000,54.279273986816406,18158900,323.1593933105469,23831000,285.989990234375,2917000,147.2765655517578,22360000,143.5054473876953,18995200,45.29060745239258,17124700,46.26726531982422,18313800,65.49677276611328,12240118,148.12554931640625,8113400,437.0387268066406,53466700
2021-11-15,146.51919555664062,59222800,54.7470588684082,18849200,322.53558349609375,16723000,284.6700134277344,3217300,147.05267333984375,23508000,142.2096405029297,7496200,45.39726257324219,20110200,46.0011100769043,28896000,64.93670654296875,9831034,147.8592529296875,6492500,437.18841552734375,46980500
2021-11-16,147.49598693847656,59256200,55.29989242553711,17028700,325.8370056152344,20886800,283.3599853515625,4204200,146.48214721679688,18904000,141.47039794921875,7594700,44.76625061035156,19244900,44.830020904541016,73986600,62.91563415527344,19257424,146.7939910888672,9706100,438.91876220703125,48857500
2021-11-17,149.92820739746094,88807000,54.696022033691406,15497000,326.0581359863281,19053400,281.5899963378906,3740800,146.6514892578125,19594000,142.0009307861328,5414500,44.29521560668945,17802700,44.44486999511719,33116100,62.087711334228516,13334471,146.00390625,9909600,437.85247802734375,47858300
2021-11-18,154.20657348632812,137827700,54.10066604614258,16948200,328.12530517578125,22463500,280.6300048828125,3338000,148.42613220214844,35608000,141.23558044433594,6358700,44.34853744506836,19198200,44.82688522338867,24394200,61.28413772583008,13692888,144.74334716796875,8122500,439.3396301269531,50625600
2021-11-19,156.8243865966797,117305600,51.600189208984375,32035500,329.8945007324219,21963400,279.989990234375,4529200,147.52273559570312,33682000,141.66171264648438,7620700,43.38869857788086,30548400,44.58578872680664,28119300,60.85190963745117,10598911,142.85250854492188,12193600,438.5539245605469,57315600
2021-11-22,157.28350830078125,117467900,52.314605712890625,21994400,326.7406921386719,31031100,284.9700012207031,5036000,144.92295837402344,30594000,139.79718017578125,7634500,44.739585876464844,28549400,45.334163665771484,29126400,61.5093879699707,9962170,145.8974151611328,14549900,437.3193664550781,72762000
2021-11-23,157.66441345214844,96041900,53.69242858886719,21185900,324.67364501953125,30427600,288.55999755859375,4490100,144.40785217285156,27218000,140.66378784179688,7734000,45.681663513183594,28024400,45.656673431396484,29907900,62.142494201660156,9648856,149.38613891601562,12354400,437.89923095703125,73206500
2021-11-24,158.18211364746094,69463600,53.9901008605957,15869700,324.8947448730469,21661300,287.2799987792969,4924100,144.74266052246094,18040000,140.26986694335938,5230900,45.60167694091797,18901900,45.88525390625,18089400,62.23381042480469,8943739,148.21434020996094,9629800,439.06842041015625,61858800
2021-11-26,153.1711883544922,76959800,52.093475341796875,24979600,316.9817199707031,24217200,283.0899963378906,4440700,140.84275817871094,30470000,139.35946655273438,8523100,43.04206848144531,29919300,45.37173080444336,21039600,59.561336517333984,13815999,143.7490692138672,13619300,429.2757568359375,112669600
2021-11-29,156.52157592773438,88748200,52.38264846801758,18946400,323.66400146484375,28563500,282.1199951171875,5390900,144.15870666503906,32596000,139.84097290039062,9188500,43.690860748291016,27677000,44.660926818847656,33039600,59.90224838256836,15692352,143.12770080566406,12104400,434.54150390625,86268800
2021-11-30,161.46414184570312,174048100,50.894264221191406,34979800,317.8567199707031,42885600,276.69000244140625,9925300,140.5599822998047,42068000,136.49700927734375,14981700,42.46438980102539,40671700,44.03469467163086,64818900,57.82636260986328,18313148,140.99713134765625,18922600,426.08636474609375,148559600
2021-12-01,160.9464874267578,152052500,50.851741790771484,30630600,317.3663024902344,33337600,275.0,5165100,139.72193908691406,34020000,138.3790740966797,9835800,41.95780563354492,29365100,42.94187927246094,36621300,56.61492156982422,13895451,140.16273498535156,12253400,421.35369873046875,131939200
2021-12-02,159.9598846435547,136739200,52.118988037109375,29216000,316.7991027832031,30766000,279.0899963378906,4924800,141.618408203125,29194000,137.512451171875,11334700,43.46867752075195,29184900,42.41897201538086,39805800,57.972469329833984,9782400,143.1099090576172,12969900,427.807373046875,127637800
2021-12-03,158.08444213867188,118023100,51.787296295166016,22014700,310.5686340332031,41779300,277.42999267578125,5925000,140.6629638671875,41230000,139.51705932617188,8750500,42.4377326965332,29221900,43.057743072509766,44142600,56.474910736083984,12973646,140.51776123046875,12681800,424.0848083496094,137331600
2021-12-06,161.48370361328125,107497000,52.3741455078125,19210500,313.62615966796875,30032600,281.3800048828125,5524200,141.8056182861328,30618000,142.63339233398438,9692000,43.37980270385742,31650100,43.5242919921875,32589300,58.447296142578125,10721861,142.17784118652344,11186500,429.1074523925781,98977500
2021-12-07,167.2076873779297,120405400,52.96099853515625,19800400,322.0199279785156,31021900,284.9700012207031,5766000,145.88131713867188,32240000,143.0010223388672,8311300,44.659603118896484,28370200,43.38340377807617,37739100,59.384803771972656,8104115,144.31727600097656,9851600,437.9833679199219,95484700
2021-12-08,171.01718139648438,116998900,53.11408615112305,18214400,322.0679626464844,24761000,283.7200012207031,3255700,146.78968811035156,24270000,143.8589324951172,6216400,43.91305923461914,19990300,42.94501495361328,34496400,59.829193115234375,7635106,142.66610717773438,11705700,439.1431884765625,72238800
2021-12-09,170.50927734375,108923700,53.25015640258789,16910300,320.2701110839844,22214200,284.5199890136719,3445500,146.2468719482422,23270000,145.22450256347656,8574200,44.161903381347656,16927200,43.54235076904297,32351700,59.55524444580078,6527432,142.44418334960938,11189600,436.17828369140625,61272600
2021-12-10,175.28578186035156,115402700,53.59036636352539,17942400,329.34637451171875,38095700,288.2300109863281,4109800,146.60643005371094,24458000,144.86561584472656,6572200,44.615169525146484,20040900,44.33773422241211,38575500,59.019535064697266,6863859,141.87600708007812,10405400,440.2842712402344,77159800
2021-12-13,171.66192626953125,153237000,52.416664123535156,17793700,326.3273620605469,28899400,290.010009765625,4887500,144.45196533203125,27070000,147.45669555664062,11142300,43.157615661621094,19598900,45.13628387451172,54039300,56.69406509399414,11843339,140.18931579589844,12069000,436.3840637207031,87724700
2021-12-14,170.2845916748047,139380400,52.34012985229492,22551100,315.6934509277344,44438700,295.0299987792969,5992200,142.55052185058594,38446000,149.06741333007812,10482400,43.45090866088867,17602900,45.566986083984375,46721400,56.0731201171875,11654259,141.26348876953125,12563600,433.3817443847656,97264100
2021-12-15,175.13929748535156,131063300,52.1104850769043,19961900,321.7602844238281,35381100,294.5799865722656,5598200,145.06063842773438,36370000,149.8114471435547,8552200,43.49534606933594,20284300,45.82793426513672,33489900,56.05485916137695,12350388,140.20706176757812,14014200,440.1532897949219,116899300
2021-12-16,168.2626495361328,150185800,52.195533752441406,21187800,312.3858947753906,35034800,300.1700134277344,6538100,143.0834503173828,33650000,151.4484100341797,8998600,44.70402908325195,32781100,45.06396484375,39069600,56.32880401611328,11440140,142.3997802734375,19542800,436.2718505859375,116568600
2021-12-17,167.1686248779297,195432700,51.05585861206055,44338100,311.3282165527344,47750300,293.6600036621094,12719500,140.3890838623047,50416000,147.26409912109375,16726200,42.615482330322266,74833400,43.62093734741211,78581100,55.67134094238281,14550168,139.15957641601562,28082000,431.628662109375,135511600
2021-12-20,165.81088256835938,107499100,50.31591796875,21819300,307.58807373046875,28326500,289.6099853515625,5456200,140.27223205566406,27192000,146.8439483642578,7954500,41.637855529785156,29134900,43.762413024902344,31017900,54.82441711425781,9651745,136.65615844726562,15148000,427.0389404296875,107134800
2021-12-21,168.9757080078125,91185900,51.45559310913086,19798900,314.6838073730469,24740600,293.239990234375,3929100,142.1201171875,28756000,146.37127685546875,7954200,42.49105453491211,21249400,43.89446258544922,24620400,56.701053619384766,12227117,138.56475830078125,11291300,434.62274169921875,69806300
2021-12-22,171.564208984375,92135300,51.872352600097656,14058300,320.3662109375,24831500,294.4100036621094,2445600,145.03489685058594,26322000,147.00148010253906,4178200,42.686580657958984,15688000,43.951045989990234,17028000,56.7071533203125,7485993,139.1062774658203,7273000,438.9683837890625,58890200
2021-12-23,172.1893310546875,68356600,51.897865295410156,13543300,321.79876708984375,19617800,294.489990234375,2898200,145.53167724609375,26384000,147.28163146972656,3501500,42.9798698425293,16025600,43.85358810424805,17592600,57.273799896240234,6236589,139.60342407226562,8055200,441.69964599609375,56439700
2021-12-27,176.14540100097656,74919600,52.63779830932617,12593700,329.2598876953125,19947000,296.6700134277344,2807200,146.5123291015625,15976000,148.524658203125,3704800,43.34425354003906,11900400,44.25286102294922,16040700,57.651554107666016,5503703,140.4023895263672,6188100,447.9507141113281,56808600
2021-12-28,175.1295166015625,79144300,52.46769714355469,12781000,328.1060791015625,15661500,298.2900085449219,2572900,145.3043212890625,18200000,149.11990356445312,3187000,43.033199310302734,14320500,44.887916564941406,15783000,58.065879821777344,6503676,140.82852172851562,6342300,447.58465576171875,47274600
2021-12-29,175.2174072265625,62348900,52.008419036865234,12733600,328.77911376953125,15042000,299.4599914550781,2687300,145.27261352539062,17788000,150.1703643798828,3662000,43.05986404418945,14390700,44.86591339111328,13045200,57.755126953125,5602577,140.75747680664062,6398900,448.1571960449219,54503000
2021-12-30,174.06480407714844,59773000,51.70224380493164,11940300,326.2505187988281,15994500,299.9800109863281,2300000,144.82240295410156,15688000,150.83566284179688,4231800,42.74878692626953,13701300,45.01051330566406,14949000,57.7003059387207,5247049,140.68641662597656,6948200,446.9182434082031,55329000
2021-12-31,173.44943237304688,64062300,52.042442321777344,14072000,323.3659973144531,18000800,299.0,2932200,143.4866485595703,18136000,149.75018310546875,4409500,42.64214324951172,12649300,45.4883918762207,17947800,57.56016159057617,6092452,140.571044921875,5805900,445.7919616699219,65237400
2022-01-03,177.786376953125,104487900,54.04113006591797,24282400,321.8564147949219,28865100,300.7900085449219,3570300,143.62481689453125,28646000,150.16162109375,6012200,45.08620071411133,38978100,45.4758186340332,20706600,58.63862228393555,7415209,143.544921875,13120900,448.3730163574219,72668200
2022-01-04,175.52999877929688,99310400,56.07384490966797,38584000,316.3375549316406,32674300,308.5299987792969,6003300,143.03839111328125,28400000,149.75894165039062,6748400,46.88146209716797,43855100,44.642696380615234,33930000,60.545711517333984,12237390,148.98666381835938,20195800,448.2228698730469,71178700
2022-01-05,170.8609161376953,94537600,56.77125549316406,34033300,304.1940612792969,40054300,309.9200134277344,6888300,136.476318359375,54618000,150.75685119628906,7016100,46.47265625,35072600,45.24631118774414,35418000,60.545711517333984,9461542,146.2628936767578,17539400,439.61602783203125,104538900
2022-01-06,168.00869750976562,96904000,58.10655975341797,30668500,301.7903137207031,39646100,313.2200012207031,5137200,136.4490966796875,37348000,150.2403564453125,7301600,47.66358184814453,29720800,45.12056350708008,21828900,60.89910888671875,6864983,147.81683349609375,14047500,439.20306396484375,86858900
2022-01-07,168.17474365234375,86709100,58.582828521728516,23985400,301.9441223144531,32720000,319.7799987792969,5618300,135.7254638671875,29760000,152.271240234375,6986000,48.67673873901367,35149300,45.551273345947266,19723500,61.78258514404297,10029103,149.2813720703125,13913300,437.4666748046875,85111600
2022-01-10,168.1942901611328,106765600,58.234130859375,22760300,302.1653137207031,44289500,318.92999267578125,5812300,137.36239624023438,44408000,151.5184326171875,7698400,49.19220733642578,34733500,45.46324157714844,22731600,60.576175689697266,9259300,149.42428588867188,12922500,436.9222717285156,119362000
2022-01-11,171.01718139648438,76138300,60.683597564697266,32936100,302.84796142578125,29386800,319.79998779296875,4247900,138.41883850097656,28730000,149.9077606201172,8341100,49.8232307434082,25073700,45.33434295654297,21668700,62.02021026611328,9107137,149.57606506347656,11854100,440.90185546875,74303100
2022-01-12,171.45680236816406,74805200,60.504981994628906,23045100,306.01129150390625,34372200,320.3900146484375,3580400,140.0973663330078,26108000,148.6297149658203,8116200,50.12541198730469,34159400,45.09540557861328,18946800,62.29438781738281,7316816,150.42445373535156,12568000,442.0938415527344,67605400
2022-01-13,168.1942901611328,84505800,60.07122039794922,21043200,293.0600280761719,45366000,321.260009765625,4277900,137.2806854248047,31436000,147.72805786132812,6159400,49.76991271972656,34037300,45.733619689941406,24252600,62.42843246459961,7034320,150.23695373535156,13623400,436.00244140625,91173100
2022-01-14,169.0538787841797,80440800,61.12584686279297,23012900,298.25213623046875,39846400,324.1300048828125,4913700,138.16575622558594,29662000,146.92274475097656,5847700,51.60072326660156,56739600,45.604713439941406,26867400,62.85493850708008,7030789,141.00286865234375,40158400,436.1808166503906,95890900
2022-01-18,165.85975646972656,90956700,62.15496826171875,32841200,290.99285888671875,42333200,320.2900085449219,5764200,134.71607971191406,34872000,146.27496337890625,7815600,50.38312911987305,41689600,44.806175231933594,21123900,62.69043731689453,13499795,135.0908966064453,32324800,428.4561767578125,109709100
2022-01-19,162.37254333496094,94815000,62.180484771728516,26431600,291.6466979980469,45933900,314.75,6086400,133.8428955078125,28648000,145.81973266601562,5926500,49.38773727416992,34970200,45.252601623535156,22674000,61.30732727050781,9147425,133.0011749267578,22380000,424.0072937011719,109357600
2022-01-20,160.6925048828125,91420500,62.316558837890625,26774600,289.9832763671875,35380700,311.010009765625,4402300,132.05093383789062,29908000,144.65548706054688,6011300,48.881160736083984,26972800,44.39748001098633,22387200,59.86329650878906,9045502,131.86697387695312,14860800,419.3143615722656,122379700
2022-01-21,158.6411895751953,122848900,61.38099670410156,35995200,284.6278991699219,57984400,305.2200012207031,6535400,129.12281799316406,55652000,144.3228302001953,10550300,47.699119567871094,38357600,44.073665618896484,27508200,58.675174713134766,12964978,129.5629425048828,20705400,411.0829772949219,202271200
2022-01-24,157.8695526123047,162294600,61.90830993652344,41507000,284.95477294921875,85731500,303.7300109863281,8504200,129.57106018066406,76622000,142.65965270996094,14054600,47.388057708740234,48451400,44.07680130004883,28699200,59.04684829711914,15847565,129.44683837890625,28471400,412.8286437988281,251783900
2022-01-25,156.0722198486328,115798400,63.728389739990234,39278400,277.3782653808594,72848600,307.19000244140625,6435400,125.73851776123047,46960000,146.7388916015625,14081200,47.62801742553711,40858700,43.117923736572266,29479500,55.51293182373047,33629909,130.85781860351562,18915900,407.7884826660156,167997300
2022-01-26,155.98435974121094,108275300,63.08198928833008,35252400,285.2815856933594,90428900,309.260009765625,6119400,128.0148468017578,49130000,147.3953857421875,9963200,48.11683654785156,39687100,42.67778396606445,26185500,54.422298431396484,17073695,132.0991973876953,20709100,406.7654724121094,186391100
2022-01-27,155.52520751953125,121954600,63.88998031616211,29174700,288.2911071777344,53481300,307.6700134277344,5053200,127.78900146484375,31950000,149.3300018310547,9066700,47.77911376953125,34209200,42.70608139038086,27759000,54.77568054199219,12527109,129.76834106445312,17536800,404.7568359375,149878300
2022-01-28,166.37744140625,179935700,64.02607727050781,30595700,296.3867492675781,49743700,312.8999938964844,5238200,132.0940399169922,34362000,150.3804168701172,9783100,48.16127014160156,35519700,43.2342529296875,25131900,56.11613464355469,10398756,130.9293212890625,14117000,414.80914306640625,164457400
2022-01-31,170.7241973876953,115541600,64.60441589355469,36085500,299.00201416015625,46444500,313.0199890136719,5237600,134.0281219482422,39986000,150.81813049316406,8054800,47.814659118652344,34657500,43.95418167114258,20193600,57.56624984741211,11238219,132.70648193359375,13985700,422.2802734375,152251400
2022-02-01,170.55812072753906,86213900,68.74637603759766,61033100,296.8674621582031,40950400,313.9599914550781,4347200,136.3465576171875,68644000,149.58384704589844,8154700,49.41440200805664,35870200,44.30001449584961,20323200,59.680503845214844,13080224,134.98373413085938,14584900,425.13360595703125,123155400
2022-02-02,171.75955200195312,84914300,68.5677719116211,30299300,301.3864440917969,36636000,319.6000061035156,4632200,146.60494995117188,123200000,151.23834228515625,7382800,49.70769119262695,29037100,44.281150817871094,18149700,59.735347747802734,8926564,133.90313720703125,12441100,429.263427734375,117361000
2022-02-03,168.88780212402344,89418100,67.76829528808594,28529400,289.64678955078125,43730000,315.2300109863281,4151500,141.74124145507812,71518000,151.2295684814453,6240400,49.25238800048828,25227400,44.325157165527344,20741100,59.905948638916016,9972924,132.79574584960938,12474900,419.1735534667969,118024400
2022-02-04,168.60418701171875,82465400,69.23967742919922,32197500,294.1560974121094,35096500,314.989990234375,3654700,141.94232177734375,57998000,150.2403564453125,6392200,50.2879753112793,33622100,43.803287506103516,22036500,60.32636260986328,10278374,136.24288940429688,16654400,421.1446228027344,118454400
2022-02-07,167.8902130126953,77251200,70.07317352294922,34949200,289.3582763671875,28533300,316.510009765625,3129100,137.8888702392578,54974000,149.74139404296875,6065700,51.18071746826172,37480100,43.37257766723633,20010300,60.86863708496094,7039456,136.69839477539062,12572300,419.7929992675781,84472900
2022-02-08,170.9906005859375,74829200,68.26158905029297,34356300,292.8292236328125,32421200,321.44000244140625,6237800,138.0850372314453,54284000,150.13531494140625,6296100,52.44839859008789,39099600,43.38201141357422,19458900,60.5091552734375,8279712,139.27035522460938,20411400,423.2471008300781,81012000
2022-02-09,172.40870666503906,71285000,67.934814453125,40106100,299.2231750488281,31284700,322.3800048828125,3995900,140.2573699951172,40144000,150.11785888671875,5387500,52.72514343261719,25883100,43.287696838378906,21473700,60.47259521484375,10632457,139.85081481933594,9131100,429.4417419433594,92589900
2022-02-10,168.340087890625,90865900,67.28126525878906,28527700,290.7332763671875,45386200,319.8500061035156,7079700,137.31336975097656,39330000,148.30580139160156,10355300,52.71622848510742,36092000,42.78154373168945,27810600,60.19232177734375,8848717,139.27035522460938,16455600,421.7265625,140103700
2022-02-11,164.93649291992188,98670700,68.975341796875,42002100,283.6759948730469,39175600,319.1400146484375,7493400,133.01675415039062,39958000,146.8089599609375,13125300,52.055599212646484,38650500,42.545753479003906,23733300,58.99809646606445,11966771,137.45748901367188,16830000,413.41058349609375,153214600
2022-02-14,165.1712646484375,86185500,67.91761016845703,34652800,283.63751220703125,36359500,314.2799987792969,8129100,134.24851989746094,34302000,144.9619140625,8967600,51.64494323730469,32680500,42.11189270019531,29363400,58.85797119140625,11172731,136.18040466308594,17026500,412.0590515136719,123006300
2022-02-15,168.99539184570312,62527400,67.0662841796875,25075100,288.8968505859375,27058300,316.20001220703125,3681400,135.32083129882812,26680000,146.45877075195312,6631400,52.11808776855469,18224600,42.243934631347656,21824400,61.49012756347656,10741924,138.171875,9500000,418.70428466796875,88482700
2022-02-16,168.76065063476562,61177400,67.3758544921875,21733800,288.5596008300781,29982100,315.6499938964844,3974100,136.43968200683594,25022000,146.37127685546875,8482400,51.90382385253906,22057200,41.97985076904297,28490700,61.78867721557617,7850670,138.4219512939453,9076500,419.1735534667969,84863600
2022-02-17,165.1712646484375,69589300,67.27266693115234,23738800,280.1100158691406,32461600,313.54998779296875,3632400,131.28968811035156,38950000,145.4783477783203,6227600,50.127281188964844,24946500,43.66181182861328,53831400,59.99125289916992,6229366,135.2337646484375,11367500,410.21942138671875,102259100
2022-02-18,163.6259307861328,82772700,66.5245132446289,23394800,277.4122619628906,34264000,314.79998779296875,4224500,129.17384338378906,45620000,143.9189910888672,6423200,49.66305160522461,22137900,43.38201141357422,31103400,56.475616455078125,25110235,135.86782836914062,11733300,407.56317138671875,132642900
2022-02-22,160.71139526367188,91162800,65.75057983398438,35947800,277.2099609375,41736100,314.1600036621094,5102000,128.5898895263672,44990000,141.9631805419922,6868900,49.3505973815918,26887800,42.897857666015625,25380900,57.365196228027344,12349746,135.62669372558594,11333500,403.1893615722656,124391800
2022-02-23,156.5547332763672,90009200,66.01716613769531,25385000,270.03204345703125,37811200,309.989990234375,5030600,126.38533782958984,32786000,142.03366088867188,8016900,48.16325759887695,21860700,42.45772171020508,21030900,56.45124053955078,11839969,132.78684997558594,11799000,396.0374450683594,132578000
2022-02-24,159.16610717773438,141147500,65.18302917480469,46199900,283.8290100097656,56989700,308.2799987792969,8834700,131.44024658203125,54456000,139.32020568847656,12883400,47.05625915527344,40917600,42.29423904418945,31717500,56.38422393798828,18285861,129.089599609375,25655100,401.9973449707031,213942900
2022-02-25,161.2297821044922,91974200,66.93728637695312,28310300,286.4495849609375,32546700,319.239990234375,7484400,133.1920928955078,36406000,146.2448272705078,11340400,48.306087493896484,27493500,42.8758544921875,24997800,58.71782302856445,11191511,132.1438751220703,18367700,410.8670349121094,121804500
2022-02-28,161.49386596679688,95056600,67.43605041503906,32204600,287.87554931640625,34627500,321.45001220703125,7981000,133.78396606445312,38864000,144.98500061035156,9373500,47.64546585083008,31094800,42.49230194091797,26286600,58.19382858276367,10142743,126.63378143310547,31315300,409.8157958984375,145615000
2022-03-01,159.61598205566406,83474400,68.08100128173828,40002300,284.17584228515625,31217800,316.8399963378906,6441400,132.79783630371094,26496000,144.48284912109375,8737800,44.89582824707031,54135500,42.75323486328125,24024900,56.25627517700195,10806289,121.85596466064453,36840400,403.5742492675781,137785900
2022-03-02,162.90219116210938,79724800,69.2505111694336,44321400,289.2244567871094,31873000,323.6400146484375,4506100,133.30303955078125,23520000,146.28004455566406,6793300,46.61881637573242,34894300,42.80668640136719,23863800,57.371280670166016,7131107,124.38331604003906,19405600,410.9984436035156,117726500
2022-03-03,162.57943725585938,76678400,69.68909454345703,30196600,285.1104431152344,27314500,327.739990234375,4594300,132.6373748779297,24604000,148.42965698242188,7333700,45.74393081665039,24159700,43.79071044921875,29885100,56.329383850097656,7420184,123.4991683959961,16640800,408.9523010253906,105501700
2022-03-04,159.5866241455078,83737200,72.31188201904297,42802200,279.2717590332031,32356500,325.3399963378906,4901900,130.6631317138672,30430000,149.3106689453125,6302500,43.55671691894531,35871600,44.90048599243164,35576400,54.312618255615234,13545059,120.02520751953125,21016000,405.629638671875,113978200
2022-03-07,155.80162048339844,96418800,74.91747283935547,55207900,268.7218017578125,43157200,322.7200012207031,5875800,125.18724822998047,45112000,151.7157745361328,11663400,40.89635467529297,56332500,44.5389518737793,45870000,52.068397521972656,11428423,115.39031982421875,27560100,393.6721496582031,137896600
2022-03-08,153.98245239257812,131148300,75.48502349853516,72082300,265.7735900878906,48159500,318.5199890136719,7905000,125.90641021728516,40428000,148.64111328125,11100300,41.47663497924805,60018100,43.6177978515625,28305600,53.757659912109375,11006283,114.57766723632812,19207800,390.6874694824219,164772700
2022-03-09,159.37144470214844,91454900,71.19396209716797,65466700,277.9614562988281,35204500,325.3999938964844,5874500,132.1623992919922,37026000,149.20494079589844,7248200,43.887027740478516,34560200,43.84416198730469,22122900,55.64817428588867,10394261,119.16790008544922,17536200,401.1620788574219,116990800
2022-03-10,155.0387725830078,105342000,73.40400695800781,44644200,275.15771484375,30628000,325.29998779296875,3843600,131.1812286376953,27102000,149.46926879882812,6171400,43.75312423706055,26178800,44.84075164794922,27512700,55.69696044921875,13026132,117.75690460205078,15604200,399.3505554199219,93972700
2022-03-11,151.33200073242188,96970100,73.02561950683594,35303400,269.8393859863281,27209300,326.6000061035156,5135700,128.6463623046875,31526000,149.1961669921875,5188000,43.271053314208984,23707100,44.664695739746094,19162200,56.27631378173828,11342229,115.10455322265625,20061800,394.2728576660156,95636300
2022-03-14,147.31227111816406,108732100,70.41142272949219,37462600,266.34197998046875,30660700,329.9800109863281,5967200,124.76377868652344,38812000,151.2576446533203,7729500,44.5119514465332,28166600,45.28718185424805,22646400,56.37997817993164,9700540,116.24763488769531,15786900,391.39129638671875,95729200
2022-03-15,151.68406677246094,92964300,66.40414428710938,47957900,276.6607360839844,34245100,332.54998779296875,6928300,127.98016357421875,30920000,155.17807006835938,10554400,44.73514175415039,25080600,45.831077575683594,22872600,56.31899642944336,8189827,118.3105697631836,15096600,399.99822998046875,106219100
2022-03-16,156.0852508544922,102300200,66.15474700927734,37812300,283.6362609863281,37826300,336.1099853515625,5925800,132.0242156982422,35576000,153.75086975097656,9603300,46.065311431884766,34672800,45.695892333984375,24615900,57.75213623046875,8954332,123.59738159179688,20354900,408.8678894042969,144954800
2022-03-17,157.09266662597656,75615400,67.91761016845703,34041900,284.4360046386719,30816600,344.9700012207031,7219800,132.57742309570312,28264000,155.75958251953125,7472100,45.95819854736328,29930300,45.765316009521484,19023000,58.258296966552734,6982315,125.16022491455078,17050500,413.983154296875,102676900
2022-03-18,160.3788604736328,123511700,67.6510238647461,41461500,289.45562744140625,43390600,342.4100036621094,8881500,134.84237670898438,44566000,154.03280639648438,13809500,45.90461730957031,60963400,45.901023864746094,31233300,58.29488754272461,11872231,125.11558532714844,23656500,418.51751708984375,106345500
2022-03-21,161.7480926513672,95811400,70.68660736083984,33089300,288.2320251464844,28351200,349.6600036621094,6298300,134.81861877441406,26832000,154.90499877929688,7574900,45.65464782714844,23411500,45.51914596557617,21350700,57.8253173828125,8799280,124.71369171142578,12676100,418.3950500488281,88349800
2022-03-22,165.11253356933594,81532000,70.37703704833984,23132200,292.9530334472656,27599700,349.92999267578125,5772700,138.5496063232422,35496000,154.17376708984375,8442100,47.6633186340332,28625600,45.38344192504883,20235000,57.87409973144531,7730288,127.36605834960938,13548600,423.2908630371094,74650400
2022-03-23,166.4720458984375,98062700,71.4863510131836,27716300,288.5500183105469,25715400,348.1600036621094,5642400,136.9721221923828,25154000,153.59231567382812,5254200,45.636810302734375,27988700,44.79957962036133,19625400,57.14228439331055,7854202,124.82979583740234,12093200,417.839599609375,79426100
2022-03-24,170.24728393554688,90131400,71.70133972167969,19871600,292.99169921875,24484500,352.3699951171875,3946300,140.23753356933594,26396000,154.38516235351562,5012300,45.824283599853516,19677800,45.07731246948242,13440900,57.39842224121094,8561245,125.64249420166016,10017600,424.1382141113281,64736900
2022-03-25,170.88299560546875,80546200,73.26639556884766,22398300,292.5869140625,22566500,358.760009765625,4583000,140.3376007080078,24126000,155.8652801513672,4809500,46.92234420776367,19130900,45.27298355102539,14085300,57.33742904663086,9227359,126.74092102050781,8383500,426.2096252441406,77101300
2022-03-28,171.74368286132812,90371900,71.21116638183594,21552400,299.35052490234375,29578200,359.57000732421875,4172900,140.1221466064453,35050000,156.66697692871094,5604200,46.2527961730957,24115400,46.07776641845703,20105700,56.105560302734375,12069336,125.80321502685547,10818100,429.24114990234375,68529800
2022-03-29,175.02989196777344,100589400,70.83280181884766,27036300,303.888427734375,30393400,355.1199951171875,5004800,141.1622772216797,34318000,156.5876922607422,5933400,46.065311431884766,20915000,46.4659538269043,19934400,57.721641540527344,13794811,126.08006286621094,11316500,434.55126953125,86581500
2022-03-30,173.8660125732422,92633200,72.04529571533203,22079000,302.39501953125,28163600,357.6099853515625,3911200,140.60060119628906,19884000,158.217529296875,6277600,44.73514175415039,30913800,47.299137115478516,24991500,57.678958892822266,9042452,125.50850677490234,8771000,431.86798095703125,79666900
2022-03-31,170.77542114257812,103049300,71.02198028564453,27861500,297.04779052734375,33422100,352.9100036621094,6065400,137.75665283203125,37524000,156.13833618164062,11490400,43.262115478515625,31238500,46.99931716918945,27163800,55.80063247680664,13203013,121.7398910522461,17353900,425.2209777832031,121699900
2022-04-01,170.48199462890625,78751300,71.47775268554688,18671100,298.1172790527344,27110500,351.8800048828125,4123800,138.82943725585938,25942000,156.98411560058594,6525600,43.48530197143555,29989900,47.6589241027832,20939700,56.40437698364258,9054811,120.83788299560547,15721300,426.4261169433594,89048800
2022-04-04,174.52127075195312,76468400,71.51214599609375,20869400,303.4645080566406,24289600,345.42999267578125,5090000,141.6238555908203,25942000,155.46884155273438,6860600,43.262115478515625,23778300,47.668392181396484,25332600,56.11775588989258,8249536,121.37371826171875,17416400,430.0791015625,59601000
2022-04-05,171.2155303955078,73401800,71.14237213134766,21753100,299.5238952636719,23156700,344.79998779296875,4244700,139.26576232910156,21418000,156.47314453125,7446100,42.958580017089844,21757300,47.80410385131836,18657900,54.94685363769531,10787509,119.96125793457031,12110300,424.64666748046875,74214500
2022-04-06,168.0564727783203,89058800,71.93351745605469,24768200,288.5596008300781,40110400,344.7099914550781,4547400,135.26092529296875,32468000,160.54331970214844,10330900,42.75326919555664,26001200,48.91502380371094,28018500,54.83097839355469,10556215,118.29688262939453,12914700,420.40045166015625,106898000
2022-04-07,168.3596649169922,77594700,73.1374282836914,26122000,290.36126708984375,31411200,346.510009765625,3815700,134.6076202392578,26234000,160.12925720214844,7385200,42.61935043334961,29486500,49.404205322265625,27088200,54.556549072265625,11391666,117.93701171875,12994200,422.5188903808594,78097200
2022-04-08,166.3546600341797,76575500,74.67668151855469,24866500,286.12200927734375,24361900,353.1000061035156,4490500,132.0311279296875,25142000,160.44644165039062,7144500,43.50315856933594,23659800,49.67877197265625,23294400,54.72731399536133,6447980,120.09620666503906,13126900,421.3890380859375,79272700
2022-04-11,162.1099853515625,72246700,72.10550689697266,21800100,274.8398132324219,34569300,352.0199890136719,3128900,127.60922241210938,36884000,158.43777465820312,5932000,44.03881072998047,27041000,48.694087982177734,24712800,54.68461990356445,8655143,119.65535736083984,10466400,414.1866149902344,89770500
2022-04-12,163.97801208496094,79265200,73.61038970947266,22444200,271.75665283203125,30966700,349.739990234375,3548800,126.51066589355469,32710000,158.4906005859375,5957500,43.226409912109375,25791900,48.35956573486328,26761200,54.88587188720703,7240254,118.34185028076172,12989900,412.6519470214844,84363600
2022-04-13,166.6578369140625,70618900,74.6509017944336,19306800,277.1136169433594,21907200,346.2200012207031,3434200,128.66961669921875,27928000,159.16018676757812,5643100,43.33354187011719,20645300,49.61880874633789,29284500,55.34324645996094,6362268,114.52726745605469,30838000,417.37823486328125,74070400
2022-04-14,161.66006469726562,75329400,75.52804565429688,24566400,269.608154296875,28221600,344.3299865722656,3283500,125.53544616699219,31598000,158.4906005859375,6188200,41.37843704223633,65583200,49.57462692260742,22360500,55.39202880859375,6146543,113.46568298339844,18835200,412.18115234375,97869500
2022-04-18,161.4449462890625,69023900,76.14718627929688,19032300,270.27288818359375,20778000,346.6499938964844,2517100,126.4730224609375,20808000,156.5172119140625,6318700,42.11048889160156,26120900,49.19590377807617,14671800,55.12981033325195,6291965,115.57089233398438,11834400,412.3506774902344,66002500
2022-04-19,163.72373962402344,67723800,75.46784973144531,20382600,274.8782653808594,22297700,348.5,3392000,128.78355407714844,26490000,161.29217529296875,14380800,42.69969177246094,19753300,49.7545166015625,15855000,56.04457092285156,7394824,117.96399688720703,15015400,419.0071105957031,77821000
2022-04-20,163.55747985839844,67929800,75.63983154296875,20689400,275.899658203125,22906700,348.82000732421875,3711200,126.83309173583984,31696000,162.00579833984375,8044900,43.431732177734375,25893000,50.37940979003906,19821600,55.73965072631836,6424385,118.37786102294922,13430200,418.69635009765625,65224400
2022-04-21,162.76527404785156,87227800,74.84010314941406,29010900,270.55230712890625,29454600,343.6000061035156,4032100,123.63800048828125,36446000,161.5388641357422,6969200,42.655052185058594,19027600,50.45515060424805,18168300,55.93479537963867,7225326,117.460205078125,12174200,412.4353332519531,85417300
2022-04-22,158.23696899414062,84882400,73.2061996459961,23591600,264.01995849609375,29405800,335.55999755859375,4966500,118.50782012939453,56884000,159.9354248046875,8003600,41.36951446533203,21676800,49.50519561767578,21046200,54.31871032714844,7967682,114.08644104003906,14318800,401.1184387207031,132471800
2022-04-25,159.30300903320312,96046400,70.73820495605469,37698300,270.46563720703125,35678900,336.95001220703125,5695100,121.91390228271484,46128000,163.8734893798828,11176500,40.914215087890625,30045500,49.53044509887695,18057600,54.81268310546875,11080599,114.05046081542969,17149000,403.4439392089844,119647700
2022-04-26,153.35653686523438,95623200,70.76399993896484,28941500,260.3491516113281,46518400,330.6499938964844,4588900,117.53160858154297,73054000,162.70175170898438,10190000,39.79829406738281,21527400,49.012847900390625,19601100,49.14724349975586,46154289,110.67671203613281,17209500,391.7598876953125,103996300
2022-04-27,153.13162231445312,88063200,72.78484344482422,32773000,272.8743591308594,63477700,329.5799865722656,3726700,113.2171630859375,91820000,160.42881774902344,11090100,39.79829406738281,19520900,48.678314208984375,17496900,47.69581985473633,20213257,109.23724365234375,17215200,392.86138916015625,122030000
2022-04-28,160.0463104248047,130216800,74.98628997802734,33683800,279.0501403808594,33646600,331.2699890136719,3845800,117.40530395507812,48884000,161.62696838378906,9403900,40.32500457763672,17431000,49.30005645751953,14955900,47.403099060058594,19277327,110.964599609375,13015600,402.7849426269531,105449100
2022-04-29,154.18785095214844,131747600,73.30941009521484,34656500,267.3824768066406,37073900,322.8299865722656,5685200,113.03390502929688,42676000,158.98397827148438,8463100,38.95018768310547,27149400,48.283809661865234,21088800,45.46379089355469,16677077,107.38394165039062,14874800,387.8997802734375,145491100
2022-05-02,154.49107360839844,123055300,74.30694580078125,36335200,274.07861328125,35151100,318.19000244140625,6797200,115.48408508300781,35534000,157.38059997558594,7145400,38.98589324951172,25009300,47.96506118774414,20016000,46.073638916015625,18536095,108.36457824707031,18545000,390.2347106933594,158312500
2022-05-03,155.97769165039062,88966500,75.83758544921875,33908100,271.48687744140625,25978600,318.989990234375,3874700,116.22801208496094,24968000,157.0721893310547,5898700,39.423343658447266,21545300,48.13232421875,17950500,47.36040496826172,12595004,110.68570709228516,15720900,392.02349853515625,100028200
2022-05-04,162.37403869628906,108256500,78.85596466064453,46188400,279.3873596191406,33599300,326.79998779296875,4269600,121.10857391357422,49916000,158.75489807128906,5923000,41.048126220703125,29468000,48.79824447631836,20022600,49.0496711730957,12019739,114.34734344482422,17128500,403.9617919921875,144247900
2022-05-05,153.3271942138672,130525300,77.6606674194336,41013400,267.21868896484375,43260400,318.67999267578125,5257600,115.40731811523438,45840000,155.72430419921875,7089200,40.17743682861328,29978600,48.38013458251953,23234400,47.92756271362305,11491503,111.48641204833984,15055400,389.6038513183594,172929100
2022-05-06,154.05203247070312,116124600,78.84737396240234,29619300,264.6944885253906,37780300,318.8800048828125,4198800,114.65547943115234,39710000,155.38072204589844,6434000,39.98893356323242,27035300,47.37287521362305,34258200,47.70801544189453,8609237,111.30648040771484,14417900,387.2783203125,151770800
2022-05-09,148.93911743164062,131577900,72.63005828857422,45851600,254.9152069091797,47726000,312.9599914550781,4874400,111.45047760009766,40802000,156.2264862060547,7855200,39.45933532714844,27132700,47.92718505859375,28207200,44.500244140625,11266308,109.63311004638672,14312300,374.8787536621094,155586100
2022-05-10,151.33883666992188,115366700,73.11163330078125,34483200,259.6554870605469,39336400,312.5299987792969,4798400,113.31670379638672,39900000,156.01502990722656,8186700,38.66943359375,25276100,47.25251007080078,24861300,44.70759201049805,10974181,106.96110534667969,16382400,375.7449645996094,132497200
2022-05-11,143.49327087402344,142689800,74.63371276855469,33020600,251.03240966796875,48975900,311.5400085449219,4250700,112.53168487548828,37534000,155.16925048828125,6138900,38.211647033691406,25291600,46.75838088989258,27878700,44.17702865600586,12465152,106.2863540649414,14630300,369.7757263183594,142361000
2022-05-12,139.6341094970703,182602000,74.97252655029297,29491500,246.02236938476562,51033800,308.05999755859375,5679800,111.78033447265625,53836000,156.70220947265625,6898600,37.52945327758789,30171700,46.714046478271484,25244400,44.68928909301758,13844409,106.19636535644531,16318800,369.3897705078125,125090800
2022-05-13,144.0906982421875,113990900,77.19651794433594,25798400,251.58164978027344,34925100,310.3599853515625,3767500,114.95661163330078,35038000,155.80360412597656,7732200,38.27448654174805,21253200,46.894588470458984,19962300,45.76871871948242,8309406,107.14104461669922,10443200,378.2210693359375,104174400
2022-05-16,142.55294799804688,86643800,79.01216888427734,26101200,251.9477081298828,32550900,309.2900085449219,3697600,113.36624145507812,25990000,156.8872528076172,5516700,37.88849639892578,16837400,46.94526672363281,21449100,45.51258087158203,10451563,106.39431762695312,10269000,376.68634033203125,78622400
2022-05-17,146.1770477294922,78336300,80.01991271972656,23120700,257.0734558105469,28828800,314.6000061035156,4154200,115.37512969970703,23054000,157.5391387939453,5751100,39.23493194580078,23340500,41.60489273071289,132940200,46.592002868652344,7218585,109.9209976196289,11160200,384.4350280761719,83029700
2022-05-18,137.9298095703125,109742900,78.75154113769531,25451200,245.36892700195312,31356000,306.6400146484375,4417900,110.84474182128906,35126000,154.61424255371094,8608800,37.79874801635742,27351300,38.77949523925781,104253000,45.86018371582031,11337253,108.04067993164062,12664900,368.9378356933594,117674500
2022-05-19,134.53103637695312,136095600,79.17723083496094,24387400,244.46115112304688,32692300,304.1499938964844,4730100,109.3435287475586,34144000,153.23992919921875,6874500,37.70001220703125,25211900,37.715232849121094,71008500,46.18951416015625,9992827,106.43929290771484,12765800,366.67828369140625,98510700
2022-05-20,134.76612854003906,137426100,79.80272674560547,28795000,243.90103149414062,39199300,304.04998779296875,5517600,107.88143157958984,48962000,155.9181365966797,7522100,37.40379333496094,35410400,37.75639724731445,49356000,45.890682220458984,11782667,105.56661224365234,13150100,366.83831787109375,131432200
2022-05-23,140.17283630371094,117726300,81.56627655029297,27239300,251.71363830566406,33175400,310.20001220703125,4142100,110.43711853027344,37184000,159.10121154785156,7040800,39.33366775512695,27979100,38.833351135253906,43680900,46.018741607666016,8467508,112.09818267822266,24376700,373.70184326171875,76414900
2022-05-24,137.47926330566406,104132700,82.00933074951172,24293300,250.7189483642578,29043900,309.1700134277344,3657600,104.97113037109375,76780000,160.83905029296875,6419800,38.85793685913086,23996000,39.317970275878906,34584900,45.445499420166016,9837776,113.68160247802734,19324900,370.8490905761719,91448800
2022-05-25,137.63600158691406,92482700,83.65994262695312,29947800,253.51953125,28547900,308.6400146484375,3704800,104.80768585205078,40258000,159.26083374023438,6558900,39.60294723510742,22343900,39.077239990234375,27121800,45.451595306396484,11389740,114.47331237792969,12780400,374.1255187988281,91472900
2022-05-26,140.8291015625,90601500,83.95531463623047,24314800,256.78375244140625,25002100,312.5,4472000,106.77645874023438,37948000,159.1189727783203,6897600,40.93143081665039,23502500,39.91028594970703,28197600,46.96400833129883,7528368,116.45256042480469,15990900,381.60107421875,82168300
2022-05-27,146.5688018798828,90978500,84.78062438964844,25588800,263.8719787597656,26910800,319.1099853515625,4280100,111.25780487060547,37914000,160.56419372558594,5853600,41.19174575805664,19482600,40.69582748413086,25299900,48.03123474121094,7819853,118.09895324707031,11177800,390.9691162109375,84768700
2022-05-31,145.78524780273438,103718400,83.3993148803711,44888100,262.54901123046875,37827700,315.9800109863281,5675800,112.68968200683594,50012000,159.18101501464844,16391400,41.08403396606445,40727400,40.74333953857422,36912300,47.74461364746094,8332038,118.96263122558594,17015000,388.77532958984375,95937000
2022-06-01,145.65792846679688,74286600,84.99781799316406,25815400,263.0802307128906,25292200,312.2099914550781,3795700,112.81844329833984,36606000,157.5673065185547,5175400,40.53647994995117,20417900,39.736083984375,28534800,47.2750358581543,9514991,116.87541961669922,10768000,385.63067626953125,86585800
2022-06-02,148.1065673828125,72348100,84.8501205444336,19089100,265.1660461425781,44008200,314.95001220703125,3119300,116.51378631591797,37992000,157.0707550048828,8666500,40.68907165527344,14633300,40.388572692871094,23214300,47.5677490234375,9897164,118.75568389892578,8374800,392.9744873046875,79609600
2022-06-03,142.39627075195312,88570300,86.08372497558594,21038200,260.76239013671875,28059000,310.94000244140625,2587500,113.4613265991211,26136000,156.4235076904297,4234200,40.231300354003906,12572400,39.69490432739258,18302700,46.93962097167969,8463013,117.10032653808594,8596000,386.525146484375,71874300
2022-06-06,143.140625,71598400,85.8665542602539,20682100,259.5359802246094,22400300,312.1499938964844,2980900,115.71935272216797,33542000,156.40574645996094,5386500,40.50058364868164,11867200,39.5523681640625,19855500,46.95790481567383,7614722,116.71346282958984,11323500,387.7020568847656,57508900
2022-06-07,145.65792846679688,67808200,89.80196380615234,37810200,263.1573791503906,22860700,313.6499938964844,2550700,116.04524230957031,31590000,158.12588500976562,5447800,40.81474304199219,13281600,39.077239990234375,47707800,47.5677490234375,8227386,117.01934814453125,6722200,391.42095947265625,59272400
2022-06-08,144.92330932617188,53950200,90.86181640625,31613200,261.1390075683594,17372300,308.739990234375,2877400,116.08934020996094,26108000,157.18601989746094,4333100,40.06074142456055,12364400,38.73833084106445,22522800,47.05548095703125,5418794,115.15704345703125,8422100,387.1654052734375,64350000
2022-06-09,139.71246337890625,69473000,88.89845275878906,26607000,255.71170043945312,26439700,300.79998779296875,3217400,113.75305938720703,25798000,154.0207061767578,5509600,38.30140686035156,20142400,38.33287811279297,19880100,45.604068756103516,8114548,112.73695373535156,13560100,377.9574890136719,86289800
2022-06-10,134.3155517578125,91437900,87.27392578125,30950500,244.3162841796875,31422800,291.7099914550781,5882600,110.11368560791016,41452000,152.99217224121094,6647300,35.97657775878906,27619300,38.548274993896484,25238100,43.43911361694336,15384656,107.55487823486328,12945200,366.99835205078125,132893900
2022-06-13,129.17330932617188,122207100,83.2690200805664,33421000,233.9541015625,46135800,281.55999755859375,7109100,105.38964080810547,47252000,151.44940185546875,7997000,34.99817657470703,27553800,37.82291030883789,24897900,41.298561096191406,15183217,104.35208129882812,16805600,353.06402587890625,170004900
2022-06-14,130.03526306152344,84784300,83.48619842529297,31264000,236.1077117919922,28651500,277.6400146484375,5838100,105.7095947265625,33706000,149.1263427734375,7116800,33.59788513183594,36817600,37.83876037597656,21544200,41.499813079833984,8634919,102.61570739746094,13357900,352.0001525878906,104011800
2022-06-15,132.6504669189453,91533000,82.4350357055664,29620800,243.12844848632812,33111700,278.92999267578125,5821200,108.7298583984375,39698000,150.72232055664062,7796100,34.26212692260742,31358100,37.81341552734375,25914000,42.1401481628418,10576600,103.83027648925781,14083500,357.0184631347656,125666800
2022-06-16,127.39067077636719,108123900,79.39441680908203,35696700,236.5712432861328,33169200,268.55999755859375,7199200,105.03401947021484,51684000,150.80210876464844,7056700,33.79536056518555,37991500,38.206180572509766,30706800,39.816646575927734,14550650,102.0489273071289,16724900,345.2024841308594,134473300
2022-06-17,128.85989379882812,134520300,74.81615447998047,64610200,239.15936279296875,43084800,268.0799865722656,11562000,106.13356018066406,51376000,150.25242614746094,12486600,34.54037857055664,59114300,37.46815872192383,36838800,40.2496452331543,14449368,101.6890640258789,30919900,345.9466857910156,111113900
2022-06-21,133.08140563964844,81000500,79.47261810302734,35951500,245.0405731201172,29928300,271.7699890136719,4906700,110.4925765991211,47416000,153.4000244140625,8219700,34.99817657470703,24884700,38.697139739990234,23916600,40.09717559814453,12972362,104.20812225341797,11680500,354.6553955078125,76811900
2022-06-22,132.57212829589844,73409200,76.32775115966797,29727200,244.45144653320312,25939900,269.7900085449219,4220700,110.43663024902344,30774000,155.8206024169922,10593100,34.648101806640625,18631700,38.228355407714844,20235000,39.35926055908203,15573094,103.62333679199219,9842700,354.01239013671875,90059400
2022-06-23,135.4321746826172,72433800,74.02559661865234,35757200,249.98500061035156,25861400,267.5199890136719,4727400,111.18399810791016,28362000,159.29627990722656,10223500,34.0197639465332,23143800,39.15643310546875,18040800,39.07263946533203,10841280,102.48978424072266,11851500,357.482666015625,79292100
2022-06-24,138.7526092529297,89116800,75.49376678466797,26639000,258.52197265625,33923200,278.2799987792969,6451900,116.86296081542969,41164000,161.628173828125,9374400,36.58696365356445,39407700,39.1881103515625,31845900,40.90827560424805,16044991,105.54862213134766,14841100,368.8483581542969,98050300
2022-06-27,138.7526092529297,70207900,77.34419250488281,25478700,255.80824279785156,24615100,278.3999938964844,4134800,114.74166107177734,36420000,161.4774627685547,5908600,36.12020492553711,16996800,39.3148078918457,19889100,40.731201171875,10911904,104.70294952392578,11280500,367.4395446777344,66009600
2022-06-28,134.6191864013672,67083400,79.48998260498047,33096900,247.68666076660156,27295500,273.8599853515625,3868000,110.95171356201172,35792000,156.8845672607422,9245700,36.06632995605469,18136600,38.760498046875,15399000,40.224430084228516,11313819,104.19915008544922,11590900,359.93170166015625,86548900
2022-06-29,136.37246704101562,66242400,76.55363464355469,25400900,251.33706665039062,20069800,273.489990234375,2995900,110.64859771728516,24716000,156.9289093017578,7097900,35.64445495605469,15778700,38.617958068847656,19111500,38.887271881103516,11088303,103.73130798339844,9338400,359.6385803222656,65676000
2022-06-30,133.91395568847656,98964500,74.39913940429688,39948100,248.024658203125,31730900,273.0199890136719,4623500,107.93590545654297,43170000,157.38995361328125,10777200,35.15974426269531,20425700,38.51026916503906,19166100,38.87506103515625,13967359,101.31121063232422,15172600,356.7167663574219,112508300
2022-07-01,136.07859802246094,71051600,76.05845642089844,26327900,250.6803436279297,22837700,277.5,3667300,107.71253967285156,35476000,159.17213439941406,5498400,35.83296203613281,15333900,38.84285354614258,17460900,38.79569625854492,10997455,102.60671997070312,10573600,360.4896240234375,74839700
2022-07-05,138.65464782714844,73353800,73.6780776977539,34591100,253.8382110595703,22941000,275.69000244140625,3676900,112.19540405273438,39342000,157.94857788085938,5676400,35.994537353515625,19144500,39.35598373413086,18218100,37.87373352050781,12889860,102.21643829345703,12514200,361.17041015625,81438000
2022-07-06,139.98670959472656,74064300,72.34890747070312,33375700,257.0829772949219,23824400,275.6499938964844,3033900,113.4920425415039,37432000,158.0904083251953,5335600,35.455963134765625,17014100,39.63472366333008,21300000,37.592857360839844,7852596,101.55387115478516,10656200,362.3901062011719,70426200
2022-07-07,143.34634399414062,66253700,74.65975189208984,23817400,259.19793701171875,20859900,279.2799987792969,3949700,117.6633529663086,40936000,158.26776123046875,5725800,36.012474060058594,21060400,39.69490432739258,17487300,38.46599197387695,10110160,104.12245178222656,10347400,367.81781005859375,64525900
2022-07-08,144.0221710205078,64547800,74.78138732910156,17673800,258.4833984375,19658800,280.8299865722656,2983400,118.22847747802734,38238000,158.07269287109375,3828300,36.06632995605469,14437500,39.72023391723633,14751000,38.618621826171875,9940822,103.79570770263672,8807800,367.51519775390625,72397800
2022-07-11,141.896728515625,63141600,74.39913940429688,15603800,255.4413299560547,19455200,278.510009765625,2864400,114.58613586425781,31196000,158.134765625,3645200,35.71626663208008,13111600,39.736083984375,11532900,37.80046844482422,7662393,102.43426513671875,7939500,363.31683349609375,58366900
2022-07-12,142.8664093017578,77588800,73.40878295898438,21013000,244.97299194335938,35868500,277.2799987792969,3033000,112.94573974609375,29960000,155.9180908203125,4708800,35.54571533203125,15127300,39.6157112121582,13732200,38.47819900512695,11678496,102.53411102294922,11250900,360.1019287109375,62219200
2022-07-13,142.5039825439453,71185600,73.70413970947266,19928600,244.05557250976562,29497400,277.4700012207031,4197400,110.30388641357422,43722000,155.55462646484375,5291700,35.069984436035156,14116800,39.71074295043945,12689100,37.86152267456055,6961770,101.57203674316406,12979900,358.210693359375,84224600
2022-07-14,145.42283630371094,78140700,72.22728729248047,26343000,245.36892700195312,25102800,274.4100036621094,3888500,109.3271713256836,37004000,155.7673797607422,5359600,34.773773193359375,24355300,40.48677062988281,20905500,37.2997932434082,8179393,98.02323150634766,26204800,357.3408508300781,89704800
2022-07-15,147.08792114257812,76259900,73.44352722167969,17243700,247.91839599609375,29774100,278.4800109863281,4547400,110.72388458251953,46770000,158.02833557128906,5691100,36.91908264160156,40328300,40.88270950317383,21184200,38.3805046081543,9391720,102.51596069335938,18863900,364.16790771484375,79060400
2022-07-18,144.0515899658203,81420900,74.79876708984375,19395800,245.53309631347656,20975000,276.260009765625,3273800,108.00226593017578,43164600,154.48175048828125,7605700,36.97293472290039,17991300,40.787689208984375,14243700,38.88117218017578,10607899,101.46311950683594,13977900,361.1609802246094,63203600
2022-07-19,147.90089416503906,82982400,76.68391418457031,18248900,250.6320343017578,25012600,283.54998779296875,3590200,112.73722839355469,36530900,152.22959899902344,13256400,38.50786209106445,25724200,41.03791427612305,16995300,40.7495231628418,10070675,103.97723388671875,11862300,370.919189453125,78506000
2022-07-20,149.89903259277344,64823400,77.52661895751953,16584400,253.2781219482422,22788300,286.0400085449219,3877200,112.82637786865234,35600400,151.3607177734375,7455800,38.346290588378906,19111200,41.3800048828125,18564900,41.4516716003418,11004036,103.95907592773438,11667500,373.2831115722656,71843800
2022-07-21,152.16163635253906,65086600,76.23218536376953,21375700,255.76002502441406,22404700,286.8500061035156,3699000,113.2622299194336,32676200,151.89268493652344,5729200,38.848960876464844,17809000,41.984989166259766,18764700,41.598209381103516,9551106,104.66703033447266,11595900,377.08441162109375,64903900
2022-07-22,150.92747497558594,66675400,75.65013885498047,15479500,251.43362426757812,21881300,285.92999267578125,2876100,106.8829345703125,48901200,152.6108856201172,4257000,38.75020980834961,15965400,41.877288818359375,13616400,41.63484573364258,9009387,104.15874481201172,7645500,373.5857238769531,72197300
2022-07-25,149.81085205078125,53623900,78.16948699951172,17536400,249.95606994628906,21056000,287.989990234375,3136300,106.49662780761719,34690900,152.912353515625,4437300,39.04643630981445,20297900,41.81712341308594,20535300,41.73863983154297,9468604,104.5762710571289,9394000,374.0396728515625,53631500
2022-07-26,148.48858642578125,55138700,77.86540985107422,15141200,243.263671875,39348000,285.30999755859375,2512200,104.03009033203125,47991000,153.9940643310547,4525500,38.50786209106445,15446700,38.636966705322266,95391600,43.661949157714844,28957643,102.94253540039062,10675100,369.6143798828125,52946400
2022-07-27,153.57208251953125,78620700,79.55079650878906,18047000,259.52630615234375,45994000,290.29998779296875,3613200,111.99429321289062,59858500,153.56849670410156,4648500,39.23493194580078,19498400,40.09716796875,42159600,43.704681396484375,11570152,104.59441375732422,9337400,379.2119140625,82342100
2022-07-28,154.12059020996094,81378700,80.48033905029297,20353100,266.9333190917969,33459300,293.8999938964844,3986900,113.14336395263672,32816600,154.45513916015625,5513000,38.88486099243164,14527300,41.09809112548828,33262200,44.65717697143555,18063717,104.20414733886719,10384800,383.9681091308594,73966600
2022-07-29,159.1746826171875,101786900,84.20724487304688,29825800,271.1148681640625,32152800,300.6000061035156,6976200,115.22356414794922,37223400,154.7388458251953,6451400,39.37855529785156,17512700,41.82661437988281,30141900,45.12731170654297,12729511,104.70333862304688,12944500,389.5659484863281,87003700
2022-08-01,158.19520568847656,67829400,82.0788345336914,20793200,268.4785461425781,21539600,295.8599853515625,4192700,113.77731323242188,26034300,154.197998046875,5461400,39.08234405517578,13668300,41.9818229675293,24996300,46.28129196166992,14685317,103.6595687866211,14740400,388.4122619628906,69997500
2022-08-02,156.7259521484375,59907000,81.72264862060547,16722500,265.3979187011719,22754200,292.1700134277344,3166500,114.04479217529297,20236000,153.32020568847656,5794200,38.48991394042969,17764000,42.02616500854492,19695000,45.40208053588867,9290599,102.04399108886719,14942900,385.84979248046875,63435400
2022-08-03,162.72036743164062,82507500,79.07298278808594,23580800,272.78558349609375,23518900,294.9599914550781,4061400,116.96697998046875,28499000,154.80091857910156,5010000,39.39649963378906,17359500,41.33565902709961,32003100,45.634098052978516,9678390,103.11498260498047,14394500,391.89202880859375,67820600
2022-08-04,162.4069366455078,55474100,75.7457046508789,31821500,273.9250793457031,18098700,292.9100036621094,3946200,117.07594299316406,21602900,152.3182830810547,5651600,38.655391693115234,15062800,39.77409362792969,53106000,44.980777740478516,6942669,101.98046875,18033900,391.627197265625,45656600
2022-08-05,162.18136596679688,56697000,76.84031677246094,17408000,273.2104797363281,16774600,292.07000732421875,3395400,116.36273193359375,19159500,151.7153778076172,5235500,39.55015563964844,16021000,40.0940055847168,32007000,45.40208053588867,7447953,105.06637573242188,14174600,390.96527099609375,56814900
2022-08-08,161.71054077148438,60276900,77.27467346191406,14458500,270.7092590332031,18739200,292.3399963378906,3965600,116.19434356689453,19138300,150.90853881835938,4629800,39.03498840332031,12879700,40.420257568359375,18175200,45.902732849121094,9833442,103.78663635253906,10332500,390.5115051269531,53886100
2022-08-09,161.75961303710938,63135500,78.69943237304688,19083400,272.6213684082031,23405200,292.7699890136719,3872100,115.5306396484375,19086500,150.89077758789062,5532500,39.224788665771484,10489500,40.81936264038086,19325100,45.75009536743164,7581496,104.72148895263672,10233800,388.9607849121094,44931800
2022-08-10,165.996826171875,70170500,79.446533203125,18302000,279.24615478515625,24687800,295.1099853515625,3705700,118.57170867919922,30930400,151.32522583007812,5603400,40.06532287597656,14037600,40.904876708984375,25251000,47.09946060180664,16331500,107.45342254638672,12847300,397.1304931640625,68665700
2022-08-11,165.26116943359375,57149200,81.74476623535156,18797900,277.1795654296875,20065900,296.4700012207031,3144800,117.71981811523438,24293700,148.19534301757812,9328700,40.89680480957031,14038800,41.299354553222656,23854500,48.1740608215332,14557872,109.0417709350586,11684900,397.1304931640625,59489700
2022-08-12,168.80198669433594,68039400,82.45528411865234,15058200,281.90191650390625,22619700,301.54998779296875,3231300,120.53303527832031,19096300,146.5639190673828,14606900,41.52042770385742,10706000,42.06285858154297,26625000,48.80295181274414,8273452,110.84793090820312,9906700,403.8534851074219,61694500
2022-08-15,169.87110900878906,54091700,80.98160552978516,20755200,283.4084167480469,18085700,302.82000732421875,2927200,120.92927551269531,19494800,147.264404296875,10072000,41.34870910644531,11070300,42.18375015258789,26516100,48.72968673706055,5467107,111.1474609375,8456200,405.5176086425781,54048300
2022-08-16,169.7141571044922,56377100,80.22724914550781,14038200,282.6744689941406,18102900,306.6499938964844,3342600,120.55284881591797,19041200,148.5766143798828,7453600,41.62889099121094,12234100,44.33747482299805,91773300,49.499000549316406,9268610,112.20936584472656,9555000,406.31195068359375,59289000
2022-08-17,171.20504760742188,79542000,80.8763427734375,13678000,281.9292907714844,18253400,304.260009765625,2962600,118.42312622070312,22847000,148.58551025390625,7406600,41.70119094848633,13151700,44.385196685791016,41792100,48.79684066772461,6485057,111.26544952392578,8149300,403.4279479980469,63563400
2022-08-18,170.81272888183594,62290100,82.78860473632812,17770400,280.81634521484375,17186200,304.2699890136719,2783100,119.03727722167969,17987700,147.86729431152344,8312100,41.70119094848633,7885900,44.24203872680664,19197600,48.36334991455078,6421014,110.40321350097656,9531800,404.6004638671875,49023200
2022-08-19,168.2331085205078,70346300,82.52545166015625,16128600,276.92596435546875,20570000,297.2799987792969,4613100,116.10518646240234,21809500,150.119384765625,8128500,40.987186431884766,13142900,43.589866638183594,22918800,47.45358657836914,5801930,107.6712646484375,13464500,399.1634521484375,68016900
2022-08-22,164.3588104248047,69026800,82.46405029296875,16019900,268.7967834472656,25061100,288.69000244140625,4713900,113.16317749023438,21456600,149.5927734375,5462600,40.13761901855469,12391400,42.81045913696289,18667200,45.658512115478516,8143279,105.8923110961914,8967600,390.8519592285156,77695600
2022-08-23,164.0253143310547,54147100,85.96402740478516,23764700,267.5289611816406,17527400,289.6499938964844,2592100,112.78675842285156,15870400,148.2895965576172,5566300,40.10145950317383,10475100,42.629127502441406,16955100,46.4644660949707,7642490,104.8485336303711,7607000,389.90631103515625,49105200
2022-08-24,164.31959533691406,53841500,86.47278594970703,17050300,266.8999328613281,18137000,293.5199890136719,3266100,112.61835479736328,17734600,147.79859924316406,5684300,40.345497131347656,11706700,42.937721252441406,15766500,46.85523223876953,7649392,105.1026840209961,9771300,391.1544494628906,49177800
2022-08-25,166.7716827392578,51218200,86.9201431274414,15305700,269.8612365722656,16583400,298.1300048828125,3463700,115.55045318603516,16956800,149.1821746826172,5678700,41.02334213256836,11783200,43.224029541015625,19414500,47.71003341674805,8349212,107.59866333007812,10758900,396.6766662597656,50942300
2022-08-26,160.48446655273438,78961000,85.84999084472656,15531400,259.4481201171875,27549300,289.9599914550781,5277200,109.29993438720703,37245700,146.62933349609375,5667100,39.73995590209961,13405200,41.865623474121094,21331800,45.95768737792969,8628819,104.07707214355469,11276200,383.2494812011719,103087000
2022-08-29,158.28744506835938,73314000,87.82364654541016,23059200,256.68035888671875,20338500,287.45001220703125,3098300,108.38861083984375,21191200,145.49569702148438,5259200,39.69476318359375,12504900,42.272823333740234,17381700,46.43394088745117,7868808,103.82294464111328,8117300,380.71533203125,65370800
2022-08-30,155.86477661132812,77906200,84.48155975341797,17086800,254.49319458007812,22767100,285.4200134277344,3213700,107.91314697265625,27513300,144.98684692382812,6973300,39.89359664916992,14365000,42.14557647705078,14468100,45.872215270996094,6886330,103.84110260009766,10745400,376.5358581542969,85652400
2022-08-31,154.2071075439453,87991100,83.85001373291016,18340900,253.04151916503906,24791800,280.79998779296875,4999600,107.19992065429688,28627000,144.01393127441406,8741700,39.50495910644531,22609100,42.167842864990234,22460700,44.84035110473633,10274200,103.22390747070312,10738300,373.67083740234375,76029700
2022-09-01,154.93296813964844,74229900,82.34125518798828,16423000,252.00607299804688,23263400,282.42999267578125,3765000,108.7055892944336,28360900,147.5843963623047,7509600,39.49592208862305,13173000,42.78183364868164,21741900,44.62053298950195,8002191,103.93184661865234,9979800,374.8433532714844,78740100
2022-09-02,152.8241729736328,76957800,83.85001373291016,18206800,247.805908203125,22855400,277.6700134277344,3793600,106.83341217041016,24160700,145.26361083984375,5803700,39.20670700073242,13025900,42.310997009277344,17234400,44.22366714477539,6479760,103.20576477050781,10666600,370.8908386230469,99632100
2022-09-06,151.5686798095703,73714800,83.28860473632812,19201500,245.08651733398438,21328200,276.5899963378906,4362900,105.80320739746094,25068300,145.65635681152344,7394600,38.75481414794922,14708700,42.101043701171875,21899700,44.058815002441406,6472859,103.23298645019531,9751900,369.49139404296875,76637400
2022-09-07,152.9713134765625,87449600,82.57807922363281,16274700,249.77044677734375,24126700,281.0400085449219,3509900,108.41831970214844,23167000,146.45079040527344,4590600,39.622459411621094,19475800,43.18267822265625,17058900,44.92582321166992,5494394,105.19346618652344,10647900,376.1293640136719,70964200
2022-09-08,151.5000457763672,84923800,83.25352478027344,18759200,250.18663024902344,20319900,283.3399963378906,3542300,107.35840606689453,24238300,147.6290283203125,5838400,40.87873077392578,18500300,43.402183532714844,16956000,45.041831970214844,5810597,107.6440200805664,11435000,378.5877990722656,80821700
2022-09-09,154.35426330566406,68028800,84.64823150634766,17158000,255.93508911132812,22084700,285.7699890136719,3125100,109.60702514648438,23197700,147.9146728515625,5500600,40.96910858154297,12875500,43.53261184692383,16140600,45.20668411254883,10795534,108.16136932373047,9299700,384.4692687988281,76706900
2022-09-12,160.29812622070312,104956000,85.6219253540039,16118900,258.05450439453125,18747700,288.510009765625,3407900,109.81502532958984,22966800,147.85215759277344,6365300,41.149864196777344,12127900,43.923912048339844,14284500,45.98822021484375,11661482,109.44113159179688,8614600,388.6014099121094,69256300
2022-09-13,150.8918914794922,122656600,83.62194061279297,18229100,243.86712646484375,33353300,278.2900085449219,4582700,103.33668518066406,38172900,144.00503540039062,6726400,39.06209945678711,21124900,43.017250061035156,17687400,43.25286102294922,11574005,105.63818359375,12904600,371.7041015625,122947100
2022-09-14,152.33375549316406,87965400,85.67455291748047,22655700,244.08970642089844,23913000,278.4200134277344,3718400,104.01026916503906,26395100,146.9774169921875,9555700,39.116336822509766,15067800,42.921810150146484,19934700,42.758296966552734,9968109,105.39313507080078,9345700,373.1224365234375,85023700
2022-09-15,149.45010375976562,90481100,83.18334197998047,21092300,237.4701690673828,31530900,276.70001220703125,3274500,101.93997955322266,34188300,147.352294921875,7174500,39.89359664916992,13173200,42.46053695678711,20189400,42.07445526123047,7908775,106.98148345947266,10821400,368.8862609863281,87633800
2022-09-16,147.81204223632812,162278800,81.76232147216797,37874700,236.850830078125,39791800,274.80999755859375,7288900,101.83101654052734,42797200,149.60169982910156,20201500,39.712833404541016,21238800,42.3714485168457,41874300,40.53581619262695,22966955,106.26444244384766,14844100,366.0720520019531,103084800
2022-09-19,151.51963806152344,81474200,81.75352478027344,15342100,236.6378936767578,26826900,278.95001220703125,3291500,102.09847259521484,23036800,148.42343139648438,7380900,40.0562744140625,11324100,42.734107971191406,16853100,40.93879318237305,8045047,107.24468231201172,8201300,368.9109802246094,73278500
2022-09-20,153.89329528808594,107689800,81.08686828613281,14712500,234.63465881347656,26660300,277.1300048828125,3275600,100.18665313720703,26517100,147.25411987304688,7143400,39.23382568359375,19503900,42.48597717285156,13963500,40.65792465209961,8379870,105.12991333007812,9619000,364.6763000488281,77274900
2022-09-21,150.77423095703125,101696800,79.77986907958984,17332400,231.24742126464844,28625600,270.739990234375,3941800,98.34418487548828,31487300,145.74560546875,8071200,38.20349884033203,19207100,42.874088287353516,24903600,39.82146072387695,10164733,102.09845733642578,12606300,358.3150329589844,106746600
2022-09-22,149.81298828125,86652500,79.44654846191406,16139400,233.2120361328125,31061200,268.510009765625,4120900,99.19608306884766,34298600,148.33419799804688,7401100,37.52565002441406,15499000,42.43507385253906,16744500,39.906925201416016,11345279,100.93669891357422,11684500,355.3052062988281,89472600
2022-09-23,147.5472412109375,96029900,75.21851348876953,27738800,230.25067138671875,34176000,267.7699890136719,5175100,97.80926513671875,31625400,148.8162078857422,9598600,36.522430419921875,23316200,41.37571716308594,27195300,39.41236877441406,13124524,99.05792999267578,18138600,349.35211181640625,122346900
2022-09-26,147.88075256347656,93339400,73.66590118408203,22043400,229.7958221435547,27694200,264.32000732421875,4929300,97.24464416503906,27072700,147.90573120117188,8735500,36.16092300415039,21420000,41.773372650146484,23011200,39.339012145996094,16780605,96.92499542236328,15753600,345.8961181640625,92581200
2022-09-27,148.851806640625,84442700,75.20977020263672,17307300,228.78932189941406,27018700,265.4700012207031,5767700,96.58097076416016,30072800,147.2273712158203,8686700,36.17899703979492,17541400,41.65884780883789,17171700,39.41237258911133,12596770,96.07185363769531,12793600,345.0130615234375,108294100
2022-09-28,146.9685821533203,146691400,77.94657135009766,19543300,233.2991180419922,29029700,271.7799987792969,5941800,99.10693359375,32466300,148.494873046875,8660900,36.88394546508789,16033500,42.345985412597656,16838400,39.40625,10686228,98.01416015625,12762600,351.8017272949219,110802200
2022-09-29,139.74961853027344,128138200,77.78868865966797,17896000,229.84417724609375,27484200,269.5799865722656,5210700,96.50171661376953,31047200,146.8613739013672,7008100,36.60377502441406,14811300,42.07240295410156,15241500,38.348655700683594,14124337,96.35321044921875,12713900,344.4529724121094,112952300
2022-09-30,135.5516357421875,124925300,76.5869140625,21357600,225.3924560546875,35694800,267.0199890136719,6057500,94.74839782714844,32941500,145.81700134277344,8985200,36.35071563720703,21182200,41.26118087768555,19602300,37.84737014770508,12709126,94.84654235839844,15973400,339.12652587890625,153711200
2022-10-03,139.7201690673828,114311700,80.63074493408203,23881300,232.979736328125,28880400,272.79998779296875,4901000,97.710205078125,27982000,145.6741943359375,8657000,37.57987594604492,16827600,42.16147994995117,17574900,38.88050842285156,8721754,97.77819061279297,12248100,348.07989501953125,89756500
2022-10-04,143.3002471923828,87830100,83.56930541992188,22133700,240.85739135742188,34888400,280.489990234375,4633700,100.68195343017578,28850800,147.83432006835938,6236100,39.351318359375,18601300,42.70866012573242,16134300,41.289154052734375,12441557,102.35259246826172,16013600,358.8656921386719,103602800
2022-10-05,143.594482421875,79471000,86.94646453857422,34857700,241.16708374023438,20347100,279.3599853515625,3350400,100.47391510009766,22176900,147.37908935546875,4539400,39.1434440612793,15873400,42.285552978515625,14553900,41.2280158996582,9327837,101.0888671875,10943500,358.03021240234375,88065700
2022-10-06,142.64305114746094,68402200,89.52538299560547,29124700,238.83474731445312,20239900,276.30999755859375,3394000,100.4640121459961,22324000,144.52273559570312,5890700,38.1763801574707,15634800,41.891075134277344,14200500,40.48218536376953,7953396,99.02843475341797,11521400,354.33685302734375,82333500
2022-10-07,137.4053955078125,85925600,88.62186431884766,24507600,226.6892852783203,37769600,269.0400085449219,4270200,97.74983978271484,27502800,142.99636840820312,6363500,37.769676208496094,17186700,40.89851760864258,17080500,39.467384338378906,6856315,97.0504379272461,11681100,344.4529724121094,107789500
2022-10-10,137.7290802001953,74899000,86.70085906982422,16786100,221.86013793945312,29743600,266.92999267578125,3106500,96.93758392333984,18225100,143.18382263183594,5315600,37.46238327026367,10973700,41.14029312133789,11411700,39.72414016723633,5764210,96.14384460449219,8931700,341.82293701171875,76042800
2022-10-11,136.31666564941406,77033700,85.96402740478516,17804100,218.14389038085938,30474000,267.30999755859375,3442000,96.26398468017578,26507100,145.25465393066406,6212200,36.359745025634766,19135900,42.20602035522461,21276000,39.12504959106445,8500412,93.3691635131836,12739700,339.6582336425781,92482800
2022-10-12,135.68890380859375,70433700,86.34121704101562,12635800,218.4729461669922,21903900,264.0,3342400,96.64039611816406,21876400,145.2189483642578,4341700,36.61280822753906,16469900,41.72882843017578,16947600,39.57742691040039,8598323,94.88011932373047,13181000,338.537841796875,76991800
2022-10-13,140.24981689453125,113224000,89.35872650146484,22019100,226.6892852783203,42551800,275.7799987792969,5483400,98.12626647949219,34574500,147.414794921875,6465100,38.302913665771484,23808700,42.08195877075195,20545500,41.5336799621582,12818915,100.1548080444336,22398700,347.4721984863281,147254500
2022-10-14,135.72821044921875,88598000,87.00785827636719,15222000,221.19235229492188,30198600,272.6700134277344,4292300,95.64981842041016,25410700,146.79891967773438,5684600,39.01690673828125,33954200,41.49341583251953,16641000,41.307491302490234,9106174,101.82147216796875,33387100,339.5538024902344,123737000
2022-10-17,139.6809844970703,85250900,88.26223754882812,14283200,229.87319946289062,28142300,277.0199890136719,4452100,99.0276870727539,28419200,148.70013427734375,6710800,39.73090744018555,24507000,41.79245376586914,17812500,41.955501556396484,8251944,106.09798431396484,22276300,348.2792663574219,93168200
2022-10-18,140.9952850341797,99136600,88.42013549804688,14065400,230.8119659423828,26329600,281.6700134277344,4292700,99.82014465332031,24060700,148.1824493408203,10883600,40.372596740722656,24810400,42.67367172241211,16842300,43.22093963623047,9806637,108.82688903808594,21539700,352.3714294433594,97162900
2022-10-19,141.10316467285156,61758300,91.04293823242188,20921700,228.85707092285156,19985700,278.3399963378906,3213700,98.69087982177734,23811100,147.00418090820312,10044600,39.42362594604492,17876800,42.55278396606445,11339400,43.11701965332031,8408280,106.69320678710938,17072000,349.87432861328125,79746900
2022-10-20,140.64218139648438,64522000,91.16572570800781,17649000,228.53768920898438,21811000,273.5299987792969,3916600,99.0276870727539,25323200,147.37908935546875,5659900,39.45073699951172,17572700,42.65776443481445,12754800,42.774681091308594,9609852,106.34522247314453,12207400,346.9405212402344,88283100
2022-10-21,144.4477996826172,86548600,92.85868835449219,22814100,234.3152618408203,26299700,282.510009765625,4995400,100.17674255371094,32458700,150.59249877929688,8487600,40.517215728759766,18632800,43.51987838745117,18134700,44.5169677734375,10352529,111.93126678466797,20593300,355.3717041015625,131038400
2022-10-24,146.58604431152344,75981900,93.50779724121094,17024200,239.27987670898438,24911200,287.4800109863281,3860000,101.55364227294922,27176400,152.6186981201172,6855500,40.85161590576172,16154300,44.35020065307617,18806700,44.84708023071289,10913990,112.06863403320312,12624200,359.7201843261719,85436900
2022-10-25,149.42063903808594,74732300,92.87622833251953,15719800,242.57997131347656,34775500,289.239990234375,3171000,103.49518585205078,40611400,152.37774658203125,5661900,41.00526428222656,16362200,44.56016159057617,15051300,44.62700653076172,15445168,112.36164855957031,11289100,365.46435546875,78846300
2022-10-26,146.4879913330078,88194300,93.98147583007812,17383800,223.86346435546875,82543200,288.5199890136719,3294100,94.03519439697266,88114100,153.71664428710938,6123800,41.303524017333984,15010800,44.90055465698242,20754300,46.13086700439453,12975572,113.65286254882812,11667000,362.7109069824219,104087300
2022-10-27,142.025146484375,109180200,94.34114074707031,18214000,219.44073486328125,40424600,289.8800048828125,4273800,91.35073852539062,60710900,153.80587768554688,5390900,41.258331298828125,14655500,44.7701301574707,16602900,46.460994720458984,10105505,114.10157775878906,10727600,360.77410888671875,81971800
2022-10-28,152.75552368164062,164762400,97.10426330566406,28169400,228.26673889160156,40647700,299.6300048828125,4627600,95.38237762451172,43697300,156.0909881591797,6073900,41.89098358154297,14990400,45.33639907836914,13648200,47.8853874206543,8648081,115.45687866210938,11859500,369.357177734375,100302000
2022-10-31,150.40150451660156,97943200,97.20073699951172,26401800,224.64730834960938,28357300,295.0899963378906,4626400,93.6191635131836,31675000,155.2876434326172,7810000,41.56562423706055,14000000,45.27912902832031,22572000,47.5674934387207,10585428,115.27372741699219,13295200,366.689208984375,96631300
2022-11-01,147.76303100585938,80379300,98.16565704345703,22213100,220.81494140625,30592300,294.1300048828125,3837000,89.61724090576172,47161400,154.50213623046875,6985000,42.43327331542969,22409100,45.07553482055664,14814300,47.812034606933594,9174391,117.35247802734375,13386900,365.0846252441406,85407600
2022-11-02,142.25074768066406,93604600,96.14810943603516,20654200,213.0050811767578,38407000,289.4599914550781,4269000,86.15022277832031,57038300,152.12779235839844,6877300,42.37000274658203,29246700,44.7764892578125,15522000,47.31684494018555,10230221,116.27188873291016,16546100,355.9223937988281,126990400
2022-11-03,136.21861267089844,97918500,97.45513153076172,17103700,207.3436737060547,36633900,283.8500061035156,3122900,82.64358520507812,61288000,152.3866729736328,4819900,41.42399215698242,17140100,44.76694869995117,10976400,47.915950775146484,13947456,116.48251342773438,12474400,352.25750732421875,87100100
2022-11-04,135.9533233642578,140814800,98.51651763916016,17541500,214.25350952148438,36789100,287.4700012207031,3925300,85.76388549804688,51124900,153.0650177001953,5300900,42.515533447265625,27082500,44.84648132324219,14669400,49.5604248046875,11558435,119.66928100585938,14953200,357.3274841308594,103505200
2022-11-07,136.48385620117188,83374600,99.68317413330078,16008000,220.5245819091797,33498000,290.19000244140625,3522000,87.65589141845703,34078900,154.40394592285156,6621000,42.815711975097656,17713300,45.31730651855469,11364000,51.02149963378906,12864178,120.30115509033203,12011200,360.7456970214844,68286900
2022-11-08,137.05369567871094,89908500,99.99896240234375,14661000,221.4923553466797,28192500,292.6099853515625,3562200,88.0620346069336,30429000,155.17160034179688,5148400,42.915771484375,14842700,45.42547607421875,15068400,51.351619720458984,10052376,120.37440490722656,9884100,362.69195556640625,84641100
2022-11-09,132.50489807128906,74917800,95.52532958984375,19522800,217.27291870117188,27852900,288.6499938964844,2759300,86.4969253540039,31769100,153.93084716796875,6150000,41.81513595581055,18318700,44.36928939819336,15932100,50.83198928833008,7961743,118.80848693847656,9494000,355.21978759765625,78495500
2022-11-10,144.29446411132812,118854000,96.9288101196289,20146700,235.1475372314453,46268000,303.20001220703125,5693100,93.05452728271484,51620100,155.73391723632812,7877500,43.61617660522461,23091900,45.28867721557617,20310600,52.19525146484375,13786304,123.69855499267578,16351600,374.7406005859375,141455800
2022-11-11,147.0748291015625,93979700,99.95510864257812,20518900,239.1444091796875,34620200,309.7200012207031,6570200,95.50125885009766,33090500,151.07452392578125,11074700,43.2523307800293,18076600,45.358673095703125,19270800,52.7637939453125,12490513,123.9000473022461,10704700,378.3675537109375,93839900
2022-11-14,145.67971801757812,73374100,100.24691009521484,20858300,233.76365661621094,31123300,308.9100036621094,4637600,94.79792785644531,30179500,153.44886779785156,6581500,42.6337890625,13929900,44.02571105957031,37525800,52.47035217285156,7906367,122.62713623046875,11085600,375.14886474609375,71903500
2022-11-15,147.4088592529297,89868300,100.91893005371094,19373800,234.17010498046875,31390100,309.9800109863281,4372400,97.5121078491211,41640800,153.8773193359375,9351000,42.48824691772461,19076000,46.90476608276367,76548600,53.27119827270508,7913108,121.73888397216797,14038300,378.34844970703125,93194500
2022-11-16,146.18077087402344,64218300,99.84013366699219,13591000,234.59710693359375,24093300,308.760009765625,2970600,97.91825103759766,29105200,154.83238220214844,5500900,42.033447265625,14713300,47.24198532104492,32593200,51.90181350708008,7629328,121.90370178222656,7893400,375.462158203125,68508500
2022-11-17,148.0769500732422,80389400,99.97279357910156,12425900,234.54855346679688,23123500,307.44000244140625,3062200,97.43285369873047,26052600,156.0820770263672,4464100,41.83333206176758,11350900,47.082916259765625,24791400,52.20136642456055,7466411,121.37256622314453,8820200,374.3133239746094,74496300
2022-11-18,148.63694763183594,74829600,99.10623168945312,15415000,234.1021728515625,27613500,310.760009765625,3395500,96.51161193847656,28342300,157.2781524658203,6555700,42.29723358154297,10515300,47.7923469543457,18987000,52.256385803222656,6555521,122.56303405761719,9468500,376.01287841796875,92922500
2022-11-21,145.41445922851562,58724100,98.12468719482422,20973000,234.90768432617188,26394700,311.20001220703125,2862000,94.69888305664062,21647400,158.08668518066406,5706600,42.606502532958984,11656800,48.085018157958984,21157200,52.50703811645508,5247691,121.839599609375,7800500,374.6455993652344,51243200
2022-11-22,147.54640197753906,51804100,100.96314239501953,17719100,237.79971313476562,19665700,315.760009765625,3172000,96.13520812988281,23438500,158.85031127929688,4707900,42.85209274291992,11684900,48.256805419921875,16898400,53.3690071105957,6797569,123.66192626953125,9185700,379.687255859375,60429000
2022-11-23,148.42079162597656,58301400,100.4591064453125,11546700,240.2745361328125,19508500,316.17999267578125,2684900,97.53192138671875,18868100,159.02096557617188,5389200,43.05221176147461,10878500,48.489051818847656,16920600,53.717464447021484,5867738,124.98060607910156,7316200,382.0798645019531,68261600
2022-11-25,145.51272583007812,35195900,100.10542297363281,7136000,240.1871337890625,9200800,317.42999267578125,1844900,96.54134368896484,9701400,159.22763061523438,3058600,43.15226745605469,4913300,48.695838928222656,8777400,53.882511138916016,3040207,125.21868896484375,3220500,381.994384765625,30545400
2022-11-28,141.69090270996094,69246000,97.0989990234375,23015500,234.62620544433594,24778200,313.2699890136719,4230700,95.14464569091797,26237500,159.30845642089844,6183100,42.73384475708008,12492600,48.83580017089844,17674800,52.250267028808594,6876058,123.03006744384766,9906900,375.89892578125,67881600
2022-11-29,138.6944122314453,83763800,97.74449157714844,14453200,233.23841857910156,17956300,315.1300048828125,3740100,94.2927474975586,20061700,158.1945037841797,6700500,43.27052307128906,13344900,48.66401290893555,13841700,52.366424560546875,7205262,125.05384063720703,7925300,375.2532958984375,52310000
2022-11-30,145.43411254882812,111380900,98.4518814086914,23158100,247.6114044189453,47594200,318.6000061035156,7919700,100.03807830810547,43647500,159.91041564941406,13288000,43.61617660522461,26417000,48.489051818847656,31338000,52.555938720703125,11654259,126.53736114501953,14761200,387.0740051269531,144566700
2022-12-01,145.7091827392578,71250400,97.97439575195312,14398300,247.1746826171875,26041500,315.8399963378906,4351600,100.03807830810547,28687100,160.5751953125,6282600,42.6337890625,15980300,48.791263580322266,22732200,52.12189483642578,6806718,124.7608413696289,8858500,386.7891540527344,76398200
2022-12-02,145.21795654296875,65447400,97.14320373535156,15248400,247.49497985839844,21528500,316.1499938964844,3025700,99.49325561523438,21480700,160.70094299316406,5823900,41.787837982177734,29820400,48.74354934692383,20733000,53.11224365234375,7191459,123.7718276977539,8931900,386.3428955078125,85342700
2022-12-05,144.0586395263672,68826400,94.48161315917969,19287700,242.81716918945312,23435300,310.57000732421875,3835800,98.54230499267578,24405100,160.61114501953125,5120600,39.71392059326172,32574600,48.24408721923828,23608200,51.75509262084961,7568656,120.30115509033203,10154500,379.392822265625,77289800
2022-12-06,140.4039306640625,64727200,91.85540771484375,21197000,237.88710021972656,22463700,307.7799987792969,3877400,96.06586456298828,24910700,158.20346069335938,7943500,39.477420806884766,25961400,47.68418502807617,20625600,52.134124755859375,9444207,120.50260162353516,13966700,373.9240417480469,77972200
2022-12-07,138.46844482421875,69721100,91.65203094482422,20061700,237.1592254638672,20481500,305.82000732421875,4130800,94.04508972167969,31045400,159.16473388671875,5702600,38.613285064697266,24114900,47.4360466003418,17550300,51.96295166015625,7801715,120.42019653320312,11739400,373.2879638671875,65927900
2022-12-08,140.1484375,62128300,92.3329086303711,21128800,240.0998077392578,22611800,305.989990234375,2351700,92.8266830444336,32213300,159.191650390625,4798500,38.73153305053711,17161400,47.509483337402344,13512600,51.12543487548828,10334231,121.6839370727539,8907300,376.21221923828125,60737900
2022-12-09,139.6670379638672,76097000,91.55477905273438,21298200,238.17823791503906,20609700,306.3900146484375,3326000,91.95498657226562,28225400,157.8800506591797,4561000,38.658756256103516,16023700,46.40142822265625,27929400,49.79273223876953,8899117,121.02460479736328,7957800,373.40185546875,81447700
2022-12-12,141.95619201660156,70462700,93.80958557128906,20413200,245.0590057373047,30665100,311.45001220703125,4366700,92.43045806884766,29420000,159.7666473388672,4882400,38.9862174987793,18428900,47.26679992675781,19432200,50.8686637878418,7480054,122.90185546875,8841600,378.7853088378906,75405800
2022-12-13,142.9190216064453,93886200,94.83531951904297,24305300,249.3389129638672,42196900,312.3299865722656,5042800,94.72858428955078,40593700,160.99742126464844,9177500,38.76791763305664,31496000,47.097557067871094,23408100,50.66693115234375,12391318,122.78282928466797,10025400,381.6526794433594,123782500
2022-12-14,140.69866943359375,82291200,94.13676452636719,17597300,249.63003540039062,35410900,309.2900085449219,4056900,94.17387390136719,28733600,161.49148559570312,9533600,38.367679595947266,22044400,46.83570098876953,20334600,49.85307693481445,12271899,122.16928100585938,9966100,379.21246337890625,108111300
2022-12-15,134.10630798339844,98931900,93.23483276367188,15365100,241.66233825683594,35560400,301.9100036621094,5103900,90.00354766845703,40107000,159.45223999023438,7602400,37.63089370727539,16766600,46.417396545410156,17514000,48.22536849975586,15598294,119.13816833496094,12087800,369.936279296875,117705900
2022-12-16,132.1511993408203,160156900,92.58050537109375,54596600,237.46978759765625,86102000,300.0,8305700,89.40921020507812,58011800,157.817138671875,18841800,37.467159271240234,29836200,45.58394241333008,40343100,47.51554489135742,15978540,118.39641571044922,21133700,365.5688781738281,119858000
2022-12-19,130.0487060546875,79592600,92.99609375,13611100,233.35487365722656,29696400,300.0299987792969,3842200,87.60636901855469,29493000,157.646484375,5736000,38.040218353271484,17454200,45.599910736083984,15067500,47.76642990112305,7061125,119.10152435302734,9017200,362.4688415527344,79878100
2022-12-20,129.9799346923828,77432800,94.34014892578125,14680000,234.66506958007812,25150800,302.0,3090700,88.18090057373047,23453800,157.817138671875,6174700,37.27613830566406,25415400,45.99906921386719,17009400,49.15548324584961,11196647,119.6784439086914,8549900,362.9649658203125,74427200
2022-12-21,133.07469177246094,85928000,95.55155944824219,13565400,237.21742248535156,23690600,307.82000732421875,3264600,88.7356185913086,24745600,159.62290954589844,5472000,37.403480529785156,20170800,46.35990905761719,13726500,50.77707290649414,12127441,121.02460479736328,8051700,368.39215087890625,78167400
2022-12-22,129.91119384765625,77852100,93.6239013671875,13213000,231.16156005859375,28651700,302.69000244140625,3560100,86.93277740478516,27658300,159.03897094726562,5709100,37.00325393676758,17382700,45.817054748535156,13082400,50.03665542602539,9730074,119.6509780883789,8648200,363.1366271972656,100120900
2022-12-23,129.5476837158203,63814900,96.09979248046875,11539400,231.6855926513672,21207000,306.489990234375,2460400,88.388916015625,23003000,159.44322204589844,3683400,37.27613830566406,10167500,45.9096565246582,9547500,50.048885345458984,5286213,120.2187271118164,5091900,365.2254638671875,59857300
2022-12-27,127.749755859375,69007800,97.43500518798828,11962100,229.9678955078125,16688600,305.54998779296875,2730900,86.56624603271484,20097300,159.39830017089844,3067300,37.330718994140625,10297400,45.92243194580078,10044600,50.69141387939453,6804792,120.63998413085938,5411000,363.78515625,51638200
2022-12-28,123.82972717285156,85438400,95.83451843261719,10702100,227.6095733642578,17457100,303.42999267578125,2628200,85.20917510986328,19523200,158.70655822753906,2645400,37.403480529785156,11889400,45.11772155761719,15246300,50.159034729003906,6210907,121.29932403564453,8827700,359.26409912109375,70911500
2022-12-29,127.33714294433594,75703700,96.5595932006836,10534000,233.89834594726562,19770700,309.05999755859375,2846200,87.61626434326172,23333500,159.5150909423828,2828800,37.594505310058594,11597100,45.39234924316406,9171900,51.248252868652344,7088733,121.99527740478516,6585200,365.73101806640625,66970900
2022-12-30,127.65149688720703,77034200,97.53227996826172,11799600,232.74346923828125,21938500,308.8999938964844,3298300,87.39834594726562,23986300,158.69757080078125,4216600,37.55812454223633,10021500,45.27738571166992,11505900,51.27273178100586,6625342,122.80115509033203,9292500,364.76763916015625,84022200
2023-01-03,122.87674713134766,112117500,94.18099975585938,15146200,232.51052856445312,25740000,309.9100036621094,3549900,88.27995300292969,28131200,160.08108520507812,6344900,38.0129280090332,15944300,45.85537338256836,17249700,52.000919342041016,10280781,123.73519897460938,11054800,363.23193359375,74850700
2023-01-04,124.14412689208984,89113600,94.45508575439453,18058400,222.3397979736328,50623400,314.54998779296875,5121200,87.24976348876953,34854800,161.82391357421875,9788800,38.795204162597656,18943600,45.90645980834961,13338300,55.027587890625,21031104,124.8890380859375,11687600,366.03619384765625,85934100
2023-01-05,122.82762145996094,80962700,96.56844329833984,15946600,215.75018310546875,39585600,312.8999938964844,3416300,85.38748168945312,27194400,160.6291046142578,6255300,38.585994720458984,12380700,45.74999237060547,13274400,55.88200759887695,16001061,124.8613510131836,8381300,361.8584899902344,76970500
2023-01-06,127.34693908691406,87754700,97.73562622070312,16348100,218.29283142089844,43613600,318.69000244140625,3647900,86.51673126220703,41381500,161.93170166015625,5706000,38.931640625,15247000,46.87083053588867,21231900,56.39152908325195,13018044,127.2506332397461,10029100,370.1566467285156,104189600
2023-01-09,127.86764526367188,70790800,95.91410827636719,17964600,220.41822814941406,27369800,315.5299987792969,4397400,87.19031524658203,29003900,157.73629760742188,7925300,38.55870056152344,21225600,46.28646469116211,17756700,56.9637451171875,9488844,126.72480773925781,8482300,369.94683837890625,73978100
2023-01-10,128.43746948242188,63896200,97.34657287597656,15104600,222.09718322753906,27033900,316.3500061035156,3049100,87.5865478515625,30467800,157.35897827148438,5047500,38.531410217285156,18348800,46.257728576660156,11970600,59.00180435180664,11597142,127.85948944091797,9048700,372.5412292480469,65358100
2023-01-11,131.14910888671875,69458900,98.47842407226562,16710400,228.81297302246094,28669300,320.3699951171875,2999500,90.65733337402344,26862000,157.10745239257812,6494800,38.8770751953125,18272100,46.663272857666016,14834700,60.898773193359375,12729603,128.80966186523438,8703700,377.2530517578125,68881100
2023-01-12,131.07046508789062,71379600,100.11424255371094,15357300,231.47210693359375,27269500,318.92999267578125,3070300,90.27099609375,30258100,156.31687927246094,4269400,38.95893096923828,20940400,46.241756439208984,12472800,61.81589889526367,14407871,128.6805419921875,11001700,378.6265869140625,90157700
2023-01-13,132.39683532714844,57809700,100.0523681640625,12011400,232.17091369628906,21333300,317.6400146484375,2773000,91.25167083740234,26329200,155.80479431152344,6088000,40.223304748535156,41649700,46.39503860473633,13699800,62.86628341674805,13843395,131.92776489257812,20200000,380.0954284667969,63903900
2023-01-17,133.5561065673828,63646600,99.85784149169922,16542200,233.25784301757812,29831300,314.8599853515625,3478900,90.42951202392578,32602400,154.84359741210938,6053300,40.132328033447266,25473900,46.11403274536133,15122400,63.09360122680664,10640727,129.8890380859375,14292900,379.3992004394531,62677300
2023-01-18,132.83892822265625,69672800,97.806396484375,16399700,228.851806640625,30028700,308.29998779296875,3406000,90.2611083984375,29116700,152.50778198242188,7047800,39.459224700927734,20278000,44.97403335571289,22674300,62.13728332519531,9816378,125.98681640625,13392600,373.4091491699219,99632300
2023-01-19,132.89788818359375,58280400,98.4342041015625,12928000,225.08628845214844,28623000,305.2300109863281,3614600,92.17290496826172,37000400,152.30116271972656,6939500,39.068092346191406,18565300,44.33218002319336,17342100,60.24814987182617,13045860,124.3078384399414,13303400,370.69085693359375,86958900
2023-01-20,135.4522705078125,80223600,100.22920989990234,16515600,233.13168334960938,35389800,309.8699951171875,3770100,97.09605407714844,63191100,151.5914306640625,8620600,39.95041275024414,23237200,44.878238677978516,29543100,60.890933990478516,10351409,124.61227416992188,13092500,377.5965270996094,91806400
2023-01-23,138.63546752929688,81760300,99.70753479003906,16584400,235.42201232910156,31934000,310.4200134277344,3086700,98.8493881225586,40005100,151.2051544189453,8425400,40.96009063720703,19692000,45.54882049560547,13149900,62.529212951660156,13729748,126.63256072998047,10487100,382.1271057128906,84178800
2023-01-24,140.03053283691406,66435100,100.63597869873047,13583000,234.89796447753906,40234400,311.29998779296875,2234300,96.7790756225586,33078500,151.2051544189453,10541800,40.43251419067383,13697200,45.67015838623047,13669200,63.25821304321289,16767395,127.72113037109375,6945000,381.7169189453125,59524900
2023-01-25,139.37229919433594,65799300,100.10542297363281,11914700,233.5101776123047,66526600,311.8999938964844,2299800,94.32245635986328,42330000,152.28318786621094,7099800,41.24207305908203,17285300,45.45302200317383,12491700,63.328773498535156,10652380,128.33917236328125,8967000,381.8599853515625,84800300
2023-01-26,141.43548583984375,54105100,104.12873840332031,21019700,240.6820831298828,33454500,310.95001220703125,2856600,96.60078430175781,30114000,151.72621154785156,6946100,41.669593811035156,16724600,45.411502838134766,15819000,63.60313034057617,8158534,129.132568359375,7487600,386.05670166015625,72287400
2023-01-27,143.37094116210938,70555800,102.22761535644531,15179200,240.83737182617188,26498900,309.1700134277344,3031200,98.43333435058594,33879800,151.1332550048828,6058100,41.951568603515625,18161800,45.75957107543945,18412800,65.24141693115234,9760244,129.44619750976562,7489900,386.94384765625,68346200
2023-01-30,140.4923553466797,64015300,100.41490936279297,18672100,235.54820251464844,25867400,307.3299865722656,3474600,96.0262451171875,27226200,145.53643798828125,23259100,42.10622024536133,19427400,45.39234924316406,15897600,63.36011505126953,7175806,128.34841918945312,6729300,382.08892822265625,74202000
2023-01-31,141.75967407226562,65874500,102.58131408691406,27861800,240.49771118164062,26541100,311.5199890136719,3653400,97.9083251953125,29870700,146.81211853027344,11612500,42.6337890625,22840400,45.94160079956055,14103600,63.08576202392578,8625026,129.11412048339844,9188700,387.7068786621094,86811800
2023-02-01,142.87969970703125,77663600,101.45831298828125,19464900,245.29196166992188,31259900,310.57000732421875,3518300,99.48333740234375,35531100,148.15965270996094,9865300,43.05221176147461,21874600,46.19704818725586,12849300,64.52809143066406,9112192,128.7727813720703,8841800,391.82733154296875,101459200
2023-02-02,148.1751708984375,118339000,98.28387451171875,24562100,256.7922668457031,39940400,311.8599853515625,4421400,106.72444915771484,69883800,148.7166748046875,10099000,43.235294342041016,19058000,45.86176300048828,17806800,65.79794311523438,10391129,128.17315673828125,11822100,397.53118896484375,101654500
2023-02-03,151.79061889648438,154357300,98.96475219726562,20226600,250.7267303466797,29077300,308.510009765625,5385700,103.7923583984375,65309300,147.88116455078125,6868500,43.55569839477539,17346900,45.2518424987793,17155500,64.2458724975586,7240085,130.15655517578125,11501200,393.3057861328125,94736800
2023-02-06,149.0692138671875,69858300,98.79674530029297,13855200,249.1933135986328,22518000,308.42999267578125,2973100,101.9300537109375,31999600,146.75819396972656,7021000,43.64724349975586,15948900,44.92293930053711,17454000,64.55159759521484,5425114,130.92221069335938,8406200,390.9021911621094,60295300
2023-02-07,151.93804931640625,83322600,101.61749267578125,16013300,259.6648864746094,50841400,312.9700012207031,3786700,106.6253890991211,49010200,146.7941131591797,7310800,44.059173583984375,21764800,45.018733978271484,16341300,64.36346435546875,5891982,132.5181884765625,10447900,396.0146789550781,90990700
2023-02-08,149.2559051513672,64120100,100.73323822021484,18459700,258.85943603515625,54686000,308.4800109863281,3370000,98.43333435058594,94743500,146.98280334472656,6054700,44.16902160644531,18070500,44.77605056762695,11691300,64.2458724975586,4269472,131.58644104003906,6958000,391.6842956542969,76227500
2023-02-09,148.2243194580078,56007100,101.11347198486328,17439300,255.84117126464844,42375100,307.2099914550781,3461200,94.11444091796875,119455000,144.9973907470703,7949500,43.546546936035156,17362100,45.19116973876953,13064400,63.328773498535156,4838334,129.53842163085938,6443100,388.2887268066406,78694900
2023-02-10,148.58837890625,57450700,105.37552642822266,24918600,255.33653259277344,25818500,309.8900146484375,2808000,93.67858123779297,54980700,145.67115783691406,7028000,43.49161148071289,18929000,45.89369583129883,15002700,63.720699310302734,4373095,130.11041259765625,6582900,389.19482421875,70769700
2023-02-13,151.3828125,62199000,104.96562957763672,14536200,263.3139953613281,44630900,313.739990234375,3261500,93.71821594238281,50076100,146.2101593017578,6414700,44.059173583984375,16451700,46.593017578125,16015800,64.81026458740234,5114245,131.52186584472656,7134600,393.76361083984375,64913500
2023-02-14,150.7432403564453,61707600,103.73596954345703,12079000,264.1389465332031,37047900,310.7900085449219,2907100,93.78754425048828,54726100,145.57232666015625,6316000,44.397884368896484,16844400,46.45890426635742,13831200,65.4843978881836,6726731,132.10304260253906,9249400,393.5823974609375,88389300
2023-02-15,152.839111328125,65573800,103.42413330078125,13663400,262.0276184082031,28922400,309.6300048828125,2410700,96.0262451171875,50169000,143.17367553710938,12621800,43.91271209716797,12854000,46.80377197265625,14674200,66.44856262207031,7305617,132.65652465820312,6728300,394.8605041503906,61555700
2023-02-16,151.24510192871094,68167900,103.12117767333984,11360600,255.05178833007812,29603600,308.17999267578125,2801700,94.6097183227539,42462600,142.15858459472656,11177000,43.22614288330078,12631700,46.06932067871094,16312200,65.8841781616211,5645893,130.8299560546875,8165300,389.42376708984375,76431500
2023-02-17,150.1036834716797,59144100,99.1559829711914,20758300,251.0725555419922,30000100,308.239990234375,2720500,93.46065521240234,34284100,145.12635803222656,12401900,43.47331619262695,13463800,46.76226043701172,24770700,65.09246063232422,5543523,131.2174530029297,7948800,388.4508972167969,89257800
2023-02-21,146.09893798828125,58867200,99.05799102783203,14469400,245.8284912109375,28397400,302.7200012207031,4131100,90.92478942871094,33629300,142.9638214111328,9423900,42.32903289794922,13652700,47.046470642089844,54393900,64.48104095458984,5101965,128.80966186523438,9996300,380.6581726074219,82655900
2023-02-22,146.52207946777344,51011300,97.77488708496094,13973800,244.6999053955078,22491100,303.1600036621094,2899500,90.7861099243164,30884000,142.7647705078125,9820200,42.11847686767578,13402900,46.05973815917969,29844000,65.21005249023438,10829053,127.82260131835938,11107500,380.1336364746094,83742300
2023-02-23,147.00418090820312,48394200,98.6748275756836,11289400,247.8716278076172,29219100,303.07000732421875,2736400,90.03325653076172,41206400,142.71951293945312,9385100,42.33818435668945,14783600,45.37318801879883,22021200,65.01406860351562,10120732,128.8465576171875,8068000,382.15570068359375,96242400
2023-02-24,144.35733032226562,55469600,98.68373107910156,14351000,242.47193908691406,24990900,304.0199890136719,3656200,88.28986358642578,36585100,141.12701416015625,8689700,42.67689895629883,16040300,45.49453353881836,20623500,65.49225616455078,8704340,130.00894165039062,9126900,378.0733337402344,108194400
2023-02-27,145.5479278564453,44998500,98.50554656982422,11710500,243.38644409179688,21190000,304.6600036621094,3652200,89.02288818359375,27502300,140.81936645507812,7267100,42.823360443115234,15468200,45.16563034057617,16647300,65.71956634521484,8007297,131.14361572265625,10014700,379.3609924316406,80444700
2023-02-28,145.04608154296875,50547000,97.93525695800781,18107000,242.66650390625,22491000,305.17999267578125,4736800,89.21109771728516,30142000,138.6749267578125,9062300,42.814205169677734,18627200,45.38595962524414,18054000,66.40151977539062,11441143,132.2414093017578,11019800,377.95892333984375,96438600
2023-03-01,142.97976684570312,55479000,98.8084716796875,13200000,239.60177612304688,27565300,304.6199951171875,3397200,89.50826263427734,31111200,138.0506134033203,6767000,42.73181915283203,13382200,44.75369644165039,14180100,65.9547119140625,7512988,131.50338745117188,7139200,376.5090637207031,99706800
2023-03-02,143.57015991210938,52238100,99.26292419433594,10339900,244.3107147216797,24808200,307.75,3152100,91.13280487060547,32204400,137.94200134277344,8762500,41.926246643066406,19115000,44.865455627441406,14785500,67.19322967529297,8546337,130.13809204101562,11106800,379.437255859375,85127800
2023-03-03,148.6080322265625,70732300,100.51929473876953,13006700,248.3775634765625,30760100,312.45001220703125,4493000,92.76725006103516,35160100,139.3625946044922,5747200,42.8874397277832,14947200,44.91974639892578,16888800,67.71058654785156,9618780,132.52740478515625,9513100,385.5226135253906,90120000
2023-03-06,151.36314392089844,87558000,101.41036224365234,14347400,249.91476440429688,24109800,316.9700012207031,4889800,94.2332992553711,32639300,140.75604248046875,8148200,42.6860466003418,14236000,44.913360595703125,16720800,68.306884765625,8084105,131.7525177001953,9261300,385.7896728515625,72795900
2023-03-07,149.16891479492188,56182000,99.45004272460938,11525300,247.26840209960938,21473200,311.1199951171875,3609700,92.97528076171875,27835500,139.42593383789062,7457700,40.690425872802734,24056800,44.46630096435547,17387400,67.78119659423828,8643445,127.8779525756836,11747600,379.8760986328125,108310600
2023-03-08,150.41856384277344,47204800,97.99765014648438,13509800,246.8306121826172,17340200,311.3699951171875,2701600,93.36160278320312,34103300,138.40347290039062,6230500,40.13203048706055,14852000,44.09907913208008,19090800,68.2441177368164,7598067,127.12147521972656,10002500,380.49603271484375,74746600
2023-03-09,148.17510986328125,53833600,97.24022674560547,12961200,245.4879913330078,26653400,304.82000732421875,3929500,91.44978332519531,28813500,136.84713745117188,7439400,37.6512336730957,33599800,43.802101135253906,15415800,71.8375473022461,35826152,120.23958587646484,25888100,373.4759216308594,111945300
2023-03-10,146.11865234375,68572400,96.03730773925781,15795700,241.8589630126953,28333900,303.6300048828125,5294800,89.77571105957031,35941000,137.1819305419922,8504300,37.86178207397461,55435400,43.73823928833008,20065200,71.39817810058594,23152683,123.29308319091797,37599700,368.08685302734375,189253000
2023-03-13,148.05703735351562,84457100,94.93241882324219,20745600,247.04466247558594,33339700,302.8800048828125,4993000,90.25119018554688,37335600,138.4939422607422,10799600,35.161293029785156,78806900,43.865970611572266,28142100,69.80545043945312,14201502,121.07905578613281,42901100,367.5622863769531,157790000
2023-03-14,150.1430206298828,73695900,95.28884887695312,18263500,253.72865295410156,33620300,305.3299865722656,5251500,93.08424377441406,36050200,139.2720947265625,8421200,36.772422790527344,52855100,44.09907913208008,25542600,71.53157806396484,14218418,124.18793487548828,29648100,373.6380920410156,149752400
2023-03-15,150.53663635253906,77167900,90.54846954345703,25733800,258.2527160644531,46028000,297.8800048828125,7162800,95.20406341552734,50622100,139.6612091064453,7757700,35.56407165527344,47324600,44.59083938598633,33133500,70.42529296875,15107797,118.32076263427734,34280600,371.3012390136719,172996900
2023-03-16,153.35076904296875,76161100,90.02272033691406,27465200,268.72137451171875,54768800,302.010009765625,6325700,99.3743896484375,65492000,139.3716278076172,7605500,35.97601318359375,40388800,44.337528228759766,28905600,72.15926361083984,10183883,120.6178207397461,24558500,377.8157958984375,143254200
2023-03-17,152.514404296875,98944600,88.96238708496094,43199500,271.8638610839844,69527400,293.510009765625,15609400,100.66212463378906,61028500,137.87867736816406,20540700,34.56626510620117,47403800,44.696651458740234,43081200,70.84112548828125,12765689,116.06063842773438,38396000,373.39813232421875,140553400
2023-03-20,154.87588500976562,73641400,91.28802490234375,32042100,264.85888671875,43466600,301.05999755859375,6056000,100.26590728759766,32960400,139.24496459960938,7129000,34.30995559692383,34283700,45.1776008605957,33928500,70.55081939697266,8705343,117.2875747680664,22875500,376.98858642578125,93055800
2023-03-21,156.72573852539062,73938300,95.3779525756836,31592300,266.3668518066406,34558700,303.8500061035156,4724000,103.9310302734375,42110300,139.24496459960938,8376800,35.22537612915039,34664700,45.0236930847168,19013400,72.32401275634766,8553980,120.43331146240234,17807800,381.9386291503906,91524200
2023-03-22,155.29901123046875,75701800,93.19486999511719,14952700,264.9172668457031,34873300,299.7300109863281,3086300,102.3956298828125,43427400,136.67526245117188,7943500,34.053627014160156,22994400,44.73512649536133,18548400,70.29190063476562,8784783,117.324462890625,17250200,375.42791748046875,111746600
2023-03-23,156.38134765625,67622100,92.1434326171875,14385900,270.1418762207031,36610900,298.3699951171875,4015800,104.6046142578125,40797800,136.74761962890625,9051500,33.51354217529297,30239900,45.09743881225586,22044300,71.86109924316406,10834691,117.01081085205078,16677600,376.44287109375,119351300
2023-03-24,157.68017578125,59196500,92.2503662109375,13401600,272.97308349609375,28172000,298.9200134277344,3905400,104.44611358642578,30393300,138.1229705810547,5696200,33.165679931640625,35694800,45.46616744995117,22752300,71.6884994506836,8342975,115.23039245605469,22311100,378.9130859375,107682400
2023-03-27,155.74176025390625,52390300,94.2730484008789,14805900,268.896484375,26840200,302.1400146484375,3833900,101.49421691894531,31120900,138.71112060546875,6772300,34.30079650878906,27454600,46.226078033447266,26775600,73.21060180664062,7524516,118.532958984375,18853900,379.6216125488281,74010400
2023-03-28,155.12191772460938,45992200,95.44921875,11047600,267.77764892578125,21878600,302.32000732421875,2436500,100.07769012451172,32057900,137.3719940185547,6115300,34.03532028198242,15270000,46.04652404785156,21282900,73.07722473144531,5023152,118.89273071289062,10820500,378.76947021484375,62871700
2023-03-29,158.19186401367188,51305700,97.0887680053711,14219100,272.9147033691406,25087000,305.29998779296875,2650000,100.43428802490234,28779600,138.7201690673828,6012000,34.75851058959961,20789100,46.24531555175781,24216900,73.79905700683594,6162254,119.13258361816406,14595300,384.27490234375,77497900
2023-03-30,159.75636291503906,49501700,97.56101989746094,11578200,276.35882568359375,25053400,305.0799865722656,2694000,99.93901062011719,33086200,138.82872009277344,4555700,34.21841049194336,22340400,46.707035064697266,21879000,73.79119873046875,6623107,118.77279663085938,12134700,386.52484130859375,69840000
2023-03-31,162.255615234375,68749800,97.71249389648438,14418000,280.49371337890625,32766000,308.7699890136719,5020200,102.75223541259766,36863400,140.2493438720703,9890000,34.21841049194336,30287900,47.277767181396484,20868000,75.00733184814453,9247391,120.2119140625,13105200,391.9728088378906,112062600
2023-04-03,163.50526428222656,56976200,103.47759246826172,28087700,279.45269775390625,24883300,310.30999755859375,4862300,103.37631225585938,25035400,141.92327880859375,6841900,34.52964782714844,21541000,47.67535400390625,19766700,76.04298400878906,6199468,120.07355499267578,11775400,393.46636962890625,67391100
2023-04-04,162.97390747070312,46278300,102.48851776123047,16365500,279.4040222167969,25824300,309.07000732421875,2740300,103.73292541503906,24420100,143.4071807861328,8314500,33.69661331176758,21942700,47.20723342895508,18113700,74.5758056640625,8554983,118.4683837890625,11579900,391.2834777832031,66601500
2023-04-05,161.13392639160156,51511700,104.24388122558594,16479500,276.6409606933594,22064800,310.3900146484375,2314500,103.48526000976562,28290500,149.84963989257812,16704200,33.769859313964844,15486900,47.98957443237305,26540700,73.94812774658203,10642230,118.64501190185547,9614700,390.25897216796875,65200200
2023-04-06,162.01950073242188,45390100,102.5152587890625,15778000,283.70440673828125,29770300,312.510009765625,3131400,107.39802551269531,48711500,149.43336486816406,9615400,34.69442367553711,23484900,48.35189437866211,17891700,73.43814849853516,8025340,118.51486206054688,8760200,391.78125,63743300
2023-04-10,159.431640625,47716900,102.06082153320312,13006600,281.55419921875,23103000,312.6199951171875,2330900,105.43669891357422,27067400,148.68238830566406,5354000,35.362693786621094,27005800,48.2589111328125,14519100,74.03443145751953,7499832,118.90535736083984,9477300,392.1833801269531,63681000
2023-04-11,158.22140502929688,47644200,102.7825698852539,11758500,275.1718444824219,27276600,313.70001220703125,3109500,104.35697174072266,26311800,148.63714599609375,5903800,36.040096282958984,25116100,48.117828369140625,18370500,73.68135833740234,6663078,119.49109649658203,10516300,392.2886657714844,59297900
2023-04-12,157.53260803222656,50133100,102.6756591796875,10919000,275.81396484375,27403400,314.54998779296875,2662600,103.65365600585938,24370300,148.32044982910156,5764100,35.87531661987305,20252900,47.88376998901367,11209800,73.83043670654297,8768118,119.47250366210938,11821000,390.6898498535156,86420400
2023-04-13,162.90504455566406,68445600,103.15680694580078,12399700,281.9919738769531,24222700,318.04998779296875,3323300,106.41735076904297,24843600,150.30206298828125,5640600,36.305564880371094,22397800,47.93186950683594,13272600,73.98735809326172,11044694,119.92807006835938,12450200,395.8791198730469,85814800
2023-04-14,162.56068420410156,49386500,103.40631103515625,11530800,278.3921813964844,20987900,319.739990234375,2975400,107.84378814697266,26578000,150.05772399902344,7225100,36.287254333496094,40963100,47.608028411865234,10464900,74.88179016113281,7211767,128.9838104248047,43931300,394.9121398925781,78161500
2023-04-17,162.58033752441406,41516200,102.20339965820312,13260400,280.980224609375,23836200,323.7900085449219,3425500,104.97113037109375,37571200,149.9039306640625,8046400,37.80685806274414,31445100,47.94148254394531,16166700,75.9253158569336,7676003,130.0065155029297,16050500,396.3292236328125,66436400
2023-04-18,163.8004608154297,49923000,104.1993408203125,17436100,280.56182861328125,20161800,324.6300048828125,3581200,103.51497650146484,26596400,145.68739318847656,14571500,38.32863998413086,27892300,48.04728698730469,13482300,77.25911712646484,8909832,131.4662322998047,13760100,396.5877380371094,63560000
2023-04-19,164.94187927246094,47720200,103.86965942382812,10682600,280.6397399902344,17150300,323.0899963378906,2406200,103.19801330566406,20905700,147.062744140625,6752000,38.66735076904297,23310500,48.09858703613281,12433500,77.698486328125,7038101,131.2988739013672,9158100,396.52069091796875,55227300
2023-04-20,163.97750854492188,52456400,103.04096984863281,17038700,278.3630065917969,23244400,323.82000732421875,2428400,104.29753875732422,27820800,148.01280212402344,9498800,38.14555740356445,19265500,48.406410217285156,13641600,78.27123260498047,8661237,130.9176788330078,10586200,394.3568420410156,75840400
2023-04-21,162.37371826171875,58337300,103.37066650390625,14315300,278.02252197265625,21676400,324.3299865722656,2405700,104.41641235351562,25800100,147.20750427246094,7014200,37.751930236816406,23975300,48.650089263916016,25335000,78.0750961303711,5112741,130.66664123535156,11842500,394.6632385253906,73457400
2023-04-24,162.6787109375,41949600,105.32205963134766,15831300,274.1405334472656,26611000,326.04998779296875,2261900,104.97113037109375,23542800,148.10328674316406,5278900,37.944175720214844,17327800,48.98033905029297,13579500,78.57722473144531,7833505,130.84332275390625,7567500,395.074951171875,64332100
2023-04-25,161.14376831054688,48714100,103.8250961303711,12179800,267.9624938964844,45772200,324.3399963378906,2552200,102.87110900878906,46664100,149.46054077148438,6263100,37.12029266357422,20728000,48.598785400390625,17246700,77.2355728149414,11649768,127.99827575683594,10629300,388.8036193847656,97766700
2023-04-26,161.13392639160156,45498800,102.8716812133789,15566100,287.3722839355469,64599200,320.5299987792969,2718600,102.73243713378906,53347600,147.14418029785156,5518200,36.12248611450195,26915600,48.38716506958008,12910200,75.48594665527344,8032357,125.72969055175781,14416100,387.1567077636719,80447000
2023-04-27,165.7093505859375,64902300,104.10133361816406,16279200,296.5761413574219,46462600,326.2300109863281,2950000,106.57585906982422,50089200,147.4879913330078,5739700,36.305564880371094,21695800,48.537864685058594,12861000,76.93742370605469,9348633,127.42183685302734,9041100,394.86431884765625,92968400
2023-04-28,166.95895385742188,55275900,105.44679260253906,24381900,298.94036865234375,36469600,328.54998779296875,2909600,106.32820129394531,36139800,148.1213836669922,6024900,36.38795471191406,20193000,48.406410217285156,14088600,77.65141296386719,6279159,128.52822875976562,9887300,398.2345275878906,89433100
2023-05-01,166.8704376220703,52472900,102.17665100097656,17355000,297.286376953125,21294100,330.1700134277344,2461300,106.18952178955078,26681700,148.03091430664062,4893400,36.973819732666016,26564300,48.60519027709961,11409600,79.38536071777344,7408237,131.2802734375,20415800,397.8324279785156,62122300
2023-05-02,165.83726501464844,48425700,98.10455322265625,24324100,297.1405029296875,26404400,325.8599853515625,3366500,104.32725524902344,30997200,149.32481384277344,7541700,35.55491638183594,36239500,48.4737434387207,11329500,79.64430236816406,7485046,129.16046142578125,14113400,393.3611145019531,103998500
2023-05-03,164.7647247314453,65136000,96.17098236083984,16212300,296.15777587890625,22360800,323.2200012207031,2653800,104.41641235351562,21795400,147.370361328125,5937200,35.38100051879883,25202700,48.294185638427734,12334500,79.84828186035156,5917543,126.42698669433594,12930900,390.6610412597656,91531800
2023-05-04,163.13133239746094,81235400,94.48689270019531,17177200,297.1405029296875,22519900,320.0,3185600,103.70318603515625,23419500,146.7008056640625,5128000,33.8771858215332,53247000,48.42935562133789,14011200,77.926025390625,9055431,124.69770050048828,17089200,387.8940124511719,94901900
2023-05-05,170.78659057617188,113453200,96.83927154541016,14968200,302.238525390625,28197100,323.8800048828125,3869500,104.57489013671875,26639300,147.19847106933594,5194500,35.00273513793945,27039700,48.847774505615234,14556000,78.64783477783203,6302841,127.13362121582031,11261400,395.074951171875,87891800
2023-05-08,170.7177276611328,55962800,97.22241973876953,11187800,300.292724609375,21318600,326.1400146484375,3302400,106.754150390625,26511400,146.86367797851562,4994900,35.408668518066406,22735400,49.153526306152344,14926200,79.1813735961914,4282128,127.4404296875,7484900,395.1802062988281,50046800
2023-05-09,169.01547241210938,45326900,97.2491455078125,11370800,298.68743896484375,21340800,324.8699951171875,2283400,106.3381118774414,36360100,145.72357177734375,5520500,35.5562744140625,18999100,49.237213134765625,15209700,79.244140625,6520737,126.82681274414062,7343600,393.4472351074219,49220100
2023-05-10,170.7767791748047,53724500,96.00167846679688,14884800,303.8536071777344,30078000,322.989990234375,2639800,110.6966323852539,63153400,146.2664794921875,6756600,35.316410064697266,17941600,49.09882736206055,15827700,78.09862518310547,5053224,126.89189910888672,8133400,395.2855224609375,96142900
2023-05-11,170.96371459960938,49514700,94.26412200927734,17165900,301.71319580078125,31680200,322.6400146484375,2548900,115.47120666503906,78900000,145.66929626464844,5867600,35.362548828125,18536200,49.28227996826172,11926800,78.0750961303711,5117628,126.49209594726562,7057300,394.59619140625,70157100
2023-05-12,170.03750610351562,45533100,94.25521850585938,12613300,300.60400390625,19774700,322.489990234375,1937300,116.40235137939453,41102300,145.479248046875,3904200,34.58757781982422,17658600,49.26618576049805,16119300,77.51803588867188,4332874,124.6791000366211,9988600,394.0791931152344,70481500
2023-05-15,169.54486083984375,37266700,94.43497467041016,13715600,301.0807800292969,16336500,323.5299987792969,2190000,115.41177368164062,36266800,144.36631774902344,5104500,35.76847457885742,24405800,48.883174896240234,16113900,80.02872467041016,7973716,125.72969055175781,7639500,395.4387512207031,54289400
2023-05-16,169.54486083984375,42110300,92.14308166503906,14795200,303.2991027832031,26730300,323.75,2139500,118.38350677490234,45035600,144.17633056640625,5599200,35.41789627075195,21821200,48.2072868347168,15512100,79.34615325927734,5523851,124.8836441040039,6477200,392.796142578125,57705500
2023-05-17,170.15576171875,57951600,94.21029663085938,14064700,306.165771484375,24315000,327.3900146484375,3046800,119.7009506225586,33323600,143.859619140625,6840700,37.327640533447266,29241600,48.12681579589844,26985900,81.18211364746094,6871703,128.72349548339844,12711500,397.56427001953125,87287000
2023-05-18,172.4810791015625,65496700,95.06411743164062,12005600,310.5729064941406,27276000,329.760009765625,2805000,121.67220306396484,35234200,143.39816284179688,5173000,37.09699249267578,27213900,48.751220703125,46768500,81.60576629638672,5772320,129.69969177246094,10999600,401.3941955566406,97177200
2023-05-19,172.58950805664062,55809500,95.50454711914062,13359600,310.39739990234375,27546700,330.3900146484375,4322900,121.60286712646484,41353400,143.78720092773438,6527100,36.93093490600586,19774900,48.24912643432617,27594000,81.80192565917969,7230687,129.40219116210938,13492200,400.8100891113281,103793300
2023-05-22,171.64356994628906,43570900,94.3450927734375,12882000,313.1665344238281,24115700,329.1300048828125,2762500,123.87129974365234,35253000,143.01234436035156,5675900,37.80738067626953,27519400,47.82427215576172,16117800,82.02945709228516,4996087,128.3330078125,11402500,400.97283935546875,60745400
2023-05-23,169.04232788085938,50747300,95.6303482055664,14394400,307.3942565917969,30797200,323.1099853515625,4029300,121.40475463867188,34046300,142.9575958251953,5793000,38.019569396972656,26116600,47.73415756225586,16302300,79.79337310791016,5738239,126.99413299560547,9514900,396.4727478027344,86383500
2023-05-24,169.31822204589844,45143500,96.69989776611328,16340300,306.01947021484375,23384900,320.20001220703125,3071500,119.76039123535156,34182600,142.82089233398438,5015100,37.705894470214844,21193700,47.515296936035156,20515200,79.22844696044922,6275400,125.83196258544922,8578000,393.6004638671875,89213700
2023-05-25,170.4513397216797,56058300,94.96527099609375,14316500,317.7883605957031,43301700,319.0199890136719,4245400,122.31607818603516,42317000,140.76963806152344,6886100,37.733577728271484,17691800,47.042171478271484,21299100,79.6521224975586,6737506,126.1387939453125,8472500,397.0090026855469,90961600
2023-05-26,172.8555450439453,54835000,94.3450927734375,12370300,324.58441162109375,36630600,320.6000061035156,3229400,123.43543243408203,35635900,140.71493530273438,6845400,38.03802490234375,17399400,47.1258544921875,15720900,80.60933685302734,6796523,127.31957244873047,8579900,402.1505432128906,93830000
2023-05-30,174.69810485839844,55964400,93.50923919677734,11938000,322.9462890625,29503100,322.19000244140625,3231800,122.5042724609375,35076700,140.73318481445312,5593100,37.80738067626953,14752600,47.009986877441406,15742500,80.34257507324219,7098370,127.80303192138672,7399900,402.3037109375,72216000
2023-05-31,174.6488494873047,99625300,91.83749389648438,24926100,320.19671630859375,45950600,321.0799865722656,6175000,121.71182250976562,37325800,141.3622283935547,11324600,36.72795867919922,27221100,47.27069091796875,30130800,79.65996551513672,13358734,126.17597961425781,14219900,400.07281494140625,110811800
2023-06-01,177.4471435546875,68901800,92.89806365966797,13551900,324.2821350097656,26773900,323.1199951171875,3375300,122.5538101196289,30772700,140.8881378173828,7901300,36.9586067199707,17079400,47.444488525390625,20239200,82.12360382080078,7797043,127.91459655761719,12248100,403.8739318847656,88865000
2023-06-02,178.2945098876953,61996900,95.05512237548828,14112000,327.03179931640625,25873800,329.4800109863281,3962200,123.49486541748047,26980100,143.10345458984375,7659700,38.04724884033203,16906100,47.89830017089844,19178100,83.01020812988281,7477278,130.60157775878906,12922500,409.7144470214844,91426200
2023-06-05,176.9446258544922,121946500,94.63270568847656,10628000,327.55828857421875,21307100,328.5799865722656,3091800,124.82221984863281,32305500,144.334228515625,6430500,37.31840896606445,18443900,48.213722229003906,15553200,81.6763916015625,5108732,129.31851196289062,8511900,408.92938232421875,65460200
2023-06-06,176.58006286621094,64848400,95.4056396484375,12209800,325.3546447753906,20396200,333.4100036621094,3181400,126.10997772216797,26638300,144.2065887451172,5073600,38.065704345703125,18825100,48.2072868347168,15015600,82.74343872070312,7794036,129.55096435546875,9329500,409.8197326660156,64022200
2023-06-07,175.21051025390625,61944600,97.54476165771484,16027100,315.3116760253906,40717100,335.4200134277344,3727800,121.34532165527344,52539000,144.5165557861328,6504300,38.812992095947266,17781800,48.27809143066406,24256500,83.2298812866211,9121088,130.8061065673828,9281400,408.4027099609375,85373300
2023-06-08,177.92010498046875,50214900,97.23917388916016,13517100,317.144775390625,23277700,335.95001220703125,2759300,120.98870849609375,29389200,146.10284423828125,5818400,39.08976364135742,17157300,48.97651290893555,18873000,83.22205352783203,4477596,130.84332275390625,7368100,410.8729553222656,61952800
2023-06-09,178.30438232421875,48900000,96.52014923095703,12251600,318.6366271972656,22529000,335.2900085449219,2619200,121.07786560058594,23778300,145.87493896484375,6264400,38.868350982666016,11098900,49.27261734008789,15603900,83.4024887084961,4365076,131.1036376953125,7249100,411.6101379394531,85742800
2023-06-12,181.0928497314453,54274900,95.64832305908203,14112000,323.5703430175781,24260300,333.6000061035156,2873400,122.47457122802734,28306400,145.77464294433594,6510600,38.591575622558594,19433400,49.597686767578125,14713500,83.34758758544922,4677449,131.09432983398438,7596600,415.34429931640625,76104300
2023-06-13,180.619873046875,54929100,95.66631317138672,13533800,325.949462890625,22951300,336.3900146484375,2953000,122.66278076171875,22278300,146.5404510498047,6066800,39.34809875488281,18864000,49.98391342163086,15738900,83.74772644042969,5411582,132.0426788330078,7701600,418.08258056640625,95899700
2023-06-14,181.25050354003906,57462900,94.51588439941406,16627700,328.9233703613281,26003800,335.8999938964844,5164600,122.5042724609375,30592300,147.2880096435547,6699100,38.82222366333008,14826100,50.489234924316406,21103200,82.14714813232422,6429268,131.54991149902344,9068700,418.5804748535156,100612100
2023-06-15,183.28025817871094,65433200,95.1719741821289,16224100,339.4149169921875,38899100,339.82000732421875,4095200,123.9109115600586,35246300,149.2663116455078,7138300,39.080543518066406,14188200,50.766021728515625,18160500,82.70420837402344,8733159,133.03750610351562,9343100,423.7698669433594,110303100
2023-06-16,182.20626831054688,101256200,94.4888916015625,43128900,333.7888488769531,46552000,338.30999755859375,8486200,122.36559295654297,45535600,149.72215270996094,13426600,38.91447830200195,36422100,50.057945251464844,34675800,83.39466094970703,13731752,133.195556640625,13813500,422.326416015625,114165800
2023-06-20,182.29493713378906,49799100,92.32283782958984,17514100,329.6156005859375,26375400,338.6700134277344,3751700,121.93965911865234,26097500,149.63096618652344,7995800,38.64692687988281,16679600,49.617000579833984,19994400,81.61363983154297,8068443,132.516845703125,8428600,420.1353454589844,76160400
2023-06-21,181.2603759765625,49515700,93.3564453125,13285700,325.2376708984375,25117800,338.6099853515625,4507000,119.4136962890625,30306300,149.40310668945312,7177500,38.425514221191406,11686500,49.71356201171875,19251000,82.42174530029297,5983576,132.3216094970703,9926500,417.9826354980469,76982300
2023-06-22,184.25575256347656,51245300,92.8441390991211,12455300,331.2342224121094,23556800,336.9599914550781,3303300,121.98918151855469,26952200,150.9893341064453,5485900,37.88119125366211,11504400,50.12874984741211,13307400,82.24129486083984,5292046,129.77410888671875,10075200,419.4914245605469,70637200
2023-06-23,183.94046020507812,53117000,92.03521728515625,17933600,326.6612548828125,23146900,335.25,4451700,121.18681335449219,34913600,150.86172485351562,9450700,37.46601867675781,18952000,50.03540802001953,18975000,81.42530822753906,7532911,129.0953826904297,9919500,416.3200988769531,92074500
2023-06-26,182.55113220214844,48088700,93.73394012451172,14283400,320.40142822265625,21520600,334.1199951171875,3220900,117.22452545166016,33969900,149.17518615722656,6978800,37.447574615478516,13618500,49.90345001220703,14106300,81.95099639892578,5326378,129.4114990234375,8429700,414.6191711425781,72823600
2023-06-27,185.3001708984375,50730800,93.96761322021484,13227500,326.2225646972656,24354100,335.3399963378906,2625600,117.2146224975586,39535900,148.8651885986328,4927500,37.7427978515625,11749600,49.72320556640625,12093600,82.31974792480469,5973427,129.42079162597656,8154000,419.1647644042969,72813700
2023-06-28,186.47274780273438,51216800,94.73157501220703,13084100,327.47052001953125,20259500,334.1499938964844,3175100,119.04718780517578,27091400,148.56434631347656,6780400,37.47524642944336,13959600,49.99356460571289,18889800,83.9909439086914,6009012,128.8536376953125,7558600,419.37615966796875,75636000
2023-06-29,186.80770874023438,46347300,95.89998626708984,11364400,326.69049072265625,16997000,336.9100036621094,2498900,117.97737884521484,24090900,149.60360717773438,4547500,39.163570404052734,23956300,49.6556282043457,21530400,84.53231811523438,4070746,133.3536376953125,15423200,421.029052734375,67882300
2023-06-30,191.12344360351562,85213200,96.39431762695312,13544700,332.0435485839844,26832800,341.0,4520600,118.57170867919922,29532200,150.898193359375,7580000,39.37576675415039,20062200,50.5890007019043,19073100,86.18780517578125,9250648,135.22242736816406,14212800,425.99749755859375,104964000
2023-07-03,189.63560485839844,31458200,96.58306121826172,7397000,329.55712890625,12508700,342.0,2047400,118.76982116699219,14467900,148.9198760986328,4033700,40.04002380371094,9249100,50.917293548583984,8647500,84.95600891113281,3723916,136.31019592285156,8021600,426.4875793457031,32793400
2023-07-05,188.52220153808594,46920300,96.0887451171875,12491200,329.7131652832031,18172400,341.55999755859375,2870700,120.60237884521484,27584800,148.42758178710938,7224600,40.11383819580078,15722200,50.888328552246094,17585400,85.24629211425781,4588235,135.40216064453125,8934900,425.8533630371094,58418400
2023-07-06,188.9951629638672,45094300,92.50260162353516,17961400,332.75531005859375,28161200,341.4599914550781,2548300,118.97784423828125,24745200,147.324462890625,6332500,39.56951141357422,14978600,50.56647491455078,14427000,84.24203491210938,4594375,134.06353759765625,9709500,422.5186462402344,80658300
2023-07-07,187.88174438476562,46815000,92.71829986572266,21929200,328.806396484375,21214800,340.8999938964844,2940800,118.3537826538086,21709500,145.18206787109375,7022200,39.458797454833984,13506500,49.4013671875,19774800,84.94815826416016,4843847,135.12132263183594,8981500,421.4519348144531,86134200
2023-07-10,185.84214782714844,59922200,94.09345245361328,14877600,323.55078125,32791400,341.1300048828125,2966500,115.35234069824219,35315200,145.4191131591797,5739200,39.043636322021484,16675800,49.84873962402344,12967800,86.78546142578125,5805400,135.8795928955078,9100100,422.5186462402344,62443500
2023-07-11,185.31991577148438,46638100,95.24388122558594,12576500,324.1748962402344,26698200,343.3699951171875,2754900,116.03583526611328,23078800,144.61683654785156,6606700,39.43112564086914,15401100,49.77471160888672,11460900,87.32723999023438,4746113,138.00462341308594,11260900,425.2095031738281,64463800
2023-07-12,186.985107421875,60750200,95.71123504638672,13238200,328.7868347167969,29995300,345.3500061035156,2897100,117.8089599609375,30404400,144.11541748046875,6940400,39.91086196899414,13998300,49.90022659301758,16509900,87.31153106689453,5403938,138.68798828125,11323200,428.63067626953125,91924500
2023-07-13,187.74380493164062,41342300,93.95862579345703,26826800,334.11065673828125,20567200,343.5400085449219,2831800,123.3660659790039,44297900,144.7809295654297,6401700,40.32602310180664,18034800,49.60734939575195,11859600,87.37434387207031,3477075,139.3620147705078,11234900,432.03265380859375,72425200
2023-07-14,187.8916015625,41616200,90.7229995727539,28181900,336.62628173828125,28352700,341.0899963378906,2669300,124.23779296875,33283100,145.74732971191406,5362200,40.18763732910156,30897600,49.77792739868164,10427400,86.58916473388672,3405529,140.2045135498047,27028400,431.7635803222656,69815800
2023-07-17,191.14317321777344,50520200,91.11847686767578,18051300,337.1040344238281,20363900,344.25,2359500,123.47505187988281,25716200,145.01795959472656,5486800,41.27628707885742,25173900,49.83907699584961,10135200,87.26441955566406,4557412,143.58399963378906,17262400,433.26275634765625,52680200
2023-07-18,190.886962890625,48288200,90.70503234863281,24617800,350.5207214355469,64738600,345.3399963378906,2565300,122.59344482421875,26193600,145.0088348388672,6332500,42.069705963134766,24183200,49.748966217041016,13437300,87.20159912109375,4476718,143.84608459472656,13491700,436.48211669921875,80668200
2023-07-19,192.23684692382812,80507300,91.33419036865234,15556500,346.220703125,39732900,342.42999267578125,3032100,120.87974548339844,37224000,144.71713256835938,7522600,42.67860412597656,18932700,49.76505661010742,12372900,86.28294372558594,5604920,144.3983917236328,12510000,437.4527893066406,65891700
2023-07-20,190.29576110839844,59581200,92.94300079345703,15740200,338.215576171875,33778400,346.6099853515625,3146000,118.07643127441406,37906800,153.50552368164062,21892900,43.48125457763672,18927200,50.68555450439453,14987700,87.34294128417969,5158852,146.17706298828125,9935900,434.550537109375,70591600
2023-07-21,189.1232452392578,71951700,93.37442016601562,17121500,335.1929626464844,69405400,345.760009765625,3301900,118.88867950439453,72937900,155.15567016601562,12080000,42.40182876586914,16215400,50.972007751464844,16960500,86.62843322753906,10277106,145.05368041992188,10636400,434.550537109375,71275600
2023-07-24,189.9213409423828,45377800,94.83943176269531,15090900,336.4994812011719,26678100,349.6300048828125,3269400,120.38445281982422,29686100,155.967041015625,15155400,42.82621383666992,12053200,51.271331787109375,12529800,86.56561279296875,6687261,147.90887451171875,14381400,436.49176025390625,54023400
2023-07-25,190.77857971191406,37283200,94.9832534790039,14116100,342.2230529785156,41637700,347.5799865722656,3014000,121.05805206298828,52509600,157.16131591796875,13790100,41.9589958190918,13537400,51.22948455810547,15553800,91.99116516113281,21329067,146.8042755126953,9944700,437.6833801269531,55191200
2023-07-26,191.64564514160156,47471900,94.45295715332031,15159600,329.3426208496094,58383700,349.79998779296875,2682900,128.05149841308594,61682100,157.46214294433594,14288200,42.844669342041016,19520900,51.41294860839844,15094200,90.07536315917969,9449750,147.68423461914062,8728600,437.7506408691406,71052900
2023-07-27,190.3844757080078,47460200,94.74955749511719,17677900,322.4685363769531,39635300,349.30999755859375,2706700,128.18028259277344,44952100,158.34645080566406,12446400,42.22654342651367,19509600,51.22626495361328,13400400,90.62496185302734,7752311,146.05538940429688,10778400,434.8484191894531,92194400
2023-07-28,192.9561767578125,48291400,93.6170883178711,17566400,329.9276428222656,28484900,349.80999755859375,2473300,131.33030700683594,36591200,159.06666564941406,14138800,42.567901611328125,12616400,51.46766662597656,11020200,89.81624603271484,5600785,146.88851928710938,9103800,439.1056213378906,80011800
2023-07-31,193.5670623779297,38824100,96.38534545898438,24197000,327.538818359375,25446000,351.9599914550781,2621600,131.46897888183594,28055500,152.73065185546875,22632700,42.58634948730469,11696600,51.451568603515625,13033200,89.69847869873047,5169252,147.8714599609375,8892700,439.9418029785156,62040400
2023-08-01,192.7393798828125,35175100,95.82808685302734,14177400,327.9483642578125,18311900,352.260009765625,2293300,130.31002807617188,23166800,153.97048950195312,15810300,42.17118453979492,12699200,51.21017837524414,11782500,88.89759063720703,6595040,147.1412811279297,6853900,438.6828308105469,55291500
2023-08-02,189.75387573242188,50389300,94.63270568847656,13484100,319.3288269042969,27761300,351.19000244140625,3085900,127.16990661621094,26273300,154.90037536621094,14595600,41.60841751098633,13911700,51.24557876586914,12660000,87.91612243652344,5377375,145.47491455078125,8299400,432.5804138183594,93933400
2023-08-03,188.3645477294922,61235200,96.2774658203125,16280400,318.5098876953125,18253700,353.80999755859375,2942000,127.23921966552734,20089500,155.56588745117188,17424800,41.98033905029297,12145400,51.258460998535156,13202700,88.22232055664062,4347409,146.36428833007812,6084000,431.3407287597656,64276100
2023-08-04,179.3192596435547,115956800,96.54711151123047,14279600,319.6019287109375,23741500,349.989990234375,2842000,126.9024429321289,26147200,154.10723876953125,23415100,41.70138931274414,10840800,50.96235275268555,14262000,88.7719497680664,6118274,146.05538940429688,6209400,429.3898620605469,100128900
2023-08-07,176.225341796875,97576100,96.349365234375,12410800,321.8736877441406,17741500,362.5799865722656,5379900,130.29019165039062,22746300,157.80857849121094,17736400,41.89665603637695,10860300,51.654335021972656,14268900,90.08319854736328,4140914,146.74807739257812,7251800,433.1378173828125,58357500
2023-08-08,177.16139221191406,67823000,96.82574462890625,14065600,317.9150390625,22327600,363.7300109863281,3428800,130.1614227294922,23535200,157.8815155029297,27378700,41.35736846923828,14520000,51.70582962036133,11017500,89.15669250488281,4735463,145.92430114746094,8623400,431.2541809082031,71361300
2023-08-09,175.5750274658203,60378500,98.47051239013672,19919600,314.19036865234375,22373300,358.0199890136719,4424600,128.43783569335938,24912900,157.78123474121094,42974400,40.650718688964844,11973800,51.789512634277344,13209600,88.07315063476562,3900213,143.96775817871094,6277800,428.3711853027344,78789600
2023-08-10,175.35824584960938,54686900,98.97383880615234,15837200,314.8728332519531,20113700,356.9800109863281,3098800,128.467529296875,20857800,156.96072387695312,48213800,40.60423278808594,11982200,51.763671875,15169500,89.17239379882812,5853515,143.75245666503906,5995100,428.52496337890625,93005500
2023-08-11,175.41746520996094,52036700,100.5107421875,14047000,313.000732421875,24355500,358.3500061035156,2475200,128.33877563476562,19591100,158.49234008789062,45905600,40.6600227355957,7316000,52.067298889160156,14195100,89.98114013671875,4463437,144.5856170654297,5180700,428.2751159667969,68690900
2023-08-14,177.06521606445312,43675600,100.59163665771484,12973400,315.95526123046875,18836100,358.4800109863281,1990700,130.0920867919922,24695600,158.1185302734375,64036900,40.66931915283203,10677000,51.6796875,20813700,90.72705841064453,4916020,144.8852081298828,5044300,430.63916015625,47867400
2023-08-15,175.0819854736328,43622600,98.00910186767578,14909600,313.82958984375,16966300,354.5,2863700,128.5567169189453,19770700,157.66268920898438,88958100,39.730228424072266,13835900,51.41483688354492,14559300,89.39224243164062,4276614,141.19679260253906,10300300,425.62274169921875,75707500
2023-08-16,174.2137451171875,46964900,96.35990905761719,13695100,313.0674133300781,20698900,354.1099853515625,2196100,127.48687744140625,25216100,157.16131591796875,85832700,39.25602722167969,10076700,51.44068145751953,26980800,89.17239379882812,4614924,140.5977020263672,6978200,422.49945068359375,80107200
2023-08-17,171.6780242919922,66062900,98.22657775878906,16709500,309.6280212402344,21257200,353.19000244140625,2847700,128.69537353515625,33446300,158.63818359375,70904200,39.48847961425781,12686000,50.28757095336914,53614200,87.12310028076172,5734981,139.13734436035156,9953900,419.2799987792969,95711300
2023-08-18,172.16152954101562,61172200,99.71267700195312,16224000,309.2372131347656,24755000,352.55999755859375,2870600,126.25857543945312,30504800,157.25247192382812,49631700,39.51637268066406,10797300,51.01109313964844,27954900,87.7748031616211,5651281,139.4556121826172,8517500,419.4818115234375,98852000
2023-08-21,173.49346923828125,46311900,98.50748443603516,11092400,314.51361083984375,24040000,352.0899963378906,2540000,127.15998077392578,25248700,152.56654357910156,151319500,39.507076263427734,12600400,50.875431060791016,15679200,87.95537567138672,3686075,139.9330291748047,8327000,422.2110900878906,68719000
2023-08-22,174.8649139404297,42038900,97.95471954345703,10518800,315.0802917480469,16084600,350.57000732421875,2363300,127.8633041381836,22054900,151.35400390625,56834800,38.58657455444336,13634500,50.71393585205078,16670700,87.67272186279297,3308421,137.03103637695312,9673300,421.0674743652344,64994200
2023-08-23,178.70303344726562,52722800,97.0938949584961,11435600,319.51641845703125,21166400,354.260009765625,2239500,131.12228393554688,27819700,149.99566650390625,119011400,38.6888542175293,11927400,51.06599426269531,14210400,89.0938720703125,3568043,137.95782470703125,7858000,425.7571716308594,68441000
2023-08-24,174.0262908935547,54945800,96.3689956665039,10818500,312.64727783203125,23281400,354.29998779296875,2521100,128.5567169189453,28500700,150.50616455078125,70755100,38.52149200439453,10363300,50.6751708984375,14033100,87.18589782714844,4211960,137.8267822265625,6534000,419.8565979003906,88517300
2023-08-25,176.2265167236328,51449600,98.09065246582031,13579300,315.5884094238281,21684100,355.92999267578125,2136800,128.65574645996094,26762900,152.6641082763672,18185500,38.33552551269531,12534700,50.975563049316406,12267000,87.91612243652344,3903596,137.65826416015625,6695500,422.81658935546875,102325100
2023-08-28,177.78543090820312,43820700,98.9152603149414,10382100,316.2919616699219,14808500,355.54998779296875,1728000,129.7750701904297,20543300,150.8643035888672,18458000,38.93989944458008,10314500,51.26626205444336,11871000,89.47863006591797,3524313,138.13568115234375,5094100,425.49774169921875,61595400
2023-08-29,181.66294860839844,53003900,99.50425720214844,9665000,320.8941650390625,19284600,358.2900085449219,2285600,133.3015594482422,43075600,150.88267517089844,12208600,39.051475524902344,14404800,51.69584655761719,12702300,90.55432891845703,5833091,139.25900268554688,6337000,431.6482238769531,83081900
2023-08-30,185.1458740234375,60813900,100.47383117675781,11922100,321.26544189453125,15222100,361.05999755859375,3058300,134.59921264648438,28315800,150.3500518798828,9939100,38.6237678527832,12536300,52.067298889160156,10967700,89.75342559814453,6086573,138.69735717773438,6277300,433.4261169433594,69053900
2023-08-31,185.36289978027344,60794500,100.75474548339844,17479800,320.2590026855469,26411000,360.20001220703125,2842300,134.88645935058594,30053800,148.46755981445312,15333000,38.391319274902344,21534900,52.52272033691406,19582800,89.87120056152344,5218620,136.98423767089844,10933900,432.7918701171875,66084600
2023-09-01,186.9317169189453,45766500,102.86605072021484,14843500,321.1384582519531,14942000,362.4599914550781,2637900,134.3812713623047,21543700,147.36566162109375,8610100,38.726043701171875,12890300,52.18680191040039,12553500,89.69847869873047,4435119,137.4429168701172,7903500,433.59906005859375,58944100
2023-09-05,187.1685028076172,45280000,102.87512969970703,18304000,325.9164733886719,18553900,360.4700012207031,2976800,134.490234375,19403100,147.54930114746094,9019800,38.6237678527832,14337200,51.766902923583984,15209400,88.63063049316406,4406550,135.9263916015625,7854700,431.72515869140625,55166200
2023-09-06,180.4691619873047,81755800,103.76314544677734,13325500,325.2618713378906,17535800,361.6700134277344,2655800,133.19259643554688,18684500,145.09747314453125,9753800,38.14026641845703,18775400,52.154502868652344,14594700,88.47359466552734,5018014,135.70172119140625,8629200,428.8228759765625,70758500
2023-09-07,175.19052124023438,112488800,103.25569915771484,13248500,322.35980224609375,18381000,361.79998779296875,3263800,133.98504638671875,18844300,146.9524383544922,9931800,37.59169006347656,13801000,52.800498962402344,19120800,87.7748031616211,4139035,134.54095458984375,8373700,427.5062561035156,70355400
2023-09-08,175.80224609375,65551300,104.75991821289062,14283200,326.62005615234375,19530100,363.1499938964844,3019100,135.09446716308594,23558300,147.43911743164062,6957000,38.12167739868164,13921200,52.897396087646484,12667200,87.7198257446289,3170967,134.64389038085938,7107900,428.150146484375,61659700
2023-09-11,176.96649169921875,58953100,103.44599151611328,14383600,330.2060546875,16583300,365.5199890136719,2921600,135.62939453125,20763400,149.3675079345703,6309300,38.42851638793945,15053800,53.081504821777344,11912100,89.71416473388672,5272499,135.23367309570312,6854200,430.9659729003906,60180100
2023-09-12,173.94732666015625,90370200,106.46346282958984,20145800,324.1772766113281,17565500,367.7799987792969,2898400,134.06427001953125,18405500,150.21231079101562,6045800,39.55356216430664,18393900,53.139652252197266,11757300,90.29521179199219,5275255,136.9936065673828,8363200,428.601806640625,67565400
2023-09-13,171.88525390625,84267900,105.51202392578125,13472800,328.3690185546875,16544400,367.82000732421875,3261400,135.42135620117188,20749500,150.58880615234375,7397500,39.2839241027832,15274200,53.15257263183594,14364300,89.19595336914062,3508651,137.0591278076172,8325900,429.1015625,60199300
2023-09-14,173.3948211669922,60895800,107.39680480957031,15210700,330.9486083984375,20267000,369.5,3670100,136.7982635498047,24751000,150.35923767089844,7758400,40.02775573730469,20764500,53.37543869018555,14923800,90.8055648803711,6637768,139.71771240234375,10034900,432.8014221191406,83430800
2023-09-15,172.67454528808594,109259500,105.74761962890625,34568400,322.6627502441406,37679800,367.8599853515625,11595000,136.10487365722656,38919600,148.25636291503906,13392100,39.934783935546875,47371800,53.17841339111328,63925200,90.67994689941406,8437076,139.30584716796875,19863400,427.5869140625,111848900
2023-09-18,175.5950469970703,67257600,106.59940338134766,14045300,321.529296875,16834200,370.42999267578125,3130900,136.90724182128906,21861300,149.19302368164062,5789000,40.38108444213867,15849700,52.78435134887695,12997800,91.5279312133789,4700880,139.59600830078125,6512400,427.83770751953125,55752200
2023-09-19,176.6803741455078,51826900,106.31848907470703,12562900,321.1286315917969,16505900,370.4800109863281,2603700,136.7388458251953,20353700,148.945068359375,5550800,40.185829162597656,15318100,52.77143096923828,14019600,91.24525451660156,3882045,139.4181671142578,7943400,426.9504089355469,66514600
2023-09-20,173.1481475830078,58436200,105.47577667236328,11879900,313.4289855957031,21436500,366.82000732421875,2268400,132.4793701171875,29927500,149.59710693359375,3837400,39.86039733886719,16788100,52.9426155090332,10120800,90.17742919921875,5134919,138.82843017578125,7332000,423.0253601074219,82562600
2023-09-21,171.6089324951172,63149100,103.98967742919922,14400600,312.21734619140625,35560400,363.2799987792969,3178600,129.21044921875,31503900,148.44923400878906,4526700,39.3490104675293,14990500,52.29985427856445,18782400,88.71698760986328,5760292,137.7425079345703,8052400,416.0334167480469,104095800
2023-09-22,172.45750427246094,56725400,104.15279388427734,13197300,309.7550354003906,21447900,360.1600036621094,3969400,129.0222930908203,26397300,147.384033203125,4976700,38.33552551269531,16780300,52.438751220703125,13215000,87.35079193115234,6249463,136.4225311279297,7071700,415.09796142578125,100829700
2023-09-25,173.7303009033203,46172700,105.32173919677734,11316000,310.27288818359375,17836000,361.7099914550781,2556200,129.87416076660156,20094600,147.1636199951172,6722500,38.64236068725586,10624000,52.67129898071289,10459500,87.782958984375,4741101,137.0965576171875,7044700,416.8435363769531,70874500
2023-09-26,169.66529846191406,64588900,105.48483276367188,11805400,304.9964599609375,26297600,359.4200134277344,3063900,127.35811614990234,25718700,146.02499389648438,4904800,37.79624938964844,15219400,52.48720169067383,14435700,86.37647247314453,6022043,135.6736602783203,7468400,410.7195739746094,96168400
2023-09-27,168.15570068359375,66921800,108.91912841796875,23976200,305.6316833496094,19410100,357.7799987792969,3535400,129.3095245361328,22746500,144.27105712890625,10211600,37.99150085449219,11815500,52.235252380371094,15711000,87.13079833984375,5912656,136.46934509277344,6717800,410.8835144042969,104705800
2023-09-28,168.4121856689453,56294400,108.25764465332031,16808100,306.4621887207031,19683600,357.05999755859375,2731700,131.06283569335938,22513100,144.0598602294922,7861900,38.037994384765625,12454600,52.500118255615234,11617200,88.27011108398438,5518337,138.16378784179688,8868100,413.2655334472656,92258300
2023-09-29,168.92527770996094,51861100,106.54503631591797,18813600,308.5238952636719,24147300,350.29998779296875,4932900,129.62652587890625,30859800,143.02218627929688,7680700,37.99150085449219,13124500,51.6570930480957,18842400,86.8636245727539,4924165,135.7578887939453,11917800,412.2625732421875,115111300
2023-10-02,171.43138122558594,52164500,104.77803802490234,14395000,314.4353942871094,20570000,348.0799865722656,3527600,132.90533447265625,22288000,142.47122192382812,7259700,36.829254150390625,15102000,51.711997985839844,12992700,85.48072814941406,5389278,134.58773803710938,9170600,412.0986633300781,83798600
2023-10-03,170.099365234375,49594600,104.95928192138672,13297100,306.2178649902344,21033500,343.0400085449219,3151700,131.1817169189453,22989400,142.6456756591797,5740800,35.95524978637695,19252900,51.38576889038086,11253300,84.67140197753906,8624900,133.595458984375,9431100,406.58221435546875,103760600
2023-10-04,171.34255981445312,53020300,101.03564453125,19622200,311.6604309082031,20720100,343.69000244140625,3244600,133.9652557373047,26752300,142.81100463867188,4955200,36.23419189453125,14343500,52.00269317626953,15755700,85.52787017822266,4876551,134.194580078125,8128700,409.5429382324219,87453000
2023-10-05,172.57589721679688,48527900,98.76122283935547,20128800,312.05126953125,16965600,345.05999755859375,3027300,133.79684448242188,19832600,144.29859924316406,5993300,36.541015625,11820600,51.38254165649414,14269500,85.42572021484375,4819539,134.76036071777344,8576200,409.388671875,70142700
2023-10-06,175.12147521972656,57266700,97.11201477050781,25367500,319.77044677734375,25673600,346.3399963378906,3174700,136.2831573486328,27597600,144.75775146484375,5802200,36.90363693237305,13976800,50.520137786865234,42616200,87.58650970458984,5284026,136.83506774902344,10270600,414.249267578125,113273300
2023-10-09,176.60147094726562,42390800,100.51007843017578,22369900,322.2719421386719,19891200,345.45001220703125,2762800,137.115234375,19278100,145.5841827392578,4414100,36.91294479370117,12096600,50.33602523803711,21022500,86.63577270507812,5418473,136.52389526367188,6964900,416.9013366699219,80374400
2023-10-10,176.00946044921875,43698000,100.08418273925781,13892000,320.8746032714844,20557100,348.55999755859375,2858600,136.75863647460938,27786600,145.4188995361328,5273500,37.02451705932617,14429700,50.904502868652344,16014300,87.59437561035156,5707039,137.35374450683594,11288800,419.07122802734375,78607300
2023-10-11,177.40065002441406,47551100,96.49581909179688,57939000,324.81243896484375,20063200,348.42999267578125,2620800,139.22518920898438,25884300,143.41705322265625,6922900,36.90363693237305,14835900,51.10798645019531,12026100,88.99299621582031,3580573,137.82522583007812,8698200,420.78790283203125,62451700
2023-10-12,178.29852294921875,56743100,96.47770690917969,31183000,323.5811462402344,19313100,345.6600036621094,2677500,137.66006469726562,24765500,143.5547637939453,5792400,36.95013427734375,14878100,51.34054946899414,13514100,87.47650909423828,3861746,137.504638671875,10484400,418.22259521484375,81154200
2023-10-13,176.46331787109375,51427100,99.55862426757812,30276500,320.229736328125,21072400,345.0899963378906,2804800,136.06521606445312,23420500,144.03231811523438,5359800,38.08448791503906,28077900,51.624786376953125,13809000,85.94432830810547,4578337,139.5699005126953,29427000,416.1394958496094,95143100
2023-10-16,176.33506774902344,52517000,99.63111877441406,18452000,325.02728271484375,22158000,346.2300109863281,3117800,137.78884887695312,28501900,144.65672302246094,6408100,38.726043701171875,18419000,52.07052993774414,14348100,85.75574493408203,5616698,139.42840576171875,12663500,420.5178527832031,75433200
2023-10-17,174.78598022460938,57549400,100.93596649169922,19775400,324.4606018066406,18338500,345.3900146484375,2998600,138.40298461914062,23515800,143.3343963623047,12244400,39.032875061035156,16982300,52.13835525512695,10893000,86.44719696044922,4916647,139.1266632080078,11482700,420.49853515625,75324700
2023-10-18,173.49346923828125,54764400,102.34956359863281,23380300,322.5552062988281,23153600,340.8900146484375,2977100,136.65960693359375,23375000,140.24896240234375,9097300,38.614471435546875,16053200,52.1771125793457,10559100,84.52212524414062,6080433,137.5989532470703,9620300,414.8954162597656,93559800
2023-10-19,173.11856079101562,59302900,102.4129867553711,20972500,323.737548828125,25052100,338.6600036621094,2741300,136.45156860351562,26066000,139.8725128173828,7733800,38.28903579711914,16120300,51.928409576416016,11745900,84.03496551513672,5035055,137.01425170898438,11143600,411.2499694824219,121323000
2023-10-20,170.57301330566406,64244000,100.65507507324219,22445300,319.1939697265625,25027700,335.8599853515625,3466100,134.3218536376953,26335700,140.49691772460938,7207000,37.44292449951172,17498900,51.279170989990234,15056700,83.35136413574219,9714760,134.80752563476562,13332900,406.19647216796875,123919900
2023-10-23,170.69137573242188,55980100,99.17803955078125,18185000,321.7833557128906,24374700,336.8399963378906,2794200,135.2133331298828,26317900,139.0184783935547,5874000,36.7083854675293,13785800,52.005916595458984,17097000,83.83065795898438,7300229,132.96861267089844,10133400,405.4924621582031,92035100
2023-10-24,171.12548828125,43816600,98.217529296875,16786100,322.96563720703125,31153600,338.6300048828125,2355700,137.5015869140625,44814300,138.87156677246094,6155300,36.522422790527344,15097800,52.72943878173828,17535000,89.27586364746094,15904078,133.12890625,8881400,408.5495910644531,78564200
2023-10-25,168.81674194335938,57157000,98.39875030517578,22047300,332.87353515625,55053800,336.8999938964844,2623200,124.42599487304688,84366200,139.18377685546875,5880800,36.28997802734375,13849000,52.5711669921875,16621800,87.37435913085938,8224191,132.4027862548828,8242600,402.68609619140625,94223200
2023-10-26,164.6629180908203,70625300,97.50165557861328,18768300,320.38604736328125,37828500,336.1600036621094,2685400,121.12738037109375,57061100,136.8238067626953,7612500,36.866455078125,15480300,52.25140380859375,16220100,85.48858642578125,9738191,132.74227905273438,9109400,397.8640441894531,115156800
2023-10-27,165.9751739501953,58499100,95.64407348632812,23092000,322.2620849609375,29856500,331.7099914550781,3608200,121.0184326171875,44566500,133.70164489746094,11385800,36.03892517089844,13582800,52.05759811401367,13829700,83.56352233886719,6677237,127.96106719970703,17434700,396.06060791015625,107367700
2023-10-30,168.01754760742188,51131000,95.9430923461914,19379900,329.5904541015625,22828100,337.4100036621094,2634700,123.2868423461914,28940100,135.01480102539062,8205300,36.661895751953125,14141900,52.6551513671875,12653700,86.28218078613281,5611435,129.59249877929688,9855500,400.79583740234375,86562700
2023-10-31,168.49114990234375,44846000,95.91590118408203,22185200,330.3721618652344,20265300,341.3299865722656,3066900,122.9104232788086,26292300,136.2177276611328,7576900,36.97802734375,11919200,52.781124114990234,14168400,85.35501861572266,6349452,131.1391143798828,9672500,403.3128967285156,79665200
2023-11-01,171.64845275878906,56934900,95.72561645507812,28984900,338.1499938964844,28158800,343.75,2789700,125.25808715820312,30082400,136.53912353515625,5733000,36.829254150390625,19850300,53.25270462036133,14899500,84.27069854736328,12703791,131.0259552001953,9432000,407.6142272949219,98068100
2023-11-02,175.20040893554688,77334800,98.86994934082031,25212700,340.3485412597656,24348100,349.0199890136719,3433700,126.28827667236328,27124600,137.9624481201172,5349100,38.001869201660156,19998500,53.462650299072266,15492300,84.68711853027344,9398127,133.3646697998047,10186200,415.4258728027344,94938900
2023-11-03,174.2926788330078,79829200,97.66476440429688,30555600,344.7259521484375,23637700,351.80999755859375,4409100,127.88312530517578,26393100,138.97254943847656,4926800,39.043148040771484,16147500,53.18486404418945,17240100,85.58287811279297,6941620,134.8546600341797,9538700,419.21600341796875,100167800
2023-11-06,176.8382568359375,63841300,95.93403625488281,19097300,348.37060546875,23828300,346.6300048828125,5486200,129.0222930908203,19052700,139.3031463623047,4851400,38.780479431152344,15148600,53.255924224853516,14529000,87.83009338378906,6131806,135.87318420410156,7625100,420.1802978515625,67831700
2023-11-07,179.39370727539062,70530000,94.42982482910156,20272500,352.27911376953125,25833900,346.1700134277344,3062900,129.7354736328125,29757300,138.5685272216797,4840400,38.499053955078125,13796900,53.504634857177734,15023400,87.84579467773438,5237415,135.80714416503906,6297900,421.3761901855469,64256100
2023-11-08,180.44940185546875,49340300,93.26994323730469,19184100,354.88800048828125,26767800,346.29998779296875,2602400,130.5972900390625,26425800,138.0634765625,5460000,38.44276809692383,19418700,53.06858444213867,15591900,89.4565658569336,6065021,136.47671508789062,7618200,421.684814453125,61746000
2023-11-09,179.97581481933594,53763500,93.29711151123047,18380500,352.43536376953125,24847300,348.17999267578125,3052100,129.01235961914062,23747800,135.37290954589844,6973600,37.898681640625,14006500,52.94584655761719,15080100,88.85941314697266,5786605,136.07118225097656,7992500,418.3961181640625,83174400
2023-11-10,184.1548614501953,66133400,94.01297760009766,17825500,361.20989990234375,28042100,350.55999755859375,3701100,131.3402099609375,26913300,135.21676635742188,6930700,38.35834503173828,14706600,53.67905807495117,14319900,90.57232666015625,4382618,138.08932495117188,7983300,424.9251403808594,89462200
2023-11-13,182.57412719726562,43627500,95.0007095336914,15308400,358.2882995605469,19986500,350.010009765625,2196200,130.84490966796875,18324800,135.56576538085938,5889300,38.24577331542969,12159700,54.16032409667969,15408900,90.76876068115234,5753776,137.476318359375,6676300,424.5201721191406,52236100
2023-11-14,185.18235778808594,60108400,95.36646270751953,18260500,361.7961730957031,27683900,354.25,3387500,132.36048889160156,32395200,135.59329223632812,6713600,39.47466278076172,20183800,54.150630950927734,19792500,92.12811279296875,6007634,139.98483276367188,9927700,432.7561340332031,97176900
2023-11-15,185.7454833984375,53790500,94.79036712646484,20137600,361.9430236816406,26860100,356.7900085449219,3572900,133.35107421875,23861500,136.64010620117188,6729100,40.18760299682617,17268100,54.83861541748047,35769900,91.38164520263672,5245309,141.21078491210938,8365300,433.6722717285156,77327600
2023-11-16,187.4250030517578,54412900,93.69304656982422,22469100,368.30718994140625,27182300,359.8599853515625,2822500,135.6392822265625,28013200,137.83389282226562,6875600,39.896793365478516,16931200,50.400630950927734,97658700,93.45599365234375,5825072,142.8233642578125,8126200,434.2027587890625,66665800
2023-11-17,187.40524291992188,50922700,95.97914123535156,22984900,362.1192626953125,40157000,358.92999267578125,3260000,134.03457641601562,37240600,137.54920959472656,7023300,40.30017852783203,13893800,50.177757263183594,42487800,94.23388671875,5186418,144.11532592773438,7812400,434.7427978515625,83133200
2023-11-20,189.14402770996094,46505100,95.55850219726562,17458800,369.55059814453125,52465100,361.3299865722656,3215300,134.9656982421875,27815500,138.76182556152344,8851700,40.14069747924805,10369100,50.16160583496094,26663100,94.3438949584961,5190678,144.55857849121094,7019000,438.0892639160156,69936200
2023-11-21,188.34378051757812,38134500,95.52192687988281,14989000,365.27197265625,28423100,361.0,2918800,135.67892456054688,22635300,139.88182067871094,5916300,39.96246337890625,16078400,50.34248733520508,29382300,94.20246124267578,3506019,144.25677490234375,7083500,437.1344909667969,49244600
2023-11-22,189.00572204589844,39617700,95.11043548583984,18072000,369.9520568847656,23345300,361.79998779296875,2110200,137.18460083007812,17813900,139.60414123535156,4633500,40.131317138671875,11862200,49.9581184387207,26416500,93.974609375,3773785,144.59629821777344,5174500,438.8221740722656,59394900
2023-11-24,187.68186950683594,24048300,95.62250518798828,9480800,369.54083251953125,10176600,362.67999267578125,1282000,135.40155029296875,12514300,141.1592254638672,3351400,40.26265335083008,5287200,50.40708923339844,13975200,94.26530456542969,1981995,144.79432678222656,3496900,439.09228515625,29737400
2023-11-27,187.5040283203125,40552600,95.06470489501953,18013500,370.69610595703125,22179200,361.3399963378906,2580300,135.12420654296875,23436500,140.0299530029297,6449700,40.3564567565918,15715000,50.63641357421875,23393700,94.26530456542969,3984415,144.46424865722656,6259100,438.3014831542969,50506000
2023-11-28,188.10667419433594,38415400,95.00984191894531,20629500,374.70068359375,20453100,360.04998779296875,2953500,135.90675354003906,18730000,140.35391235351562,5909000,40.684791564941406,15332900,51.24041748046875,23535000,93.38528442382812,4378107,144.79432678222656,6582700,438.73541259765625,62115000
2023-11-29,187.0890655517578,43014200,93.58331298828125,26802100,370.9311828613281,28963400,358.69000244140625,3141100,133.71759033203125,23967200,140.7982177734375,5190000,41.06940460205078,16746000,50.41354751586914,29896500,93.39313507080078,3792831,145.5299072265625,9126100,438.42681884765625,63146000
2023-11-30,187.66207885742188,48794400,93.94908142089844,29254700,370.9898681640625,30554400,360.0,4606800,131.28077697753906,38988300,143.15855407714844,12481900,41.829261779785156,23247500,50.28757095336914,29925900,95.70321655273438,10174611,147.1896514892578,9869800,440.1530456542969,79752700
2023-12-01,188.93655395507812,45704800,94.17769622802734,17845300,366.68182373046875,33040500,357.07000732421875,4705700,130.61709594726562,31442300,146.6019287109375,10342900,42.232635498046875,18116100,49.85152816772461,39273600,96.25323486328125,5668572,147.90635681152344,8916000,442.7569885253906,89183400
2023-12-04,187.1483612060547,43389500,93.6656265258789,21523900,361.4240417480469,32063300,356.6600036621094,3053400,128.05149841308594,36669900,147.06475830078125,8920300,42.326438903808594,13424000,49.8386116027832,24883200,95.4910659790039,4747116,148.99085998535156,9607500,440.4327392578125,72430900
2023-12-05,191.09031677246094,66628400,91.84589385986328,22250300,364.7333984375,23065000,355.0299987792969,3061200,129.7552947998047,27384800,146.75930786132812,7268200,41.735450744628906,14531700,50.30048370361328,21883800,94.46961212158203,3688206,148.9720001220703,9135600,440.34600830078125,69793500
2023-12-06,190.00355529785156,41089700,90.62969207763672,31154800,361.0911560058594,21182100,352.3800048828125,3039100,128.79443359375,23576200,144.9728240966797,6642900,41.74482727050781,18923800,49.75463104248047,26447400,94.13958740234375,3964241,147.40655517578125,9366000,438.5714416503906,69124700
2023-12-07,191.93006896972656,47477700,89.99872589111328,29990700,363.1962585449219,23118900,352.70001220703125,2830000,135.6392822265625,56767100,143.84353637695312,6532400,42.589111328125,18787800,49.42719268798828,25362600,93.88030242919922,5064626,147.8592071533203,8130900,441.91790771484375,66995400
2023-12-08,193.3527374267578,53406400,91.03204345703125,22074900,366.4077453613281,20154400,353.0799865722656,3289000,133.71759033203125,32260100,142.93643188476562,6254700,43.245765686035156,20238400,48.90847396850586,34069500,94.7524642944336,4925418,149.49069213867188,7369400,443.81787109375,83194400
2023-12-11,190.85321044921875,60943700,91.09605407714844,22252300,363.5389099121094,27708800,357.05999755859375,3108400,132.03359985351562,31138000,143.52883911132812,6090400,43.15195846557617,21116900,49.03166961669922,31883400,94.5088882446289,4643869,150.03765869140625,8093900,445.54412841796875,65002200
2023-12-12,192.36477661132812,52696900,89.66038513183594,26084000,366.55462646484375,24838300,360.0199890136719,3188800,131.27085876464844,29032800,143.5380859375,5324400,43.59286117553711,19787100,49.07057189941406,21381900,96.11181640625,4664543,151.3767547607422,10223000,447.5789794921875,68327600
2023-12-13,195.5756072998047,70404200,90.45594787597656,19915400,366.54473876953125,30955500,362.0299987792969,3132700,131.32040405273438,30104800,144.2045440673828,10764600,44.8029899597168,26549100,49.942657470703125,35348700,95.2160415649414,5506309,151.88600158691406,12379100,453.7511901855469,93278000
2023-12-14,195.72378540039062,66831600,92.88834381103516,26165700,358.28118896484375,43277500,358.1199951171875,5512300,130.69635009765625,38722400,145.2042236328125,9240700,47.382728576660156,41115400,49.33316421508789,30891300,95.34961700439453,10454155,154.6490936279297,13643000,455.2074279785156,119026000
2023-12-15,195.19032287597656,128538400,92.26652526855469,55527000,362.9808654785156,78502300,356.5,8578200,131.35009765625,50847100,143.6214141845703,21727800,47.19511413574219,44099200,49.51795959472656,70003500,96.82682037353516,13586279,155.81846618652344,20309300,454.4579162597656,141553700
2023-12-18,193.5305633544922,55751900,92.95236206054688,21610400,364.8606872558594,21802900,359.6499938964844,4526400,134.51995849609375,32258000,143.88058471679688,7231400,46.585350036621094,20531700,50.24092102050781,26316000,97.14898681640625,5206215,156.7615203857422,8469600,457.0142822265625,70375300
2023-12-19,194.5679473876953,40714100,94.17769622802734,18904700,365.4580078125,20603700,361.79998779296875,3084600,135.36195373535156,25476800,144.82472229003906,6651500,46.988731384277344,20556400,50.42247772216797,24417000,98.9561767578125,5957138,158.8550567626953,10345700,459.7933044433594,55761800
2023-12-20,192.4833221435547,52242800,92.6048583984375,20988900,362.8731994628906,26316700,355.3500061035156,3926700,137.03599548339844,49107200,141.8719482421875,7008300,46.28517150878906,20481500,49.832435607910156,21967800,96.93682861328125,6231921,157.0632781982422,10734700,453.4218444824219,102921000
2023-12-21,192.33511352539062,46482500,93.0255126953125,19250900,365.732177734375,17708000,356.1400146484375,2851200,139.09640502929688,27488300,143.32522583007812,4598600,46.38835525512695,11127700,50.1858024597168,20087700,99.76549530029297,5185165,157.9591522216797,7601700,457.72113037109375,86667500
2023-12-22,191.2681427001953,37149600,93.19011688232422,12927800,366.7503967285156,17107500,356.4700012207031,2332200,140.1563262939453,26532200,143.89910888671875,3798900,46.135074615478516,10450400,50.78558349609375,19405500,99.54547119140625,4030650,157.86485290527344,6576300,458.6410217285156,67160400
2023-12-26,190.72476196289062,28919300,93.40042877197266,16835100,366.8287353515625,12673100,356.8299865722656,1964400,140.18603515625,16780300,144.5285186767578,4170000,46.56659698486328,8856600,50.7077751159668,11679900,100.15838623046875,2480063,158.79847717285156,4683600,460.5776672363281,55387000
2023-12-27,190.8235626220703,48087700,92.96151733398438,14558800,366.2510681152344,14905400,356.95001220703125,2478500,139.04685974121094,19628600,144.722900390625,5288100,46.275787353515625,12536700,51.18434524536133,19896000,100.79521942138672,3314310,159.7509307861328,6428600,461.410400390625,68000300
2023-12-28,191.24835205078125,34049900,91.61727142333984,16329300,367.43572998046875,14327000,357.57000732421875,2740600,138.90818786621094,16045700,144.93580627441406,4377500,46.41649627685547,9872600,51.08384323120117,16776000,100.88955688476562,3965494,160.5996856689453,6320100,461.584716796875,77158100
2023-12-29,190.21104431152344,42672100,91.42524719238281,17746400,368.17987060546875,18730800,356.6600036621094,3269400,138.37327575683594,18733000,145.0839080810547,4313700,46.17259216308594,11733600,51.10977554321289,21948300,100.3470458984375,4441133,160.4110565185547,6435100,460.2484130859375,122283100
2024-01-02,183.4040069580078,82488700,93.60160064697266,23483000,363.117919921875,25258600,362.4599914550781,4737000,136.8675994873047,23711200,148.07369995117188,9622100,46.275787353515625,14916000,51.641456604003906,23539800,99.02618408203125,5189425,162.27830505371094,9977400,457.67266845703125,123623700
2024-01-03,182.03076171875,58414500,94.38801574707031,23490800,362.8535461425781,23083500,366.75,4321800,137.61053466796875,24212100,148.99935913085938,8232000,45.66603469848633,21653600,51.64469528198242,18756000,97.54020690917969,4531850,161.5709991455078,9852300,453.93505859375,103585900
2024-01-04,179.71893310546875,71983600,93.56501770019531,19395200,360.2492370605469,20901500,363.67999267578125,4142800,135.10440063476562,27137700,148.6846160888672,6766600,46.228878021240234,15917500,51.14543533325195,19282500,98.01194763183594,4364199,162.64321899414062,11972500,452.4729309082031,84232200
2024-01-05,178.9977264404297,62379700,93.84849548339844,15827400,360.0631408691406,21004600,365.5899963378906,2965200,134.45057678222656,22513900,149.14743041992188,5602500,46.829254150390625,15074800,50.805030822753906,21709500,99.29351043701172,4190157,163.45924377441406,10066000,453.0926208496094,86118900
2024-01-08,183.32496643066406,59144500,92.28482055664062,23370100,366.8580627441406,23134000,368.17999267578125,3445700,137.53131103515625,21404000,149.51771545410156,6569800,46.829254150390625,15119700,51.304283142089844,20680800,100.85810852050781,6920068,163.2220458984375,11229900,459.56097412109375,74879100
2024-01-09,182.9100341796875,42841800,91.14176940917969,19496600,367.93511962890625,20830000,366.8999938964844,2998800,139.6214141845703,24759600,149.6102294921875,6357000,46.238258361816406,13625200,51.6479377746582,23322300,101.2512435913086,4815028,161.9315948486328,9923600,458.86370849609375,65931400
2024-01-10,183.9473876953125,46792900,90.2456283569336,18206100,374.76922607421875,25514200,367.9200134277344,2448100,140.9388427734375,21320200,149.8323974609375,4945100,46.04126739501953,11849800,52.28984832763672,20121900,101.97456359863281,4571320,162.27316284179688,9670200,461.4587707519531,67310600
2024-01-11,183.3546142578125,49128400,90.22734069824219,15833400,376.5903015136719,27850800,363.3399963378906,3577800,140.74073791503906,24008700,149.1659393310547,4946000,46.00373840332031,21049200,52.23149871826172,14355300,102.0767822265625,5014005,161.58998107910156,11919500,461.2554626464844,77940700
2024-01-12,183.6806640625,40477800,91.3978271484375,18041700,380.3500671386719,21661200,363.6199951171875,2623100,141.30538940429688,18785500,150.313720703125,4496900,44.46527862548828,30454100,52.29957962036133,13629000,102.04532623291016,5640380,160.40391540527344,19436500,461.5750427246094,58026400
2024-01-16,181.41819763183594,65603000,89.3311996459961,20235700,382.1124267578125,27202300,361.1000061035156,3046500,141.1468963623047,22670500,148.5828094482422,6923200,43.92119216918945,25209900,52.46492004394531,17032500,100.61437225341797,6314619,159.3981475830078,17206400,459.88043212890625,85014900
2024-01-17,180.47967529296875,47317400,88.68195343017578,18384000,381.3291931152344,22234100,359.2900085449219,2550300,140.1365203857422,20968600,148.49945068359375,5072100,43.78047180175781,17445600,52.218528747558594,14827800,99.75736999511719,5031171,158.5441436767578,11107500,457.32415771484375,68843900
2024-01-18,186.35801696777344,78005800,88.51734161376953,20940300,385.63720703125,23392100,362.3800048828125,3007800,142.12754821777344,25746400,149.2214813232422,5368500,43.56471252441406,17901300,52.92204666137695,18190500,101.07038116455078,6508082,158.8572998046875,9382300,461.3910827636719,91856200
2024-01-19,189.25271606445312,68903000,88.65450286865234,20088400,390.33685302734375,29331100,366.989990234375,4063700,145.000244140625,34271900,149.65652465820312,7071300,45.14070129394531,25606900,52.64323043823242,19175400,102.0610580444336,6154611,161.59945678710938,13115700,467.142822265625,110834500
2024-01-22,191.5546417236328,60133900,88.5356216430664,19955900,388.2220153808594,27016900,368.05999755859375,3552500,144.6138916015625,32200400,150.38778686523438,6824200,45.52531433105469,19372200,52.6464729309082,13938300,103.17750549316406,10052443,161.40968322753906,12837500,468.1305236816406,75844900
2024-01-23,192.82908630371094,42355600,89.53236389160156,15863400,390.5619812011719,20525900,372.1400146484375,2896300,145.65396118164062,21636100,147.9256134033203,9149800,46.07878875732422,16422100,52.77939224243164,12066600,102.1711196899414,13333800,160.34698486328125,8360800,469.49578857421875,49945300
2024-01-24,192.1572723388672,53631300,91.07775115966797,17330600,394.1455078125,24867000,376.5899963378906,4589300,147.29835510253906,25233500,147.13880920410156,7247900,46.42588424682617,17776000,52.03373718261719,22932900,102.1553955078125,10785198,161.77975463867188,9967100,470.0090637207031,81765000
2024-01-25,191.83126831054688,54822100,93.39128875732422,22089500,396.4072570800781,21021200,380.8500061035156,4055800,150.4384765625,29149100,147.69418334960938,5478900,46.79173278808594,17979600,52.79236602783203,16369500,102.1553955078125,6086573,164.09495544433594,8873500,472.5653381347656,72525000
2024-01-26,190.10232543945312,44594000,94.18684387207031,20817200,395.4869079589844,17803300,385.3999938964844,3621400,150.7554473876953,26115500,147.63865661621094,5591900,47.20448684692383,19211100,53.25596237182617,15746400,103.14606475830078,4696495,163.46873474121094,7443000,471.9649963378906,76641600
2024-01-29,189.42063903808594,47145600,94.30572509765625,18317500,401.1558837890625,24510200,383.17999267578125,3797400,152.0630340576172,27784300,147.50906372070312,6483200,47.23263168334961,16725200,53.50559616088867,18240300,103.07528686523438,6126544,163.8957061767578,6971200,475.70263671875,61322800
2024-01-30,185.7751007080078,55859400,95.87855529785156,19610900,400.04949951171875,33477600,387.1499938964844,3090900,150.0323486328125,36331800,146.96292114257812,7200500,48.02062225341797,14736800,53.68389892578125,15270000,105.30033111572266,7871346,167.2546844482422,10822100,475.3347473144531,58618400
2024-01-31,182.17893981933594,55467800,94.01309967041016,22415300,389.2696533203125,47871100,383.739990234375,3856400,138.77940368652344,71910000,147.08326721191406,8256800,47.073158264160156,20394400,53.57368087768555,26134800,104.11311340332031,6253472,165.4423370361328,11521800,467.5786437988281,126011100
2024-02-01,184.60931396484375,64885400,93.6290283203125,19240700,395.3400573730469,30657700,386.44000244140625,2947100,139.82940673828125,40466500,146.58343505859375,8012000,46.03401184082031,27566100,54.56571578979492,20792700,106.46395111083984,6190572,164.8445587158203,9354800,473.6982727050781,91891600
2024-02-02,183.61148071289062,102551700,93.24498748779297,21973400,402.6245422363281,28256700,390.75,3806800,141.03793334960938,62499600,144.96356201171875,8295900,46.44023132324219,19329000,54.974212646484375,21670800,107.35240173339844,6103864,165.7934112548828,8607600,478.6851501464844,99228200
2024-02-05,185.41943359375,69668800,92.86091613769531,17190900,397.1708984375,25352300,390.760009765625,3651900,142.32568359375,38505400,144.21380615234375,9121600,46.00567626953125,14202700,54.67919158935547,19145100,108.27230834960938,7158013,165.57518005371094,7820200,476.94207763671875,75757100
2024-02-06,187.0199432373047,43490800,93.50102233886719,13347900,397.0143127441406,18382600,393.739990234375,2573400,142.74171447753906,29128200,146.3057403564453,9229900,45.61835479736328,13926600,55.052024841308594,14181300,108.17008972167969,6026178,166.14450073242188,6764800,478.32684326171875,55918600
2024-02-07,187.1285858154297,53439000,93.47358703613281,13826800,405.3953857421875,22340500,397.6600036621094,3426800,144.16812133789062,25208900,146.23167419433594,8690300,45.79784393310547,15839600,54.91261672973633,17082600,108.89342498779297,5807655,166.45758056640625,7225500,482.3162841796875,70556500
2024-02-08,186.05174255371094,40962000,95.07384490966797,19636900,405.4540710449219,21225300,397.489990234375,3357700,144.53466796875,22563800,144.76919555664062,9755000,45.6750373840332,10839200,54.90937805175781,14427900,109.32585906982422,4327110,165.85986328125,6060300,482.529296875,52343600
2024-02-09,186.8134307861328,45155200,93.06208801269531,20410500,411.759521484375,22032800,398.3599853515625,2509800,147.59552001953125,26829500,145.1024169921875,6529200,45.401084899902344,16594000,54.88019943237305,14329800,109.50669860839844,4324604,166.05909729003906,6296700,485.3180236816406,63979400
2024-02-12,185.13174438476562,41781900,94.34230041503906,18173100,406.580078125,21202900,397.7099914550781,2817900,146.1393585205078,21564100,146.11134338378906,6701500,46.2135009765625,14101900,55.210872650146484,14795100,110.20643615722656,4516313,166.79917907714844,8539300,485.1050109863281,56502300
2024-02-13,183.0444793701172,56529500,93.53011322021484,18917400,397.8269348144531,27824900,394.79998779296875,3458500,143.77191162109375,27837700,144.833984375,8621000,45.57112503051758,13660100,54.83480453491211,18574200,111.46440887451172,9054930,165.34744262695312,8397600,478.42364501953125,113099200
2024-02-14,182.1641082763672,54630500,93.06864929199219,17651300,401.6720275878906,20401200,398.67999267578125,2669200,144.56436157226562,22704200,144.15826416015625,9098800,45.8450813293457,12683400,54.65974426269531,18484500,115.18329620361328,13116028,167.02691650390625,7056700,482.77142333984375,68387800
2024-02-15,181.87722778320312,65434500,95.73593139648438,23196300,398.79803466796875,21825500,403.45001220703125,3076000,141.42430114746094,37590700,146.17617797851562,7462500,49.160892486572266,46473600,54.88344192504883,16948800,116.65355682373047,8627532,170.67054748535156,8723400,486.1023864746094,61683000
2024-02-16,180.34393310546875,49752500,95.73593139648438,20151400,396.3457946777344,22296500,405.989990234375,3532200,139.19546508789062,31468900,146.00827026367188,8541000,49.03807830810547,24359700,55.230323791503906,22373400,117.27469635009766,8616756,169.87347412109375,8152600,483.68157958984375,75532900
2024-02-20,179.60202026367188,53665600,94.83145904541016,17650000,395.0999755859375,24307900,407.1499938964844,3530700,139.789794921875,25144700,147.23004150390625,9501700,48.905826568603516,19839100,57.0134162902832,71788500,116.85012817382812,7166032,170.5376739501953,9668000,481.01873779296875,71736700
2024-02-21,180.35386657714844,41371400,96.76960754394531,20991300,394.5016784667969,18518900,409.25,2717600,141.20632934570312,23223300,147.99484252929688,7472500,49.74658966064453,18562500,56.313148498535156,40501500,117.20391845703125,5302571,171.64784240722656,7024000,481.4544677734375,59293400
2024-02-22,182.38172912597656,52292200,96.6865463256836,20470700,403.7908630371094,27009900,415.1600036621094,3687600,142.73178100585938,27191900,149.64561462402344,8065000,50.41730499267578,20467900,56.867530822753906,29512800,119.24812316894531,5753024,173.7068634033203,9296500,491.41845703125,76402500
2024-02-23,180.55169677734375,45119700,95.83744812011719,15975900,402.5058288574219,16295900,417.2200012207031,4015600,142.60305786132812,19493800,150.9420623779297,6726000,50.88019943237305,20863500,56.91615676879883,74365800,120.55326843261719,7066168,174.57980346679688,7105800,491.7572937011719,61321800
2024-02-26,179.2063446044922,40867400,96.21585083007812,13360800,399.7593994140625,16193500,409.1400146484375,7432300,136.27330017089844,53641800,149.96273803710938,5465400,51.13526916503906,18099900,57.966552734375,32154800,121.68546295166016,7705449,173.98202514648438,7145400,489.9562072753906,50386700
2024-02-27,180.66049194335938,54318900,96.01280212402344,16360000,399.7005310058594,14835800,408.9100036621094,4609100,137.5709228515625,33099200,150.1399688720703,5078600,51.77764129638672,19548200,57.95682907104492,18012700,121.07219696044922,7300354,174.0674285888672,5717100,490.866455078125,48854500
2024-02-28,179.46356201171875,48953900,96.28046417236328,14810500,399.93585205078125,13183100,412.1400146484375,4067400,135.09446716308594,37328600,150.6715850830078,6071100,51.6926155090332,20045200,57.98600387573242,14803300,122.34587860107422,7633025,174.94984436035156,6131600,490.21771240234375,56506600
2024-02-29,178.80079650878906,136682600,96.46503448486328,17566100,405.7428894042969,31947300,409.3999938964844,4845200,137.15487670898438,42133000,150.51300048828125,9849100,52.514488220214844,28335600,57.00368881225586,29245100,123.3522720336914,8177329,176.54391479492188,9643000,491.9800109863281,83924800
2024-03-01,177.72251892089844,73563100,97.68331146240234,18460100,407.56732177734375,17823400,407.1099853515625,3282100,135.84732055664062,31151100,151.2032012939453,5670100,52.01381301879883,17761000,57.149574279785156,19030900,124.73603057861328,8698201,175.81332397460938,6311800,496.598876953125,76844800
2024-03-04,173.2117156982422,81510100,96.31737518310547,18138000,406.99847412109375,17596000,403.3900146484375,4179400,132.09304809570312,55999400,149.07672119140625,8532900,52.722312927246094,19483500,57.674774169921875,16033300,126.59156036376953,8402242,177.13221740722656,7063600,496.0663146972656,49799300
2024-03-05,168.28538513183594,95132400,97.49872589111328,19952700,394.9626770019531,26919200,400.739990234375,4711700,131.41944885253906,40194800,149.19796752929688,8298200,53.46860885620117,21786100,58.394500732421875,19676900,124.11492156982422,8003663,178.90660095214844,6617800,491.10845947265625,72855600
2024-03-06,167.29620361328125,68587700,98.54164123535156,20472800,394.413330078125,22344100,403.9599914550781,3839100,130.1614227294922,35318600,148.61038208007812,5773700,53.95038986206055,25418600,58.909969329833984,12698700,125.40434265136719,8198755,179.83648681640625,7572900,493.5970764160156,68382400
2024-03-07,167.17750549316406,71765100,99.09539794921875,15195400,401.32879638671875,18718500,402.3900146484375,4181300,133.11334228515625,37738200,148.17202758789062,5188700,53.84648132324219,18116300,58.705726623535156,16195300,130.90797424316406,14393838,178.2613525390625,7618300,498.4967346191406,58652100
2024-03-08,168.88880920410156,76267000,100.02757263183594,16281500,398.46453857421875,18002200,403.1499938964844,3410600,134.13363647460938,39370400,148.77828979492188,5284000,53.91260528564453,17872500,58.47230529785156,12143600,132.05589294433594,21242234,178.5934600830078,6172200,495.5047302246094,86532500
2024-03-11,170.88706970214844,60139500,100.61824798583984,17577300,396.7969665527344,16120800,404.760009765625,2431700,136.372314453125,32437800,150.3731231689453,4620800,53.93149948120117,16622000,58.99750900268555,14154000,130.9551544189453,9338609,178.65988159179688,5762600,495.07861328125,62557200
2024-03-12,171.3618621826172,59825400,99.97219848632812,14957200,407.3515930175781,22457000,404.9800109863281,2616700,137.1945037841797,27563400,151.78143310546875,8018700,54.42273712158203,23622800,59.72695541381836,16613100,131.66278076171875,6928589,180.130615234375,5708400,500.404296875,73114400
2024-03-13,169.28451538085938,52488700,101.08894348144531,17122200,407.17498779296875,17115900,408.1300048828125,3584600,138.47232055664062,23347200,150.25189208984375,6260000,54.62110900878906,17444900,59.60050964355469,15935200,133.78558349609375,8462887,181.5918426513672,7795500,499.62005615234375,55104100
2024-03-14,171.1343536376953,72913500,102.87942504882812,22121000,417.101806640625,34157300,406.7300109863281,3734700,141.7511444091797,42753400,148.4891357421875,6988300,54.19601058959961,24851100,59.549766540527344,16584700,131.10455322265625,9460777,178.35623168945312,10310900,498.6323547363281,110171800
2024-03-15,170.7584228515625,121752700,102.6948471069336,38264400,408.46978759765625,45079900,408.1300048828125,7548800,139.84922790527344,49475400,147.5284881591797,13165500,54.3282585144043,40782800,59.217960357666016,50946300,132.787109375,13263757,180.5670928955078,17214200,495.2084045410156,107646300
2024-03-18,171.8466033935547,75604200,103.64546966552734,16770500,409.3526306152344,20106000,408.4100036621094,3775700,146.28797912597656,69273700,146.20411682128906,6602300,54.57387924194336,16376500,59.39362335205078,16801700,133.5890350341797,6228788,182.80641174316406,9013800,498.1515197753906,88893300
2024-03-19,174.18113708496094,55215200,104.37458801269531,14878800,413.3645324707031,19837900,411.760009765625,2795800,145.6440887451172,24070400,145.69117736816406,7840600,53.85593032836914,14504800,59.40338134765625,12353600,136.3801727294922,9360787,183.87857055664062,8478700,500.9197692871094,60755300
2024-03-20,176.74322509765625,53423100,104.28229522705078,16119700,417.11163330078125,17860100,416.1099853515625,2932900,147.3379669189453,21311500,145.27145385742188,5982300,54.1298828125,22841600,59.774227142333984,12007600,136.7497100830078,7229434,186.2886962890625,9367000,505.5529479980469,69594600
2024-03-21,169.52191162109375,106181300,104.7437515258789,14878000,421.1725158691406,21296200,413.7799987792969,3401600,146.20872497558594,24755600,145.26214599609375,5915800,54.64944839477539,18141700,59.96940612792969,14265900,138.88040161132812,7890893,188.8790740966797,11203800,507.2236633300781,60256100
2024-03-22,170.42210388183594,71160100,104.7437515258789,14701900,420.5545654296875,17648500,411.6000061035156,2999600,149.34886169433594,29211800,144.7771453857422,7248600,53.96928405761719,13736600,59.40338134765625,14029400,137.7089080810547,6842132,186.5638427734375,8108800,506.2621154785156,79070800
2024-03-25,169.00755310058594,54288300,105.81436157226562,14011700,414.78680419921875,18060500,409.9200134277344,2804200,148.65545654296875,19229300,144.767822265625,7498100,53.59141540527344,15028200,59.11061096191406,14186600,136.40377807617188,6288181,184.85592651367188,8620000,504.8633728027344,48512100
2024-03-26,167.8798065185547,57388400,105.02063751220703,13152300,413.5999450683594,16725600,411.57000732421875,2935100,149.24978637695312,22149100,145.28079223632812,6864100,53.54418182373047,11445900,59.05205535888672,13738300,136.45089721679688,5056983,185.71934509277344,5961500,503.930908203125,65463700
2024-03-27,171.44100952148438,60273300,106.10971069335938,12415700,413.38421630859375,16705000,416.92999267578125,2926000,149.4478759765625,22879200,147.3233184814453,8461600,54.42273712158203,13762800,59.25699996948242,14363400,141.61647033691406,12606433,189.31553649902344,8725800,508.1658935546875,82999800
2024-03-28,169.63072204589844,65672700,107.28182983398438,18482100,412.687744140625,21871200,420.5199890136719,4377400,149.50733947753906,24485400,147.53781127929688,6181500,54.753360748291016,14619000,58.72024917602539,17535100,138.00765991210938,12122274,190.05564880371094,8628300,508.0687255859375,96294900
2024-04-01,168.19638061523438,46240500,107.97402954101562,13817000,416.4642333984375,16316000,420.20001220703125,2716100,154.02438354492188,31730800,147.15545654296875,4364700,54.42273712158203,11039500,58.55434036254883,13837600,137.87403869628906,7399592,188.76519775390625,7309000,507.1846923828125,62477500
2024-04-02,167.01922607421875,49329500,110.0875473022461,19919600,413.3939514160156,17912000,418.9200134277344,3174900,153.10311889648438,24586000,147.1088104248047,6102300,54.17710876464844,14632900,57.73457717895508,19510100,134.44361877441406,20490400,188.68927001953125,7014700,503.9599609375,74230300
2024-04-03,167.8204803466797,47691700,110.10600280761719,16504300,412.4228515625,16502300,420.239990234375,2740800,153.459716796875,24705000,143.87245178222656,8098200,53.96928405761719,13226500,57.99807357788086,14615100,143.45774841308594,16208500,188.15792846679688,9353400,504.5136413574219,59155800
2024-04-04,166.9994354248047,53704400,110.49363708496094,18467400,409.9018859863281,19370900,415.32000732421875,3800600,149.11111450195312,34724700,142.23098754882812,6947400,53.54418182373047,12361900,58.06639099121094,14436100,145.20144653320312,11880200,186.726318359375,9243800,498.35552978515625,96858100
2024-04-05,167.75123596191406,42104800,112.01648712158203,21720600,417.39605712890625,16554800,418.6199951171875,2738300,151.0625457763672,23459200,142.12838745117188,6783000,54.224342346191406,11081000,58.407955169677734,10335900,153.9791717529297,14777900,188.44424438476562,6532300,503.5617980957031,74546500
2024-04-08,166.6334228515625,37425500,111.25967407226562,17513900,416.4837951660156,14272400,415.9700012207031,2485700,153.39036560058594,20702000,141.3822784423828,5935400,54.592769622802734,15308800,58.33964157104492,11070100,154.19589233398438,9588800,189.42726135253906,8001000,503.8433837890625,48401800
2024-04-09,167.84027099609375,42373800,111.84112548828125,14132300,418.1415710449219,12496900,414.69000244140625,2233100,155.1239013671875,31079500,142.03512573242188,6135300,54.39439010620117,10643800,58.34939956665039,10013500,152.19602966308594,8807300,188.1579132080078,7351500,504.42626953125,68049200
2024-04-10,165.97064208984375,49709300,112.78250885009766,17409200,415.17919921875,16216600,409.1099853515625,3121300,154.668212890625,22838600,140.08587646484375,6809500,53.789794921875,16475200,59.159400939941406,15097600,154.28457641601562,8075400,186.55453491210938,7681400,499.3753967285156,82652800
2024-04-11,173.15234375,91070300,112.40411376953125,17555900,419.7600402832031,17966400,407.6099853515625,2889900,157.90736389160156,27166400,138.7707977294922,8374400,53.55362319946289,18995600,58.642173767089844,10987600,155.3386688232422,6063200,186.51637268066406,10137700,503.14410400390625,70099000
2024-04-12,174.64605712890625,101670900,111.09355163574219,21556200,413.84515380859375,19253800,403.260009765625,3467300,156.24322509765625,25353700,137.5863037109375,7100200,53.34579849243164,27876700,58.69097137451172,12280600,152.60494995117188,6851300,174.45286560058594,31532300,496.1992492675781,92561100
2024-04-15,170.82766723632812,73531800,110.45671844482422,15029500,405.7428894042969,20273500,400.260009765625,3002300,153.4003143310547,27136500,137.65159606933594,8502300,53.81813430786133,19407500,58.48603057861328,10557200,151.68711853027344,6423700,174.54832458496094,14766600,489.98272705078125,92101400
2024-04-16,167.55340576171875,73711200,109.54300689697266,18082200,406.6649475097656,16765600,396.9200134277344,3435500,152.94461059570312,20779500,134.72305297851562,12774900,53.289119720458984,25620000,58.398197174072266,14726300,154.70703125,6187200,172.55364990234375,16451800,489.089111328125,73484000
2024-04-17,166.18829345703125,50901200,109.48763275146484,14538600,403.9771423339844,15855500,397.739990234375,2465600,154.00454711914062,21763100,135.02151489257812,9378100,54.016517639160156,18867700,58.212772369384766,15329700,153.63128662109375,6519900,171.86647033691406,9017100,486.194580078125,75910300
2024-04-18,165.23863220214844,43122900,109.38611602783203,13821400,396.5517578125,21029900,399.8900146484375,2669500,154.53945922851562,19883000,135.9261932373047,9887700,55.49020767211914,24468500,57.83216857910156,12061500,150.93710327148438,6186600,172.98312377929688,9557700,485.19415283203125,74548100
2024-04-19,163.22061157226562,68149400,110.64130401611328,21572400,391.5000915527344,30565800,405.0799865722656,3996100,152.63754272460938,32615600,137.95005798339844,9750800,57.01113510131836,34334300,58.09565734863281,14165800,146.12100219726562,9566100,177.3255615234375,13402300,480.9591369628906,102212600
2024-04-22,164.05157470703125,48116400,111.2688980102539,16340700,393.3049621582031,20286900,408.7799987792969,2980600,154.806884765625,26446200,139.07858276367188,10118700,57.71964645385742,21753400,58.69097137451172,14910000,148.2230987548828,7322800,180.77093505859375,11529700,485.38836669921875,67961000
2024-04-23,165.10012817382812,49537800,111.70269012451172,13929800,399.7887268066406,15734500,408.739990234375,2287600,156.76820373535156,21151600,139.4889373779297,10110400,57.56850051879883,21731200,57.666263580322266,17963900,160.4903106689453,19250900,183.3764190673828,9144400,491.1482849121094,64633600
2024-04-24,167.19729614257812,48251800,111.72113800048828,12101200,401.250244140625,15065300,405.95001220703125,2506900,157.63003540039062,22779100,138.5283203125,9756300,57.2473030090332,19731600,58.427467346191406,18529100,157.105224609375,10416000,184.27357482910156,6964900,490.9151611328125,55928100
2024-04-25,168.05787658691406,50558300,111.97956085205078,16041000,391.421630859375,40586500,404.9100036621094,2670200,154.5294952392578,57109700,136.93348693847656,7642700,56.6143798828125,24002500,58.759281158447266,19263000,159.1481170654297,5908200,184.5503387451172,9802300,489.0502624511719,69122400
2024-04-26,167.47425842285156,44838400,108.86927795410156,27289500,398.5626220703125,29694700,402.1000061035156,3023100,170.3292236328125,64665300,136.2992401123047,6183000,56.59548568725586,18785900,58.710487365722656,11045200,160.2238311767578,5898000,184.6648712158203,6413700,493.6834716796875,64306100
2024-04-29,171.62896728515625,68169400,110.41980743408203,17309900,394.5702819824219,19582100,400.9599914550781,2363600,164.5838623046875,45610000,136.93348693847656,6149600,56.4915657043457,15338400,58.78855514526367,9785100,162.3358154296875,5371700,184.46444702148438,5387800,495.4317932128906,46415400
2024-04-30,168.4931640625,65934800,109.15538024902344,21083300,381.8969421386719,28781400,396.7300109863281,3070500,161.24563598632812,33562900,134.85362243652344,8817700,56.038124084472656,18007700,57.920005798339844,14209200,159.70077514648438,6723600,182.9946746826172,8153700,487.5836181640625,77483600
2024-05-01,167.47425842285156,50383100,107.0880126953125,27777700,387.39984130859375,23562500,398.5799865722656,2605000,162.31544494628906,33493200,140.99986267089844,14470900,56.22705841064453,16365400,57.43205261230469,15464300,157.60853576660156,4775800,183.1092071533203,7445300,486.0003662109375,80242800
2024-05-02,171.1640167236328,94214900,107.28182983398438,25513600,390.2445373535156,17709400,400.6000061035156,2672200,165.04942321777344,24294500,139.82472229003906,8459800,56.5199089050293,15329500,58.27132797241211,17574100,160.510009765625,5030400,182.91835021972656,6501700,490.5460510253906,62550200
2024-05-03,181.4024200439453,163224100,107.06031799316406,28023300,398.8961181640625,17446700,400.8699951171875,4119100,165.6636199951172,34662400,139.21847534179688,6532700,56.62382125854492,17298500,58.3786735534668,14207400,161.96078491210938,3968600,181.82078552246094,8922800,496.6265563964844,72756700
2024-05-06,179.75042724609375,78569700,107.75253295898438,31401300,405.6448059082031,16996600,404.9200134277344,3918900,166.5155029296875,21871300,138.574951171875,5042800,56.859989166259766,16240100,58.427467346191406,11119400,165.77023315429688,4831600,183.24282836914062,7911100,501.7551574707031,47264700
2024-05-07,180.4329833984375,77305800,107.21721649169922,30122000,401.52490234375,20018200,406.1400146484375,3084200,169.63580322265625,28039700,138.7055206298828,7333500,56.926116943359375,16268200,59.159400939941406,14520200,166.5696258544922,4781800,183.0041961669922,7688800,502.30877685546875,52561300
2024-05-08,180.76930236816406,45057100,107.19876861572266,18957200,402.7020263671875,11792300,406.3699951171875,2398100,167.783447265625,19569100,138.92001342773438,7735100,57.842445373535156,18718400,58.847110748291016,11015700,166.64857482910156,4878200,186.726318359375,9227600,502.35736083984375,42047200
2024-05-09,182.57960510253906,48983000,109.31229400634766,17564000,404.4480895996094,14689700,408.82000732421875,2356600,168.3579559326172,15346700,139.7594451904297,6546200,58.222496032714844,14224300,59.187904357910156,14550500,165.30638122558594,4968800,188.49195861816406,7977300,505.2518615722656,43643700
2024-05-10,181.3215789794922,50759500,108.86927795410156,13648100,406.8218688964844,13402300,412.04998779296875,3084500,167.060302734375,29799900,139.8153839111328,5710600,58.802059173583984,14428200,59.22707748413086,12356600,161.24034118652344,5711300,189.70404052734375,7529800,505.9027099609375,52233200
2024-05-13,184.52108764648438,72044800,108.82313537597656,15060600,405.82135009765625,15440200,411.2200012207031,2710300,167.5457000732422,31327600,141.03717041015625,5628500,58.2034912109375,15203500,59.15852737426758,19260500,157.4111328125,7768600,189.66586303710938,7049200,505.9706115722656,36716400
2024-05-14,185.6602020263672,52393600,109.48372650146484,15079100,408.607177734375,15109300,410.239990234375,2672400,168.734375,25127100,141.18641662597656,8254200,58.802059173583984,14499600,58.61991882324219,18780100,157.9046173095703,6103500,192.31906127929688,8596200,508.29205322265625,57535900
2024-05-15,187.9285888671875,70400000,110.33041381835938,18244300,415.7511291503906,22239500,412.760009765625,2854600,170.88392639160156,26948400,142.38955688476562,5548000,59.22960662841797,17489600,58.59054183959961,22240600,161.32920837402344,7133300,192.89169311523438,8370000,514.5863647460938,59504900
2024-05-16,188.04745483398438,52845200,109.66981506347656,15745200,413.6973876953125,17530100,413.1199951171875,3549700,172.53817749023438,27867900,143.89114379882812,7591000,58.01347732543945,21104100,62.68394470214844,60545600,159.00994873046875,4283200,193.2352752685547,8497900,513.5275268554688,50244800
2024-05-17,188.07717895507812,41282900,111.31668090820312,15104500,412.9309387207031,15352200,416.94000244140625,2988700,174.4004669189453,24479300,144.22689819335938,6521800,58.032474517822266,15795800,63.31068801879883,29330400,157.7960662841797,5946300,195.44947814941406,9260500,514.2657470703125,59187600
2024-05-20,189.23614501953125,44361300,110.41415405273438,11551300,417.9720458984375,16272100,413.0,3287900,175.2523193359375,22554400,142.2242431640625,7742300,57.67143630981445,15029000,62.85041809082031,15001400,157.1940460205078,5586800,186.6595458984375,17373300,514.8582153320312,37764200
2024-05-21,190.53375244140625,42309400,109.65121459960938,14495000,421.60797119140625,21453300,414.3699951171875,2731900,176.17359924316406,16989400,142.19606018066406,5492400,58.39350891113281,18422100,63.80033874511719,17131700,158.8915252685547,5071300,190.41983032226562,14420800,516.1209716796875,33437000
2024-05-22,189.09744262695312,34648500,107.44609832763672,17879300,423.06231689453125,18073700,413.989990234375,2664400,174.71743774414062,17880000,144.32089233398438,6609800,57.88995361328125,10340500,63.89824295043945,14879400,158.70401000976562,4432200,189.26498413085938,9425300,514.6348266601562,48390000
2024-05-23,185.1154022216797,51005900,105.6131362915039,15979800,419.6032409667969,17211700,405.8800048828125,3392300,171.91412353515625,21024900,140.74815368652344,8000400,56.702327728271484,13056100,63.49673843383789,16222900,163.095703125,7411500,187.93841552734375,8069400,510.8759765625,57211200
2024-05-24,188.1861114501953,36327000,105.5293960571289,12212900,422.7085876464844,11855300,407.4100036621094,2067700,173.34054565429688,16579400,138.18138122558594,9520600,57.20587158203125,9913000,64.02556610107422,11795000,165.13861083984375,5500300,191.55552673339844,7356200,514.2560424804688,41291100
2024-05-28,188.196044921875,52280100,106.86923217773438,13978300,422.86578369140625,15718000,403.8999938964844,3315400,174.7372589111328,20572200,135.7462615966797,10499800,56.512306213378906,11276300,63.69260787963867,13349600,166.3524932861328,5749700,190.40074157714844,6910200,514.6154174804688,36269600
2024-05-29,188.4932098388672,53068000,105.72479248046875,13902000,421.7357177734375,15517100,404.0899963378906,3426800,174.24197387695312,23388700,135.80267333984375,8263800,55.818721771240234,12835000,63.57509994506836,11538600,161.4574737548828,4820800,189.07411193847656,6120000,511.0118103027344,45190300
2024-05-30,189.4837646484375,49889100,106.05975341796875,14683700,407.48687744140625,28394500,408.6099853515625,2905300,170.48768615722656,22931500,136.59243774414062,8490300,56.255775451660156,13580800,63.54572677612305,13051900,162.04959106445312,4384400,190.23849487304688,6829100,507.6219177246094,46377600
2024-05-31,190.4346923828125,75158300,109.10225677490234,29037400,407.9388732910156,47995300,414.3999938964844,5190000,170.8740234375,37638900,137.8993377685547,14621200,56.93035125732422,25386600,64.397705078125,27632200,162.977294921875,11704800,193.38800048828125,14417900,512.2453002929688,90785800
2024-06-03,192.19789123535156,50080500,106.48773956298828,19589300,406.35675048828125,17484700,414.7900085449219,4903000,171.53770446777344,27459100,138.9053192138672,7329200,56.37928771972656,13206500,64.45645904541016,11578700,159.34547424316406,5220500,192.6149444580078,6444300,512.6630859375,46835700
2024-06-04,192.51487731933594,47471400,104.83157348632812,19412200,408.86260986328125,14348900,409.5299987792969,4154800,172.15184020996094,26879600,138.9617462158203,8876400,55.77122497558594,12520700,65.22029876708984,14780800,159.2665252685547,5598600,190.0762481689453,6848300,513.2361450195312,34632700
2024-06-05,194.0205078125,54156800,105.25028228759766,14863500,416.6650695800781,16988000,409.8500061035156,2634400,173.756591796875,22068500,137.24119567871094,5891300,55.75221633911133,11199100,65.70013427734375,14982700,160.4212188720703,4279900,188.26292419433594,8351600,519.3359985351562,47610400
2024-06-06,192.64364624023438,41181800,106.04114532470703,13154100,417.1662292480469,14861300,411.0799865722656,3438900,175.06414794921875,23251000,137.66427612304688,5016300,54.849613189697266,18587400,65.75889587402344,13256000,158.51649475097656,3867300,187.92889404296875,7640300,519.326416015625,30808500
2024-06-07,195.0308837890625,53103900,104.906005859375,13289200,416.5078430175781,13621700,413.7200012207031,2942100,172.81553649902344,19661400,138.28482055664062,5111600,55.448184967041016,14466700,64.51520538330078,20213200,159.7994842529297,3341800,190.83021545410156,6964500,518.695068359375,43224500
2024-06-10,191.29647827148438,97010200,105.21306610107422,15239700,420.4582214355469,13982900,410.80999755859375,2667300,173.55931091308594,23726700,138.33184814453125,5749900,55.03964614868164,12787500,65.57283782958984,21659500,160.70741271972656,4385200,190.50572204589844,6070800,520.2976684570312,35686100
2024-06-11,205.19398498535156,172373300,104.36637115478516,12462400,425.18487548828125,14551100,408.5,3605900,175.156005859375,21540600,137.9839630126953,5661200,54.2795524597168,19197800,65.34759521484375,13367500,158.2598876953125,5106400,185.49517822265625,9235300,521.5505981445312,36383400
2024-06-12,211.05813598632812,198134300,103.21263122558594,13606800,433.4197692871094,22366200,408.7699890136719,3551900,176.3162841796875,27864700,136.7146759033203,6180500,54.44107437133789,16929800,64.9363021850586,11704700,158.9408721923828,5790700,182.79428100585938,12751300,525.834228515625,63251300
2024-06-13,212.21705627441406,97862700,102.3845443725586,14466900,433.9306945800781,15960600,405.9200134277344,4563300,173.70809936523438,20913300,136.7522735595703,6840400,54.412567138671875,15963700,65.31819915771484,11196600,153.6510772705078,8080900,184.82711791992188,8587800,526.8929443359375,44760900
2024-06-14,210.48361206054688,70122700,101.51925659179688,13313400,434.90362548828125,13582000,405.5400085449219,2768600,175.32456970214844,18063600,136.83689880371094,4075300,54.53608322143555,15375400,65.63159942626953,12590100,153.8385772705078,6247400,184.94163513183594,6874000,527.2135009765625,40089900
2024-06-17,214.62413024902344,93728300,100.8214340209961,21147900,440.6031188964844,20790000,407.32000732421875,3406500,175.77084350585938,19618500,137.2223663330078,6666600,55.334171295166016,18361100,66.02330780029297,12103000,161.09231567382812,9564800,186.0868682861328,8725400,531.4095458984375,55839500
2024-06-18,212.26657104492188,79943300,101.77045440673828,17762900,438.6082458496094,17112500,407.95001220703125,4005300,173.63865661621094,21869900,136.94032287597656,6156600,56.103755950927734,15547400,66.19956970214844,12093500,162.8095245361328,5105300,188.0147705078125,9023000,532.7596435546875,41376400
2024-06-20,207.7001190185547,86172500,103.9662857055664,17433200,437.9794006347656,19877400,409.1499938964844,4844700,174.83863830566406,20160100,138.94293212890625,8749700,56.01824951171875,11985500,66.60108947753906,13860800,162.839111328125,4957200,189.60858154296875,8731100,531.3124389648438,70328200
2024-06-21,205.5308074951172,241805100,103.05445861816406,52212500,441.9887390136719,34187100,409.6199951171875,9009400,178.1410369873047,57759000,139.8549346923828,15172300,55.2011604309082,62732600,66.50316619873047,25883000,162.08909606933594,17195200,187.3466796875,20972100,530.60009765625,64338600
2024-06-24,206.17466735839844,80727000,106.11557006835938,16266700,439.9152526855469,15913700,413.9800109863281,4933300,177.7344207763672,18298000,140.20281982421875,6914700,56.06575012207031,16198300,67.47264862060547,12470400,158.43753051757812,5519000,189.8090057373047,9785900,528.8753662109375,45528700
2024-06-25,207.09588623046875,55549700,106.41332244873047,14188900,443.138427734375,16413400,410.9700012207031,3879800,182.50454711914062,23130200,138.38819885253906,5912500,54.34606170654297,26726900,66.02330780029297,20869200,157.63816833496094,6825500,189.03598022460938,6862500,530.9119873046875,37936200
2024-06-26,211.23643493652344,66213200,106.45053100585938,15771800,444.3275146484375,16507000,410.260009765625,3334300,182.35580444335938,19839000,138.04039001464844,5267800,54.16554260253906,30425700,66.87527465820312,14177500,158.53623962402344,3998000,188.42515563964844,7758600,531.5746459960938,38550600
2024-06-27,212.07839965820312,49772700,106.90644073486328,16812700,445.0055236816406,14806300,407.95001220703125,3218600,183.8731231689453,18848900,137.0813446044922,5739200,54.55508041381836,13832200,66.4737777709961,12899200,158.3980712890625,3339700,190.08580017089844,7913500,532.4125366210938,35041500
2024-06-28,208.63125610351562,82542700,107.11113739013672,24565900,439.20770263671875,28362300,406.79998779296875,6819800,180.64013671875,29156600,137.41981506347656,10495700,56.426788330078125,31074500,66.30729675292969,18816700,156.8881072998047,8641200,193.03485107421875,15307600,530.3175048828125,76144500
2024-07-01,214.703369140625,60402900,106.96226501464844,11972900,448.8182678222656,17662800,405.19000244140625,2974100,181.47315979003906,16006100,137.68307495117188,5144400,57.56692123413086,14470200,66.08206939697266,8666000,156.8881072998047,4435100,196.07936096191406,10205800,531.408935546875,40297800
2024-07-02,218.19012451171875,58046200,106.23653411865234,13326700,451.3240966796875,13979800,407.1000061035156,3220900,183.70449829101562,17372500,137.29757690429688,5492000,57.9279670715332,9543700,66.65984344482422,9436500,159.3356170654297,5247300,199.30520629882812,7802900,534.985107421875,40434800
2024-07-03,219.45802307128906,37369800,106.77619171142578,7732900,452.788330078125,9932800,405.7699890136719,1970300,184.2797088623047,10242100,136.97792053222656,3246200,57.6334228515625,6698800,66.82632446289062,6287500,160.86532592773438,2577300,199.17161560058594,5560900,537.37255859375,32789900
2024-07-05,224.20281982421875,60412400,105.48289489746094,12631000,459.460693359375,16000300,411.1700134277344,5149200,189.0200958251953,20967500,137.720703125,4888500,56.645320892333984,11436300,68.58902740478516,21586100,158.3980712890625,4668300,196.532470703125,8093100,540.4713134765625,41488400
2024-07-08,225.66885375976562,59085900,104.37566375732422,13350500,458.1635437011719,12962300,409.0799865722656,3559500,187.46310424804688,21035900,136.78048706054688,5260200,56.06575012207031,12480000,68.2364730834961,12077700,161.38836669921875,3453300,196.8971405029297,8707000,541.094970703125,36110500
2024-07-09,226.52072143554688,48076100,103.22193145751953,11727000,451.5796203613281,17207200,410.5199890136719,2989700,187.4135284423828,15121400,138.25662231445312,5890400,56.89235305786133,12233800,68.45191955566406,9758400,160.99363708496094,3829900,199.25796508789062,9058900,541.6212158203125,27289700
2024-07-10,230.7801055908203,62627700,104.1337661743164,10004100,458.1733703613281,18196100,413.7900085449219,3791800,189.5952606201172,15952500,140.49429321289062,6093200,56.740333557128906,12097200,68.95136260986328,10803400,163.5299530029297,3904600,199.4210968017578,8328500,546.980712890625,38701200
2024-07-11,225.42120361328125,64710600,105.3712387084961,13082700,446.823486328125,23111200,418.7799987792969,4065200,184.03179931640625,25625800,140.74815368652344,6350400,57.15837860107422,16852800,68.35401153564453,15624800,160.06996154785156,4553800,199.085205078125,10658100,542.2642822265625,53054200
2024-07-12,228.3631591796875,53046500,105.38984680175781,11684900,445.69342041015625,16324300,424.44000244140625,4834600,183.53594970703125,22898400,140.91737365722656,5336400,53.718994140625,53042800,67.80559539794922,12145300,157.1931915283203,5983400,196.67642211914062,15443400,545.6846313476562,53084400
2024-07-15,232.18670654296875,62631300,107.19487762451172,13032500,446.0962829589844,14429400,434.4200134277344,4594900,184.9838409423828,16474000,140.31564331054688,6711400,54.849613189697266,27277300,68.1679458618164,10171100,157.73690795898438,5383300,201.58038330078125,10719700,547.185302734375,40584300
2024-07-16,232.6027374267578,43234300,107.96713256835938,13614100,441.73321533203125,17175700,438.8999938964844,4293700,182.3954620361328,18290700,141.97979736328125,6469600,57.23439025878906,25577300,68.54006958007812,9836800,160.9893341064453,6500700,205.00640869140625,11557000,550.4302368164062,36475300
2024-07-17,226.7188262939453,57345900,109.45582580566406,13602800,435.8371276855469,21778000,445.6099853515625,4776600,179.51953125,20734100,147.2167510986328,13801400,57.87095260620117,17371100,69.55851745605469,13533800,154.87005615234375,6041200,208.12538146972656,11572500,542.7125854492188,57119000
2024-07-18,222.06321716308594,66034600,110.53512573242188,13033600,432.7416687011719,20794800,441.82000732421875,4638300,176.2170867919922,25315700,146.12608337402344,10166200,56.284278869628906,17739000,69.35286712646484,10682700,156.9757080078125,5274800,201.51319885253906,12415100,538.5418701171875,56270400
2024-07-19,222.1919708251953,49151500,107.99504852294922,16157700,429.5381774902344,20940400,434.4700012207031,4158800,176.18734741210938,18881900,145.43975830078125,7398000,56.27477264404297,12362800,69.2843246459961,11665500,157.3118438720703,5459800,201.32125854492188,8095900,534.9656372070312,65509100
2024-07-22,221.84530639648438,48201800,107.25070190429688,12065900,435.2672119140625,15808800,435.9800109863281,2995700,180.1641082763672,24100300,145.0166473388672,6840600,56.189266204833984,13638600,68.92198181152344,12666100,160.90036010742188,6350500,201.8011016845703,7663200,540.4811401367188,43346700
2024-07-23,222.88536071777344,39960300,105.52011108398438,11251700,437.1441650390625,13107100,434.010009765625,2393000,180.2831268310547,36352700,143.23965454101562,6261900,56.69282531738281,10927800,69.1864013671875,9263600,170.0347900390625,16428000,201.8490753173828,5557300,539.6333618164062,34439600
2024-07-24,216.4764404296875,61777600,107.00879669189453,14925200,421.47039794921875,26805800,432.79998779296875,3143700,171.1990509033203,49585200,146.93467712402344,7168200,56.474300384521484,10777100,69.1374282836914,22490800,160.4456024169922,7335200,200.17922973632812,7119000,527.4038696289062,74515300
2024-07-25,215.43637084960938,51391200,109.26042938232422,17021700,411.15228271484375,29943800,433.2900085449219,3334300,165.89340209960938,44852000,150.09375,10019600,56.72132873535156,14119600,68.56942749023438,18821200,162.78854370117188,8791500,200.25599670410156,6403800,524.6559448242188,61158300
2024-07-26,215.90194702148438,41601300,109.16739654541016,11252500,417.90325927734375,23583800,437.6600036621094,2717600,165.61573791503906,41336900,151.033935546875,8356900,57.37690353393555,12538900,68.33442687988281,16789300,167.86981201171875,7297700,203.68206787109375,8027800,530.5317993164062,53763800
2024-07-29,216.17930603027344,36311800,108.02296447753906,8861800,419.3379821777344,15125800,438.30999755859375,2620000,168.124755859375,20293800,149.07833862304688,5625000,56.616817474365234,8986200,68.177734375,10315300,167.92910766601562,4886600,202.34811401367188,6533600,530.8438110351562,39515800
2024-07-30,216.73402404785156,41643800,109.94894409179688,12483900,415.593994140625,32687600,441.260009765625,3736400,168.87844848632812,18959700,151.68267822265625,6545700,57.01586151123047,11503900,67.75664520263672,12522500,165.56642150878906,5329500,206.5131072998047,8850700,528.1542358398438,46853600
2024-07-31,219.98304748535156,50036300,110.3397216796875,15137700,411.1031494140625,42891400,438.5,3798800,170.11810302734375,25729100,148.41075134277344,8293200,56.37928771972656,11535800,67.21803283691406,22908800,168.2553253173828,5568800,204.21951293945312,9071600,536.7391357421875,65663400
2024-08-01,216.2981719970703,62501000,108.8138198852539,15051500,409.8846130371094,30296400,431.80999755859375,3892300,169.34454345703125,24531400,151.146728515625,7213400,54.042030334472656,17752700,68.34420776367188,17275500,167.8104705810547,6112900,199.5746612548828,10918600,529.138427734375,76428700
2024-08-02,217.7840118408203,105568600,108.74869537353516,20403800,401.41387939453125,29437900,428.3599853515625,4251500,165.2785186767578,29130100,154.3246307373047,11280400,50.60264205932617,27642600,67.041748046875,23578700,158.44869995117188,8210700,191.11029052734375,18041700,519.2868041992188,82789100
2024-08-05,207.29400634765625,119548600,106.78548431396484,18025900,388.3050231933594,40709200,413.7200012207031,7695100,157.92994689941406,53630700,151.60748291015625,12032200,49.51952362060547,28594000,66.18978118896484,20770500,156.55062866210938,7064800,187.04124450683594,13927000,504.1631164550781,146267400
2024-08-06,205.2732696533203,69660500,106.21793365478516,13647800,392.6877746582031,24946500,422.1400146484375,5138700,156.9779052734375,49004600,149.46380615234375,7607100,49.74755096435547,18723500,66.33667755126953,14815100,160.41595458984375,5056700,192.2618865966797,10605800,508.8113098144531,84826300
2024-08-07,207.83880615234375,63516400,107.63217163085938,13660700,391.5281677246094,20650900,427.0199890136719,4745600,157.62252807617188,25138600,149.3979949951172,5993000,49.6810417175293,18407500,65.52387237548828,18499200,160.27755737304688,4307500,192.31947326660156,9204400,505.4104309082031,70698300
2024-08-08,211.29583740234375,47161100,109.68843078613281,13851000,395.71441650390625,20203000,431.5400085449219,3150000,160.68690490722656,25578800,150.63906860351562,5094800,50.12759017944336,16176000,66.25833892822266,12489800,163.7177734375,3842700,195.8319091796875,7761200,517.0941772460938,63276600
2024-08-09,214.19818115234375,42201600,110.58164978027344,12151900,398.9866943359375,19276700,431.6700134277344,2602600,162.3133087158203,28602300,151.01510620117188,4579200,50.51054000854492,11669000,66.54231262207031,13805600,165.22042846679688,2770100,197.50173950195312,5540200,519.3743286132812,45619600
2024-08-12,215.72540283203125,38028100,110.72119903564453,13228900,399.76300048828125,16762900,430.3900146484375,2376000,160.94476318359375,15895300,150.31936645507812,7605400,49.84038162231445,18090100,67.27678680419922,17385300,164.96340942382812,3173700,197.87600708007812,6936000,519.6472778320312,42542100
2024-08-13,219.43438720703125,44155300,109.66050720214844,11585100,406.8382873535156,19414300,432.4100036621094,3472000,162.79925537109375,18551700,148.91851806640625,9711400,50.615840911865234,12268600,66.7186050415039,26557900,166.0409393310547,2942400,199.55545043945312,6387800,528.1932373046875,52333100
2024-08-14,219.8806610107422,41960600,110.67467498779297,12194500,409.6389465332031,18267000,438.4700012207031,2860200,159.04066467285156,40591100,149.00308227539062,5141200,51.37216567993164,13217200,67.23761749267578,22928600,166.0310516357422,4456000,201.76272583007812,6999800,529.8594970703125,42446900
2024-08-15,222.8557586669922,46414000,111.35936737060547,11579400,414.482421875,20752100,440.8399963378906,3226400,159.9629669189453,31524300,149.5766143798828,7237800,52.24336242675781,16549400,71.66399383544922,49567500,167.99832153320312,4162500,203.0198974609375,7001000,538.9414672851562,60846800
2024-08-16,224.1747283935547,44340200,110.83413696289062,10056000,411.9621887207031,22775600,444.510009765625,3345000,161.6092071533203,24208600,149.8586883544922,5012800,52.97096633911133,19173900,72.1333999633789,19872100,167.4842529296875,3305600,205.34231567382812,7931200,540.1497802734375,44430700
2024-08-19,224.01605224609375,40687800,111.1717758178711,12417500,414.97467041015625,15234000,448.7699890136719,3385300,165.2884521484375,22416200,150.0843505859375,4408400,54.043212890625,12792900,72.3985824584961,13709300,168.9770050048828,4506000,206.7626190185547,6090800,545.3143310546875,39121800
2024-08-20,224.63092041015625,30299000,107.46699523925781,15632000,418.19378662109375,16387600,448.3599853515625,2906500,165.79421997070312,18341500,150.5826416015625,7275100,53.75599670410156,12533500,73.20386505126953,14434000,168.04774475097656,2573900,205.87013244628906,5640000,544.4276123046875,33732300
2024-08-21,224.52182006835938,34765500,106.78231048583984,11752400,417.5440368652344,16067300,446.6000061035156,3028500,164.47528076171875,22902000,151.7766876220703,5019400,53.09541702270508,13691700,73.89132690429688,14832000,169.24392700195312,4102900,205.94691467285156,5202300,546.2985229492188,41514600
2024-08-22,222.66734313964844,43695300,107.6076889038086,10609500,409.087646484375,19361900,449.0299987792969,3502800,162.44224548339844,22493300,152.6416778564453,6552100,53.5740966796875,15683000,74.2252197265625,16511100,167.7412872314453,2996600,207.8950653076172,5247100,542.0109252929688,56121500
2024-08-23,224.9581756591797,38677300,109.09896850585938,10381400,410.3083801269531,18493800,453.3800048828125,2805400,164.2471466064453,13955700,154.3152618408203,7093400,54.28254699707031,17074400,74.34307861328125,12299100,169.26370239257812,4058000,209.50730895996094,7214000,547.77001953125,50639400
2024-08-26,225.2953338623047,30602200,111.43439483642578,13671000,407.0596618652344,13152800,454.489990234375,3575800,164.78268432617188,14190400,154.76654052734375,6870600,54.301700592041016,9478800,74.66716766357422,9508200,169.26370239257812,3707300,210.3326416015625,5105200,546.4641723632812,35788600
2024-08-27,226.13829040527344,35934600,110.37454986572266,9991600,407.4042663574219,13492900,460.6300048828125,3764700,163.31491088867188,11821900,154.36865234375,4388700,53.86130905151367,7638500,74.76536560058594,11557800,169.0363311767578,3206000,211.30189514160156,5185200,547.2145385742188,32693900
2024-08-28,224.61106872558594,38052200,109.28656005859375,10742900,404.21466064453125,14882700,464.5899963378906,4838100,161.50010681152344,16407400,155.28756713867188,5187000,54.63677978515625,11905200,74.71627044677734,9814300,169.90626525878906,4578700,212.36717224121094,6506400,544.037841796875,41066000
2024-08-29,227.8837127685547,51906300,110.79662322998047,10753900,406.6954650878906,17045200,468.3699951171875,4459400,160.43899536132812,19699800,155.5812225341797,7390100,54.90483474731445,9283300,75.05017852783203,11856800,171.5967559814453,4262500,213.2500457763672,6416100,544.0865478515625,38715200
2024-08-30,227.1002655029297,52990800,110.61841583251953,13284700,410.6529541015625,24308300,475.9200134277344,7465800,162.02574157714844,22123800,157.1254119873047,7971000,55.97708511352539,20377300,75.84564971923828,23230000,172.62484741210938,5295600,215.73562622070312,8574100,549.2804565429688,62700100
2024-09-03,220.92193603515625,50190600,108.30174255371094,15725100,403.0726318359375,20313600,476.8299865722656,7511900,156.0556182861328,38945300,158.35694885253906,6956500,55.88134765625,15933600,75.78672790527344,22666100,162.33380126953125,6099600,211.41708374023438,8956100,537.9766845703125,60600100
2024-09-04,219.0178680419922,43840200,106.97927856445312,12620600,402.5410461425781,15135800,478.57000732421875,5309400,155.15316772460938,19353800,158.54640197753906,6939100,55.642005920410156,10985800,75.85547637939453,18442800,164.459228515625,4112400,210.4862060546875,7389500,536.8756103515625,47224900
2024-09-05,220.53518676757812,36615400,106.14451599121094,17200800,402.0389709472656,14195500,464.9200134277344,6213200,155.93663024902344,18688700,156.3012237548828,4600400,54.43572998046875,18301000,75.58049774169922,13082900,161.9779052734375,3144200,208.85472106933594,8067900,535.5697631835938,44264300
2024-09-06,218.98812866210938,48423000,105.64743041992188,13467700,395.4530334472656,19609500,459.4200134277344,4400300,149.66900634765625,37912100,155.72335815429688,6016900,51.69766616821289,21853800,75.26622772216797,14548600,159.38783264160156,3954900,203.8931884765625,7777000,526.5560302734375,68493800
2024-09-09,219.07736206054688,67180000,107.87030792236328,21645300,399.4105224609375,15295100,459.6099853515625,4571000,147.6730499267578,39260500,157.8358917236328,7538200,52.26251220703125,17134800,75.95368194580078,22260200,163.4607696533203,3716000,208.0677947998047,8935100,532.4514770507812,40445800
2024-09-10,218.2840118408203,51591000,103.94041442871094,20913400,407.7586669921875,19594300,458.9200134277344,3544100,147.6233673095703,31118800,158.56536865234375,6559600,51.64979553222656,24650000,77.39733123779297,17686300,165.0721435546875,3473200,197.2714080810547,28406900,534.7706909179688,36394600
2024-09-11,220.81285095214844,44587100,102.90869903564453,19571900,416.461181640625,19266900,453.1000061035156,5772700,150.10594177246094,29607700,156.1401824951172,5920200,51.43918228149414,17322000,77.42679595947266,19518800,164.4493408203125,4258000,198.87408447265625,13658700,540.2569580078125,75248600
2024-09-12,220.92193603515625,37455600,104.32496643066406,15919500,420.3595886230469,17395700,450.8699951171875,3848700,153.611328125,29621500,155.9696502685547,4540900,49.37127685546875,42594200,78.23210144042969,14877700,167.76104736328125,5148500,198.26947021484375,9054400,544.8076782226562,51819600
2024-09-13,220.6541748046875,36766600,104.24993133544922,10035400,423.893798828125,15874600,447.6099853515625,3882600,156.36203002929688,29591200,156.80331420898438,3693400,50.52968215942383,24762000,79.1552505493164,12994100,176.24302673339844,7360800,196.08140563964844,10226700,547.653076171875,39310500
2024-09-16,214.52545166015625,59357400,105.71308898925781,11729000,424.6321105957031,13834700,451.7799987792969,3264400,156.95782470703125,18379800,158.19590759277344,5187800,51.49662399291992,18066200,79.11595916748047,15346400,179.36692810058594,6844600,199.4786834716797,8634900,548.4619140625,36656100
2024-09-17,214.9915313720703,45519300,107.09182739257812,12202600,428.3828125,18874200,456.67999267578125,3824300,158.20901489257812,20715600,158.27169799804688,5066500,52.185916900634766,15885200,77.19109344482422,21065900,178.2696075439453,5936900,200.8126220703125,7573300,548.68603515625,49321000
2024-09-18,218.85922241210938,59894900,107.46699523925781,12569900,424.1103515625,18898000,456.6000061035156,3065200,158.69561767578125,23677300,157.400146484375,4722800,51.94657897949219,20109000,77.61339569091797,15684900,181.4528350830078,5686500,199.1619873046875,8259900,547.0586547851562,59044900
2024-09-19,226.97132873535156,66781300,108.79884338378906,12660600,431.8677978515625,21706600,459.7099914550781,3891300,161.00936889648438,26587700,156.1401824951172,4956100,53.420921325683594,21399000,76.6411361694336,21525700,184.03298950195312,5021500,201.99302673339844,11635200,556.3939208984375,75315500
2024-09-20,226.306884765625,318679900,108.1141586303711,36206200,428.5009765625,55167100,455.30999755859375,8468800,162.4492645263672,40896400,155.51495361328125,11839000,53.89002990722656,45276000,77.64285278320312,39534300,185.28846740722656,9895700,202.5784454345703,20885000,555.43212890625,77503100
2024-09-23,224.5912628173828,54146000,110.07442474365234,16066300,426.76837158203125,15128900,454.9800109863281,3485100,160.72140502929688,24150900,154.6244659423828,4671600,52.760345458984375,14759300,78.89009094238281,12147300,186.5143280029297,3972500,202.91433715820312,7223500,556.820068359375,44116900
2024-09-24,225.48377990722656,43556100,109.78366088867188,11984900,422.495849609375,17015800,454.55999755859375,3009900,161.15830993652344,23332100,154.20761108398438,6041600,51.85084533691406,16365600,79.22399139404297,14651100,187.4929962158203,3648900,203.0582733154297,7323200,558.4132690429688,46805700
2024-09-25,224.4920654296875,42308700,107.64518737792969,13816000,425.3901062011719,13396400,452.3599853515625,2843300,160.36390686035156,18869200,152.14244079589844,5420000,51.32429504394531,10555700,79.94091033935547,14163800,187.16677856445312,3214800,201.7147216796875,8976500,557.1815795898438,38428600
2024-09-26,225.6325225830078,36636700,105.79750061035156,16887900,424.6025390625,14492000,454.17999267578125,3262000,161.59524536132812,20319300,152.8908233642578,6122000,53.98576736450195,34463400,78.48744201660156,17061100,182.75120544433594,4781500,201.32125854492188,7807500,559.3907470703125,48336000
2024-09-27,225.90028381347656,34026000,108.63001251220703,15964000,421.3637390136719,14896100,457.4700012207031,2728000,162.80674743652344,21101300,152.90025329589844,7553800,53.516658782958984,13530400,78.34994506835938,11899100,183.53334045410156,4452800,202.01220703125,7032500,558.579345703125,42100900
2024-09-30,231.06707763671875,54541900,109.94309997558594,13247600,423.6082458496094,16807300,460.260009765625,3631100,164.69349670410156,20413900,153.52552795410156,6010000,54.08150863647461,16284200,79.30255126953125,18997000,186.7014617919922,5628400,202.3577117919922,8663800,560.8178100585938,63557400
2024-10-01,224.3334197998047,63285000,112.48487854003906,23235900,414.147705078125,19092900,457.4100036621094,3043700,165.82554626464844,28338100,153.45921325683594,4408000,53.02840042114258,11069400,79.813232421875,16054200,184.44418334960938,3794000,198.69175720214844,8540100,555.7937622070312,72668800
2024-10-02,224.89866638183594,32880600,113.97615814208984,17129700,410.64306640625,16582300,456.6700134277344,2803400,164.70343017578125,17760200,152.68238830566406,4684400,52.94224166870117,9007200,78.98828887939453,16618300,184.582763671875,2879800,198.931640625,5810900,556.0283203125,38097800
2024-10-03,223.79788208007812,34044200,114.97036743164062,16524300,410.0622863769531,13686400,452.9599914550781,2564700,164.70343017578125,15073100,152.0476837158203,4791200,52.635887145996094,8135300,78.98828887939453,11640400,182.0581817626953,3999500,196.9547119140625,7251300,555.01171875,40846500
2024-10-04,224.91851806640625,37245100,117.08068084716797,19752300,409.5897216796875,19169700,461.9700012207031,3090200,165.8950653076172,19047400,151.84872436523438,5331100,54.53146743774414,14582800,79.4891586303711,11583400,185.2163848876953,3978300,203.94537353515625,10211700,560.0553588867188,42939100
2024-10-07,219.85092163085938,39505400,117.58717346191406,15714400,403.171142578125,20919800,453.5,3222100,161.843505859375,22463100,151.12875366210938,4266000,54.722938537597656,11177800,77.68212890625,16791600,184.10755920410156,2514200,203.6653594970703,6718900,554.9921875,49964700
2024-10-08,223.89706420898438,31855700,114.46388244628906,14818500,408.26068115234375,19229300,453.79998779296875,2234100,163.2337646484375,23072700,151.2803192138672,4766300,54.856971740722656,12073000,78.28121185302734,15270000,185.60250854492188,3627200,203.49156188964844,6021800,560.2410888671875,37398700
2024-10-09,227.63580322265625,33591100,114.51077270507812,11144900,410.96795654296875,14974300,455.8999938964844,2206100,160.7313232421875,31181800,152.1897735595703,6047200,55.086734771728516,12415300,78.9588394165039,12413000,187.39447021484375,2312600,206.06959533691406,7024000,564.12158203125,37912200
2024-10-10,227.13995361328125,28183500,115.49559783935547,10243300,409.37310791015625,13848400,454.92999267578125,2375800,160.94979858398438,14144100,152.05714416503906,4793900,55.28778076171875,12744000,78.1829833984375,10812700,186.24603271484375,2300900,205.50958251953125,7927100,563.1343383789062,44138100
2024-10-11,225.66229248046875,31759200,115.93641662597656,8294800,409.8456726074219,14144900,460.2099914550781,3242000,162.1017303466797,15344300,152.95712280273438,5253500,58.38964080810547,37049200,78.6642074584961,9570700,189.25576782226562,2983900,214.63409423828125,18320700,566.5065307617188,42268000
2024-10-14,229.38119506835938,39882100,116.37725067138672,9808100,412.621826171875,16653100,459.9800109863281,2969800,163.80970764160156,19016100,153.08973693847656,5964000,59.5097541809082,30758800,78.8508071899414,9914500,190.7111358642578,3132900,213.85198974609375,9048900,571.1395874023438,36217200
2024-10-15,231.91001892089844,64751400,112.87879943847656,15771300,412.2280578613281,18900200,462.67999267578125,3929900,164.3062286376953,20247200,155.45809936523438,10548000,60.34266662597656,24693400,80.18643188476562,13276200,188.67164611816406,3824300,214.7306365966797,9235800,566.7021484375,54203600
2024-10-16,229.85719299316406,34082200,113.16954803466797,8426800,409.64874267578125,15508900,465.69000244140625,3166300,164.00831604003906,16406000,155.62860107421875,5982100,61.16600036621094,17412600,79.76414489746094,11123300,190.26556396484375,2912800,215.9376220703125,6382500,569.1651611328125,30725400
2024-10-17,230.22412109375,32993800,112.87879943847656,11204900,410.23944091796875,14820000,465.8500061035156,2520900,161.79385375976562,21453400,155.80862426757812,4798000,61.635108947753906,15073500,79.4400405883789,9424700,190.70118713378906,2633300,216.6907501220703,6470200,569.214111328125,34393700
2024-10-18,233.05047607421875,46431500,112.55989837646484,12898600,411.6570739746094,17145300,464.79998779296875,5635500,162.2804412841797,19757700,156.42437744140625,5908000,61.615962982177734,19234000,79.85252380371094,12324100,190.69129943847656,3075900,217.60800170898438,7000500,571.403564453125,37416800
2024-10-21,234.51821899414062,36254500,112.62556457519531,10177800,412.26739501953125,14206100,464.1600036621094,3131500,162.92591857910156,20946500,154.25497436523438,6082700,61.29045486450195,15603400,79.36148071289062,9750400,192.295166015625,4728800,215.3196563720703,5870000,570.4651489257812,36439000
2024-10-22,233.90335083007812,38846600,113.20706939697266,9201400,420.86163330078125,25482200,461.45001220703125,3315200,163.98846435546875,16568100,154.84231567382812,5680300,62.04677200317383,26164900,80.54979705810547,12240100,174.90020751953125,15636200,216.4010772705078,9586800,570.1621704101562,34183800
2024-10-23,228.8456573486328,52287000,112.80377197265625,8320300,417.9969482421875,19654400,460.6099853515625,3655200,161.64491271972656,18280500,157.1254119873047,7441600,61.807430267333984,18380900,81.77738952636719,13058200,179.88009643554688,9788600,215.71554565429688,6180500,564.9523315429688,49314600
2024-10-24,228.6572723388672,31109500,112.1659927368164,9905600,418.1249084472656,13581600,457.7699890136719,3793500,161.5853271484375,22412500,155.0507354736328,5386300,62.64034652709961,18393300,81.55152130126953,11645900,177.94952392578125,4366800,217.2314453125,6002200,566.1741943359375,34979900
2024-10-25,229.49026489257812,38802300,112.07218933105469,10714600,421.49169921875,16899100,454.010009765625,2838900,164.1175537109375,19828900,152.4076690673828,6400400,61.778709411621094,14855500,81.03101348876953,8959400,177.31590270996094,3974900,214.65341186523438,6369700,565.9786376953125,47268200
2024-10-28,231.4637451171875,36087100,111.51880645751953,11844500,419.9559326171875,14882400,458.489990234375,4103400,165.5574188232422,32138600,153.08973693847656,4842500,62.81266784667969,16158900,81.26671600341797,7990200,173.6131591796875,5687400,217.73353576660156,6843000,567.7283325195312,30174700
2024-10-29,231.7315216064453,35417200,109.99937438964844,14731000,425.2326354980469,17644100,454.6199951171875,3985200,168.4967803955078,42169000,151.65927124023438,5216900,62.51588439941406,13205500,80.23552703857422,9682400,172.31619262695312,5219300,215.22308349609375,6580000,568.6470947265625,42899700
2024-10-30,228.1911163330078,47070900,109.44601440429688,12303700,425.8036193847656,29749100,454.9599914550781,2692100,173.24346923828125,68890800,152.15191650390625,5820500,62.621192932128906,16021700,79.93109893798828,9268800,172.90032958984375,3694000,216.68109130859375,7110900,566.9268798828125,41435800
2024-10-31,224.03590393066406,64370100,109.53042602539062,20512000,400.0307312011719,53971000,450.9200134277344,3660300,169.91680908203125,44769000,151.44137573242188,8613900,62.15208435058594,12963200,80.48104095458984,15539000,170.06881713867188,5177100,214.27684020996094,7829900,555.813232421875,60182500
2024-11-01,221.06076049804688,65276700,107.81402587890625,20939300,403.98822021484375,24230400,452.1400146484375,2971300,170.0955810546875,31796500,151.69715881347656,5256400,61.92231750488281,13313900,80.71675109863281,12181800,169.98959350585938,3984900,215.26171875,6923500,558.1591186523438,45667500
2024-11-04,220.16822814941406,44944500,111.24681854248047,14965400,402.1079406738281,19672300,442.2900085449219,5733200,168.0598907470703,21492700,149.90670776367188,4644000,60.984100341796875,12607400,80.97208404541016,11731000,170.0490264892578,4197400,212.21055603027344,8229600,556.9568481445312,38217000
2024-11-05,221.59628295898438,28111300,111.57508850097656,10436700,405.0612487792969,17626000,445.05999755859375,3154400,168.55638122558594,18242100,150.0109100341797,6547100,61.33832550048828,13447200,82.1800308227539,10612500,173.51414489746094,3607300,213.86166381835938,5600700,563.69140625,39478300
2024-11-06,220.8723602294922,54561100,113.48844909667969,20807700,413.6456604003906,26681800,468.8999938964844,6906800,175.27914428710938,33695500,149.565673828125,8926600,69.38018798828125,63689100,81.94435119628906,19974000,178.95936584472656,5939500,238.55099487304688,23987800,577.7080078125,68182000
2024-11-07,225.59286499023438,42137700,113.62914276123047,12184400,418.8139953613281,19901800,460.1300048828125,4238000,179.48960876464844,25352900,148.47621154785156,7522800,66.8431625366211,18681200,82.34698486328125,12665800,177.06837463378906,5084200,228.23886108398438,16451100,582.1748657226562,47233200
2024-11-08,225.32481384277344,38328800,113.59162139892578,12836000,415.9689636230469,16891400,463.4100036621094,3541300,177.1063232421875,22006200,147.28257751464844,8926100,67.44015502929688,14270900,83.30943298339844,14396500,182.96902465820312,4676500,228.81814575195312,9502100,584.6967163085938,46444900
2024-11-11,222.61447143554688,42005600,112.99134826660156,11969700,411.5093994140625,24503300,467.3599853515625,4119100,179.0924072265625,17450400,146.8751983642578,7146800,69.86661529541016,17117800,82.7005386352539,10433200,182.7215118408203,3371900,231.04859924316406,9017100,585.25390625,37586800
2024-11-12,222.61447143554688,40398300,112.87879943847656,11972800,416.4513244628906,19401200,466.2900085449219,4400500,180.35354614257812,25134900,144.60159301757812,7181400,69.90511322021484,17848200,83.46654510498047,12860200,180.82061767578125,3158000,231.30929565429688,6861000,583.4359130859375,43006100
2024-11-13,223.49807739257812,48566200,113.92926788330078,15127900,418.5876159667969,21502200,468.1000061035156,2861700,177.63262939453125,23184000,145.1699981689453,7161900,70.06881713867188,18823000,83.96741485595703,12802600,181.73146057128906,3934800,232.85421752929688,11472600,583.7193603515625,47388600
2024-11-14,226.57574462890625,44923900,114.00492095947266,13041800,420.25128173828125,30246900,467.70001220703125,3777300,174.35565185546875,31007500,143.87216186523438,7716400,70.09770202636719,13654800,82.95587921142578,15740700,176.62286376953125,5085600,233.53973388671875,10172200,579.9658813476562,38904100
2024-11-15,223.37892150878906,47923700,112.82288360595703,19051700,408.54620361328125,28247600,470.2799987792969,5817700,171.28721618652344,32504600,145.88999938964844,11328500,71.58053588867188,18837000,82.73981475830078,17370600,175.16749572753906,5302100,236.86126708984375,11518800,572.537353515625,75988800
2024-11-18,226.377197265625,44633700,113.76851654052734,14239700,409.29437255859375,24727000,472.20001220703125,3357100,174.0775909423828,20135300,146.6194305419922,7510600,71.33982849121094,18439600,82.57286071777344,25093800,175.7516326904297,2833800,236.59092712402344,9051400,574.8831787109375,37001700
2024-11-19,226.63528442382812,36211800,112.17984771728516,11584400,411.2928466796875,18133500,468.8599853515625,3656200,176.87791442871094,23434900,144.94264221191406,8233700,70.70431518554688,15412900,85.04769897460938,36340900,175.79124450683594,3216000,234.7177276611328,6792700,576.9847412109375,49412000
2024-11-20,227.35012817382812,35169600,113.77796936035156,11360900,409.02862548828125,19191700,468.8299865722656,3019500,174.75286865234375,18997100,145.04685974121094,9061300,70.84876251220703,14415400,85.61730194091797,18183200,176.20704650878906,3225400,232.48728942871094,9015300,577.18017578125,50032600
2024-11-21,226.87359619140625,42108300,115.30043029785156,14675400,407.26287841796875,20780200,472.05999755859375,4116800,166.4611053466797,59734400,147.3109893798828,10141100,72.05236053466797,20068200,86.80560302734375,18729200,176.9198760986328,4532000,236.33021545410156,8783500,580.2786865234375,46750300
2024-11-22,228.21383666992188,38168300,115.16804504394531,13323400,411.3367919921875,24814600,476.57000732421875,3885200,163.611083984375,38604600,146.99835205078125,8266000,73.1404037475586,14997400,88.8188705444336,23990600,179.34548950195312,3405200,239.9897003173828,7997300,582.0771484375,38226400
2024-11-25,231.19223022460938,90152800,113.44700622558594,26580300,413.1025085449219,27691100,477.42999267578125,5246600,166.48095703125,33135300,147.57626342773438,12256200,74.0455093383789,28636600,87.89571380615234,25078600,178.41485595703125,9740700,241.6697540283203,10295400,584.0516357421875,42441400
2024-11-26,233.366455078125,45986200,111.55574798583984,14827300,422.1775817871094,23458900,478.55999755859375,3332000,167.94070434570312,20486700,147.55714416503906,5683500,74.47882080078125,19139100,89.67326354980469,16657000,182.7611083984375,3918900,241.36077880859375,6212100,587.1012573242188,45621300
2024-11-27,233.23739624023438,33498400,111.2625961303711,11079100,417.2454528808594,18332400,483.0799865722656,5359300,168.04991149902344,19266500,148.39747619628906,4140400,74.34400939941406,19793900,90.2330551147461,14358900,178.8009796142578,2726200,241.1869659423828,5472300,585.3223266601562,34000200
2024-11-29,235.62008666992188,28481400,111.54629516601562,9426500,417.70904541015625,16271900,483.0199890136719,2969700,167.77188110351562,14257200,148.02505493164062,5687800,73.34261322021484,9785000,90.8419418334961,11041200,180.3454132080078,2054700,241.11940002441406,5494800,588.9583129882812,30177400
2024-12-02,237.8638153076172,48137100,111.44227600097656,12687300,425.126953125,20207200,477.3299865722656,5031500,170.29415893554688,23789100,147.8245391845703,6946500,72.48565673828125,18274500,90.97943878173828,17173000,178.6425323486328,2817700,237.76890563964844,8899700,590.0139770507812,31746000
2024-12-03,240.90176391601562,38861000,111.27205657958984,11756600,425.3439636230469,18302000,470.19000244140625,4931600,170.1452178955078,22248700,145.49447631835938,8674400,71.3879623413086,15047900,91.83383178710938,17775200,178.91976928710938,2882300,236.38815307617188,6657700,590.2876586914062,26906600
2024-12-04,241.2591552734375,44383900,108.0663833618164,19520600,431.4794921875,26009400,468.32000732421875,3941100,173.1540985107422,31615100,143.6896514892578,10333100,70.34805297851562,14301100,92.75697326660156,17312600,180.83055114746094,3713400,235.0170440673828,7346300,593.953125,42787600
2024-12-05,241.28897094726562,40033900,108.5391845703125,15751200,436.6088562011719,21697800,470.57000732421875,3320200,171.4361572265625,21356200,142.78245544433594,7898100,70.92578887939453,17766700,93.59175109863281,21932300,171.1875762939453,7547300,237.02542114257812,6572500,592.9757080078125,28762200
2024-12-06,241.0904083251953,36870600,107.3949966430664,16171100,437.54595947265625,18821000,470.5,3270900,173.49172973632812,21462400,142.58192443847656,8389600,71.57091522216797,14798100,93.98458099365234,18803500,173.83096313476562,6899600,238.84063720703125,5519700,594.0997314453125,31241500
2024-12-09,244.97222900390625,44649200,106.76140594482422,17412600,439.96270751953125,19144400,463.8699951171875,3748200,174.34669494628906,25389600,142.85885620117188,8410300,69.92439270019531,15517500,92.14810180664062,20931100,169.6134033203125,6500800,235.41293334960938,7076500,591.0403442382812,34742700
2024-12-10,245.9849090576172,36914800,106.54391479492188,20990900,437.3092346191406,18469500,462.489990234375,3648500,184.08949279785156,54813000,142.50550842285156,9398700,69.37553405761719,12277100,92.85519409179688,13164500,169.5638885498047,5100300,234.49563598632812,9108300,589.2026977539062,37234500
2024-12-11,244.71409606933594,45205800,105.8346939086914,32392200,442.892333984375,19200200,461.3900146484375,3876900,194.25982666015625,67894100,140.03224182128906,13446700,68.94225311279297,11867400,93.2578353881836,19682100,166.96009826660156,7606400,235.14256286621094,7884400,593.7576293945312,28677700
2024-12-12,246.17352294921875,32777500,105.74012756347656,14543300,443.45458984375,20834800,458.6300048828125,2571300,190.83990478515625,34817500,139.65025329589844,6176300,68.17195129394531,12446700,92.4034423828125,14298600,163.1880645751953,7808600,233.21145629882812,6113800,590.6982421875,31543800
2024-12-13,246.34228515625,33155300,104.81340789794922,13106100,441.1956787109375,20177800,457.8999938964844,3474300,188.71240234375,25143500,140.01312255859375,8324900,67.8253173828125,16794500,92.76564025878906,11495900,164.3562774658203,4957100,231.67620849609375,10392700,590.5809936523438,35904700
2024-12-16,249.2313232421875,51694800,102.57228088378906,20256100,445.4570617675781,23598800,455.20001220703125,4514000,195.51246643066406,44934900,137.3679656982422,8732400,69.30815124511719,24602500,93.37589263916016,16742000,164.13845825195312,7436000,231.32861328125,9032000,593.1027221679688,43695200
2024-12-17,251.6537322998047,51356400,102.13729858398438,17554000,448.2880859375,22733500,455.6600036621094,5057500,194.27969360351562,43504000,139.81260681152344,10343000,68.18157196044922,15595900,93.91722106933594,23560800,164.14837646484375,4855100,230.15065002441406,8083600,590.6591186523438,55773500
2024-12-18,246.26287841796875,56774100,100.63373565673828,17114500,431.4498596191406,24444500,446.5899963378906,4361900,187.30067443847656,34166100,138.22740173339844,9336100,66.20767211914062,21201200,92.0766830444336,24665600,158.35667419433594,8059100,222.43580627441406,11322400,573.0553588867188,108248700
2024-12-19,247.9903106689453,60882300,99.7732162475586,20565600,431.09478759765625,22963700,449.3399963378906,4645200,187.41001892089844,32265200,137.110107421875,9516700,66.29432678222656,16444600,91.92903900146484,16606500,163.15835571289062,6257600,224.9366455078125,11790800,572.87939453125,85919500
2024-12-20,252.656494140625,147495300,100.11366271972656,40141200,430.6706848144531,64263700,453.20001220703125,12943900,190.29312133789062,63462900,137.96002197265625,17702800,67.72901916503906,50113400,90.78730010986328,49350600,166.6927947998047,9281500,229.4168243408203,32348400,579.7603759765625,125716700
2024-12-23,253.43084716796875,40858800,100.520263671875,12285100,429.3388977050781,19152500,454.3500061035156,3836000,193.49432373046875,25675000,138.72396850585938,8720800,67.92160034179688,11817000,88.92706298828125,26205400,167.33631896972656,4127700,230.17959594726562,8611500,583.2320556640625,57635800
2024-12-24,256.3397521972656,23234700,100.61483001708984,7807000,433.3634948730469,7164500,458.6600036621094,1761200,194.96566772460938,10403300,139.27783203125,3164100,68.93260955810547,4442700,91.22038269042969,8992400,169.78170776367188,2235700,233.964599609375,3729100,589.7147216796875,33160100
2024-12-26,257.15380859375,27237100,100.69993591308594,9652400,432.16009521484375,8194200,459.0799865722656,2159600,194.4586639404297,12046600,139.01998901367188,4656300,69.09632110595703,6964300,91.3286361694336,10994000,170.43511962890625,3309700,234.76600646972656,4451800,589.7540283203125,41219100
2024-12-27,253.74853515625,42355300,100.69047546386719,11943900,424.6830139160156,18117700,456.510009765625,3237700,191.6352081298828,18891400,138.51388549804688,5588300,68.47044372558594,7219500,90.21643829345703,11384400,168.6600799560547,3188400,232.86387634277344,5730200,583.5458984375,64969300
2024-12-30,250.3829803466797,35557500,100.0096206665039,11080800,419.0604553222656,13158700,452.1600036621094,2831400,190.1240997314453,14264700,136.8809051513672,6268700,67.79643249511719,8443800,89.14360809326172,9790200,166.69659423828125,4117500,231.0775909423828,5723800,576.88671875,56578800
